-- SEED DATA GENERATED BY PYTHON
TRUNCATE categories, products, product_variants CASCADE;

INSERT INTO categories (id, name, slug) VALUES ('9a546f83-46d0-40b9-b136-a97449e8c6b4', 'Electronics', 'electronics');
INSERT INTO categories (id, name, slug) VALUES ('399182b5-6ae6-4f89-8891-71f727e7cfaf', 'Computers', 'computers');
INSERT INTO categories (id, name, slug) VALUES ('64c7469e-c283-492e-b377-79813ae57ec8', 'Home Appliances', 'home-appliances');
INSERT INTO categories (id, name, slug) VALUES ('17944431-55f1-40ac-8d5c-f14328c7bb98', 'Smartphones', 'smartphones');
INSERT INTO categories (id, name, slug) VALUES ('a1f14bdf-dcc2-46b3-b81a-d9ecbd9c9cde', 'Photography', 'photography');
INSERT INTO categories (id, name, slug) VALUES ('ca0a07d5-6d1d-4097-83c2-12051da10fa6', 'Fashion', 'fashion');
INSERT INTO categories (id, name, slug) VALUES ('4a565a9d-ca5b-4081-808b-cf3efa673080', 'Footwear', 'footwear');
INSERT INTO categories (id, name, slug) VALUES ('656c2240-be8a-43b5-a319-8ffd2862db51', 'Watches', 'watches');
INSERT INTO categories (id, name, slug) VALUES ('8cdabf56-5544-44ff-a177-dd0a0a4aec9f', 'Accessories', 'accessories');
INSERT INTO categories (id, name, slug) VALUES ('0ae3cdea-dda4-4fcf-a22d-637a10cec819', 'Beauty & Care', 'beauty-and-care');
INSERT INTO categories (id, name, slug) VALUES ('5c02924e-38f1-4625-b994-55da1cdf3e73', 'Furniture', 'furniture');
INSERT INTO categories (id, name, slug) VALUES ('9f7c29ed-6c6f-4c35-b4ce-8b1d9d27ca81', 'Kitchenware', 'kitchenware');
INSERT INTO categories (id, name, slug) VALUES ('81618c8d-0faf-4b6c-8302-39a1734d9450', 'Books', 'books');
INSERT INTO categories (id, name, slug) VALUES ('935a202a-f408-4a2d-8d4d-3744285c4d33', 'Toys & Games', 'toys-and-games');
INSERT INTO categories (id, name, slug) VALUES ('7fece25f-7c12-47f8-9ab9-d4c2e1d411a1', 'SportsGear', 'sportsgear');

INSERT INTO products (id, name, description, category_id) VALUES ('fdd7668e-867b-42c5-aa30-63bfebccc9e3', 'Lite Bed 856', 'Description for Lite Bed 856. Optimized for search and performance test.', '9a546f83-46d0-40b9-b136-a97449e8c6b4');
INSERT INTO product_variants (id, product_id, sku, price, stock_quantity, attributes) VALUES ('8c11820a-3a45-4819-b600-7014a2d113ca', 'fdd7668e-867b-42c5-aa30-63bfebccc9e3', 'BED-856-S8-8C11', 3330, 11, '{"color": "Silver", "size": "8GB RAM"}');
INSERT INTO product_variants (id, product_id, sku, price, stock_quantity, attributes) VALUES ('134b3c0e-a0ee-4583-a48e-b9cc65ab8764', 'fdd7668e-867b-42c5-aa30-63bfebccc9e3', 'BED-856-B6-134B', 2161, 115, '{"color": "Blue", "size": "64GB"}');
INSERT INTO product_variants (id, product_id, sku, price, stock_quantity, attributes) VALUES ('6ca6064d-501c-436b-89bc-c032f5d013f5', 'fdd7668e-867b-42c5-aa30-63bfebccc9e3', 'BED-856-W1-6CA6', 1879, 75, '{"color": "White", "size": "16GB RAM"}');
INSERT INTO products (id, name, description, category_id) VALUES ('6cc45b71-180a-48c9-aaf3-98d20cc24af3', 'Elegant Backpack 408', 'Description for Elegant Backpack 408. Optimized for search and performance test.', '9a546f83-46d0-40b9-b136-a97449e8c6b4');
INSERT INTO product_variants (id, product_id, sku, price, stock_quantity, attributes) VALUES ('606761e8-90c1-41e9-b9bf-4e9e0da4fcd4', '6cc45b71-180a-48c9-aaf3-98d20cc24af3', 'BACKPACK-408-GX-6067', 2774, 78, '{"color": "Green", "size": "XXL"}');
INSERT INTO product_variants (id, product_id, sku, price, stock_quantity, attributes) VALUES ('ef297f3a-9090-474c-8de7-0db774d3d7f0', '6cc45b71-180a-48c9-aaf3-98d20cc24af3', 'BACKPACK-408-GX-EF29', 2870, 108, '{"color": "Green", "size": "XXL"}');
INSERT INTO product_variants (id, product_id, sku, price, stock_quantity, attributes) VALUES ('491a9665-b069-427a-a899-513f1c0530e1', '6cc45b71-180a-48c9-aaf3-98d20cc24af3', 'BACKPACK-408-S8-491A', 2229, 55, '{"color": "Silver", "size": "8GB RAM"}');
INSERT INTO products (id, name, description, category_id) VALUES ('f3df1903-c0f5-4a3a-a96b-192f2a17dce9', 'Smart Camera 141', 'Description for Smart Camera 141. Optimized for search and performance test.', '9a546f83-46d0-40b9-b136-a97449e8c6b4');
INSERT INTO product_variants (id, product_id, sku, price, stock_quantity, attributes) VALUES ('60545d1f-dc04-4687-8b0f-790b4e03b8b3', 'f3df1903-c0f5-4a3a-a96b-192f2a17dce9', 'CAMERA-141-B1-6054', 916, 77, '{"color": "Blue", "size": "16GB RAM"}');
INSERT INTO product_variants (id, product_id, sku, price, stock_quantity, attributes) VALUES ('00a8c435-69c3-4107-a5b0-fcd34919e700', 'f3df1903-c0f5-4a3a-a96b-192f2a17dce9', 'CAMERA-141-WM-00A8', 4806, 30, '{"color": "White", "size": "M"}');
INSERT INTO product_variants (id, product_id, sku, price, stock_quantity, attributes) VALUES ('74b5f1b0-19d3-465f-bf31-bf7fa708d783', 'f3df1903-c0f5-4a3a-a96b-192f2a17dce9', 'CAMERA-141-GS-74B5', 3953, 103, '{"color": "Gold", "size": "S"}');
INSERT INTO products (id, name, description, category_id) VALUES ('5995e56f-8148-4529-9298-a6468f4816ea', 'Elegant Phone 955', 'Description for Elegant Phone 955. Optimized for search and performance test.', '9a546f83-46d0-40b9-b136-a97449e8c6b4');
INSERT INTO product_variants (id, product_id, sku, price, stock_quantity, attributes) VALUES ('73aff99e-ece6-4921-bf68-e011fcf88af0', '5995e56f-8148-4529-9298-a6468f4816ea', 'PHONE-955-G2-73AF', 3862, 20, '{"color": "Gold", "size": "256GB"}');
INSERT INTO product_variants (id, product_id, sku, price, stock_quantity, attributes) VALUES ('448e2f8e-4549-4e37-b9bc-b04f13beb014', '5995e56f-8148-4529-9298-a6468f4816ea', 'PHONE-955-W6-448E', 4052, 130, '{"color": "White", "size": "64GB"}');
INSERT INTO product_variants (id, product_id, sku, price, stock_quantity, attributes) VALUES ('6c063989-06af-43e5-838d-e4efdaa47df9', '5995e56f-8148-4529-9298-a6468f4816ea', 'PHONE-955-B1-6C06', 2098, 72, '{"color": "Blue", "size": "128GB"}');
INSERT INTO products (id, name, description, category_id) VALUES ('8ed153cd-ba7c-4660-bbbc-57d8bc7f71fa', 'Premium Backpack 508', 'Description for Premium Backpack 508. Optimized for search and performance test.', '9a546f83-46d0-40b9-b136-a97449e8c6b4');
INSERT INTO product_variants (id, product_id, sku, price, stock_quantity, attributes) VALUES ('00613628-af2a-423c-9468-6449b3a34f36', '8ed153cd-ba7c-4660-bbbc-57d8bc7f71fa', 'BACKPACK-508-S1-0061', 3508, 77, '{"color": "Silver", "size": "128GB"}');
INSERT INTO product_variants (id, product_id, sku, price, stock_quantity, attributes) VALUES ('ff9d2cf0-d10a-47a4-af49-6ff8e71f2c5f', '8ed153cd-ba7c-4660-bbbc-57d8bc7f71fa', 'BACKPACK-508-G1-FF9D', 1357, 119, '{"color": "Green", "size": "16GB RAM"}');
INSERT INTO product_variants (id, product_id, sku, price, stock_quantity, attributes) VALUES ('23e0b7ba-4a4c-4ff9-b385-59430c1c7ddd', '8ed153cd-ba7c-4660-bbbc-57d8bc7f71fa', 'BACKPACK-508-S1-23E0', 348, 111, '{"color": "Silver", "size": "16GB RAM"}');
INSERT INTO products (id, name, description, category_id) VALUES ('25c78101-264f-4fb0-a13b-9455253b7511', 'Elegant Bed 320', 'Description for Elegant Bed 320. Optimized for search and performance test.', '9a546f83-46d0-40b9-b136-a97449e8c6b4');
INSERT INTO product_variants (id, product_id, sku, price, stock_quantity, attributes) VALUES ('bbc8c5cf-b1b3-478a-b282-0726ff5eca9f', '25c78101-264f-4fb0-a13b-9455253b7511', 'BED-320-GL-BBC8', 3527, 192, '{"color": "Gold", "size": "L"}');
INSERT INTO product_variants (id, product_id, sku, price, stock_quantity, attributes) VALUES ('dcd663e2-11a1-46cb-8cf2-497ec2168b9d', '25c78101-264f-4fb0-a13b-9455253b7511', 'BED-320-W2-DCD6', 1411, 59, '{"color": "White", "size": "256GB"}');
INSERT INTO product_variants (id, product_id, sku, price, stock_quantity, attributes) VALUES ('fec2492f-20b7-4a22-a88d-ae0253aee732', '25c78101-264f-4fb0-a13b-9455253b7511', 'BED-320-GS-FEC2', 2245, 103, '{"color": "Green", "size": "S"}');
INSERT INTO products (id, name, description, category_id) VALUES ('59e88153-49aa-41f1-a8b9-d708683db7a0', 'Lite Laptop 325', 'Description for Lite Laptop 325. Optimized for search and performance test.', '9a546f83-46d0-40b9-b136-a97449e8c6b4');
INSERT INTO product_variants (id, product_id, sku, price, stock_quantity, attributes) VALUES ('5c928534-2c35-409c-9ce1-77b0f5057946', '59e88153-49aa-41f1-a8b9-d708683db7a0', 'LAPTOP-325-B6-5C92', 4755, 121, '{"color": "Black", "size": "64GB"}');
INSERT INTO product_variants (id, product_id, sku, price, stock_quantity, attributes) VALUES ('f0453c9d-e98a-44ee-9183-6b2022bb2d7f', '59e88153-49aa-41f1-a8b9-d708683db7a0', 'LAPTOP-325-R8-F045', 2111, 190, '{"color": "Red", "size": "8GB RAM"}');
INSERT INTO product_variants (id, product_id, sku, price, stock_quantity, attributes) VALUES ('448ddf8f-2ea5-4627-91d2-7266eaa6c6a8', '59e88153-49aa-41f1-a8b9-d708683db7a0', 'LAPTOP-325-W2-448D', 2454, 184, '{"color": "White", "size": "256GB"}');
INSERT INTO products (id, name, description, category_id) VALUES ('0e79890f-a59c-49ba-af0a-91cc1ed1777b', 'Pro Monitor 926', 'Description for Pro Monitor 926. Optimized for search and performance test.', '9a546f83-46d0-40b9-b136-a97449e8c6b4');
INSERT INTO product_variants (id, product_id, sku, price, stock_quantity, attributes) VALUES ('8258792d-89a4-42bb-bba0-11f7d6549264', '0e79890f-a59c-49ba-af0a-91cc1ed1777b', 'MONITOR-926-B1-8258', 1916, 56, '{"color": "Blue", "size": "16GB RAM"}');
INSERT INTO product_variants (id, product_id, sku, price, stock_quantity, attributes) VALUES ('a41d6a3c-885e-42fd-90ed-4403cf817889', '0e79890f-a59c-49ba-af0a-91cc1ed1777b', 'MONITOR-926-R1-A41D', 2951, 39, '{"color": "Red", "size": "128GB"}');
INSERT INTO product_variants (id, product_id, sku, price, stock_quantity, attributes) VALUES ('fadf3599-50af-440e-8bb9-417924f3d14c', '0e79890f-a59c-49ba-af0a-91cc1ed1777b', 'MONITOR-926-GL-FADF', 2616, 12, '{"color": "Gold", "size": "L"}');
INSERT INTO products (id, name, description, category_id) VALUES ('6cf6ccf9-1229-4d80-853a-319aba634cf8', 'Premium Table 825', 'Description for Premium Table 825. Optimized for search and performance test.', '9a546f83-46d0-40b9-b136-a97449e8c6b4');
INSERT INTO product_variants (id, product_id, sku, price, stock_quantity, attributes) VALUES ('3a52981c-5c0b-48bb-9076-b35da12835a6', '6cf6ccf9-1229-4d80-853a-319aba634cf8', 'TABLE-825-B2-3A52', 4169, 86, '{"color": "Blue", "size": "256GB"}');
INSERT INTO product_variants (id, product_id, sku, price, stock_quantity, attributes) VALUES ('2772b4ee-7c79-4e61-b544-ca22bd8c885d', '6cf6ccf9-1229-4d80-853a-319aba634cf8', 'TABLE-825-W1-2772', 2792, 112, '{"color": "White", "size": "16GB RAM"}');
INSERT INTO product_variants (id, product_id, sku, price, stock_quantity, attributes) VALUES ('d219d77a-a6c4-440f-b571-91deaf1380c3', '6cf6ccf9-1229-4d80-853a-319aba634cf8', 'TABLE-825-SL-D219', 2472, 163, '{"color": "Silver", "size": "L"}');
INSERT INTO products (id, name, description, category_id) VALUES ('ef688ed9-275d-4e25-bbd6-36028eea91fc', 'Eco Phone 989', 'Description for Eco Phone 989. Optimized for search and performance test.', '9a546f83-46d0-40b9-b136-a97449e8c6b4');
INSERT INTO product_variants (id, product_id, sku, price, stock_quantity, attributes) VALUES ('fad9dc45-e952-4b2a-974b-268430f24840', 'ef688ed9-275d-4e25-bbd6-36028eea91fc', 'PHONE-989-G1-FAD9', 4721, 184, '{"color": "Green", "size": "16GB RAM"}');
INSERT INTO product_variants (id, product_id, sku, price, stock_quantity, attributes) VALUES ('b0837ccf-63f0-4bfc-b5f2-735493b5e597', 'ef688ed9-275d-4e25-bbd6-36028eea91fc', 'PHONE-989-GL-B083', 673, 35, '{"color": "Gold", "size": "L"}');
INSERT INTO product_variants (id, product_id, sku, price, stock_quantity, attributes) VALUES ('0cbac379-c5a7-47e6-af08-36541bd4f89e', 'ef688ed9-275d-4e25-bbd6-36028eea91fc', 'PHONE-989-WS-0CBA', 2166, 28, '{"color": "White", "size": "S"}');
INSERT INTO products (id, name, description, category_id) VALUES ('03b515a6-d695-4a7e-b3d4-0aab1a2cc9a8', 'Smart Shirt 926', 'Description for Smart Shirt 926. Optimized for search and performance test.', '9a546f83-46d0-40b9-b136-a97449e8c6b4');
INSERT INTO product_variants (id, product_id, sku, price, stock_quantity, attributes) VALUES ('e82e946a-2e33-439c-a6f3-56a1128aa90d', '03b515a6-d695-4a7e-b3d4-0aab1a2cc9a8', 'SHIRT-926-GM-E82E', 1836, 105, '{"color": "Green", "size": "M"}');
INSERT INTO product_variants (id, product_id, sku, price, stock_quantity, attributes) VALUES ('6bbdac54-495a-46cd-937b-66c2ddc203df', '03b515a6-d695-4a7e-b3d4-0aab1a2cc9a8', 'SHIRT-926-G6-6BBD', 1639, 89, '{"color": "Gold", "size": "64GB"}');
INSERT INTO product_variants (id, product_id, sku, price, stock_quantity, attributes) VALUES ('4d7d5911-b5a8-4180-8732-c075006411de', '03b515a6-d695-4a7e-b3d4-0aab1a2cc9a8', 'SHIRT-926-RX-4D7D', 2402, 174, '{"color": "Red", "size": "XL"}');
INSERT INTO products (id, name, description, category_id) VALUES ('132fae1d-2cf7-4cb3-bb4a-027229052d0f', 'Ultra Laptop 788', 'Description for Ultra Laptop 788. Optimized for search and performance test.', '9a546f83-46d0-40b9-b136-a97449e8c6b4');
INSERT INTO product_variants (id, product_id, sku, price, stock_quantity, attributes) VALUES ('821159c1-1004-42ce-88af-bb7080914990', '132fae1d-2cf7-4cb3-bb4a-027229052d0f', 'LAPTOP-788-GS-8211', 2312, 166, '{"color": "Green", "size": "S"}');
INSERT INTO product_variants (id, product_id, sku, price, stock_quantity, attributes) VALUES ('69013760-7b5a-4c85-a582-a35007aba445', '132fae1d-2cf7-4cb3-bb4a-027229052d0f', 'LAPTOP-788-B2-6901', 159, 48, '{"color": "Black", "size": "256GB"}');
INSERT INTO product_variants (id, product_id, sku, price, stock_quantity, attributes) VALUES ('7eec848b-121d-4147-a790-fbe1a6cdf7cb', '132fae1d-2cf7-4cb3-bb4a-027229052d0f', 'LAPTOP-788-GS-7EEC', 1991, 66, '{"color": "Green", "size": "S"}');
INSERT INTO products (id, name, description, category_id) VALUES ('820aa597-c5a9-4bd4-a780-48fb7fb620d6', 'Premium Laptop 175', 'Description for Premium Laptop 175. Optimized for search and performance test.', '9a546f83-46d0-40b9-b136-a97449e8c6b4');
INSERT INTO product_variants (id, product_id, sku, price, stock_quantity, attributes) VALUES ('a85a0457-1ccd-477b-a67a-4c23bbd79dca', '820aa597-c5a9-4bd4-a780-48fb7fb620d6', 'LAPTOP-175-B6-A85A', 3774, 136, '{"color": "Blue", "size": "64GB"}');
INSERT INTO product_variants (id, product_id, sku, price, stock_quantity, attributes) VALUES ('ba15532c-d099-4b44-adc6-c89d041a028c', '820aa597-c5a9-4bd4-a780-48fb7fb620d6', 'LAPTOP-175-R1-BA15', 3893, 70, '{"color": "Red", "size": "16GB RAM"}');
INSERT INTO product_variants (id, product_id, sku, price, stock_quantity, attributes) VALUES ('239c60f6-7007-4aad-9fa8-24b990a58d00', '820aa597-c5a9-4bd4-a780-48fb7fb620d6', 'LAPTOP-175-WX-239C', 3480, 111, '{"color": "White", "size": "XL"}');
INSERT INTO products (id, name, description, category_id) VALUES ('5b7e24f6-bc75-4429-8b98-9b63c3318dd5', 'Smart Phone 324', 'Description for Smart Phone 324. Optimized for search and performance test.', '9a546f83-46d0-40b9-b136-a97449e8c6b4');
INSERT INTO product_variants (id, product_id, sku, price, stock_quantity, attributes) VALUES ('ab59a599-cf4b-4838-bf59-4638974c540f', '5b7e24f6-bc75-4429-8b98-9b63c3318dd5', 'PHONE-324-RS-AB59', 4738, 130, '{"color": "Red", "size": "S"}');
INSERT INTO product_variants (id, product_id, sku, price, stock_quantity, attributes) VALUES ('b73ae690-19b0-45f9-a97d-2f3e556d49b1', '5b7e24f6-bc75-4429-8b98-9b63c3318dd5', 'PHONE-324-GX-B73A', 2736, 137, '{"color": "Green", "size": "XXL"}');
INSERT INTO product_variants (id, product_id, sku, price, stock_quantity, attributes) VALUES ('b02dfe5a-3c7f-4c27-9d94-723a5429c287', '5b7e24f6-bc75-4429-8b98-9b63c3318dd5', 'PHONE-324-GM-B02D', 2701, 29, '{"color": "Green", "size": "M"}');
INSERT INTO products (id, name, description, category_id) VALUES ('c32a957d-5fc9-4a59-b357-30f5e35d6938', 'Ultra Dress 444', 'Description for Ultra Dress 444. Optimized for search and performance test.', '9a546f83-46d0-40b9-b136-a97449e8c6b4');
INSERT INTO product_variants (id, product_id, sku, price, stock_quantity, attributes) VALUES ('d2645664-8400-4839-b17c-93c0bf8355e5', 'c32a957d-5fc9-4a59-b357-30f5e35d6938', 'DRESS-444-G8-D264', 3915, 136, '{"color": "Gold", "size": "8GB RAM"}');
INSERT INTO product_variants (id, product_id, sku, price, stock_quantity, attributes) VALUES ('334e0fc9-96d3-47d0-b0c5-b23c9d531346', 'c32a957d-5fc9-4a59-b357-30f5e35d6938', 'DRESS-444-GX-334E', 185, 186, '{"color": "Gold", "size": "XL"}');
INSERT INTO product_variants (id, product_id, sku, price, stock_quantity, attributes) VALUES ('7af44c38-68ea-45dd-841e-b435d627b7af', 'c32a957d-5fc9-4a59-b357-30f5e35d6938', 'DRESS-444-BL-7AF4', 3608, 179, '{"color": "Blue", "size": "L"}');
INSERT INTO products (id, name, description, category_id) VALUES ('a92ef9de-fe4a-4b5c-abd4-727d93808861', 'Eco Shirt 531', 'Description for Eco Shirt 531. Optimized for search and performance test.', '9a546f83-46d0-40b9-b136-a97449e8c6b4');
INSERT INTO product_variants (id, product_id, sku, price, stock_quantity, attributes) VALUES ('c0740bde-5ff3-4085-8bd2-81ce74b85cd0', 'a92ef9de-fe4a-4b5c-abd4-727d93808861', 'SHIRT-531-GL-C074', 1782, 163, '{"color": "Green", "size": "L"}');
INSERT INTO product_variants (id, product_id, sku, price, stock_quantity, attributes) VALUES ('0570a6f5-1a6f-46f5-aa9a-57f50194efcb', 'a92ef9de-fe4a-4b5c-abd4-727d93808861', 'SHIRT-531-GL-0570', 2810, 19, '{"color": "Gold", "size": "L"}');
INSERT INTO product_variants (id, product_id, sku, price, stock_quantity, attributes) VALUES ('3f596ad0-cdb5-45c6-87cf-a1de8bc6a586', 'a92ef9de-fe4a-4b5c-abd4-727d93808861', 'SHIRT-531-R2-3F59', 3702, 106, '{"color": "Red", "size": "256GB"}');
INSERT INTO products (id, name, description, category_id) VALUES ('f42bacc4-8645-44c8-bed8-b4c26d730fcb', 'Lite Shirt 938', 'Description for Lite Shirt 938. Optimized for search and performance test.', '9a546f83-46d0-40b9-b136-a97449e8c6b4');
INSERT INTO product_variants (id, product_id, sku, price, stock_quantity, attributes) VALUES ('07f2d8c7-e632-4c57-b176-ab4c81e52c6a', 'f42bacc4-8645-44c8-bed8-b4c26d730fcb', 'SHIRT-938-SS-07F2', 445, 126, '{"color": "Silver", "size": "S"}');
INSERT INTO product_variants (id, product_id, sku, price, stock_quantity, attributes) VALUES ('eca43619-42c7-4a46-ab60-80fb8ee6e949', 'f42bacc4-8645-44c8-bed8-b4c26d730fcb', 'SHIRT-938-G1-ECA4', 3057, 123, '{"color": "Green", "size": "128GB"}');
INSERT INTO product_variants (id, product_id, sku, price, stock_quantity, attributes) VALUES ('6b31648a-4b54-4689-a474-da4e1eed2978', 'f42bacc4-8645-44c8-bed8-b4c26d730fcb', 'SHIRT-938-B8-6B31', 321, 126, '{"color": "Blue", "size": "8GB RAM"}');
INSERT INTO products (id, name, description, category_id) VALUES ('6eafd043-fb6d-4349-8d81-2387b81150fb', 'Pro Speaker 217', 'Description for Pro Speaker 217. Optimized for search and performance test.', '9a546f83-46d0-40b9-b136-a97449e8c6b4');
INSERT INTO product_variants (id, product_id, sku, price, stock_quantity, attributes) VALUES ('5ef1d567-6cbd-47a8-9dc1-9a2082b5b19b', '6eafd043-fb6d-4349-8d81-2387b81150fb', 'SPEAKER-217-S2-5EF1', 492, 22, '{"color": "Silver", "size": "256GB"}');
INSERT INTO product_variants (id, product_id, sku, price, stock_quantity, attributes) VALUES ('439ffad3-faba-4b07-855b-d176427fd728', '6eafd043-fb6d-4349-8d81-2387b81150fb', 'SPEAKER-217-WX-439F', 3136, 43, '{"color": "White", "size": "XL"}');
INSERT INTO product_variants (id, product_id, sku, price, stock_quantity, attributes) VALUES ('8ecd8cb2-e9c9-4c3f-a6b5-22a6a2304625', '6eafd043-fb6d-4349-8d81-2387b81150fb', 'SPEAKER-217-B2-8ECD', 1662, 17, '{"color": "Black", "size": "256GB"}');
INSERT INTO products (id, name, description, category_id) VALUES ('ecc6ba1b-a318-48d8-a7ea-3b7a7a75a539', 'Lite Backpack 966', 'Description for Lite Backpack 966. Optimized for search and performance test.', '9a546f83-46d0-40b9-b136-a97449e8c6b4');
INSERT INTO product_variants (id, product_id, sku, price, stock_quantity, attributes) VALUES ('08c6f69a-885f-4e13-84ae-a08449699556', 'ecc6ba1b-a318-48d8-a7ea-3b7a7a75a539', 'BACKPACK-966-G8-08C6', 1561, 88, '{"color": "Green", "size": "8GB RAM"}');
INSERT INTO product_variants (id, product_id, sku, price, stock_quantity, attributes) VALUES ('130b0c61-55ec-4ffd-94c8-e0edff493388', 'ecc6ba1b-a318-48d8-a7ea-3b7a7a75a539', 'BACKPACK-966-S8-130B', 2032, 184, '{"color": "Silver", "size": "8GB RAM"}');
INSERT INTO product_variants (id, product_id, sku, price, stock_quantity, attributes) VALUES ('5a6ed20f-57da-4451-ae5c-0bc51adbe70a', 'ecc6ba1b-a318-48d8-a7ea-3b7a7a75a539', 'BACKPACK-966-W1-5A6E', 602, 160, '{"color": "White", "size": "16GB RAM"}');
INSERT INTO products (id, name, description, category_id) VALUES ('6a22844b-6d58-46ae-81a4-0b73c173df72', 'Original Dress 869', 'Description for Original Dress 869. Optimized for search and performance test.', '9a546f83-46d0-40b9-b136-a97449e8c6b4');
INSERT INTO product_variants (id, product_id, sku, price, stock_quantity, attributes) VALUES ('8792f682-36de-4245-998a-c8ec098a426a', '6a22844b-6d58-46ae-81a4-0b73c173df72', 'DRESS-869-B6-8792', 4218, 90, '{"color": "Blue", "size": "64GB"}');
INSERT INTO product_variants (id, product_id, sku, price, stock_quantity, attributes) VALUES ('2c901d0e-8d53-4ce5-9fd3-213a5f1fd58e', '6a22844b-6d58-46ae-81a4-0b73c173df72', 'DRESS-869-S1-2C90', 3467, 26, '{"color": "Silver", "size": "128GB"}');
INSERT INTO product_variants (id, product_id, sku, price, stock_quantity, attributes) VALUES ('4009285d-22a3-4604-9473-ab7eb8b78c87', '6a22844b-6d58-46ae-81a4-0b73c173df72', 'DRESS-869-BX-4009', 2673, 16, '{"color": "Black", "size": "XL"}');
INSERT INTO products (id, name, description, category_id) VALUES ('acbb01a4-d9e2-4af1-a8ea-83a3e4daae92', 'Premium Backpack 584', 'Description for Premium Backpack 584. Optimized for search and performance test.', '9a546f83-46d0-40b9-b136-a97449e8c6b4');
INSERT INTO product_variants (id, product_id, sku, price, stock_quantity, attributes) VALUES ('5c851245-d8c7-4f24-a0db-2a81473a17a8', 'acbb01a4-d9e2-4af1-a8ea-83a3e4daae92', 'BACKPACK-584-G2-5C85', 1581, 53, '{"color": "Green", "size": "256GB"}');
INSERT INTO product_variants (id, product_id, sku, price, stock_quantity, attributes) VALUES ('ea400347-93d3-46c6-9e2a-0b2fbda6de4f', 'acbb01a4-d9e2-4af1-a8ea-83a3e4daae92', 'BACKPACK-584-G1-EA40', 3362, 176, '{"color": "Gold", "size": "128GB"}');
INSERT INTO product_variants (id, product_id, sku, price, stock_quantity, attributes) VALUES ('cc59056a-9108-4bad-b823-86eeef0b8878', 'acbb01a4-d9e2-4af1-a8ea-83a3e4daae92', 'BACKPACK-584-B1-CC59', 2442, 185, '{"color": "Black", "size": "16GB RAM"}');
INSERT INTO products (id, name, description, category_id) VALUES ('b7d95861-b22b-4629-acbc-f4ecd342f878', 'Original Table 721', 'Description for Original Table 721. Optimized for search and performance test.', '9a546f83-46d0-40b9-b136-a97449e8c6b4');
INSERT INTO product_variants (id, product_id, sku, price, stock_quantity, attributes) VALUES ('71ea49a6-75d5-4e88-9618-076f05c3201b', 'b7d95861-b22b-4629-acbc-f4ecd342f878', 'TABLE-721-SM-71EA', 435, 94, '{"color": "Silver", "size": "M"}');
INSERT INTO product_variants (id, product_id, sku, price, stock_quantity, attributes) VALUES ('c40fbd54-5d89-4006-84ac-0c33ecac5f9a', 'b7d95861-b22b-4629-acbc-f4ecd342f878', 'TABLE-721-B1-C40F', 1709, 115, '{"color": "Black", "size": "128GB"}');
INSERT INTO product_variants (id, product_id, sku, price, stock_quantity, attributes) VALUES ('f2040232-689e-4479-9c42-00bd4aa1def1', 'b7d95861-b22b-4629-acbc-f4ecd342f878', 'TABLE-721-GM-F204', 3669, 194, '{"color": "Green", "size": "M"}');
INSERT INTO products (id, name, description, category_id) VALUES ('f8d96198-c99d-4085-a2af-782469f1fe7d', 'Lite Monitor 581', 'Description for Lite Monitor 581. Optimized for search and performance test.', '9a546f83-46d0-40b9-b136-a97449e8c6b4');
INSERT INTO product_variants (id, product_id, sku, price, stock_quantity, attributes) VALUES ('b0677569-d8f6-45ad-b9f7-4e1c2b6d2cb4', 'f8d96198-c99d-4085-a2af-782469f1fe7d', 'MONITOR-581-G8-B067', 242, 168, '{"color": "Green", "size": "8GB RAM"}');
INSERT INTO product_variants (id, product_id, sku, price, stock_quantity, attributes) VALUES ('75bf2e92-ca9e-4ad7-833b-6fc112b3383f', 'f8d96198-c99d-4085-a2af-782469f1fe7d', 'MONITOR-581-BX-75BF', 1924, 58, '{"color": "Black", "size": "XL"}');
INSERT INTO product_variants (id, product_id, sku, price, stock_quantity, attributes) VALUES ('647c51f4-8bdc-449e-9068-5f3b09521279', 'f8d96198-c99d-4085-a2af-782469f1fe7d', 'MONITOR-581-SX-647C', 519, 131, '{"color": "Silver", "size": "XL"}');
INSERT INTO products (id, name, description, category_id) VALUES ('a9a5ef1d-f150-43d0-a1e1-09790af5c229', 'Elegant Monitor 331', 'Description for Elegant Monitor 331. Optimized for search and performance test.', '9a546f83-46d0-40b9-b136-a97449e8c6b4');
INSERT INTO product_variants (id, product_id, sku, price, stock_quantity, attributes) VALUES ('e11c8a5d-961f-4a38-ad7c-27ff0fd28a33', 'a9a5ef1d-f150-43d0-a1e1-09790af5c229', 'MONITOR-331-S1-E11C', 4250, 71, '{"color": "Silver", "size": "16GB RAM"}');
INSERT INTO product_variants (id, product_id, sku, price, stock_quantity, attributes) VALUES ('00a73ce0-5896-4529-bc5c-69f8703f8988', 'a9a5ef1d-f150-43d0-a1e1-09790af5c229', 'MONITOR-331-R1-00A7', 2773, 91, '{"color": "Red", "size": "128GB"}');
INSERT INTO product_variants (id, product_id, sku, price, stock_quantity, attributes) VALUES ('4602cbdc-ffcd-4e5b-a4d3-641ca08dc6d7', 'a9a5ef1d-f150-43d0-a1e1-09790af5c229', 'MONITOR-331-GL-4602', 1528, 172, '{"color": "Green", "size": "L"}');
INSERT INTO products (id, name, description, category_id) VALUES ('fdc9383b-df33-4d63-a011-c6dbfe2a716c', 'Smart Camera 825', 'Description for Smart Camera 825. Optimized for search and performance test.', '9a546f83-46d0-40b9-b136-a97449e8c6b4');
INSERT INTO product_variants (id, product_id, sku, price, stock_quantity, attributes) VALUES ('d74fcce3-306b-49a4-82b6-7354a5bae9a7', 'fdc9383b-df33-4d63-a011-c6dbfe2a716c', 'CAMERA-825-GX-D74F', 1656, 158, '{"color": "Green", "size": "XL"}');
INSERT INTO product_variants (id, product_id, sku, price, stock_quantity, attributes) VALUES ('6597dbf5-ef89-4808-9c87-f8d754040890', 'fdc9383b-df33-4d63-a011-c6dbfe2a716c', 'CAMERA-825-B6-6597', 3320, 106, '{"color": "Blue", "size": "64GB"}');
INSERT INTO product_variants (id, product_id, sku, price, stock_quantity, attributes) VALUES ('bf1daafa-5ee3-4c61-a001-9b3dc8150263', 'fdc9383b-df33-4d63-a011-c6dbfe2a716c', 'CAMERA-825-B1-BF1D', 4968, 64, '{"color": "Blue", "size": "16GB RAM"}');
INSERT INTO products (id, name, description, category_id) VALUES ('743f61b6-1a03-4459-92b5-3e6f2e03a490', 'Eco Phone 474', 'Description for Eco Phone 474. Optimized for search and performance test.', '9a546f83-46d0-40b9-b136-a97449e8c6b4');
INSERT INTO product_variants (id, product_id, sku, price, stock_quantity, attributes) VALUES ('32785e33-3a0f-4330-b0e2-1b17939f68f5', '743f61b6-1a03-4459-92b5-3e6f2e03a490', 'PHONE-474-WS-3278', 3573, 172, '{"color": "White", "size": "S"}');
INSERT INTO product_variants (id, product_id, sku, price, stock_quantity, attributes) VALUES ('7ab0ef69-611f-4709-a9bf-882df8825f0d', '743f61b6-1a03-4459-92b5-3e6f2e03a490', 'PHONE-474-RX-7AB0', 2304, 153, '{"color": "Red", "size": "XXL"}');
INSERT INTO product_variants (id, product_id, sku, price, stock_quantity, attributes) VALUES ('25b90c71-db03-4e3c-9b0c-99a933857dbf', '743f61b6-1a03-4459-92b5-3e6f2e03a490', 'PHONE-474-GX-25B9', 2166, 162, '{"color": "Green", "size": "XL"}');
INSERT INTO products (id, name, description, category_id) VALUES ('34644e71-234b-46cb-a50a-223e5886e776', 'Premium Monitor 601', 'Description for Premium Monitor 601. Optimized for search and performance test.', '9a546f83-46d0-40b9-b136-a97449e8c6b4');
INSERT INTO product_variants (id, product_id, sku, price, stock_quantity, attributes) VALUES ('1dbdebc2-32ca-42a5-8aa6-2df1edee6657', '34644e71-234b-46cb-a50a-223e5886e776', 'MONITOR-601-GM-1DBD', 2850, 14, '{"color": "Green", "size": "M"}');
INSERT INTO product_variants (id, product_id, sku, price, stock_quantity, attributes) VALUES ('1cc07012-bec8-4691-b520-aa1e8fd982ac', '34644e71-234b-46cb-a50a-223e5886e776', 'MONITOR-601-G2-1CC0', 2261, 76, '{"color": "Green", "size": "256GB"}');
INSERT INTO product_variants (id, product_id, sku, price, stock_quantity, attributes) VALUES ('bb63c5d5-ffba-4308-a02e-838e53566261', '34644e71-234b-46cb-a50a-223e5886e776', 'MONITOR-601-G2-BB63', 3908, 41, '{"color": "Gold", "size": "256GB"}');
INSERT INTO products (id, name, description, category_id) VALUES ('d54aefb6-5317-4832-af70-f77e18e0016a', 'Premium Camera 784', 'Description for Premium Camera 784. Optimized for search and performance test.', '9a546f83-46d0-40b9-b136-a97449e8c6b4');
INSERT INTO product_variants (id, product_id, sku, price, stock_quantity, attributes) VALUES ('d416e515-2546-4ac9-a8c7-943e948d283f', 'd54aefb6-5317-4832-af70-f77e18e0016a', 'CAMERA-784-B1-D416', 2150, 69, '{"color": "Blue", "size": "128GB"}');
INSERT INTO product_variants (id, product_id, sku, price, stock_quantity, attributes) VALUES ('4133963d-1914-42df-bd9f-e30ca22bec58', 'd54aefb6-5317-4832-af70-f77e18e0016a', 'CAMERA-784-B8-4133', 4807, 13, '{"color": "Blue", "size": "8GB RAM"}');
INSERT INTO product_variants (id, product_id, sku, price, stock_quantity, attributes) VALUES ('bf952c62-7e04-467d-bcb7-f526b90e12a9', 'd54aefb6-5317-4832-af70-f77e18e0016a', 'CAMERA-784-G1-BF95', 2215, 91, '{"color": "Gold", "size": "16GB RAM"}');
INSERT INTO products (id, name, description, category_id) VALUES ('0a0cf61c-2042-4eb1-bca3-4fd53514fe9d', 'Pro Backpack 902', 'Description for Pro Backpack 902. Optimized for search and performance test.', '9a546f83-46d0-40b9-b136-a97449e8c6b4');
INSERT INTO product_variants (id, product_id, sku, price, stock_quantity, attributes) VALUES ('9efef978-0c96-4061-9d00-e5e292cd277d', '0a0cf61c-2042-4eb1-bca3-4fd53514fe9d', 'BACKPACK-902-BM-9EFE', 1185, 115, '{"color": "Black", "size": "M"}');
INSERT INTO product_variants (id, product_id, sku, price, stock_quantity, attributes) VALUES ('a9049867-3a1e-4508-8925-6dd358db7805', '0a0cf61c-2042-4eb1-bca3-4fd53514fe9d', 'BACKPACK-902-B1-A904', 191, 159, '{"color": "Blue", "size": "16GB RAM"}');
INSERT INTO product_variants (id, product_id, sku, price, stock_quantity, attributes) VALUES ('92866a41-46d4-40dc-b220-700475331603', '0a0cf61c-2042-4eb1-bca3-4fd53514fe9d', 'BACKPACK-902-G8-9286', 3671, 97, '{"color": "Gold", "size": "8GB RAM"}');
INSERT INTO products (id, name, description, category_id) VALUES ('d1e5528e-c817-4750-aea6-de3a92d635a4', 'Eco Headphones 990', 'Description for Eco Headphones 990. Optimized for search and performance test.', '9a546f83-46d0-40b9-b136-a97449e8c6b4');
INSERT INTO product_variants (id, product_id, sku, price, stock_quantity, attributes) VALUES ('2a209162-52d3-4c25-bf29-2f5e7b7a9624', 'd1e5528e-c817-4750-aea6-de3a92d635a4', 'HEADPHONES-990-G1-2A20', 3010, 189, '{"color": "Gold", "size": "16GB RAM"}');
INSERT INTO product_variants (id, product_id, sku, price, stock_quantity, attributes) VALUES ('5ea0ef02-32ba-4b03-a71c-f1cbef74516e', 'd1e5528e-c817-4750-aea6-de3a92d635a4', 'HEADPHONES-990-BS-5EA0', 2048, 58, '{"color": "Blue", "size": "S"}');
INSERT INTO product_variants (id, product_id, sku, price, stock_quantity, attributes) VALUES ('6e2d4b71-c295-415b-9662-53f0553a60c4', 'd1e5528e-c817-4750-aea6-de3a92d635a4', 'HEADPHONES-990-GM-6E2D', 1405, 102, '{"color": "Gold", "size": "M"}');
INSERT INTO products (id, name, description, category_id) VALUES ('c19d86bb-6afa-4432-af4f-953e9c260a49', 'Premium Dress 640', 'Description for Premium Dress 640. Optimized for search and performance test.', '9a546f83-46d0-40b9-b136-a97449e8c6b4');
INSERT INTO product_variants (id, product_id, sku, price, stock_quantity, attributes) VALUES ('7318b6e7-f1be-4584-98ba-2e16b41225c5', 'c19d86bb-6afa-4432-af4f-953e9c260a49', 'DRESS-640-B8-7318', 2209, 45, '{"color": "Blue", "size": "8GB RAM"}');
INSERT INTO product_variants (id, product_id, sku, price, stock_quantity, attributes) VALUES ('7ba1336b-45c9-4aa9-91cb-07da5f206902', 'c19d86bb-6afa-4432-af4f-953e9c260a49', 'DRESS-640-BS-7BA1', 2233, 64, '{"color": "Black", "size": "S"}');
INSERT INTO product_variants (id, product_id, sku, price, stock_quantity, attributes) VALUES ('88fdecaa-8133-4a91-b64a-27dbb617a8fc', 'c19d86bb-6afa-4432-af4f-953e9c260a49', 'DRESS-640-G1-88FD', 4962, 121, '{"color": "Green", "size": "128GB"}');
INSERT INTO products (id, name, description, category_id) VALUES ('0652599e-489f-4e13-a8e7-d7e824c258ad', 'Premium Table 512', 'Description for Premium Table 512. Optimized for search and performance test.', '9a546f83-46d0-40b9-b136-a97449e8c6b4');
INSERT INTO product_variants (id, product_id, sku, price, stock_quantity, attributes) VALUES ('bd2f70d3-493e-4a57-82d9-4a5aacd39d62', '0652599e-489f-4e13-a8e7-d7e824c258ad', 'TABLE-512-S8-BD2F', 3331, 100, '{"color": "Silver", "size": "8GB RAM"}');
INSERT INTO product_variants (id, product_id, sku, price, stock_quantity, attributes) VALUES ('a2f39b52-a7f2-4fe1-9c8c-edaf90904f6b', '0652599e-489f-4e13-a8e7-d7e824c258ad', 'TABLE-512-GL-A2F3', 4379, 190, '{"color": "Gold", "size": "L"}');
INSERT INTO product_variants (id, product_id, sku, price, stock_quantity, attributes) VALUES ('c7e0a7fe-5fc1-46c1-ab2b-436fea46deda', '0652599e-489f-4e13-a8e7-d7e824c258ad', 'TABLE-512-W8-C7E0', 3645, 178, '{"color": "White", "size": "8GB RAM"}');
INSERT INTO products (id, name, description, category_id) VALUES ('e2380a56-f018-4c29-9e17-66837fd830c1', 'Smart Camera 872', 'Description for Smart Camera 872. Optimized for search and performance test.', '9a546f83-46d0-40b9-b136-a97449e8c6b4');
INSERT INTO product_variants (id, product_id, sku, price, stock_quantity, attributes) VALUES ('ebb57243-cba9-414e-ab86-d83d83d1c2f3', 'e2380a56-f018-4c29-9e17-66837fd830c1', 'CAMERA-872-S6-EBB5', 2590, 150, '{"color": "Silver", "size": "64GB"}');
INSERT INTO product_variants (id, product_id, sku, price, stock_quantity, attributes) VALUES ('dfcac451-ff47-4115-ac63-316d7a8e9109', 'e2380a56-f018-4c29-9e17-66837fd830c1', 'CAMERA-872-BM-DFCA', 4319, 10, '{"color": "Black", "size": "M"}');
INSERT INTO product_variants (id, product_id, sku, price, stock_quantity, attributes) VALUES ('8060797c-2d44-4ede-977c-380b0e4190f0', 'e2380a56-f018-4c29-9e17-66837fd830c1', 'CAMERA-872-GX-8060', 1779, 34, '{"color": "Gold", "size": "XL"}');
INSERT INTO products (id, name, description, category_id) VALUES ('8672caa6-91fb-44a0-88c2-cc3ed6d0b36f', 'Eco Laptop 773', 'Description for Eco Laptop 773. Optimized for search and performance test.', '9a546f83-46d0-40b9-b136-a97449e8c6b4');
INSERT INTO product_variants (id, product_id, sku, price, stock_quantity, attributes) VALUES ('4bcc7cbb-3cf2-457b-8b48-7c342ddaa944', '8672caa6-91fb-44a0-88c2-cc3ed6d0b36f', 'LAPTOP-773-G1-4BCC', 2980, 122, '{"color": "Green", "size": "128GB"}');
INSERT INTO product_variants (id, product_id, sku, price, stock_quantity, attributes) VALUES ('39e87faa-dac2-4391-9501-cc2151c76907', '8672caa6-91fb-44a0-88c2-cc3ed6d0b36f', 'LAPTOP-773-WX-39E8', 4529, 71, '{"color": "White", "size": "XXL"}');
INSERT INTO product_variants (id, product_id, sku, price, stock_quantity, attributes) VALUES ('371cd7bf-7a06-4994-b29c-cfbb49c71107', '8672caa6-91fb-44a0-88c2-cc3ed6d0b36f', 'LAPTOP-773-BX-371C', 1868, 105, '{"color": "Black", "size": "XL"}');
INSERT INTO products (id, name, description, category_id) VALUES ('40377524-fbb2-4760-ac42-5196665acf2f', 'Premium Shirt 129', 'Description for Premium Shirt 129. Optimized for search and performance test.', '9a546f83-46d0-40b9-b136-a97449e8c6b4');
INSERT INTO product_variants (id, product_id, sku, price, stock_quantity, attributes) VALUES ('e990d4c7-c8c4-4633-8d6a-7c2f48823891', '40377524-fbb2-4760-ac42-5196665acf2f', 'SHIRT-129-B6-E990', 4491, 36, '{"color": "Blue", "size": "64GB"}');
INSERT INTO product_variants (id, product_id, sku, price, stock_quantity, attributes) VALUES ('7b7d7896-ab84-4c73-bb03-c215b1faae8f', '40377524-fbb2-4760-ac42-5196665acf2f', 'SHIRT-129-B1-7B7D', 1070, 161, '{"color": "Black", "size": "16GB RAM"}');
INSERT INTO product_variants (id, product_id, sku, price, stock_quantity, attributes) VALUES ('2902534c-fa55-4b65-b287-6cec3895176f', '40377524-fbb2-4760-ac42-5196665acf2f', 'SHIRT-129-R2-2902', 4578, 197, '{"color": "Red", "size": "256GB"}');
INSERT INTO products (id, name, description, category_id) VALUES ('24875062-e7e8-4ad6-849d-69e0c591a36a', 'Ultra Dress 500', 'Description for Ultra Dress 500. Optimized for search and performance test.', '9a546f83-46d0-40b9-b136-a97449e8c6b4');
INSERT INTO product_variants (id, product_id, sku, price, stock_quantity, attributes) VALUES ('e40a26c9-0c69-4e69-a02c-7684255a588b', '24875062-e7e8-4ad6-849d-69e0c591a36a', 'DRESS-500-G1-E40A', 2723, 109, '{"color": "Green", "size": "128GB"}');
INSERT INTO product_variants (id, product_id, sku, price, stock_quantity, attributes) VALUES ('f11d3634-21fa-4d13-bcb8-e48f7cad4a74', '24875062-e7e8-4ad6-849d-69e0c591a36a', 'DRESS-500-R1-F11D', 4041, 171, '{"color": "Red", "size": "16GB RAM"}');
INSERT INTO product_variants (id, product_id, sku, price, stock_quantity, attributes) VALUES ('c2478c17-3af5-4a25-9e6a-bc0da025fc7c', '24875062-e7e8-4ad6-849d-69e0c591a36a', 'DRESS-500-BS-C247', 3616, 99, '{"color": "Blue", "size": "S"}');
INSERT INTO products (id, name, description, category_id) VALUES ('bfd98bc1-fda1-4d1a-9e0a-5eb8bbd26d98', 'Original Table 240', 'Description for Original Table 240. Optimized for search and performance test.', '9a546f83-46d0-40b9-b136-a97449e8c6b4');
INSERT INTO product_variants (id, product_id, sku, price, stock_quantity, attributes) VALUES ('0f562292-37c6-466d-95e3-7b4d22c9f472', 'bfd98bc1-fda1-4d1a-9e0a-5eb8bbd26d98', 'TABLE-240-G1-0F56', 1342, 70, '{"color": "Green", "size": "16GB RAM"}');
INSERT INTO product_variants (id, product_id, sku, price, stock_quantity, attributes) VALUES ('b9b786af-91db-4655-a9c7-2c12efff5154', 'bfd98bc1-fda1-4d1a-9e0a-5eb8bbd26d98', 'TABLE-240-WX-B9B7', 1992, 96, '{"color": "White", "size": "XL"}');
INSERT INTO product_variants (id, product_id, sku, price, stock_quantity, attributes) VALUES ('a8e9f71d-b8f9-48c0-9fa9-8704007c9355', 'bfd98bc1-fda1-4d1a-9e0a-5eb8bbd26d98', 'TABLE-240-WX-A8E9', 617, 129, '{"color": "White", "size": "XL"}');
INSERT INTO products (id, name, description, category_id) VALUES ('58a5bd49-c80a-4507-a89b-f90ee307bf3a', 'Smart Bed 900', 'Description for Smart Bed 900. Optimized for search and performance test.', '9a546f83-46d0-40b9-b136-a97449e8c6b4');
INSERT INTO product_variants (id, product_id, sku, price, stock_quantity, attributes) VALUES ('a0343c09-c8db-45c9-b047-449280e0056a', '58a5bd49-c80a-4507-a89b-f90ee307bf3a', 'BED-900-B2-A034', 3828, 49, '{"color": "Black", "size": "256GB"}');
INSERT INTO product_variants (id, product_id, sku, price, stock_quantity, attributes) VALUES ('129d22f8-afbb-4b70-a202-30b14dff2ab9', '58a5bd49-c80a-4507-a89b-f90ee307bf3a', 'BED-900-SM-129D', 642, 31, '{"color": "Silver", "size": "M"}');
INSERT INTO product_variants (id, product_id, sku, price, stock_quantity, attributes) VALUES ('dfbfa136-a936-422d-9db7-689694471338', '58a5bd49-c80a-4507-a89b-f90ee307bf3a', 'BED-900-S1-DFBF', 872, 92, '{"color": "Silver", "size": "16GB RAM"}');
INSERT INTO products (id, name, description, category_id) VALUES ('fc61a9bb-2c93-4050-a642-77a0b156c6b9', 'Pro Bed 220', 'Description for Pro Bed 220. Optimized for search and performance test.', '9a546f83-46d0-40b9-b136-a97449e8c6b4');
INSERT INTO product_variants (id, product_id, sku, price, stock_quantity, attributes) VALUES ('5592b6f7-490d-47ed-8c7a-4055ab32a738', 'fc61a9bb-2c93-4050-a642-77a0b156c6b9', 'BED-220-B8-5592', 3228, 80, '{"color": "Blue", "size": "8GB RAM"}');
INSERT INTO product_variants (id, product_id, sku, price, stock_quantity, attributes) VALUES ('d5d64804-076c-4684-8581-f2bb7a1d2192', 'fc61a9bb-2c93-4050-a642-77a0b156c6b9', 'BED-220-RL-D5D6', 4986, 155, '{"color": "Red", "size": "L"}');
INSERT INTO product_variants (id, product_id, sku, price, stock_quantity, attributes) VALUES ('436c5a18-8993-4918-a826-205e3f4872b2', 'fc61a9bb-2c93-4050-a642-77a0b156c6b9', 'BED-220-B1-436C', 3935, 136, '{"color": "Blue", "size": "128GB"}');
INSERT INTO products (id, name, description, category_id) VALUES ('dc6b1836-411e-4267-9914-5e11bdb86f3f', 'Smart Monitor 650', 'Description for Smart Monitor 650. Optimized for search and performance test.', '9a546f83-46d0-40b9-b136-a97449e8c6b4');
INSERT INTO product_variants (id, product_id, sku, price, stock_quantity, attributes) VALUES ('d0d9f3d2-15aa-4243-9547-f8cd06b59ba3', 'dc6b1836-411e-4267-9914-5e11bdb86f3f', 'MONITOR-650-GX-D0D9', 1484, 11, '{"color": "Green", "size": "XXL"}');
INSERT INTO product_variants (id, product_id, sku, price, stock_quantity, attributes) VALUES ('4769a686-e7ba-48af-a2b4-14c263d68a01', 'dc6b1836-411e-4267-9914-5e11bdb86f3f', 'MONITOR-650-R1-4769', 3842, 145, '{"color": "Red", "size": "128GB"}');
INSERT INTO product_variants (id, product_id, sku, price, stock_quantity, attributes) VALUES ('be62c6cd-5fdb-4f7c-a3ae-f38e9975437d', 'dc6b1836-411e-4267-9914-5e11bdb86f3f', 'MONITOR-650-S6-BE62', 2836, 93, '{"color": "Silver", "size": "64GB"}');
INSERT INTO products (id, name, description, category_id) VALUES ('2c941299-f8fd-4995-99e4-23478229f995', 'Smart Monitor 237', 'Description for Smart Monitor 237. Optimized for search and performance test.', '9a546f83-46d0-40b9-b136-a97449e8c6b4');
INSERT INTO product_variants (id, product_id, sku, price, stock_quantity, attributes) VALUES ('18b0d327-98ab-4104-8e4e-9f3018debab4', '2c941299-f8fd-4995-99e4-23478229f995', 'MONITOR-237-SS-18B0', 1347, 11, '{"color": "Silver", "size": "S"}');
INSERT INTO product_variants (id, product_id, sku, price, stock_quantity, attributes) VALUES ('b1e64262-5677-4254-961b-176b17e62b39', '2c941299-f8fd-4995-99e4-23478229f995', 'MONITOR-237-B2-B1E6', 1223, 158, '{"color": "Black", "size": "256GB"}');
INSERT INTO product_variants (id, product_id, sku, price, stock_quantity, attributes) VALUES ('44eaadd8-4765-45fd-8e26-4e1c7b5a40ca', '2c941299-f8fd-4995-99e4-23478229f995', 'MONITOR-237-B2-44EA', 4843, 95, '{"color": "Black", "size": "256GB"}');
INSERT INTO products (id, name, description, category_id) VALUES ('6a155abb-f9ba-4615-b4db-9c0442c18091', 'Original Shirt 182', 'Description for Original Shirt 182. Optimized for search and performance test.', '9a546f83-46d0-40b9-b136-a97449e8c6b4');
INSERT INTO product_variants (id, product_id, sku, price, stock_quantity, attributes) VALUES ('17ea387c-e409-4675-8bf5-86445ef71f98', '6a155abb-f9ba-4615-b4db-9c0442c18091', 'SHIRT-182-BM-17EA', 406, 87, '{"color": "Blue", "size": "M"}');
INSERT INTO product_variants (id, product_id, sku, price, stock_quantity, attributes) VALUES ('6da98ac6-d1cc-4412-9a13-5d449eaa0b6d', '6a155abb-f9ba-4615-b4db-9c0442c18091', 'SHIRT-182-B1-6DA9', 3565, 34, '{"color": "Black", "size": "16GB RAM"}');
INSERT INTO product_variants (id, product_id, sku, price, stock_quantity, attributes) VALUES ('7c36ceb9-ab37-4070-a4b1-0bf14d7302b1', '6a155abb-f9ba-4615-b4db-9c0442c18091', 'SHIRT-182-R1-7C36', 266, 138, '{"color": "Red", "size": "16GB RAM"}');
INSERT INTO products (id, name, description, category_id) VALUES ('dccee23e-0b1e-4155-b135-82a730a2e87e', 'Original Headphones 887', 'Description for Original Headphones 887. Optimized for search and performance test.', '9a546f83-46d0-40b9-b136-a97449e8c6b4');
INSERT INTO product_variants (id, product_id, sku, price, stock_quantity, attributes) VALUES ('44cfc2af-004a-4e1d-9297-82a3f95d0cfb', 'dccee23e-0b1e-4155-b135-82a730a2e87e', 'HEADPHONES-887-GM-44CF', 2187, 178, '{"color": "Gold", "size": "M"}');
INSERT INTO product_variants (id, product_id, sku, price, stock_quantity, attributes) VALUES ('ecf0f046-0345-497c-b7f2-b40f87aec7e6', 'dccee23e-0b1e-4155-b135-82a730a2e87e', 'HEADPHONES-887-B1-ECF0', 240, 130, '{"color": "Black", "size": "16GB RAM"}');
INSERT INTO product_variants (id, product_id, sku, price, stock_quantity, attributes) VALUES ('90112d47-a471-4e4d-8f15-64f88c395d11', 'dccee23e-0b1e-4155-b135-82a730a2e87e', 'HEADPHONES-887-B1-9011', 3700, 175, '{"color": "Black", "size": "16GB RAM"}');
INSERT INTO products (id, name, description, category_id) VALUES ('16948e07-3cf2-4153-8b86-6d64bcce9ca9', 'Original Camera 653', 'Description for Original Camera 653. Optimized for search and performance test.', '9a546f83-46d0-40b9-b136-a97449e8c6b4');
INSERT INTO product_variants (id, product_id, sku, price, stock_quantity, attributes) VALUES ('763fa7cb-149a-428c-8bf6-eb5c804b21fe', '16948e07-3cf2-4153-8b86-6d64bcce9ca9', 'CAMERA-653-BM-763F', 633, 98, '{"color": "Black", "size": "M"}');
INSERT INTO product_variants (id, product_id, sku, price, stock_quantity, attributes) VALUES ('f4ca5019-a5d5-463b-a6b6-555041404e88', '16948e07-3cf2-4153-8b86-6d64bcce9ca9', 'CAMERA-653-GX-F4CA', 379, 10, '{"color": "Green", "size": "XXL"}');
INSERT INTO product_variants (id, product_id, sku, price, stock_quantity, attributes) VALUES ('7b44c3ef-405e-485d-b1cb-5a817d03e545', '16948e07-3cf2-4153-8b86-6d64bcce9ca9', 'CAMERA-653-W1-7B44', 1080, 61, '{"color": "White", "size": "16GB RAM"}');
INSERT INTO products (id, name, description, category_id) VALUES ('8f1e9270-9143-4dc4-9196-5608777d4c91', 'Lite Phone 472', 'Description for Lite Phone 472. Optimized for search and performance test.', '9a546f83-46d0-40b9-b136-a97449e8c6b4');
INSERT INTO product_variants (id, product_id, sku, price, stock_quantity, attributes) VALUES ('c5687992-abab-4ffb-9d49-d0feab012d2a', '8f1e9270-9143-4dc4-9196-5608777d4c91', 'PHONE-472-BS-C568', 139, 44, '{"color": "Black", "size": "S"}');
INSERT INTO product_variants (id, product_id, sku, price, stock_quantity, attributes) VALUES ('4cc03b26-b8ce-4f44-af70-08593d0a65b3', '8f1e9270-9143-4dc4-9196-5608777d4c91', 'PHONE-472-B1-4CC0', 615, 167, '{"color": "Black", "size": "16GB RAM"}');
INSERT INTO product_variants (id, product_id, sku, price, stock_quantity, attributes) VALUES ('ff0f5fa7-ad38-4fc1-8d16-9c67473682ae', '8f1e9270-9143-4dc4-9196-5608777d4c91', 'PHONE-472-W8-FF0F', 630, 18, '{"color": "White", "size": "8GB RAM"}');
INSERT INTO products (id, name, description, category_id) VALUES ('233327b6-04b8-4e5e-86e9-455b4f260a37', 'Lite Camera 894', 'Description for Lite Camera 894. Optimized for search and performance test.', '9a546f83-46d0-40b9-b136-a97449e8c6b4');
INSERT INTO product_variants (id, product_id, sku, price, stock_quantity, attributes) VALUES ('4aac4cca-76ce-463d-a0a1-a062cbc30f74', '233327b6-04b8-4e5e-86e9-455b4f260a37', 'CAMERA-894-B1-4AAC', 4629, 181, '{"color": "Blue", "size": "16GB RAM"}');
INSERT INTO product_variants (id, product_id, sku, price, stock_quantity, attributes) VALUES ('7c8ecb1a-3e87-4f6f-8b87-87e9f71b90ab', '233327b6-04b8-4e5e-86e9-455b4f260a37', 'CAMERA-894-G1-7C8E', 1539, 51, '{"color": "Gold", "size": "128GB"}');
INSERT INTO product_variants (id, product_id, sku, price, stock_quantity, attributes) VALUES ('52ddaf6e-1888-4b6c-9549-b6f1c2550181', '233327b6-04b8-4e5e-86e9-455b4f260a37', 'CAMERA-894-GX-52DD', 2859, 98, '{"color": "Green", "size": "XXL"}');
INSERT INTO products (id, name, description, category_id) VALUES ('d440235e-6f9e-47d0-b9c5-a490212ed874', 'Pro Backpack 802', 'Description for Pro Backpack 802. Optimized for search and performance test.', '9a546f83-46d0-40b9-b136-a97449e8c6b4');
INSERT INTO product_variants (id, product_id, sku, price, stock_quantity, attributes) VALUES ('a0d16342-9592-49bf-a933-72e1395119a0', 'd440235e-6f9e-47d0-b9c5-a490212ed874', 'BACKPACK-802-B1-A0D1', 299, 25, '{"color": "Black", "size": "128GB"}');
INSERT INTO product_variants (id, product_id, sku, price, stock_quantity, attributes) VALUES ('eccfb2de-7a16-429e-bef3-f06a28388e42', 'd440235e-6f9e-47d0-b9c5-a490212ed874', 'BACKPACK-802-B1-ECCF', 4094, 76, '{"color": "Black", "size": "16GB RAM"}');
INSERT INTO product_variants (id, product_id, sku, price, stock_quantity, attributes) VALUES ('decef950-5992-4d10-b320-f0633f337dbd', 'd440235e-6f9e-47d0-b9c5-a490212ed874', 'BACKPACK-802-WM-DECE', 1318, 47, '{"color": "White", "size": "M"}');
INSERT INTO products (id, name, description, category_id) VALUES ('f1be3d57-9419-42d5-8875-5d5c1c7ba6c7', 'Original Speaker 513', 'Description for Original Speaker 513. Optimized for search and performance test.', '9a546f83-46d0-40b9-b136-a97449e8c6b4');
INSERT INTO product_variants (id, product_id, sku, price, stock_quantity, attributes) VALUES ('d1e11423-f393-48a6-973c-f362e62bae32', 'f1be3d57-9419-42d5-8875-5d5c1c7ba6c7', 'SPEAKER-513-R1-D1E1', 3147, 58, '{"color": "Red", "size": "128GB"}');
INSERT INTO product_variants (id, product_id, sku, price, stock_quantity, attributes) VALUES ('eb0b22ed-0ae9-47d4-b4d6-a5ba7d5f597c', 'f1be3d57-9419-42d5-8875-5d5c1c7ba6c7', 'SPEAKER-513-G1-EB0B', 2253, 92, '{"color": "Green", "size": "128GB"}');
INSERT INTO product_variants (id, product_id, sku, price, stock_quantity, attributes) VALUES ('6e1c4381-5981-4f95-ba98-e25a2b8937e8', 'f1be3d57-9419-42d5-8875-5d5c1c7ba6c7', 'SPEAKER-513-RL-6E1C', 2065, 37, '{"color": "Red", "size": "L"}');
INSERT INTO products (id, name, description, category_id) VALUES ('2c34dedb-4c32-4141-8061-5f1ad198aa39', 'Elegant Speaker 910', 'Description for Elegant Speaker 910. Optimized for search and performance test.', '9a546f83-46d0-40b9-b136-a97449e8c6b4');
INSERT INTO product_variants (id, product_id, sku, price, stock_quantity, attributes) VALUES ('8855a9ea-9a44-4e87-8e1e-d9d78f58c7d4', '2c34dedb-4c32-4141-8061-5f1ad198aa39', 'SPEAKER-910-W6-8855', 3284, 46, '{"color": "White", "size": "64GB"}');
INSERT INTO product_variants (id, product_id, sku, price, stock_quantity, attributes) VALUES ('d0cc7ab3-dc50-4775-aafa-3451208d22df', '2c34dedb-4c32-4141-8061-5f1ad198aa39', 'SPEAKER-910-S2-D0CC', 4482, 152, '{"color": "Silver", "size": "256GB"}');
INSERT INTO product_variants (id, product_id, sku, price, stock_quantity, attributes) VALUES ('bc14d5e6-bb63-4356-8e29-d87e80e505d2', '2c34dedb-4c32-4141-8061-5f1ad198aa39', 'SPEAKER-910-GL-BC14', 2045, 35, '{"color": "Green", "size": "L"}');
INSERT INTO products (id, name, description, category_id) VALUES ('95461efe-7d56-4448-8944-1d83ed09daed', 'Original Backpack 147', 'Description for Original Backpack 147. Optimized for search and performance test.', '9a546f83-46d0-40b9-b136-a97449e8c6b4');
INSERT INTO product_variants (id, product_id, sku, price, stock_quantity, attributes) VALUES ('48cfa5bf-b736-4c8c-b3e7-ecb6b9481718', '95461efe-7d56-4448-8944-1d83ed09daed', 'BACKPACK-147-B6-48CF', 1216, 79, '{"color": "Blue", "size": "64GB"}');
INSERT INTO product_variants (id, product_id, sku, price, stock_quantity, attributes) VALUES ('97c5cbfd-f00a-43d3-bf70-968d859a0e83', '95461efe-7d56-4448-8944-1d83ed09daed', 'BACKPACK-147-G2-97C5', 4212, 119, '{"color": "Green", "size": "256GB"}');
INSERT INTO product_variants (id, product_id, sku, price, stock_quantity, attributes) VALUES ('d8800b52-0f88-46ef-a052-7057e39f460b', '95461efe-7d56-4448-8944-1d83ed09daed', 'BACKPACK-147-S8-D880', 3106, 125, '{"color": "Silver", "size": "8GB RAM"}');
INSERT INTO products (id, name, description, category_id) VALUES ('b659e7e4-49ea-4a11-b3b6-7c076b0c47bf', 'Eco Laptop 100', 'Description for Eco Laptop 100. Optimized for search and performance test.', '399182b5-6ae6-4f89-8891-71f727e7cfaf');
INSERT INTO product_variants (id, product_id, sku, price, stock_quantity, attributes) VALUES ('97c6b6f6-6ab9-4441-8988-2105dbf5c229', 'b659e7e4-49ea-4a11-b3b6-7c076b0c47bf', 'LAPTOP-100-RL-97C6', 4001, 50, '{"color": "Red", "size": "L"}');
INSERT INTO product_variants (id, product_id, sku, price, stock_quantity, attributes) VALUES ('68c64937-9849-4d08-8491-0ce41b2ad73f', 'b659e7e4-49ea-4a11-b3b6-7c076b0c47bf', 'LAPTOP-100-SX-68C6', 1657, 190, '{"color": "Silver", "size": "XXL"}');
INSERT INTO product_variants (id, product_id, sku, price, stock_quantity, attributes) VALUES ('7f66dfc8-cf0a-42ad-9d11-86365d56adfa', 'b659e7e4-49ea-4a11-b3b6-7c076b0c47bf', 'LAPTOP-100-G1-7F66', 1999, 191, '{"color": "Green", "size": "16GB RAM"}');
INSERT INTO products (id, name, description, category_id) VALUES ('8c6dd4c9-c4b9-430a-a5d3-a2a245b96b5d', 'Pro Shirt 585', 'Description for Pro Shirt 585. Optimized for search and performance test.', '399182b5-6ae6-4f89-8891-71f727e7cfaf');
INSERT INTO product_variants (id, product_id, sku, price, stock_quantity, attributes) VALUES ('c6d75818-f121-4637-8d0a-9fab018d257e', '8c6dd4c9-c4b9-430a-a5d3-a2a245b96b5d', 'SHIRT-585-R2-C6D7', 4910, 166, '{"color": "Red", "size": "256GB"}');
INSERT INTO product_variants (id, product_id, sku, price, stock_quantity, attributes) VALUES ('e09bcf8b-ddc5-4a72-b152-94371c0de820', '8c6dd4c9-c4b9-430a-a5d3-a2a245b96b5d', 'SHIRT-585-SS-E09B', 553, 18, '{"color": "Silver", "size": "S"}');
INSERT INTO product_variants (id, product_id, sku, price, stock_quantity, attributes) VALUES ('9d098bfd-18df-4921-8119-7a1b162f1b80', '8c6dd4c9-c4b9-430a-a5d3-a2a245b96b5d', 'SHIRT-585-W6-9D09', 293, 173, '{"color": "White", "size": "64GB"}');
INSERT INTO products (id, name, description, category_id) VALUES ('a06a2389-0b46-4612-9929-8980e0aa0234', 'Pro Table 330', 'Description for Pro Table 330. Optimized for search and performance test.', '399182b5-6ae6-4f89-8891-71f727e7cfaf');
INSERT INTO product_variants (id, product_id, sku, price, stock_quantity, attributes) VALUES ('231d83a9-d23e-4320-8e67-80096fb811bb', 'a06a2389-0b46-4612-9929-8980e0aa0234', 'TABLE-330-B1-231D', 1791, 177, '{"color": "Blue", "size": "16GB RAM"}');
INSERT INTO product_variants (id, product_id, sku, price, stock_quantity, attributes) VALUES ('42ab225b-72af-43a6-b437-92901070f606', 'a06a2389-0b46-4612-9929-8980e0aa0234', 'TABLE-330-B6-42AB', 877, 164, '{"color": "Blue", "size": "64GB"}');
INSERT INTO product_variants (id, product_id, sku, price, stock_quantity, attributes) VALUES ('a724e041-a1ae-47a1-8cc5-79952bcce8b2', 'a06a2389-0b46-4612-9929-8980e0aa0234', 'TABLE-330-G2-A724', 406, 195, '{"color": "Green", "size": "256GB"}');
INSERT INTO products (id, name, description, category_id) VALUES ('d3d74515-e7ff-4780-9ded-3a812e5e87a7', 'Ultra Laptop 670', 'Description for Ultra Laptop 670. Optimized for search and performance test.', '399182b5-6ae6-4f89-8891-71f727e7cfaf');
INSERT INTO product_variants (id, product_id, sku, price, stock_quantity, attributes) VALUES ('749d42e6-967d-4337-9923-712489136bce', 'd3d74515-e7ff-4780-9ded-3a812e5e87a7', 'LAPTOP-670-R2-749D', 2704, 28, '{"color": "Red", "size": "256GB"}');
INSERT INTO product_variants (id, product_id, sku, price, stock_quantity, attributes) VALUES ('f1128091-e6ff-40c4-a3b5-b5569afbb979', 'd3d74515-e7ff-4780-9ded-3a812e5e87a7', 'LAPTOP-670-B1-F112', 3827, 183, '{"color": "Blue", "size": "128GB"}');
INSERT INTO product_variants (id, product_id, sku, price, stock_quantity, attributes) VALUES ('0f933e20-ab44-4b16-983c-2e969b050f50', 'd3d74515-e7ff-4780-9ded-3a812e5e87a7', 'LAPTOP-670-G2-0F93', 1050, 148, '{"color": "Gold", "size": "256GB"}');
INSERT INTO products (id, name, description, category_id) VALUES ('db406279-1198-4ccf-87a8-92114dd915bc', 'Elegant Dress 665', 'Description for Elegant Dress 665. Optimized for search and performance test.', '399182b5-6ae6-4f89-8891-71f727e7cfaf');
INSERT INTO product_variants (id, product_id, sku, price, stock_quantity, attributes) VALUES ('15cb418c-ba64-401f-8503-03e9765e3585', 'db406279-1198-4ccf-87a8-92114dd915bc', 'DRESS-665-G6-15CB', 641, 96, '{"color": "Gold", "size": "64GB"}');
INSERT INTO product_variants (id, product_id, sku, price, stock_quantity, attributes) VALUES ('11bdef7a-e6f9-456f-adbc-0e47e58fab43', 'db406279-1198-4ccf-87a8-92114dd915bc', 'DRESS-665-GS-11BD', 2172, 178, '{"color": "Gold", "size": "S"}');
INSERT INTO product_variants (id, product_id, sku, price, stock_quantity, attributes) VALUES ('2a716e4f-3e13-4612-ab3d-b07dbcd60da1', 'db406279-1198-4ccf-87a8-92114dd915bc', 'DRESS-665-W1-2A71', 3028, 33, '{"color": "White", "size": "16GB RAM"}');
INSERT INTO products (id, name, description, category_id) VALUES ('d6976ee2-047f-4c27-8944-bcec61e496a5', 'Lite Headphones 885', 'Description for Lite Headphones 885. Optimized for search and performance test.', '399182b5-6ae6-4f89-8891-71f727e7cfaf');
INSERT INTO product_variants (id, product_id, sku, price, stock_quantity, attributes) VALUES ('a8e54927-6cf2-40e9-b713-15b8e4265fab', 'd6976ee2-047f-4c27-8944-bcec61e496a5', 'HEADPHONES-885-G1-A8E5', 879, 17, '{"color": "Green", "size": "128GB"}');
INSERT INTO product_variants (id, product_id, sku, price, stock_quantity, attributes) VALUES ('55519d78-5c75-4dbc-8548-ef056bf3c7a6', 'd6976ee2-047f-4c27-8944-bcec61e496a5', 'HEADPHONES-885-RL-5551', 1202, 68, '{"color": "Red", "size": "L"}');
INSERT INTO product_variants (id, product_id, sku, price, stock_quantity, attributes) VALUES ('3b52dfd7-d946-49eb-aadc-b2b908774c5b', 'd6976ee2-047f-4c27-8944-bcec61e496a5', 'HEADPHONES-885-GX-3B52', 3364, 63, '{"color": "Gold", "size": "XXL"}');
INSERT INTO products (id, name, description, category_id) VALUES ('8a4e9fe8-ccba-42f2-a89e-d4e0f70cb3d1', 'Pro Shirt 763', 'Description for Pro Shirt 763. Optimized for search and performance test.', '399182b5-6ae6-4f89-8891-71f727e7cfaf');
INSERT INTO product_variants (id, product_id, sku, price, stock_quantity, attributes) VALUES ('46f0b63a-5700-40c1-af37-47dd20ee4d3a', '8a4e9fe8-ccba-42f2-a89e-d4e0f70cb3d1', 'SHIRT-763-GX-46F0', 1379, 186, '{"color": "Green", "size": "XL"}');
INSERT INTO product_variants (id, product_id, sku, price, stock_quantity, attributes) VALUES ('0cf893cd-75c1-4f18-891a-87ac649b0a06', '8a4e9fe8-ccba-42f2-a89e-d4e0f70cb3d1', 'SHIRT-763-SM-0CF8', 4244, 32, '{"color": "Silver", "size": "M"}');
INSERT INTO product_variants (id, product_id, sku, price, stock_quantity, attributes) VALUES ('04980266-06d7-4d11-b828-473c4fa87e24', '8a4e9fe8-ccba-42f2-a89e-d4e0f70cb3d1', 'SHIRT-763-RX-0498', 4801, 46, '{"color": "Red", "size": "XXL"}');
INSERT INTO products (id, name, description, category_id) VALUES ('a06d0dff-ae85-4324-b32d-a025760bd5a8', 'Smart Table 591', 'Description for Smart Table 591. Optimized for search and performance test.', '399182b5-6ae6-4f89-8891-71f727e7cfaf');
INSERT INTO product_variants (id, product_id, sku, price, stock_quantity, attributes) VALUES ('0cdcb6b6-0a19-4a8d-91c8-fb7b4e835573', 'a06d0dff-ae85-4324-b32d-a025760bd5a8', 'TABLE-591-R6-0CDC', 3621, 185, '{"color": "Red", "size": "64GB"}');
INSERT INTO product_variants (id, product_id, sku, price, stock_quantity, attributes) VALUES ('10993305-eef4-4ff8-9179-9a42ce74bc9a', 'a06d0dff-ae85-4324-b32d-a025760bd5a8', 'TABLE-591-G6-1099', 3479, 155, '{"color": "Green", "size": "64GB"}');
INSERT INTO product_variants (id, product_id, sku, price, stock_quantity, attributes) VALUES ('aca2b301-ff73-43cd-a62b-e8aab06be02a', 'a06d0dff-ae85-4324-b32d-a025760bd5a8', 'TABLE-591-WM-ACA2', 1101, 18, '{"color": "White", "size": "M"}');
INSERT INTO products (id, name, description, category_id) VALUES ('6beab946-7347-4801-8e23-8ddb6b1ad05d', 'Ultra Monitor 826', 'Description for Ultra Monitor 826. Optimized for search and performance test.', '399182b5-6ae6-4f89-8891-71f727e7cfaf');
INSERT INTO product_variants (id, product_id, sku, price, stock_quantity, attributes) VALUES ('debc1a01-97ae-4eef-90cc-df6abfe18a80', '6beab946-7347-4801-8e23-8ddb6b1ad05d', 'MONITOR-826-W2-DEBC', 2087, 127, '{"color": "White", "size": "256GB"}');
INSERT INTO product_variants (id, product_id, sku, price, stock_quantity, attributes) VALUES ('db62bd7d-affa-4a0c-974d-aa6b475900d8', '6beab946-7347-4801-8e23-8ddb6b1ad05d', 'MONITOR-826-WM-DB62', 2349, 183, '{"color": "White", "size": "M"}');
INSERT INTO product_variants (id, product_id, sku, price, stock_quantity, attributes) VALUES ('dcfb9981-e8fa-447b-bf9d-730d44011918', '6beab946-7347-4801-8e23-8ddb6b1ad05d', 'MONITOR-826-R1-DCFB', 4169, 75, '{"color": "Red", "size": "16GB RAM"}');
INSERT INTO products (id, name, description, category_id) VALUES ('c0494197-612a-4f14-8d8c-dee27279817b', 'Original Dress 907', 'Description for Original Dress 907. Optimized for search and performance test.', '399182b5-6ae6-4f89-8891-71f727e7cfaf');
INSERT INTO product_variants (id, product_id, sku, price, stock_quantity, attributes) VALUES ('3fc575c2-8d90-4509-a34b-3a6c458f9f58', 'c0494197-612a-4f14-8d8c-dee27279817b', 'DRESS-907-WX-3FC5', 2096, 39, '{"color": "White", "size": "XL"}');
INSERT INTO product_variants (id, product_id, sku, price, stock_quantity, attributes) VALUES ('8834ed86-66b6-441c-a8c5-b6dce89861cc', 'c0494197-612a-4f14-8d8c-dee27279817b', 'DRESS-907-GX-8834', 4033, 182, '{"color": "Gold", "size": "XL"}');
INSERT INTO product_variants (id, product_id, sku, price, stock_quantity, attributes) VALUES ('035c0465-5e82-4414-a673-1ec5b8875957', 'c0494197-612a-4f14-8d8c-dee27279817b', 'DRESS-907-SX-035C', 3114, 78, '{"color": "Silver", "size": "XL"}');
INSERT INTO products (id, name, description, category_id) VALUES ('03449fba-664b-42f9-aad6-55e9b9ff27dd', 'Pro Shirt 738', 'Description for Pro Shirt 738. Optimized for search and performance test.', '399182b5-6ae6-4f89-8891-71f727e7cfaf');
INSERT INTO product_variants (id, product_id, sku, price, stock_quantity, attributes) VALUES ('58398598-16cb-4f4b-8360-ecfd1821f821', '03449fba-664b-42f9-aad6-55e9b9ff27dd', 'SHIRT-738-SX-5839', 4598, 141, '{"color": "Silver", "size": "XXL"}');
INSERT INTO product_variants (id, product_id, sku, price, stock_quantity, attributes) VALUES ('aea4b4cd-cd45-4397-a638-a3f1b36a69d2', '03449fba-664b-42f9-aad6-55e9b9ff27dd', 'SHIRT-738-BL-AEA4', 350, 72, '{"color": "Black", "size": "L"}');
INSERT INTO product_variants (id, product_id, sku, price, stock_quantity, attributes) VALUES ('0d0538d6-5b64-4bc0-9c3e-2f8cf9e738c6', '03449fba-664b-42f9-aad6-55e9b9ff27dd', 'SHIRT-738-GS-0D05', 347, 109, '{"color": "Green", "size": "S"}');
INSERT INTO products (id, name, description, category_id) VALUES ('e71da314-7d84-449a-b1c0-f6d639213b90', 'Eco Monitor 580', 'Description for Eco Monitor 580. Optimized for search and performance test.', '399182b5-6ae6-4f89-8891-71f727e7cfaf');
INSERT INTO product_variants (id, product_id, sku, price, stock_quantity, attributes) VALUES ('e30b6d14-acd1-41d2-b800-199f63b3015b', 'e71da314-7d84-449a-b1c0-f6d639213b90', 'MONITOR-580-B6-E30B', 4100, 107, '{"color": "Blue", "size": "64GB"}');
INSERT INTO product_variants (id, product_id, sku, price, stock_quantity, attributes) VALUES ('38e5e43c-ddca-4293-a841-2db05d9992e5', 'e71da314-7d84-449a-b1c0-f6d639213b90', 'MONITOR-580-G1-38E5', 563, 71, '{"color": "Gold", "size": "128GB"}');
INSERT INTO product_variants (id, product_id, sku, price, stock_quantity, attributes) VALUES ('94d7ccb2-d8bc-4605-a2bd-5b35be01300f', 'e71da314-7d84-449a-b1c0-f6d639213b90', 'MONITOR-580-W1-94D7', 3053, 20, '{"color": "White", "size": "16GB RAM"}');
INSERT INTO products (id, name, description, category_id) VALUES ('eb4d21e2-c11a-4d78-8595-bcf5c78d1dff', 'Elegant Bed 934', 'Description for Elegant Bed 934. Optimized for search and performance test.', '399182b5-6ae6-4f89-8891-71f727e7cfaf');
INSERT INTO product_variants (id, product_id, sku, price, stock_quantity, attributes) VALUES ('c8d2b0ea-43ae-4a72-ac18-a9cf0c9ac1e5', 'eb4d21e2-c11a-4d78-8595-bcf5c78d1dff', 'BED-934-GL-C8D2', 4752, 13, '{"color": "Green", "size": "L"}');
INSERT INTO product_variants (id, product_id, sku, price, stock_quantity, attributes) VALUES ('e2aaf360-2977-431a-8bb9-b4ee6678370c', 'eb4d21e2-c11a-4d78-8595-bcf5c78d1dff', 'BED-934-GX-E2AA', 4435, 130, '{"color": "Gold", "size": "XXL"}');
INSERT INTO product_variants (id, product_id, sku, price, stock_quantity, attributes) VALUES ('a6d7eedc-7036-44df-87c6-444cfc4256ac', 'eb4d21e2-c11a-4d78-8595-bcf5c78d1dff', 'BED-934-BX-A6D7', 1505, 138, '{"color": "Black", "size": "XL"}');
INSERT INTO products (id, name, description, category_id) VALUES ('3f24b851-003a-4363-a199-9fd492f4dd86', 'Elegant Laptop 649', 'Description for Elegant Laptop 649. Optimized for search and performance test.', '399182b5-6ae6-4f89-8891-71f727e7cfaf');
INSERT INTO product_variants (id, product_id, sku, price, stock_quantity, attributes) VALUES ('607ad3c3-5a33-4c6b-8080-738cfeb26793', '3f24b851-003a-4363-a199-9fd492f4dd86', 'LAPTOP-649-R1-607A', 529, 73, '{"color": "Red", "size": "128GB"}');
INSERT INTO product_variants (id, product_id, sku, price, stock_quantity, attributes) VALUES ('f049140f-7dd0-4b69-9471-46b88fe2a9eb', '3f24b851-003a-4363-a199-9fd492f4dd86', 'LAPTOP-649-W1-F049', 1837, 73, '{"color": "White", "size": "128GB"}');
INSERT INTO product_variants (id, product_id, sku, price, stock_quantity, attributes) VALUES ('4b49899c-214e-479d-9b54-e1d66a347de3', '3f24b851-003a-4363-a199-9fd492f4dd86', 'LAPTOP-649-B1-4B49', 127, 32, '{"color": "Black", "size": "16GB RAM"}');
INSERT INTO products (id, name, description, category_id) VALUES ('57e39541-7530-4fc7-b0cf-56cf546f8dd6', 'Original Laptop 209', 'Description for Original Laptop 209. Optimized for search and performance test.', '399182b5-6ae6-4f89-8891-71f727e7cfaf');
INSERT INTO product_variants (id, product_id, sku, price, stock_quantity, attributes) VALUES ('33929305-02ad-4201-b1e7-034ee95cc54c', '57e39541-7530-4fc7-b0cf-56cf546f8dd6', 'LAPTOP-209-GX-3392', 3255, 115, '{"color": "Gold", "size": "XXL"}');
INSERT INTO product_variants (id, product_id, sku, price, stock_quantity, attributes) VALUES ('023bdcd4-f61d-40bf-980a-053a2e3210ff', '57e39541-7530-4fc7-b0cf-56cf546f8dd6', 'LAPTOP-209-W2-023B', 4697, 50, '{"color": "White", "size": "256GB"}');
INSERT INTO product_variants (id, product_id, sku, price, stock_quantity, attributes) VALUES ('6734f36a-f154-4b99-9028-43295cbf5d59', '57e39541-7530-4fc7-b0cf-56cf546f8dd6', 'LAPTOP-209-SS-6734', 4121, 174, '{"color": "Silver", "size": "S"}');
INSERT INTO products (id, name, description, category_id) VALUES ('0ee4807c-7b95-4d37-9ba7-6408e511ab65', 'Eco Headphones 624', 'Description for Eco Headphones 624. Optimized for search and performance test.', '399182b5-6ae6-4f89-8891-71f727e7cfaf');
INSERT INTO product_variants (id, product_id, sku, price, stock_quantity, attributes) VALUES ('3a50d402-f1a6-4d15-9b2a-3b2d0f8d3e80', '0ee4807c-7b95-4d37-9ba7-6408e511ab65', 'HEADPHONES-624-R1-3A50', 3426, 152, '{"color": "Red", "size": "16GB RAM"}');
INSERT INTO product_variants (id, product_id, sku, price, stock_quantity, attributes) VALUES ('68f9edf7-5f8a-4ea5-ac8b-00b6cb83ec7f', '0ee4807c-7b95-4d37-9ba7-6408e511ab65', 'HEADPHONES-624-GX-68F9', 1188, 198, '{"color": "Green", "size": "XL"}');
INSERT INTO product_variants (id, product_id, sku, price, stock_quantity, attributes) VALUES ('0fda3818-11a9-40b8-9714-8517bd4d0016', '0ee4807c-7b95-4d37-9ba7-6408e511ab65', 'HEADPHONES-624-WM-0FDA', 1024, 135, '{"color": "White", "size": "M"}');
INSERT INTO products (id, name, description, category_id) VALUES ('7dd88b5c-4023-4e1e-8607-4d2dac45871e', 'Lite Bed 599', 'Description for Lite Bed 599. Optimized for search and performance test.', '399182b5-6ae6-4f89-8891-71f727e7cfaf');
INSERT INTO product_variants (id, product_id, sku, price, stock_quantity, attributes) VALUES ('deea8021-5b97-4c0e-ac61-fdfae869726f', '7dd88b5c-4023-4e1e-8607-4d2dac45871e', 'BED-599-W2-DEEA', 1927, 167, '{"color": "White", "size": "256GB"}');
INSERT INTO product_variants (id, product_id, sku, price, stock_quantity, attributes) VALUES ('94212d7d-dfbb-4bba-abf9-b64c8a591748', '7dd88b5c-4023-4e1e-8607-4d2dac45871e', 'BED-599-SX-9421', 4616, 146, '{"color": "Silver", "size": "XL"}');
INSERT INTO product_variants (id, product_id, sku, price, stock_quantity, attributes) VALUES ('6713f667-338f-4f1d-b023-addfe2386d56', '7dd88b5c-4023-4e1e-8607-4d2dac45871e', 'BED-599-BL-6713', 4507, 14, '{"color": "Black", "size": "L"}');
INSERT INTO products (id, name, description, category_id) VALUES ('0e651de4-5056-4899-b2c0-0945d0e6fb7e', 'Pro Monitor 266', 'Description for Pro Monitor 266. Optimized for search and performance test.', '399182b5-6ae6-4f89-8891-71f727e7cfaf');
INSERT INTO product_variants (id, product_id, sku, price, stock_quantity, attributes) VALUES ('b99cbe8f-f71f-42c2-adc5-685270d894d4', '0e651de4-5056-4899-b2c0-0945d0e6fb7e', 'MONITOR-266-S1-B99C', 1360, 41, '{"color": "Silver", "size": "128GB"}');
INSERT INTO product_variants (id, product_id, sku, price, stock_quantity, attributes) VALUES ('99a1ef25-8c87-45da-91a8-c7f880fb937f', '0e651de4-5056-4899-b2c0-0945d0e6fb7e', 'MONITOR-266-G6-99A1', 2537, 143, '{"color": "Green", "size": "64GB"}');
INSERT INTO product_variants (id, product_id, sku, price, stock_quantity, attributes) VALUES ('b16c60d1-c7ac-4c1c-976a-05049573f31f', '0e651de4-5056-4899-b2c0-0945d0e6fb7e', 'MONITOR-266-R1-B16C', 749, 127, '{"color": "Red", "size": "128GB"}');
INSERT INTO products (id, name, description, category_id) VALUES ('7c0ed192-f701-46c5-a6d5-7a2e793c9467', 'Premium Shirt 258', 'Description for Premium Shirt 258. Optimized for search and performance test.', '399182b5-6ae6-4f89-8891-71f727e7cfaf');
INSERT INTO product_variants (id, product_id, sku, price, stock_quantity, attributes) VALUES ('f9107d97-0e52-462b-b732-3ab3f4e9d52c', '7c0ed192-f701-46c5-a6d5-7a2e793c9467', 'SHIRT-258-BX-F910', 1358, 34, '{"color": "Blue", "size": "XL"}');
INSERT INTO product_variants (id, product_id, sku, price, stock_quantity, attributes) VALUES ('0b7a4879-80e9-4f22-af82-f53e47a6fccf', '7c0ed192-f701-46c5-a6d5-7a2e793c9467', 'SHIRT-258-B1-0B7A', 2925, 135, '{"color": "Black", "size": "16GB RAM"}');
INSERT INTO product_variants (id, product_id, sku, price, stock_quantity, attributes) VALUES ('c5bc0777-1e44-4d1d-95c4-b68ae8730533', '7c0ed192-f701-46c5-a6d5-7a2e793c9467', 'SHIRT-258-G8-C5BC', 3045, 109, '{"color": "Green", "size": "8GB RAM"}');
INSERT INTO products (id, name, description, category_id) VALUES ('ec1c2f23-7e20-4007-97c3-2798b3991ab3', 'Smart Table 116', 'Description for Smart Table 116. Optimized for search and performance test.', '399182b5-6ae6-4f89-8891-71f727e7cfaf');
INSERT INTO product_variants (id, product_id, sku, price, stock_quantity, attributes) VALUES ('514268f4-9879-499c-9ba8-3c85d3ca7cd3', 'ec1c2f23-7e20-4007-97c3-2798b3991ab3', 'TABLE-116-B8-5142', 1993, 60, '{"color": "Blue", "size": "8GB RAM"}');
INSERT INTO product_variants (id, product_id, sku, price, stock_quantity, attributes) VALUES ('f79e2c52-221a-4b0b-9bbf-32fe85d52a60', 'ec1c2f23-7e20-4007-97c3-2798b3991ab3', 'TABLE-116-W1-F79E', 2447, 140, '{"color": "White", "size": "16GB RAM"}');
INSERT INTO product_variants (id, product_id, sku, price, stock_quantity, attributes) VALUES ('816ffe73-04fa-49d2-a7c0-e2abd8a55ffc', 'ec1c2f23-7e20-4007-97c3-2798b3991ab3', 'TABLE-116-R1-816F', 2679, 190, '{"color": "Red", "size": "16GB RAM"}');
INSERT INTO products (id, name, description, category_id) VALUES ('8e7af9f6-d2f0-4bf3-8ad1-25ab7a20b094', 'Elegant Dress 816', 'Description for Elegant Dress 816. Optimized for search and performance test.', '399182b5-6ae6-4f89-8891-71f727e7cfaf');
INSERT INTO product_variants (id, product_id, sku, price, stock_quantity, attributes) VALUES ('bd2ca7ee-8083-4e50-baaf-80ab76e7a246', '8e7af9f6-d2f0-4bf3-8ad1-25ab7a20b094', 'DRESS-816-B1-BD2C', 202, 106, '{"color": "Blue", "size": "16GB RAM"}');
INSERT INTO product_variants (id, product_id, sku, price, stock_quantity, attributes) VALUES ('c580d902-34a2-49a0-841c-01d524d2fcfb', '8e7af9f6-d2f0-4bf3-8ad1-25ab7a20b094', 'DRESS-816-B1-C580', 4151, 142, '{"color": "Black", "size": "128GB"}');
INSERT INTO product_variants (id, product_id, sku, price, stock_quantity, attributes) VALUES ('fe7fc2a7-623a-4575-8eb1-84452f1fb2da', '8e7af9f6-d2f0-4bf3-8ad1-25ab7a20b094', 'DRESS-816-W2-FE7F', 3414, 160, '{"color": "White", "size": "256GB"}');
INSERT INTO products (id, name, description, category_id) VALUES ('7a55c74a-54ec-4565-9c75-6dc757357969', 'Original Laptop 444', 'Description for Original Laptop 444. Optimized for search and performance test.', '399182b5-6ae6-4f89-8891-71f727e7cfaf');
INSERT INTO product_variants (id, product_id, sku, price, stock_quantity, attributes) VALUES ('c8086856-d778-420d-bd2c-208ba2ec36d4', '7a55c74a-54ec-4565-9c75-6dc757357969', 'LAPTOP-444-GS-C808', 3580, 159, '{"color": "Gold", "size": "S"}');
INSERT INTO product_variants (id, product_id, sku, price, stock_quantity, attributes) VALUES ('16335006-6bb2-4961-a77a-95dcda5ec22d', '7a55c74a-54ec-4565-9c75-6dc757357969', 'LAPTOP-444-G8-1633', 3676, 109, '{"color": "Green", "size": "8GB RAM"}');
INSERT INTO product_variants (id, product_id, sku, price, stock_quantity, attributes) VALUES ('a442da0d-ebca-4349-9102-eab1f642fa21', '7a55c74a-54ec-4565-9c75-6dc757357969', 'LAPTOP-444-SX-A442', 4489, 70, '{"color": "Silver", "size": "XL"}');
INSERT INTO products (id, name, description, category_id) VALUES ('11e99ff0-df63-4c37-a1af-984af6dd31d9', 'Lite Bed 335', 'Description for Lite Bed 335. Optimized for search and performance test.', '399182b5-6ae6-4f89-8891-71f727e7cfaf');
INSERT INTO product_variants (id, product_id, sku, price, stock_quantity, attributes) VALUES ('2d7d823d-843b-4be8-8a32-c8d4eaa5a5af', '11e99ff0-df63-4c37-a1af-984af6dd31d9', 'BED-335-BM-2D7D', 4534, 48, '{"color": "Blue", "size": "M"}');
INSERT INTO product_variants (id, product_id, sku, price, stock_quantity, attributes) VALUES ('b54f599d-bde4-4427-9486-47edd573ae54', '11e99ff0-df63-4c37-a1af-984af6dd31d9', 'BED-335-BL-B54F', 1654, 154, '{"color": "Blue", "size": "L"}');
INSERT INTO product_variants (id, product_id, sku, price, stock_quantity, attributes) VALUES ('845bd23a-80c1-47d4-b6ca-d8cdd74f38b8', '11e99ff0-df63-4c37-a1af-984af6dd31d9', 'BED-335-S6-845B', 684, 156, '{"color": "Silver", "size": "64GB"}');
INSERT INTO products (id, name, description, category_id) VALUES ('c47fc17d-4756-491c-88e2-5a9df6299e72', 'Pro Laptop 498', 'Description for Pro Laptop 498. Optimized for search and performance test.', '399182b5-6ae6-4f89-8891-71f727e7cfaf');
INSERT INTO product_variants (id, product_id, sku, price, stock_quantity, attributes) VALUES ('54b3503b-e7f9-45a0-b19f-a4eade344e2f', 'c47fc17d-4756-491c-88e2-5a9df6299e72', 'LAPTOP-498-GM-54B3', 1452, 42, '{"color": "Green", "size": "M"}');
INSERT INTO product_variants (id, product_id, sku, price, stock_quantity, attributes) VALUES ('ac8e85af-fdc3-4899-94ec-aff8329a677d', 'c47fc17d-4756-491c-88e2-5a9df6299e72', 'LAPTOP-498-G2-AC8E', 783, 38, '{"color": "Gold", "size": "256GB"}');
INSERT INTO product_variants (id, product_id, sku, price, stock_quantity, attributes) VALUES ('f79f2f6d-341a-478f-b06e-8cecce39a049', 'c47fc17d-4756-491c-88e2-5a9df6299e72', 'LAPTOP-498-R2-F79F', 415, 52, '{"color": "Red", "size": "256GB"}');
INSERT INTO products (id, name, description, category_id) VALUES ('718d230d-092b-47c3-a3cd-38455a25949f', 'Original Camera 874', 'Description for Original Camera 874. Optimized for search and performance test.', '399182b5-6ae6-4f89-8891-71f727e7cfaf');
INSERT INTO product_variants (id, product_id, sku, price, stock_quantity, attributes) VALUES ('afe6ca03-54b1-4c7c-981a-95c7edb10b26', '718d230d-092b-47c3-a3cd-38455a25949f', 'CAMERA-874-BM-AFE6', 1673, 46, '{"color": "Black", "size": "M"}');
INSERT INTO product_variants (id, product_id, sku, price, stock_quantity, attributes) VALUES ('807e2039-90bd-4ddc-a2fd-4cdb6a9d7f15', '718d230d-092b-47c3-a3cd-38455a25949f', 'CAMERA-874-SM-807E', 1377, 54, '{"color": "Silver", "size": "M"}');
INSERT INTO product_variants (id, product_id, sku, price, stock_quantity, attributes) VALUES ('b128cc26-7e90-4dca-ac09-5ea5ee2f3f31', '718d230d-092b-47c3-a3cd-38455a25949f', 'CAMERA-874-RM-B128', 3349, 25, '{"color": "Red", "size": "M"}');
INSERT INTO products (id, name, description, category_id) VALUES ('f0526f2f-d11f-4206-b13f-36a941da1ebf', 'Pro Backpack 698', 'Description for Pro Backpack 698. Optimized for search and performance test.', '399182b5-6ae6-4f89-8891-71f727e7cfaf');
INSERT INTO product_variants (id, product_id, sku, price, stock_quantity, attributes) VALUES ('408ce153-5b8a-46c9-b43e-4ba45f629b75', 'f0526f2f-d11f-4206-b13f-36a941da1ebf', 'BACKPACK-698-BX-408C', 1710, 173, '{"color": "Blue", "size": "XXL"}');
INSERT INTO product_variants (id, product_id, sku, price, stock_quantity, attributes) VALUES ('82ab416d-f33b-4d84-af83-818eb23ec255', 'f0526f2f-d11f-4206-b13f-36a941da1ebf', 'BACKPACK-698-GX-82AB', 3411, 56, '{"color": "Green", "size": "XL"}');
INSERT INTO product_variants (id, product_id, sku, price, stock_quantity, attributes) VALUES ('b754d600-42c8-4155-858b-163d81859921', 'f0526f2f-d11f-4206-b13f-36a941da1ebf', 'BACKPACK-698-GM-B754', 2656, 93, '{"color": "Green", "size": "M"}');
INSERT INTO products (id, name, description, category_id) VALUES ('b0bc7509-9cb4-4289-b230-3117a2f007a9', 'Pro Dress 668', 'Description for Pro Dress 668. Optimized for search and performance test.', '399182b5-6ae6-4f89-8891-71f727e7cfaf');
INSERT INTO product_variants (id, product_id, sku, price, stock_quantity, attributes) VALUES ('5350c780-2d55-4001-812b-fbd2a819ff97', 'b0bc7509-9cb4-4289-b230-3117a2f007a9', 'DRESS-668-WX-5350', 1102, 58, '{"color": "White", "size": "XXL"}');
INSERT INTO product_variants (id, product_id, sku, price, stock_quantity, attributes) VALUES ('007e6447-3b46-4440-8582-c244c8fc34ce', 'b0bc7509-9cb4-4289-b230-3117a2f007a9', 'DRESS-668-SX-007E', 4873, 132, '{"color": "Silver", "size": "XL"}');
INSERT INTO product_variants (id, product_id, sku, price, stock_quantity, attributes) VALUES ('86289e4c-429e-4d7a-b336-7a8cec141062', 'b0bc7509-9cb4-4289-b230-3117a2f007a9', 'DRESS-668-SL-8628', 1451, 125, '{"color": "Silver", "size": "L"}');
INSERT INTO products (id, name, description, category_id) VALUES ('7e8f3e35-27a7-43db-92c7-42e6ad0cd588', 'Smart Speaker 701', 'Description for Smart Speaker 701. Optimized for search and performance test.', '399182b5-6ae6-4f89-8891-71f727e7cfaf');
INSERT INTO product_variants (id, product_id, sku, price, stock_quantity, attributes) VALUES ('262f9b86-8234-4397-b4ca-0147a59f9275', '7e8f3e35-27a7-43db-92c7-42e6ad0cd588', 'SPEAKER-701-B8-262F', 3600, 34, '{"color": "Blue", "size": "8GB RAM"}');
INSERT INTO product_variants (id, product_id, sku, price, stock_quantity, attributes) VALUES ('19625338-6214-4bfd-9de2-6b86c692cf75', '7e8f3e35-27a7-43db-92c7-42e6ad0cd588', 'SPEAKER-701-RS-1962', 535, 142, '{"color": "Red", "size": "S"}');
INSERT INTO product_variants (id, product_id, sku, price, stock_quantity, attributes) VALUES ('a3844ed3-bc77-4465-b5cb-af16eaf159e8', '7e8f3e35-27a7-43db-92c7-42e6ad0cd588', 'SPEAKER-701-S1-A384', 2323, 29, '{"color": "Silver", "size": "16GB RAM"}');
INSERT INTO products (id, name, description, category_id) VALUES ('25a82409-7fde-4a3f-9e6d-f51d6bb3a63b', 'Smart Bed 938', 'Description for Smart Bed 938. Optimized for search and performance test.', '399182b5-6ae6-4f89-8891-71f727e7cfaf');
INSERT INTO product_variants (id, product_id, sku, price, stock_quantity, attributes) VALUES ('a9473fe0-ab32-4d21-8792-6f07007f5452', '25a82409-7fde-4a3f-9e6d-f51d6bb3a63b', 'BED-938-SM-A947', 3286, 120, '{"color": "Silver", "size": "M"}');
INSERT INTO product_variants (id, product_id, sku, price, stock_quantity, attributes) VALUES ('681d7a72-9779-44d1-bd2c-bf32da3df066', '25a82409-7fde-4a3f-9e6d-f51d6bb3a63b', 'BED-938-B6-681D', 119, 64, '{"color": "Blue", "size": "64GB"}');
INSERT INTO product_variants (id, product_id, sku, price, stock_quantity, attributes) VALUES ('870546db-bb65-4e53-9981-e5f696990639', '25a82409-7fde-4a3f-9e6d-f51d6bb3a63b', 'BED-938-W1-8705', 3639, 182, '{"color": "White", "size": "128GB"}');
INSERT INTO products (id, name, description, category_id) VALUES ('5dc824f7-cf74-462b-ac6b-2b4bff621a43', 'Smart Backpack 383', 'Description for Smart Backpack 383. Optimized for search and performance test.', '399182b5-6ae6-4f89-8891-71f727e7cfaf');
INSERT INTO product_variants (id, product_id, sku, price, stock_quantity, attributes) VALUES ('5829d754-8d32-4696-90b2-8084e689274e', '5dc824f7-cf74-462b-ac6b-2b4bff621a43', 'BACKPACK-383-W1-5829', 1113, 157, '{"color": "White", "size": "128GB"}');
INSERT INTO product_variants (id, product_id, sku, price, stock_quantity, attributes) VALUES ('284a6c64-70f4-4954-aa2a-af822f9bb729', '5dc824f7-cf74-462b-ac6b-2b4bff621a43', 'BACKPACK-383-BM-284A', 4198, 70, '{"color": "Black", "size": "M"}');
INSERT INTO product_variants (id, product_id, sku, price, stock_quantity, attributes) VALUES ('36c062c1-c30e-4a5a-8b5a-2a5cd63177a7', '5dc824f7-cf74-462b-ac6b-2b4bff621a43', 'BACKPACK-383-S1-36C0', 2806, 165, '{"color": "Silver", "size": "128GB"}');
INSERT INTO products (id, name, description, category_id) VALUES ('fd10ce16-2278-4c06-b364-e1a4e7a65863', 'Smart Camera 833', 'Description for Smart Camera 833. Optimized for search and performance test.', '399182b5-6ae6-4f89-8891-71f727e7cfaf');
INSERT INTO product_variants (id, product_id, sku, price, stock_quantity, attributes) VALUES ('82996a9f-1707-46b8-a710-73bf700d079d', 'fd10ce16-2278-4c06-b364-e1a4e7a65863', 'CAMERA-833-GS-8299', 430, 155, '{"color": "Green", "size": "S"}');
INSERT INTO product_variants (id, product_id, sku, price, stock_quantity, attributes) VALUES ('b0bc3fc2-4192-450a-9b21-b20d46c76d4d', 'fd10ce16-2278-4c06-b364-e1a4e7a65863', 'CAMERA-833-G8-B0BC', 2922, 45, '{"color": "Gold", "size": "8GB RAM"}');
INSERT INTO product_variants (id, product_id, sku, price, stock_quantity, attributes) VALUES ('79c8f8df-ea9f-4637-ab0e-a076095d5b8d', 'fd10ce16-2278-4c06-b364-e1a4e7a65863', 'CAMERA-833-B1-79C8', 4892, 26, '{"color": "Blue", "size": "128GB"}');
INSERT INTO products (id, name, description, category_id) VALUES ('5af22be4-e813-4088-933a-057c5d66df00', 'Original Dress 995', 'Description for Original Dress 995. Optimized for search and performance test.', '399182b5-6ae6-4f89-8891-71f727e7cfaf');
INSERT INTO product_variants (id, product_id, sku, price, stock_quantity, attributes) VALUES ('bf609165-6054-4ad4-9676-11f1d1dbe807', '5af22be4-e813-4088-933a-057c5d66df00', 'DRESS-995-GL-BF60', 2196, 29, '{"color": "Green", "size": "L"}');
INSERT INTO product_variants (id, product_id, sku, price, stock_quantity, attributes) VALUES ('3e75c149-3764-4263-9fdc-3fa3e40f75ee', '5af22be4-e813-4088-933a-057c5d66df00', 'DRESS-995-B6-3E75', 4490, 37, '{"color": "Blue", "size": "64GB"}');
INSERT INTO product_variants (id, product_id, sku, price, stock_quantity, attributes) VALUES ('42f2dbf4-c1b6-4365-979a-16377373c2bd', '5af22be4-e813-4088-933a-057c5d66df00', 'DRESS-995-W8-42F2', 422, 172, '{"color": "White", "size": "8GB RAM"}');
INSERT INTO products (id, name, description, category_id) VALUES ('038b983d-8a11-4df4-bde3-00743c4375de', 'Smart Laptop 454', 'Description for Smart Laptop 454. Optimized for search and performance test.', '399182b5-6ae6-4f89-8891-71f727e7cfaf');
INSERT INTO product_variants (id, product_id, sku, price, stock_quantity, attributes) VALUES ('dc89fca6-722a-4a10-a5a9-06dc3a3d9b98', '038b983d-8a11-4df4-bde3-00743c4375de', 'LAPTOP-454-SM-DC89', 3454, 108, '{"color": "Silver", "size": "M"}');
INSERT INTO product_variants (id, product_id, sku, price, stock_quantity, attributes) VALUES ('6841fc75-c111-4ca4-ba15-59c33cd8e1f0', '038b983d-8a11-4df4-bde3-00743c4375de', 'LAPTOP-454-S1-6841', 1374, 100, '{"color": "Silver", "size": "16GB RAM"}');
INSERT INTO product_variants (id, product_id, sku, price, stock_quantity, attributes) VALUES ('61dcc3cc-1bab-4962-b5b8-39db994a64cf', '038b983d-8a11-4df4-bde3-00743c4375de', 'LAPTOP-454-S6-61DC', 3043, 32, '{"color": "Silver", "size": "64GB"}');
INSERT INTO products (id, name, description, category_id) VALUES ('f32f737e-f76f-44f0-be64-495a7db0adf7', 'Premium Shirt 159', 'Description for Premium Shirt 159. Optimized for search and performance test.', '399182b5-6ae6-4f89-8891-71f727e7cfaf');
INSERT INTO product_variants (id, product_id, sku, price, stock_quantity, attributes) VALUES ('1d241540-96e9-4280-bc35-92a5e89f522b', 'f32f737e-f76f-44f0-be64-495a7db0adf7', 'SHIRT-159-S1-1D24', 4943, 200, '{"color": "Silver", "size": "128GB"}');
INSERT INTO product_variants (id, product_id, sku, price, stock_quantity, attributes) VALUES ('05a01d82-6ec3-4e46-9d15-a7838ddf5aa7', 'f32f737e-f76f-44f0-be64-495a7db0adf7', 'SHIRT-159-SS-05A0', 4770, 82, '{"color": "Silver", "size": "S"}');
INSERT INTO product_variants (id, product_id, sku, price, stock_quantity, attributes) VALUES ('01e80b82-5bd6-46b7-a5b2-282b719c48e8', 'f32f737e-f76f-44f0-be64-495a7db0adf7', 'SHIRT-159-G1-01E8', 4647, 168, '{"color": "Gold", "size": "16GB RAM"}');
INSERT INTO products (id, name, description, category_id) VALUES ('da69b997-b68f-4fd2-9078-acfaa2c7de83', 'Lite Dress 406', 'Description for Lite Dress 406. Optimized for search and performance test.', '399182b5-6ae6-4f89-8891-71f727e7cfaf');
INSERT INTO product_variants (id, product_id, sku, price, stock_quantity, attributes) VALUES ('25db7631-9403-46fa-9d42-bfa49b1e2ba0', 'da69b997-b68f-4fd2-9078-acfaa2c7de83', 'DRESS-406-W2-25DB', 1542, 56, '{"color": "White", "size": "256GB"}');
INSERT INTO product_variants (id, product_id, sku, price, stock_quantity, attributes) VALUES ('d719677f-9c79-4533-a632-d2819ed2013a', 'da69b997-b68f-4fd2-9078-acfaa2c7de83', 'DRESS-406-BX-D719', 3364, 44, '{"color": "Blue", "size": "XXL"}');
INSERT INTO product_variants (id, product_id, sku, price, stock_quantity, attributes) VALUES ('eb30d88d-f0cc-4e43-8b94-7dbaa0b1fa08', 'da69b997-b68f-4fd2-9078-acfaa2c7de83', 'DRESS-406-R1-EB30', 2481, 83, '{"color": "Red", "size": "16GB RAM"}');
INSERT INTO products (id, name, description, category_id) VALUES ('42eb3fe1-e11b-4885-bbea-71391b6ddb16', 'Lite Backpack 212', 'Description for Lite Backpack 212. Optimized for search and performance test.', '399182b5-6ae6-4f89-8891-71f727e7cfaf');
INSERT INTO product_variants (id, product_id, sku, price, stock_quantity, attributes) VALUES ('d461738f-8e99-410d-b225-69798c468ca3', '42eb3fe1-e11b-4885-bbea-71391b6ddb16', 'BACKPACK-212-RX-D461', 4608, 84, '{"color": "Red", "size": "XL"}');
INSERT INTO product_variants (id, product_id, sku, price, stock_quantity, attributes) VALUES ('850b92c6-1172-4871-a977-b2e8e32dfccd', '42eb3fe1-e11b-4885-bbea-71391b6ddb16', 'BACKPACK-212-BL-850B', 1983, 20, '{"color": "Blue", "size": "L"}');
INSERT INTO product_variants (id, product_id, sku, price, stock_quantity, attributes) VALUES ('d42c7d2a-e83e-4e73-8719-ed1bd39303f3', '42eb3fe1-e11b-4885-bbea-71391b6ddb16', 'BACKPACK-212-BX-D42C', 2807, 173, '{"color": "Black", "size": "XL"}');
INSERT INTO products (id, name, description, category_id) VALUES ('5bec8150-4f45-4f81-8b9d-018d9c6b4043', 'Elegant Headphones 823', 'Description for Elegant Headphones 823. Optimized for search and performance test.', '399182b5-6ae6-4f89-8891-71f727e7cfaf');
INSERT INTO product_variants (id, product_id, sku, price, stock_quantity, attributes) VALUES ('0457b6fd-a03c-4e25-87f2-06a3e7e13fba', '5bec8150-4f45-4f81-8b9d-018d9c6b4043', 'HEADPHONES-823-G1-0457', 329, 192, '{"color": "Gold", "size": "16GB RAM"}');
INSERT INTO product_variants (id, product_id, sku, price, stock_quantity, attributes) VALUES ('443f3b42-41d8-4e7e-952f-c52d87887265', '5bec8150-4f45-4f81-8b9d-018d9c6b4043', 'HEADPHONES-823-W2-443F', 310, 194, '{"color": "White", "size": "256GB"}');
INSERT INTO product_variants (id, product_id, sku, price, stock_quantity, attributes) VALUES ('24dd9720-41fc-44df-90be-1b08919fe2bd', '5bec8150-4f45-4f81-8b9d-018d9c6b4043', 'HEADPHONES-823-GM-24DD', 2896, 190, '{"color": "Green", "size": "M"}');
INSERT INTO products (id, name, description, category_id) VALUES ('c249b4dd-1c0b-45b5-b0ca-f275fd6998f2', 'Original Dress 237', 'Description for Original Dress 237. Optimized for search and performance test.', '399182b5-6ae6-4f89-8891-71f727e7cfaf');
INSERT INTO product_variants (id, product_id, sku, price, stock_quantity, attributes) VALUES ('689b02ba-4953-4201-85fe-859206b632fd', 'c249b4dd-1c0b-45b5-b0ca-f275fd6998f2', 'DRESS-237-SM-689B', 4279, 91, '{"color": "Silver", "size": "M"}');
INSERT INTO product_variants (id, product_id, sku, price, stock_quantity, attributes) VALUES ('4891c74d-a773-47bf-95de-7549524200ad', 'c249b4dd-1c0b-45b5-b0ca-f275fd6998f2', 'DRESS-237-BX-4891', 4210, 134, '{"color": "Black", "size": "XXL"}');
INSERT INTO product_variants (id, product_id, sku, price, stock_quantity, attributes) VALUES ('30e3dad1-8cd8-402e-81ea-8ef61e0ee425', 'c249b4dd-1c0b-45b5-b0ca-f275fd6998f2', 'DRESS-237-BX-30E3', 2293, 40, '{"color": "Black", "size": "XL"}');
INSERT INTO products (id, name, description, category_id) VALUES ('9ccb3a1a-8eff-4ad9-b64b-8abf4fd6c11f', 'Eco Laptop 925', 'Description for Eco Laptop 925. Optimized for search and performance test.', '399182b5-6ae6-4f89-8891-71f727e7cfaf');
INSERT INTO product_variants (id, product_id, sku, price, stock_quantity, attributes) VALUES ('7bc1d424-c0dd-4586-b81c-1446bdcff914', '9ccb3a1a-8eff-4ad9-b64b-8abf4fd6c11f', 'LAPTOP-925-WX-7BC1', 2225, 19, '{"color": "White", "size": "XL"}');
INSERT INTO product_variants (id, product_id, sku, price, stock_quantity, attributes) VALUES ('c5c37601-e8cc-40ad-906f-35726d1a0406', '9ccb3a1a-8eff-4ad9-b64b-8abf4fd6c11f', 'LAPTOP-925-RX-C5C3', 1991, 111, '{"color": "Red", "size": "XL"}');
INSERT INTO product_variants (id, product_id, sku, price, stock_quantity, attributes) VALUES ('e8dbf934-0d4a-4240-aaea-41208d80550f', '9ccb3a1a-8eff-4ad9-b64b-8abf4fd6c11f', 'LAPTOP-925-GM-E8DB', 3646, 84, '{"color": "Green", "size": "M"}');
INSERT INTO products (id, name, description, category_id) VALUES ('236f195b-ae90-4a49-a5dc-46b9a7ba9fae', 'Lite Backpack 675', 'Description for Lite Backpack 675. Optimized for search and performance test.', '399182b5-6ae6-4f89-8891-71f727e7cfaf');
INSERT INTO product_variants (id, product_id, sku, price, stock_quantity, attributes) VALUES ('ca3bd5e3-2903-4e65-900e-61173a1eca8d', '236f195b-ae90-4a49-a5dc-46b9a7ba9fae', 'BACKPACK-675-SS-CA3B', 4017, 145, '{"color": "Silver", "size": "S"}');
INSERT INTO product_variants (id, product_id, sku, price, stock_quantity, attributes) VALUES ('1c01032f-c334-44da-b1a9-d9ebfcdbdd90', '236f195b-ae90-4a49-a5dc-46b9a7ba9fae', 'BACKPACK-675-WL-1C01', 3784, 100, '{"color": "White", "size": "L"}');
INSERT INTO product_variants (id, product_id, sku, price, stock_quantity, attributes) VALUES ('b769aef1-f386-443e-becd-28643f00f074', '236f195b-ae90-4a49-a5dc-46b9a7ba9fae', 'BACKPACK-675-WL-B769', 2877, 60, '{"color": "White", "size": "L"}');
INSERT INTO products (id, name, description, category_id) VALUES ('9e6cb9a2-9f13-4b6c-862a-fa072dd0a4fc', 'Premium Dress 796', 'Description for Premium Dress 796. Optimized for search and performance test.', '399182b5-6ae6-4f89-8891-71f727e7cfaf');
INSERT INTO product_variants (id, product_id, sku, price, stock_quantity, attributes) VALUES ('7b7c1679-8b7b-4fe9-a6ce-2767a66b8e7f', '9e6cb9a2-9f13-4b6c-862a-fa072dd0a4fc', 'DRESS-796-BX-7B7C', 3070, 190, '{"color": "Blue", "size": "XXL"}');
INSERT INTO product_variants (id, product_id, sku, price, stock_quantity, attributes) VALUES ('4ae83d24-d5c0-4300-ba70-2b7a97526935', '9e6cb9a2-9f13-4b6c-862a-fa072dd0a4fc', 'DRESS-796-RX-4AE8', 2757, 98, '{"color": "Red", "size": "XL"}');
INSERT INTO product_variants (id, product_id, sku, price, stock_quantity, attributes) VALUES ('a2a5eea0-ad3a-4f7f-bc52-ca305619d26c', '9e6cb9a2-9f13-4b6c-862a-fa072dd0a4fc', 'DRESS-796-GX-A2A5', 676, 117, '{"color": "Gold", "size": "XL"}');
INSERT INTO products (id, name, description, category_id) VALUES ('8e19569a-6e4d-47f7-95bf-d6fc693e6d1e', 'Lite Phone 886', 'Description for Lite Phone 886. Optimized for search and performance test.', '399182b5-6ae6-4f89-8891-71f727e7cfaf');
INSERT INTO product_variants (id, product_id, sku, price, stock_quantity, attributes) VALUES ('d0f5e735-af93-46a7-9997-e9e2d9fad4fd', '8e19569a-6e4d-47f7-95bf-d6fc693e6d1e', 'PHONE-886-S1-D0F5', 571, 69, '{"color": "Silver", "size": "128GB"}');
INSERT INTO product_variants (id, product_id, sku, price, stock_quantity, attributes) VALUES ('0a3f6b22-a5c0-4eb7-81eb-180adb792331', '8e19569a-6e4d-47f7-95bf-d6fc693e6d1e', 'PHONE-886-B1-0A3F', 516, 10, '{"color": "Black", "size": "128GB"}');
INSERT INTO product_variants (id, product_id, sku, price, stock_quantity, attributes) VALUES ('e048a445-eb96-4c54-868a-d9418071f3f2', '8e19569a-6e4d-47f7-95bf-d6fc693e6d1e', 'PHONE-886-B2-E048', 157, 62, '{"color": "Blue", "size": "256GB"}');
INSERT INTO products (id, name, description, category_id) VALUES ('992363ef-069b-4494-abce-832af253a7b9', 'Eco Phone 901', 'Description for Eco Phone 901. Optimized for search and performance test.', '399182b5-6ae6-4f89-8891-71f727e7cfaf');
INSERT INTO product_variants (id, product_id, sku, price, stock_quantity, attributes) VALUES ('4ff1265a-fcfd-44b3-8ad5-4fcc2396a04f', '992363ef-069b-4494-abce-832af253a7b9', 'PHONE-901-W6-4FF1', 4321, 32, '{"color": "White", "size": "64GB"}');
INSERT INTO product_variants (id, product_id, sku, price, stock_quantity, attributes) VALUES ('4d160f65-d466-4aec-a9cf-918daf21bc49', '992363ef-069b-4494-abce-832af253a7b9', 'PHONE-901-WL-4D16', 2757, 155, '{"color": "White", "size": "L"}');
INSERT INTO product_variants (id, product_id, sku, price, stock_quantity, attributes) VALUES ('e37d9920-6583-49e8-aac0-2c78ee9e259c', '992363ef-069b-4494-abce-832af253a7b9', 'PHONE-901-R1-E37D', 3469, 132, '{"color": "Red", "size": "128GB"}');
INSERT INTO products (id, name, description, category_id) VALUES ('9ec1f73f-c09b-4daa-b9a8-55e3d557f52e', 'Lite Laptop 979', 'Description for Lite Laptop 979. Optimized for search and performance test.', '399182b5-6ae6-4f89-8891-71f727e7cfaf');
INSERT INTO product_variants (id, product_id, sku, price, stock_quantity, attributes) VALUES ('c06b03d1-c644-4f44-aed4-96a9d7974f5e', '9ec1f73f-c09b-4daa-b9a8-55e3d557f52e', 'LAPTOP-979-S1-C06B', 587, 21, '{"color": "Silver", "size": "128GB"}');
INSERT INTO product_variants (id, product_id, sku, price, stock_quantity, attributes) VALUES ('e620f3a6-63b3-475a-b635-9a75bbedea53', '9ec1f73f-c09b-4daa-b9a8-55e3d557f52e', 'LAPTOP-979-B8-E620', 1501, 16, '{"color": "Blue", "size": "8GB RAM"}');
INSERT INTO product_variants (id, product_id, sku, price, stock_quantity, attributes) VALUES ('0b289bd6-9a21-434f-b75a-964006286b6b', '9ec1f73f-c09b-4daa-b9a8-55e3d557f52e', 'LAPTOP-979-G1-0B28', 3512, 56, '{"color": "Green", "size": "128GB"}');
INSERT INTO products (id, name, description, category_id) VALUES ('3de52a8d-b5fd-406b-acaf-8485df9d438c', 'Premium Dress 901', 'Description for Premium Dress 901. Optimized for search and performance test.', '399182b5-6ae6-4f89-8891-71f727e7cfaf');
INSERT INTO product_variants (id, product_id, sku, price, stock_quantity, attributes) VALUES ('88140529-25a9-4264-adae-143611cd55ea', '3de52a8d-b5fd-406b-acaf-8485df9d438c', 'DRESS-901-B1-8814', 3481, 52, '{"color": "Black", "size": "16GB RAM"}');
INSERT INTO product_variants (id, product_id, sku, price, stock_quantity, attributes) VALUES ('e9e2dafa-319f-4643-b591-68c73e7604b2', '3de52a8d-b5fd-406b-acaf-8485df9d438c', 'DRESS-901-G8-E9E2', 1370, 101, '{"color": "Gold", "size": "8GB RAM"}');
INSERT INTO product_variants (id, product_id, sku, price, stock_quantity, attributes) VALUES ('576f4a0a-ab46-456f-b67b-4aa07e9373e5', '3de52a8d-b5fd-406b-acaf-8485df9d438c', 'DRESS-901-BL-576F', 1005, 94, '{"color": "Black", "size": "L"}');
INSERT INTO products (id, name, description, category_id) VALUES ('c90d873c-763b-48d9-83a8-6f861c6edd3b', 'Smart Laptop 484', 'Description for Smart Laptop 484. Optimized for search and performance test.', '399182b5-6ae6-4f89-8891-71f727e7cfaf');
INSERT INTO product_variants (id, product_id, sku, price, stock_quantity, attributes) VALUES ('b3315182-f046-484b-a4e7-cb9989668b21', 'c90d873c-763b-48d9-83a8-6f861c6edd3b', 'LAPTOP-484-BX-B331', 1953, 142, '{"color": "Blue", "size": "XL"}');
INSERT INTO product_variants (id, product_id, sku, price, stock_quantity, attributes) VALUES ('11daef88-eba5-4102-aa2d-21c8f529c6cd', 'c90d873c-763b-48d9-83a8-6f861c6edd3b', 'LAPTOP-484-B2-11DA', 3176, 78, '{"color": "Black", "size": "256GB"}');
INSERT INTO product_variants (id, product_id, sku, price, stock_quantity, attributes) VALUES ('4b103437-b644-48b2-863b-452fecd01fcf', 'c90d873c-763b-48d9-83a8-6f861c6edd3b', 'LAPTOP-484-RL-4B10', 4720, 121, '{"color": "Red", "size": "L"}');
INSERT INTO products (id, name, description, category_id) VALUES ('9ea21aaf-b823-4049-aa2e-f2399b17f1e9', 'Pro Camera 580', 'Description for Pro Camera 580. Optimized for search and performance test.', '399182b5-6ae6-4f89-8891-71f727e7cfaf');
INSERT INTO product_variants (id, product_id, sku, price, stock_quantity, attributes) VALUES ('8970963e-1c2f-4f16-9dff-793501b9ef01', '9ea21aaf-b823-4049-aa2e-f2399b17f1e9', 'CAMERA-580-BX-8970', 4256, 74, '{"color": "Black", "size": "XXL"}');
INSERT INTO product_variants (id, product_id, sku, price, stock_quantity, attributes) VALUES ('c8d6409c-e15f-4f92-b2d4-8961c6dd83a1', '9ea21aaf-b823-4049-aa2e-f2399b17f1e9', 'CAMERA-580-G8-C8D6', 1521, 101, '{"color": "Gold", "size": "8GB RAM"}');
INSERT INTO product_variants (id, product_id, sku, price, stock_quantity, attributes) VALUES ('983a550c-6e1e-42ae-8169-63545dc20d05', '9ea21aaf-b823-4049-aa2e-f2399b17f1e9', 'CAMERA-580-RX-983A', 2125, 165, '{"color": "Red", "size": "XXL"}');
INSERT INTO products (id, name, description, category_id) VALUES ('0d9a2b15-de8a-4d23-aa93-0f5c9ed95fbd', 'Elegant Phone 348', 'Description for Elegant Phone 348. Optimized for search and performance test.', '399182b5-6ae6-4f89-8891-71f727e7cfaf');
INSERT INTO product_variants (id, product_id, sku, price, stock_quantity, attributes) VALUES ('2d4a5f55-9a21-47e9-b84e-19ad1ae3351d', '0d9a2b15-de8a-4d23-aa93-0f5c9ed95fbd', 'PHONE-348-RL-2D4A', 4264, 25, '{"color": "Red", "size": "L"}');
INSERT INTO product_variants (id, product_id, sku, price, stock_quantity, attributes) VALUES ('075d2f93-68c0-4aaa-9eb3-a60beaccda6e', '0d9a2b15-de8a-4d23-aa93-0f5c9ed95fbd', 'PHONE-348-GS-075D', 2049, 100, '{"color": "Gold", "size": "S"}');
INSERT INTO product_variants (id, product_id, sku, price, stock_quantity, attributes) VALUES ('bd13e3ee-85fd-4a81-ad18-217183ec23aa', '0d9a2b15-de8a-4d23-aa93-0f5c9ed95fbd', 'PHONE-348-W8-BD13', 1236, 135, '{"color": "White", "size": "8GB RAM"}');
INSERT INTO products (id, name, description, category_id) VALUES ('4e7d820c-8f98-4253-85ea-4a99584bc192', 'Premium Laptop 202', 'Description for Premium Laptop 202. Optimized for search and performance test.', '399182b5-6ae6-4f89-8891-71f727e7cfaf');
INSERT INTO product_variants (id, product_id, sku, price, stock_quantity, attributes) VALUES ('a28655bd-0d7a-4b6e-be82-90f657cad9bc', '4e7d820c-8f98-4253-85ea-4a99584bc192', 'LAPTOP-202-S2-A286', 391, 57, '{"color": "Silver", "size": "256GB"}');
INSERT INTO product_variants (id, product_id, sku, price, stock_quantity, attributes) VALUES ('1eb7957d-07c0-4c74-ae13-5c73857920aa', '4e7d820c-8f98-4253-85ea-4a99584bc192', 'LAPTOP-202-G1-1EB7', 2479, 95, '{"color": "Gold", "size": "128GB"}');
INSERT INTO product_variants (id, product_id, sku, price, stock_quantity, attributes) VALUES ('e58547e4-955d-4b4e-9ffa-98a7e66334ca', '4e7d820c-8f98-4253-85ea-4a99584bc192', 'LAPTOP-202-WM-E585', 1225, 181, '{"color": "White", "size": "M"}');
INSERT INTO products (id, name, description, category_id) VALUES ('459888de-4922-41d3-bc6f-80a35a0bc15e', 'Ultra Monitor 771', 'Description for Ultra Monitor 771. Optimized for search and performance test.', '399182b5-6ae6-4f89-8891-71f727e7cfaf');
INSERT INTO product_variants (id, product_id, sku, price, stock_quantity, attributes) VALUES ('0fc91402-4556-4fd1-9a0d-f6aef17f6930', '459888de-4922-41d3-bc6f-80a35a0bc15e', 'MONITOR-771-BM-0FC9', 3936, 118, '{"color": "Black", "size": "M"}');
INSERT INTO product_variants (id, product_id, sku, price, stock_quantity, attributes) VALUES ('c02c4daa-cb5a-41da-8eca-c208d5b89f60', '459888de-4922-41d3-bc6f-80a35a0bc15e', 'MONITOR-771-BX-C02C', 4639, 100, '{"color": "Black", "size": "XXL"}');
INSERT INTO product_variants (id, product_id, sku, price, stock_quantity, attributes) VALUES ('7fc7422c-1854-4474-bada-88d946263bdd', '459888de-4922-41d3-bc6f-80a35a0bc15e', 'MONITOR-771-W2-7FC7', 2079, 42, '{"color": "White", "size": "256GB"}');
INSERT INTO products (id, name, description, category_id) VALUES ('0f0fe8c5-892c-4ef7-8561-de761ec15238', 'Elegant Shirt 258', 'Description for Elegant Shirt 258. Optimized for search and performance test.', '64c7469e-c283-492e-b377-79813ae57ec8');
INSERT INTO product_variants (id, product_id, sku, price, stock_quantity, attributes) VALUES ('77bf4442-8c84-4c3d-b122-26c6dc6f4726', '0f0fe8c5-892c-4ef7-8561-de761ec15238', 'SHIRT-258-RL-77BF', 4026, 168, '{"color": "Red", "size": "L"}');
INSERT INTO product_variants (id, product_id, sku, price, stock_quantity, attributes) VALUES ('3894f93a-c544-4dc7-b0e1-b4d9cde82f16', '0f0fe8c5-892c-4ef7-8561-de761ec15238', 'SHIRT-258-BS-3894', 4386, 61, '{"color": "Blue", "size": "S"}');
INSERT INTO product_variants (id, product_id, sku, price, stock_quantity, attributes) VALUES ('9c924bdd-e795-4185-8883-3be55ca9efb6', '0f0fe8c5-892c-4ef7-8561-de761ec15238', 'SHIRT-258-WX-9C92', 1321, 106, '{"color": "White", "size": "XXL"}');
INSERT INTO products (id, name, description, category_id) VALUES ('00a42475-43fd-4971-ad68-f657ecb413d4', 'Lite Backpack 961', 'Description for Lite Backpack 961. Optimized for search and performance test.', '64c7469e-c283-492e-b377-79813ae57ec8');
INSERT INTO product_variants (id, product_id, sku, price, stock_quantity, attributes) VALUES ('476f3d04-061a-4d4e-9004-0a0198975c3a', '00a42475-43fd-4971-ad68-f657ecb413d4', 'BACKPACK-961-G2-476F', 4488, 66, '{"color": "Green", "size": "256GB"}');
INSERT INTO product_variants (id, product_id, sku, price, stock_quantity, attributes) VALUES ('7761468f-b667-42e1-99c0-b2da5ccfb490', '00a42475-43fd-4971-ad68-f657ecb413d4', 'BACKPACK-961-G6-7761', 3836, 48, '{"color": "Gold", "size": "64GB"}');
INSERT INTO product_variants (id, product_id, sku, price, stock_quantity, attributes) VALUES ('e04afa1a-4ea4-40bc-91af-3b74fe971638', '00a42475-43fd-4971-ad68-f657ecb413d4', 'BACKPACK-961-B2-E04A', 703, 189, '{"color": "Blue", "size": "256GB"}');
INSERT INTO products (id, name, description, category_id) VALUES ('d30a9e1c-0f84-4224-aa62-67cebf3caab0', 'Original Headphones 977', 'Description for Original Headphones 977. Optimized for search and performance test.', '64c7469e-c283-492e-b377-79813ae57ec8');
INSERT INTO product_variants (id, product_id, sku, price, stock_quantity, attributes) VALUES ('5055fcba-9581-403e-b69c-0f2c340a9bd7', 'd30a9e1c-0f84-4224-aa62-67cebf3caab0', 'HEADPHONES-977-S6-5055', 3477, 21, '{"color": "Silver", "size": "64GB"}');
INSERT INTO product_variants (id, product_id, sku, price, stock_quantity, attributes) VALUES ('ce71fc75-fb64-4d9a-aaa3-66d0c48374e7', 'd30a9e1c-0f84-4224-aa62-67cebf3caab0', 'HEADPHONES-977-BL-CE71', 1253, 101, '{"color": "Blue", "size": "L"}');
INSERT INTO product_variants (id, product_id, sku, price, stock_quantity, attributes) VALUES ('eb3ebe51-83a0-4174-b1a2-5a564db403ae', 'd30a9e1c-0f84-4224-aa62-67cebf3caab0', 'HEADPHONES-977-GX-EB3E', 4054, 97, '{"color": "Green", "size": "XL"}');
INSERT INTO products (id, name, description, category_id) VALUES ('b1be7aa4-8bb9-4dcd-9ca5-37171d488661', 'Pro Headphones 404', 'Description for Pro Headphones 404. Optimized for search and performance test.', '64c7469e-c283-492e-b377-79813ae57ec8');
INSERT INTO product_variants (id, product_id, sku, price, stock_quantity, attributes) VALUES ('2b6057d7-9d6e-4de9-83cc-c601eac393f7', 'b1be7aa4-8bb9-4dcd-9ca5-37171d488661', 'HEADPHONES-404-W6-2B60', 573, 191, '{"color": "White", "size": "64GB"}');
INSERT INTO product_variants (id, product_id, sku, price, stock_quantity, attributes) VALUES ('1ee27b20-a617-4b77-87b7-bd91388fc98f', 'b1be7aa4-8bb9-4dcd-9ca5-37171d488661', 'HEADPHONES-404-WL-1EE2', 3106, 25, '{"color": "White", "size": "L"}');
INSERT INTO product_variants (id, product_id, sku, price, stock_quantity, attributes) VALUES ('9c68d22a-62ab-4460-b081-ba873ee4321e', 'b1be7aa4-8bb9-4dcd-9ca5-37171d488661', 'HEADPHONES-404-B8-9C68', 801, 13, '{"color": "Black", "size": "8GB RAM"}');
INSERT INTO products (id, name, description, category_id) VALUES ('a35fd518-f075-404b-afd0-18898bc88490', 'Premium Headphones 697', 'Description for Premium Headphones 697. Optimized for search and performance test.', '64c7469e-c283-492e-b377-79813ae57ec8');
INSERT INTO product_variants (id, product_id, sku, price, stock_quantity, attributes) VALUES ('45808f04-adb1-477e-99c6-5fe53ae59c8a', 'a35fd518-f075-404b-afd0-18898bc88490', 'HEADPHONES-697-BX-4580', 2927, 103, '{"color": "Blue", "size": "XXL"}');
INSERT INTO product_variants (id, product_id, sku, price, stock_quantity, attributes) VALUES ('5fab120f-f9dc-4411-af45-5f3c06ea4061', 'a35fd518-f075-404b-afd0-18898bc88490', 'HEADPHONES-697-BX-5FAB', 3011, 113, '{"color": "Black", "size": "XXL"}');
INSERT INTO product_variants (id, product_id, sku, price, stock_quantity, attributes) VALUES ('ad4fabb6-9a14-480b-af57-3600c8fb4a4f', 'a35fd518-f075-404b-afd0-18898bc88490', 'HEADPHONES-697-SL-AD4F', 1676, 126, '{"color": "Silver", "size": "L"}');
INSERT INTO products (id, name, description, category_id) VALUES ('c9590366-7cb1-45f4-97a4-2828ec384a47', 'Elegant Shirt 400', 'Description for Elegant Shirt 400. Optimized for search and performance test.', '64c7469e-c283-492e-b377-79813ae57ec8');
INSERT INTO product_variants (id, product_id, sku, price, stock_quantity, attributes) VALUES ('8ba49331-e5bf-419e-9aaf-8f6dfbc22841', 'c9590366-7cb1-45f4-97a4-2828ec384a47', 'SHIRT-400-GM-8BA4', 4528, 13, '{"color": "Gold", "size": "M"}');
INSERT INTO product_variants (id, product_id, sku, price, stock_quantity, attributes) VALUES ('42e2384a-05e1-452b-8481-652b5a34869a', 'c9590366-7cb1-45f4-97a4-2828ec384a47', 'SHIRT-400-WL-42E2', 3877, 53, '{"color": "White", "size": "L"}');
INSERT INTO product_variants (id, product_id, sku, price, stock_quantity, attributes) VALUES ('6b04a256-28a4-4589-9059-41a9b9f63f4f', 'c9590366-7cb1-45f4-97a4-2828ec384a47', 'SHIRT-400-R1-6B04', 568, 47, '{"color": "Red", "size": "16GB RAM"}');
INSERT INTO products (id, name, description, category_id) VALUES ('3cd935ce-9b66-41d5-aa48-fa9326399ba3', 'Ultra Phone 942', 'Description for Ultra Phone 942. Optimized for search and performance test.', '64c7469e-c283-492e-b377-79813ae57ec8');
INSERT INTO product_variants (id, product_id, sku, price, stock_quantity, attributes) VALUES ('c74edd3e-ab8e-48c1-9567-e5799c603fca', '3cd935ce-9b66-41d5-aa48-fa9326399ba3', 'PHONE-942-S6-C74E', 3578, 114, '{"color": "Silver", "size": "64GB"}');
INSERT INTO product_variants (id, product_id, sku, price, stock_quantity, attributes) VALUES ('732b078f-2653-4dec-bd3c-e3aa37fc3aa9', '3cd935ce-9b66-41d5-aa48-fa9326399ba3', 'PHONE-942-W1-732B', 3450, 125, '{"color": "White", "size": "16GB RAM"}');
INSERT INTO product_variants (id, product_id, sku, price, stock_quantity, attributes) VALUES ('ee05e83a-e136-4e75-8f31-2b2c47ab9944', '3cd935ce-9b66-41d5-aa48-fa9326399ba3', 'PHONE-942-B6-EE05', 3726, 47, '{"color": "Blue", "size": "64GB"}');
INSERT INTO products (id, name, description, category_id) VALUES ('cad815fe-1c1e-4955-9db2-5c3e1902f3d8', 'Lite Monitor 791', 'Description for Lite Monitor 791. Optimized for search and performance test.', '64c7469e-c283-492e-b377-79813ae57ec8');
INSERT INTO product_variants (id, product_id, sku, price, stock_quantity, attributes) VALUES ('9c3c5902-2952-484c-8c15-71183d10c1e1', 'cad815fe-1c1e-4955-9db2-5c3e1902f3d8', 'MONITOR-791-WS-9C3C', 1666, 34, '{"color": "White", "size": "S"}');
INSERT INTO product_variants (id, product_id, sku, price, stock_quantity, attributes) VALUES ('b7bb13db-3614-4329-9165-87388f9ac439', 'cad815fe-1c1e-4955-9db2-5c3e1902f3d8', 'MONITOR-791-RS-B7BB', 3400, 86, '{"color": "Red", "size": "S"}');
INSERT INTO product_variants (id, product_id, sku, price, stock_quantity, attributes) VALUES ('1fa67229-2f29-4697-8690-158b8fcd6bbf', 'cad815fe-1c1e-4955-9db2-5c3e1902f3d8', 'MONITOR-791-WM-1FA6', 4848, 115, '{"color": "White", "size": "M"}');
INSERT INTO products (id, name, description, category_id) VALUES ('bcb5ebce-0bdf-4331-8035-77c33ed6de86', 'Lite Speaker 855', 'Description for Lite Speaker 855. Optimized for search and performance test.', '64c7469e-c283-492e-b377-79813ae57ec8');
INSERT INTO product_variants (id, product_id, sku, price, stock_quantity, attributes) VALUES ('9e098c6a-6eb6-43b9-b2e2-9a9811360a65', 'bcb5ebce-0bdf-4331-8035-77c33ed6de86', 'SPEAKER-855-G1-9E09', 1634, 168, '{"color": "Gold", "size": "128GB"}');
INSERT INTO product_variants (id, product_id, sku, price, stock_quantity, attributes) VALUES ('d4ce02ae-5df8-46e8-96e6-7103c64f72b1', 'bcb5ebce-0bdf-4331-8035-77c33ed6de86', 'SPEAKER-855-B6-D4CE', 3350, 175, '{"color": "Black", "size": "64GB"}');
INSERT INTO product_variants (id, product_id, sku, price, stock_quantity, attributes) VALUES ('28ca71ad-2864-4588-adc2-149c9de6f655', 'bcb5ebce-0bdf-4331-8035-77c33ed6de86', 'SPEAKER-855-B6-28CA', 311, 164, '{"color": "Black", "size": "64GB"}');
INSERT INTO products (id, name, description, category_id) VALUES ('0c41774b-5165-4fa5-865f-61d48d8a670d', 'Eco Headphones 747', 'Description for Eco Headphones 747. Optimized for search and performance test.', '64c7469e-c283-492e-b377-79813ae57ec8');
INSERT INTO product_variants (id, product_id, sku, price, stock_quantity, attributes) VALUES ('90e66c42-24ce-426a-a59b-0716174eb02a', '0c41774b-5165-4fa5-865f-61d48d8a670d', 'HEADPHONES-747-R2-90E6', 4372, 71, '{"color": "Red", "size": "256GB"}');
INSERT INTO product_variants (id, product_id, sku, price, stock_quantity, attributes) VALUES ('5b5a59b2-dc97-432f-b470-6082e2bdd97f', '0c41774b-5165-4fa5-865f-61d48d8a670d', 'HEADPHONES-747-RM-5B5A', 4118, 81, '{"color": "Red", "size": "M"}');
INSERT INTO product_variants (id, product_id, sku, price, stock_quantity, attributes) VALUES ('73392e68-80c8-4f59-a175-a8ecc5a5a98a', '0c41774b-5165-4fa5-865f-61d48d8a670d', 'HEADPHONES-747-G6-7339', 360, 59, '{"color": "Green", "size": "64GB"}');
INSERT INTO products (id, name, description, category_id) VALUES ('3f5e5e31-d51d-4d44-80b0-5a438270f873', 'Pro Headphones 303', 'Description for Pro Headphones 303. Optimized for search and performance test.', '64c7469e-c283-492e-b377-79813ae57ec8');
INSERT INTO product_variants (id, product_id, sku, price, stock_quantity, attributes) VALUES ('22e8c1b1-9bf3-4cdc-aebd-5a742cb8ddef', '3f5e5e31-d51d-4d44-80b0-5a438270f873', 'HEADPHONES-303-S6-22E8', 163, 138, '{"color": "Silver", "size": "64GB"}');
INSERT INTO product_variants (id, product_id, sku, price, stock_quantity, attributes) VALUES ('f69eaea2-2bad-4c8f-b404-784c1b1fba87', '3f5e5e31-d51d-4d44-80b0-5a438270f873', 'HEADPHONES-303-BL-F69E', 1736, 179, '{"color": "Blue", "size": "L"}');
INSERT INTO product_variants (id, product_id, sku, price, stock_quantity, attributes) VALUES ('38d22235-5fe8-43b9-9a96-614e5ca1b64f', '3f5e5e31-d51d-4d44-80b0-5a438270f873', 'HEADPHONES-303-SX-38D2', 4170, 171, '{"color": "Silver", "size": "XL"}');
INSERT INTO products (id, name, description, category_id) VALUES ('1f897c63-841a-42e2-93d7-b567a62e22fd', 'Ultra Backpack 410', 'Description for Ultra Backpack 410. Optimized for search and performance test.', '64c7469e-c283-492e-b377-79813ae57ec8');
INSERT INTO product_variants (id, product_id, sku, price, stock_quantity, attributes) VALUES ('c11497ca-c0e7-4ba6-a554-1a401c6976d4', '1f897c63-841a-42e2-93d7-b567a62e22fd', 'BACKPACK-410-WX-C114', 4958, 142, '{"color": "White", "size": "XXL"}');
INSERT INTO product_variants (id, product_id, sku, price, stock_quantity, attributes) VALUES ('0ef07a43-5d56-4ce5-8362-e6e6bd61849e', '1f897c63-841a-42e2-93d7-b567a62e22fd', 'BACKPACK-410-B8-0EF0', 4747, 26, '{"color": "Blue", "size": "8GB RAM"}');
INSERT INTO product_variants (id, product_id, sku, price, stock_quantity, attributes) VALUES ('8d75e25c-91f4-4568-8f70-1742beafe861', '1f897c63-841a-42e2-93d7-b567a62e22fd', 'BACKPACK-410-B1-8D75', 3315, 148, '{"color": "Black", "size": "16GB RAM"}');
INSERT INTO products (id, name, description, category_id) VALUES ('ec2322c0-5f42-4021-aa97-9c2ad8ebf53f', 'Premium Camera 890', 'Description for Premium Camera 890. Optimized for search and performance test.', '64c7469e-c283-492e-b377-79813ae57ec8');
INSERT INTO product_variants (id, product_id, sku, price, stock_quantity, attributes) VALUES ('99551473-e5ee-450f-86eb-163cdd583be5', 'ec2322c0-5f42-4021-aa97-9c2ad8ebf53f', 'CAMERA-890-R6-9955', 4823, 156, '{"color": "Red", "size": "64GB"}');
INSERT INTO product_variants (id, product_id, sku, price, stock_quantity, attributes) VALUES ('a4727573-6ffa-40b3-b87d-c6d3874bee6a', 'ec2322c0-5f42-4021-aa97-9c2ad8ebf53f', 'CAMERA-890-R8-A472', 2056, 136, '{"color": "Red", "size": "8GB RAM"}');
INSERT INTO product_variants (id, product_id, sku, price, stock_quantity, attributes) VALUES ('db345876-03b6-4343-a2c8-4752d63bfa35', 'ec2322c0-5f42-4021-aa97-9c2ad8ebf53f', 'CAMERA-890-GS-DB34', 781, 14, '{"color": "Green", "size": "S"}');
INSERT INTO products (id, name, description, category_id) VALUES ('7e3295e7-6b09-4fe5-9a00-1b4f767ad6d6', 'Premium Phone 364', 'Description for Premium Phone 364. Optimized for search and performance test.', '64c7469e-c283-492e-b377-79813ae57ec8');
INSERT INTO product_variants (id, product_id, sku, price, stock_quantity, attributes) VALUES ('9e7d4cb6-1510-4e84-ac28-f98ef5459921', '7e3295e7-6b09-4fe5-9a00-1b4f767ad6d6', 'PHONE-364-S1-9E7D', 1476, 12, '{"color": "Silver", "size": "16GB RAM"}');
INSERT INTO product_variants (id, product_id, sku, price, stock_quantity, attributes) VALUES ('93a6f100-4ae8-4d54-bc51-3e4587aa7e58', '7e3295e7-6b09-4fe5-9a00-1b4f767ad6d6', 'PHONE-364-S8-93A6', 2839, 74, '{"color": "Silver", "size": "8GB RAM"}');
INSERT INTO product_variants (id, product_id, sku, price, stock_quantity, attributes) VALUES ('86cbb0d5-0ccd-4603-bc8d-ce2679c66077', '7e3295e7-6b09-4fe5-9a00-1b4f767ad6d6', 'PHONE-364-B1-86CB', 4976, 121, '{"color": "Black", "size": "128GB"}');
INSERT INTO products (id, name, description, category_id) VALUES ('1dc03c1d-f1a8-4b22-8102-34c61a9fc0a0', 'Ultra Shirt 513', 'Description for Ultra Shirt 513. Optimized for search and performance test.', '64c7469e-c283-492e-b377-79813ae57ec8');
INSERT INTO product_variants (id, product_id, sku, price, stock_quantity, attributes) VALUES ('2b0ef1f6-95f4-40a6-8ba2-1de1ee980c47', '1dc03c1d-f1a8-4b22-8102-34c61a9fc0a0', 'SHIRT-513-B6-2B0E', 342, 21, '{"color": "Blue", "size": "64GB"}');
INSERT INTO product_variants (id, product_id, sku, price, stock_quantity, attributes) VALUES ('242ea04b-1c69-4e03-b960-2f194487e206', '1dc03c1d-f1a8-4b22-8102-34c61a9fc0a0', 'SHIRT-513-G8-242E', 3574, 157, '{"color": "Gold", "size": "8GB RAM"}');
INSERT INTO product_variants (id, product_id, sku, price, stock_quantity, attributes) VALUES ('1e2c1820-552e-4b81-bf45-c07f5fa9b5f4', '1dc03c1d-f1a8-4b22-8102-34c61a9fc0a0', 'SHIRT-513-BS-1E2C', 2561, 189, '{"color": "Black", "size": "S"}');
INSERT INTO products (id, name, description, category_id) VALUES ('e90b9755-536a-47ca-95b3-523bd73a5095', 'Lite Headphones 199', 'Description for Lite Headphones 199. Optimized for search and performance test.', '64c7469e-c283-492e-b377-79813ae57ec8');
INSERT INTO product_variants (id, product_id, sku, price, stock_quantity, attributes) VALUES ('40c92284-52b3-44bf-9e30-797f5c3e1b67', 'e90b9755-536a-47ca-95b3-523bd73a5095', 'HEADPHONES-199-B1-40C9', 4331, 24, '{"color": "Blue", "size": "16GB RAM"}');
INSERT INTO product_variants (id, product_id, sku, price, stock_quantity, attributes) VALUES ('6ab87baa-93c6-47c3-9764-4314d777a1e1', 'e90b9755-536a-47ca-95b3-523bd73a5095', 'HEADPHONES-199-BS-6AB8', 3049, 24, '{"color": "Blue", "size": "S"}');
INSERT INTO product_variants (id, product_id, sku, price, stock_quantity, attributes) VALUES ('6995f236-c060-413d-86ea-398d1c2bca38', 'e90b9755-536a-47ca-95b3-523bd73a5095', 'HEADPHONES-199-G6-6995', 1755, 66, '{"color": "Gold", "size": "64GB"}');
INSERT INTO products (id, name, description, category_id) VALUES ('8d07018d-17fd-4fa1-8cfa-b8f924662cd6', 'Premium Dress 180', 'Description for Premium Dress 180. Optimized for search and performance test.', '64c7469e-c283-492e-b377-79813ae57ec8');
INSERT INTO product_variants (id, product_id, sku, price, stock_quantity, attributes) VALUES ('e6ba17c1-5be8-427e-af7c-1c1010ba3356', '8d07018d-17fd-4fa1-8cfa-b8f924662cd6', 'DRESS-180-S2-E6BA', 2618, 198, '{"color": "Silver", "size": "256GB"}');
INSERT INTO product_variants (id, product_id, sku, price, stock_quantity, attributes) VALUES ('72ffee7a-fcf7-4e0a-80a4-c986f8ac62b1', '8d07018d-17fd-4fa1-8cfa-b8f924662cd6', 'DRESS-180-G8-72FF', 764, 95, '{"color": "Gold", "size": "8GB RAM"}');
INSERT INTO product_variants (id, product_id, sku, price, stock_quantity, attributes) VALUES ('9d7fcb9a-2f04-4a66-baa7-ed13d9e1b0b7', '8d07018d-17fd-4fa1-8cfa-b8f924662cd6', 'DRESS-180-GX-9D7F', 3826, 184, '{"color": "Green", "size": "XL"}');
INSERT INTO products (id, name, description, category_id) VALUES ('394ccf56-7576-4049-8753-d3deaad51b8c', 'Elegant Table 916', 'Description for Elegant Table 916. Optimized for search and performance test.', '64c7469e-c283-492e-b377-79813ae57ec8');
INSERT INTO product_variants (id, product_id, sku, price, stock_quantity, attributes) VALUES ('87c2ad42-b517-4491-8708-9b8277e233ae', '394ccf56-7576-4049-8753-d3deaad51b8c', 'TABLE-916-R2-87C2', 3993, 139, '{"color": "Red", "size": "256GB"}');
INSERT INTO product_variants (id, product_id, sku, price, stock_quantity, attributes) VALUES ('f74f45b2-3a43-4507-b693-e2886625a680', '394ccf56-7576-4049-8753-d3deaad51b8c', 'TABLE-916-B8-F74F', 3745, 142, '{"color": "Black", "size": "8GB RAM"}');
INSERT INTO product_variants (id, product_id, sku, price, stock_quantity, attributes) VALUES ('28b92f55-73f9-4a6a-b2db-757e53b8f205', '394ccf56-7576-4049-8753-d3deaad51b8c', 'TABLE-916-R1-28B9', 2997, 90, '{"color": "Red", "size": "16GB RAM"}');
INSERT INTO products (id, name, description, category_id) VALUES ('da5d171d-389f-4795-813a-41ce74873239', 'Lite Speaker 589', 'Description for Lite Speaker 589. Optimized for search and performance test.', '64c7469e-c283-492e-b377-79813ae57ec8');
INSERT INTO product_variants (id, product_id, sku, price, stock_quantity, attributes) VALUES ('6e91c38c-091b-494f-9fb2-dd1f8945e128', 'da5d171d-389f-4795-813a-41ce74873239', 'SPEAKER-589-B2-6E91', 1541, 34, '{"color": "Blue", "size": "256GB"}');
INSERT INTO product_variants (id, product_id, sku, price, stock_quantity, attributes) VALUES ('a77ee900-9cc6-4a48-b176-13214e2d035f', 'da5d171d-389f-4795-813a-41ce74873239', 'SPEAKER-589-RL-A77E', 361, 166, '{"color": "Red", "size": "L"}');
INSERT INTO product_variants (id, product_id, sku, price, stock_quantity, attributes) VALUES ('0a9caf56-11c1-4e8f-9bfd-f06f65550aab', 'da5d171d-389f-4795-813a-41ce74873239', 'SPEAKER-589-W6-0A9C', 2793, 117, '{"color": "White", "size": "64GB"}');
INSERT INTO products (id, name, description, category_id) VALUES ('84d82db9-d937-4ab4-b920-6def9d16fb31', 'Elegant Table 565', 'Description for Elegant Table 565. Optimized for search and performance test.', '64c7469e-c283-492e-b377-79813ae57ec8');
INSERT INTO product_variants (id, product_id, sku, price, stock_quantity, attributes) VALUES ('85c91963-ca2e-45b7-85a2-0252a217ce21', '84d82db9-d937-4ab4-b920-6def9d16fb31', 'TABLE-565-GS-85C9', 4210, 59, '{"color": "Green", "size": "S"}');
INSERT INTO product_variants (id, product_id, sku, price, stock_quantity, attributes) VALUES ('89784b3e-3662-4f95-9697-84e977e03bef', '84d82db9-d937-4ab4-b920-6def9d16fb31', 'TABLE-565-GS-8978', 1297, 101, '{"color": "Gold", "size": "S"}');
INSERT INTO product_variants (id, product_id, sku, price, stock_quantity, attributes) VALUES ('99f68dc9-f057-4764-8d28-702c2e420282', '84d82db9-d937-4ab4-b920-6def9d16fb31', 'TABLE-565-B1-99F6', 2729, 81, '{"color": "Black", "size": "16GB RAM"}');
INSERT INTO products (id, name, description, category_id) VALUES ('0437d45f-ebc5-4afd-9034-a054d050d13f', 'Ultra Phone 257', 'Description for Ultra Phone 257. Optimized for search and performance test.', '64c7469e-c283-492e-b377-79813ae57ec8');
INSERT INTO product_variants (id, product_id, sku, price, stock_quantity, attributes) VALUES ('ce4eed1a-1493-4b32-9805-8d2befc5c85e', '0437d45f-ebc5-4afd-9034-a054d050d13f', 'PHONE-257-B2-CE4E', 3128, 185, '{"color": "Black", "size": "256GB"}');
INSERT INTO product_variants (id, product_id, sku, price, stock_quantity, attributes) VALUES ('a32025e8-3623-45be-a254-c5faf695d25d', '0437d45f-ebc5-4afd-9034-a054d050d13f', 'PHONE-257-SM-A320', 4475, 186, '{"color": "Silver", "size": "M"}');
INSERT INTO product_variants (id, product_id, sku, price, stock_quantity, attributes) VALUES ('cbb81d75-c2dd-4bcd-bf49-f686a7c95ed2', '0437d45f-ebc5-4afd-9034-a054d050d13f', 'PHONE-257-S6-CBB8', 1466, 92, '{"color": "Silver", "size": "64GB"}');
INSERT INTO products (id, name, description, category_id) VALUES ('24a55699-c796-421f-b5f5-1ca509a2bfbf', 'Ultra Shirt 666', 'Description for Ultra Shirt 666. Optimized for search and performance test.', '64c7469e-c283-492e-b377-79813ae57ec8');
INSERT INTO product_variants (id, product_id, sku, price, stock_quantity, attributes) VALUES ('ffa0981c-a48c-43b9-9c11-ad49b81ea459', '24a55699-c796-421f-b5f5-1ca509a2bfbf', 'SHIRT-666-W8-FFA0', 3657, 130, '{"color": "White", "size": "8GB RAM"}');
INSERT INTO product_variants (id, product_id, sku, price, stock_quantity, attributes) VALUES ('d5fe3d16-19cf-4f5b-ba77-5b8a1acd2b17', '24a55699-c796-421f-b5f5-1ca509a2bfbf', 'SHIRT-666-W8-D5FE', 1447, 112, '{"color": "White", "size": "8GB RAM"}');
INSERT INTO product_variants (id, product_id, sku, price, stock_quantity, attributes) VALUES ('0be03dd4-17b6-4ccc-b4df-c255db889c43', '24a55699-c796-421f-b5f5-1ca509a2bfbf', 'SHIRT-666-BM-0BE0', 342, 181, '{"color": "Black", "size": "M"}');
INSERT INTO products (id, name, description, category_id) VALUES ('95d588a7-a970-4b45-94d7-c41f0754c451', 'Premium Headphones 799', 'Description for Premium Headphones 799. Optimized for search and performance test.', '64c7469e-c283-492e-b377-79813ae57ec8');
INSERT INTO product_variants (id, product_id, sku, price, stock_quantity, attributes) VALUES ('013a0ce1-4a12-46bd-8b21-512a946b6739', '95d588a7-a970-4b45-94d7-c41f0754c451', 'HEADPHONES-799-SL-013A', 995, 108, '{"color": "Silver", "size": "L"}');
INSERT INTO product_variants (id, product_id, sku, price, stock_quantity, attributes) VALUES ('c5a2dd16-1e8e-4c29-9214-30e5e70b292a', '95d588a7-a970-4b45-94d7-c41f0754c451', 'HEADPHONES-799-B1-C5A2', 4822, 124, '{"color": "Black", "size": "128GB"}');
INSERT INTO product_variants (id, product_id, sku, price, stock_quantity, attributes) VALUES ('902fb089-36f1-4a86-8437-71337e2e3744', '95d588a7-a970-4b45-94d7-c41f0754c451', 'HEADPHONES-799-G1-902F', 1707, 115, '{"color": "Green", "size": "128GB"}');
INSERT INTO products (id, name, description, category_id) VALUES ('ca4c2ec3-a1a4-4393-8621-1cfe66fa4ad0', 'Eco Shirt 539', 'Description for Eco Shirt 539. Optimized for search and performance test.', '64c7469e-c283-492e-b377-79813ae57ec8');
INSERT INTO product_variants (id, product_id, sku, price, stock_quantity, attributes) VALUES ('b9c4cd7b-2ca2-49ba-8bcc-d7c4fb531039', 'ca4c2ec3-a1a4-4393-8621-1cfe66fa4ad0', 'SHIRT-539-G1-B9C4', 3085, 100, '{"color": "Gold", "size": "16GB RAM"}');
INSERT INTO product_variants (id, product_id, sku, price, stock_quantity, attributes) VALUES ('bcb00bbd-f5f0-4cfa-a3bc-3986b202fb2f', 'ca4c2ec3-a1a4-4393-8621-1cfe66fa4ad0', 'SHIRT-539-RL-BCB0', 4067, 73, '{"color": "Red", "size": "L"}');
INSERT INTO product_variants (id, product_id, sku, price, stock_quantity, attributes) VALUES ('ccbb2ca1-2cbc-4b37-92e1-e90c8c550454', 'ca4c2ec3-a1a4-4393-8621-1cfe66fa4ad0', 'SHIRT-539-G1-CCBB', 4902, 131, '{"color": "Green", "size": "128GB"}');
INSERT INTO products (id, name, description, category_id) VALUES ('a82072ad-ecc0-4578-a7cb-b9d066f852bd', 'Eco Bed 627', 'Description for Eco Bed 627. Optimized for search and performance test.', '64c7469e-c283-492e-b377-79813ae57ec8');
INSERT INTO product_variants (id, product_id, sku, price, stock_quantity, attributes) VALUES ('3444cd30-61a9-4153-8feb-dbb48a97a25f', 'a82072ad-ecc0-4578-a7cb-b9d066f852bd', 'BED-627-G1-3444', 2667, 135, '{"color": "Green", "size": "16GB RAM"}');
INSERT INTO product_variants (id, product_id, sku, price, stock_quantity, attributes) VALUES ('6d7cadea-4be7-4ac7-8773-484e80fe6254', 'a82072ad-ecc0-4578-a7cb-b9d066f852bd', 'BED-627-S8-6D7C', 2979, 151, '{"color": "Silver", "size": "8GB RAM"}');
INSERT INTO product_variants (id, product_id, sku, price, stock_quantity, attributes) VALUES ('445be47b-0eb7-4cc8-bdaf-93709db769b9', 'a82072ad-ecc0-4578-a7cb-b9d066f852bd', 'BED-627-GL-445B', 4019, 57, '{"color": "Green", "size": "L"}');
INSERT INTO products (id, name, description, category_id) VALUES ('9f9ae41c-d46a-4dc5-9d84-c7288903c829', 'Original Dress 939', 'Description for Original Dress 939. Optimized for search and performance test.', '64c7469e-c283-492e-b377-79813ae57ec8');
INSERT INTO product_variants (id, product_id, sku, price, stock_quantity, attributes) VALUES ('0a0fe4cf-9f22-444b-ac96-a24363c915ab', '9f9ae41c-d46a-4dc5-9d84-c7288903c829', 'DRESS-939-G1-0A0F', 2685, 169, '{"color": "Green", "size": "16GB RAM"}');
INSERT INTO product_variants (id, product_id, sku, price, stock_quantity, attributes) VALUES ('8eae7850-938c-4347-b667-1f10b63d4d65', '9f9ae41c-d46a-4dc5-9d84-c7288903c829', 'DRESS-939-B8-8EAE', 544, 163, '{"color": "Blue", "size": "8GB RAM"}');
INSERT INTO product_variants (id, product_id, sku, price, stock_quantity, attributes) VALUES ('f34f618b-8cf3-4f66-b792-d66132a78ea2', '9f9ae41c-d46a-4dc5-9d84-c7288903c829', 'DRESS-939-BX-F34F', 1663, 182, '{"color": "Blue", "size": "XL"}');
INSERT INTO products (id, name, description, category_id) VALUES ('98bb56be-94a3-40a9-8d6e-39c23c413397', 'Smart Laptop 255', 'Description for Smart Laptop 255. Optimized for search and performance test.', '64c7469e-c283-492e-b377-79813ae57ec8');
INSERT INTO product_variants (id, product_id, sku, price, stock_quantity, attributes) VALUES ('cfd2bfe4-7b70-4b12-a54b-52ad35f88db9', '98bb56be-94a3-40a9-8d6e-39c23c413397', 'LAPTOP-255-G6-CFD2', 2172, 122, '{"color": "Gold", "size": "64GB"}');
INSERT INTO product_variants (id, product_id, sku, price, stock_quantity, attributes) VALUES ('c73c85ac-d6c4-46d1-b7d6-6329ececd470', '98bb56be-94a3-40a9-8d6e-39c23c413397', 'LAPTOP-255-G1-C73C', 4887, 109, '{"color": "Gold", "size": "16GB RAM"}');
INSERT INTO product_variants (id, product_id, sku, price, stock_quantity, attributes) VALUES ('051d1b6f-64ac-4783-9b77-a732f522a803', '98bb56be-94a3-40a9-8d6e-39c23c413397', 'LAPTOP-255-RM-051D', 2313, 56, '{"color": "Red", "size": "M"}');
INSERT INTO products (id, name, description, category_id) VALUES ('dc1208c1-65ab-43da-92df-41fb7d823571', 'Smart Headphones 555', 'Description for Smart Headphones 555. Optimized for search and performance test.', '64c7469e-c283-492e-b377-79813ae57ec8');
INSERT INTO product_variants (id, product_id, sku, price, stock_quantity, attributes) VALUES ('c3e7f24d-62f0-4af2-8b70-b33938f63fb8', 'dc1208c1-65ab-43da-92df-41fb7d823571', 'HEADPHONES-555-WL-C3E7', 1189, 195, '{"color": "White", "size": "L"}');
INSERT INTO product_variants (id, product_id, sku, price, stock_quantity, attributes) VALUES ('6bf8e39b-5f51-4594-97e8-a2b33edbaf66', 'dc1208c1-65ab-43da-92df-41fb7d823571', 'HEADPHONES-555-BS-6BF8', 3845, 189, '{"color": "Blue", "size": "S"}');
INSERT INTO product_variants (id, product_id, sku, price, stock_quantity, attributes) VALUES ('7c81db80-7f0f-4478-b884-b3fc433ba080', 'dc1208c1-65ab-43da-92df-41fb7d823571', 'HEADPHONES-555-BS-7C81', 1786, 41, '{"color": "Black", "size": "S"}');
INSERT INTO products (id, name, description, category_id) VALUES ('c0bafee3-3777-417b-bd98-92999e88aa85', 'Ultra Dress 802', 'Description for Ultra Dress 802. Optimized for search and performance test.', '64c7469e-c283-492e-b377-79813ae57ec8');
INSERT INTO product_variants (id, product_id, sku, price, stock_quantity, attributes) VALUES ('9c108a72-be46-469a-a210-09a9bdac34ee', 'c0bafee3-3777-417b-bd98-92999e88aa85', 'DRESS-802-RS-9C10', 2796, 18, '{"color": "Red", "size": "S"}');
INSERT INTO product_variants (id, product_id, sku, price, stock_quantity, attributes) VALUES ('ecdd0350-b817-43bf-b04c-f26c0f5a2e8e', 'c0bafee3-3777-417b-bd98-92999e88aa85', 'DRESS-802-SM-ECDD', 3207, 187, '{"color": "Silver", "size": "M"}');
INSERT INTO product_variants (id, product_id, sku, price, stock_quantity, attributes) VALUES ('d2ba7e2f-6521-40dc-b7f8-f5cdd2e9db80', 'c0bafee3-3777-417b-bd98-92999e88aa85', 'DRESS-802-B6-D2BA', 111, 25, '{"color": "Blue", "size": "64GB"}');
INSERT INTO products (id, name, description, category_id) VALUES ('cab61786-2065-40a3-8e52-199830750f76', 'Eco Table 564', 'Description for Eco Table 564. Optimized for search and performance test.', '64c7469e-c283-492e-b377-79813ae57ec8');
INSERT INTO product_variants (id, product_id, sku, price, stock_quantity, attributes) VALUES ('08835499-5570-4ae8-9421-4cb8a935539a', 'cab61786-2065-40a3-8e52-199830750f76', 'TABLE-564-WM-0883', 897, 32, '{"color": "White", "size": "M"}');
INSERT INTO product_variants (id, product_id, sku, price, stock_quantity, attributes) VALUES ('7669b17d-38b9-47f7-aaa9-e838eddb497d', 'cab61786-2065-40a3-8e52-199830750f76', 'TABLE-564-GX-7669', 2320, 82, '{"color": "Gold", "size": "XXL"}');
INSERT INTO product_variants (id, product_id, sku, price, stock_quantity, attributes) VALUES ('3583d8ea-88aa-4600-8b60-7cf32be4ee1b', 'cab61786-2065-40a3-8e52-199830750f76', 'TABLE-564-W2-3583', 520, 26, '{"color": "White", "size": "256GB"}');
INSERT INTO products (id, name, description, category_id) VALUES ('605238a6-6841-4476-92ae-41b47a51c006', 'Elegant Phone 835', 'Description for Elegant Phone 835. Optimized for search and performance test.', '64c7469e-c283-492e-b377-79813ae57ec8');
INSERT INTO product_variants (id, product_id, sku, price, stock_quantity, attributes) VALUES ('fa25142b-747c-47ad-b284-e07b45153694', '605238a6-6841-4476-92ae-41b47a51c006', 'PHONE-835-B1-FA25', 2299, 53, '{"color": "Black", "size": "128GB"}');
INSERT INTO product_variants (id, product_id, sku, price, stock_quantity, attributes) VALUES ('854dc709-4cd1-4ce1-b8bb-8b2d9a9799c4', '605238a6-6841-4476-92ae-41b47a51c006', 'PHONE-835-B6-854D', 4096, 39, '{"color": "Black", "size": "64GB"}');
INSERT INTO product_variants (id, product_id, sku, price, stock_quantity, attributes) VALUES ('924a3df4-0a26-424d-820e-7825be7491e8', '605238a6-6841-4476-92ae-41b47a51c006', 'PHONE-835-R1-924A', 3987, 91, '{"color": "Red", "size": "128GB"}');
INSERT INTO products (id, name, description, category_id) VALUES ('4e654a35-9465-49a6-bebd-75a3b663604f', 'Original Dress 338', 'Description for Original Dress 338. Optimized for search and performance test.', '64c7469e-c283-492e-b377-79813ae57ec8');
INSERT INTO product_variants (id, product_id, sku, price, stock_quantity, attributes) VALUES ('c0b84993-80bf-4ef6-ac23-50107625c4fe', '4e654a35-9465-49a6-bebd-75a3b663604f', 'DRESS-338-BL-C0B8', 3391, 76, '{"color": "Blue", "size": "L"}');
INSERT INTO product_variants (id, product_id, sku, price, stock_quantity, attributes) VALUES ('338d0af0-f80b-459a-816a-8865b6a2f388', '4e654a35-9465-49a6-bebd-75a3b663604f', 'DRESS-338-W6-338D', 2117, 26, '{"color": "White", "size": "64GB"}');
INSERT INTO product_variants (id, product_id, sku, price, stock_quantity, attributes) VALUES ('041a24ef-1d22-486f-9462-352aaf7bb6d9', '4e654a35-9465-49a6-bebd-75a3b663604f', 'DRESS-338-B1-041A', 3853, 180, '{"color": "Black", "size": "16GB RAM"}');
INSERT INTO products (id, name, description, category_id) VALUES ('8b17fd13-3431-4bb4-9445-f85186dc9e66', 'Lite Camera 521', 'Description for Lite Camera 521. Optimized for search and performance test.', '64c7469e-c283-492e-b377-79813ae57ec8');
INSERT INTO product_variants (id, product_id, sku, price, stock_quantity, attributes) VALUES ('72574361-3f9c-492c-8b0b-242c6a9a0cbb', '8b17fd13-3431-4bb4-9445-f85186dc9e66', 'CAMERA-521-RM-7257', 2178, 184, '{"color": "Red", "size": "M"}');
INSERT INTO product_variants (id, product_id, sku, price, stock_quantity, attributes) VALUES ('1826e101-49bd-40d3-97eb-f46d56408978', '8b17fd13-3431-4bb4-9445-f85186dc9e66', 'CAMERA-521-B6-1826', 1856, 72, '{"color": "Black", "size": "64GB"}');
INSERT INTO product_variants (id, product_id, sku, price, stock_quantity, attributes) VALUES ('7e0e2342-6736-4b6a-a392-0ea0f5f0d877', '8b17fd13-3431-4bb4-9445-f85186dc9e66', 'CAMERA-521-W2-7E0E', 4810, 51, '{"color": "White", "size": "256GB"}');
INSERT INTO products (id, name, description, category_id) VALUES ('93101113-6278-40a0-b391-ba1fbd442a7e', 'Elegant Monitor 331', 'Description for Elegant Monitor 331. Optimized for search and performance test.', '64c7469e-c283-492e-b377-79813ae57ec8');
INSERT INTO product_variants (id, product_id, sku, price, stock_quantity, attributes) VALUES ('68a5d97d-ad27-4e86-bc81-499f2b7242a9', '93101113-6278-40a0-b391-ba1fbd442a7e', 'MONITOR-331-GX-68A5', 927, 131, '{"color": "Gold", "size": "XL"}');
INSERT INTO product_variants (id, product_id, sku, price, stock_quantity, attributes) VALUES ('6667018b-06a9-4ea8-8bb2-918acf237ca8', '93101113-6278-40a0-b391-ba1fbd442a7e', 'MONITOR-331-R8-6667', 4250, 76, '{"color": "Red", "size": "8GB RAM"}');
INSERT INTO product_variants (id, product_id, sku, price, stock_quantity, attributes) VALUES ('c5961b9b-005f-44d0-ba0a-a389c094a40e', '93101113-6278-40a0-b391-ba1fbd442a7e', 'MONITOR-331-G2-C596', 3510, 77, '{"color": "Gold", "size": "256GB"}');
INSERT INTO products (id, name, description, category_id) VALUES ('55cc2320-2d56-41b2-9ed7-4a751fe8826d', 'Pro Camera 608', 'Description for Pro Camera 608. Optimized for search and performance test.', '64c7469e-c283-492e-b377-79813ae57ec8');
INSERT INTO product_variants (id, product_id, sku, price, stock_quantity, attributes) VALUES ('e525029e-667f-4d32-8a7c-409d93520b17', '55cc2320-2d56-41b2-9ed7-4a751fe8826d', 'CAMERA-608-BL-E525', 755, 24, '{"color": "Blue", "size": "L"}');
INSERT INTO product_variants (id, product_id, sku, price, stock_quantity, attributes) VALUES ('7aa05297-46bf-49a1-9a25-f7cc8bb61304', '55cc2320-2d56-41b2-9ed7-4a751fe8826d', 'CAMERA-608-B1-7AA0', 204, 198, '{"color": "Blue", "size": "128GB"}');
INSERT INTO product_variants (id, product_id, sku, price, stock_quantity, attributes) VALUES ('9459ea92-f4d7-49b1-a21e-7bc6b12dc95a', '55cc2320-2d56-41b2-9ed7-4a751fe8826d', 'CAMERA-608-BX-9459', 2045, 19, '{"color": "Black", "size": "XL"}');
INSERT INTO products (id, name, description, category_id) VALUES ('1dfdf66e-efd1-48fb-87c8-c4b3a4a48902', 'Smart Speaker 107', 'Description for Smart Speaker 107. Optimized for search and performance test.', '64c7469e-c283-492e-b377-79813ae57ec8');
INSERT INTO product_variants (id, product_id, sku, price, stock_quantity, attributes) VALUES ('fedaf60d-2c94-495c-a05a-6f99a83b31a1', '1dfdf66e-efd1-48fb-87c8-c4b3a4a48902', 'SPEAKER-107-G6-FEDA', 2891, 19, '{"color": "Green", "size": "64GB"}');
INSERT INTO product_variants (id, product_id, sku, price, stock_quantity, attributes) VALUES ('a2872709-7c44-44ef-8dd1-e358c1301aea', '1dfdf66e-efd1-48fb-87c8-c4b3a4a48902', 'SPEAKER-107-B1-A287', 1563, 140, '{"color": "Black", "size": "128GB"}');
INSERT INTO product_variants (id, product_id, sku, price, stock_quantity, attributes) VALUES ('147b8d8d-7bc8-4122-883d-83bdef67157e', '1dfdf66e-efd1-48fb-87c8-c4b3a4a48902', 'SPEAKER-107-B1-147B', 3678, 23, '{"color": "Black", "size": "16GB RAM"}');
INSERT INTO products (id, name, description, category_id) VALUES ('6fa68925-89b2-4b2c-8a65-e9b8e468daa3', 'Lite Dress 463', 'Description for Lite Dress 463. Optimized for search and performance test.', '64c7469e-c283-492e-b377-79813ae57ec8');
INSERT INTO product_variants (id, product_id, sku, price, stock_quantity, attributes) VALUES ('0cea756d-39ec-460b-b4a4-47f9fdefd6e1', '6fa68925-89b2-4b2c-8a65-e9b8e468daa3', 'DRESS-463-S2-0CEA', 1191, 134, '{"color": "Silver", "size": "256GB"}');
INSERT INTO product_variants (id, product_id, sku, price, stock_quantity, attributes) VALUES ('79e9b42c-00c7-46da-ba9e-85392fb4ac3a', '6fa68925-89b2-4b2c-8a65-e9b8e468daa3', 'DRESS-463-RX-79E9', 3764, 119, '{"color": "Red", "size": "XL"}');
INSERT INTO product_variants (id, product_id, sku, price, stock_quantity, attributes) VALUES ('ded2994b-2382-4446-ae8c-6b6cb4f0f2aa', '6fa68925-89b2-4b2c-8a65-e9b8e468daa3', 'DRESS-463-RM-DED2', 1066, 11, '{"color": "Red", "size": "M"}');
INSERT INTO products (id, name, description, category_id) VALUES ('98b2518a-050a-4ebe-8f8d-a723deee53a6', 'Premium Table 549', 'Description for Premium Table 549. Optimized for search and performance test.', '64c7469e-c283-492e-b377-79813ae57ec8');
INSERT INTO product_variants (id, product_id, sku, price, stock_quantity, attributes) VALUES ('575ea57e-9edb-4bce-b330-9a8177a7aff7', '98b2518a-050a-4ebe-8f8d-a723deee53a6', 'TABLE-549-B1-575E', 1928, 22, '{"color": "Blue", "size": "128GB"}');
INSERT INTO product_variants (id, product_id, sku, price, stock_quantity, attributes) VALUES ('fc8639fc-dc4c-4808-80ff-792e7abc77cc', '98b2518a-050a-4ebe-8f8d-a723deee53a6', 'TABLE-549-S2-FC86', 1195, 93, '{"color": "Silver", "size": "256GB"}');
INSERT INTO product_variants (id, product_id, sku, price, stock_quantity, attributes) VALUES ('392b9487-d0b9-4515-9dad-e4bb948e975a', '98b2518a-050a-4ebe-8f8d-a723deee53a6', 'TABLE-549-G6-392B', 2521, 89, '{"color": "Gold", "size": "64GB"}');
INSERT INTO products (id, name, description, category_id) VALUES ('47f9823e-6c28-4b16-b0f5-538c325066cd', 'Lite Camera 667', 'Description for Lite Camera 667. Optimized for search and performance test.', '64c7469e-c283-492e-b377-79813ae57ec8');
INSERT INTO product_variants (id, product_id, sku, price, stock_quantity, attributes) VALUES ('4f1ecb75-ecad-4c41-9344-424ea255f659', '47f9823e-6c28-4b16-b0f5-538c325066cd', 'CAMERA-667-GX-4F1E', 1856, 176, '{"color": "Green", "size": "XL"}');
INSERT INTO product_variants (id, product_id, sku, price, stock_quantity, attributes) VALUES ('228aac75-4130-4bc9-b100-03aa6b24356b', '47f9823e-6c28-4b16-b0f5-538c325066cd', 'CAMERA-667-B8-228A', 3940, 123, '{"color": "Blue", "size": "8GB RAM"}');
INSERT INTO product_variants (id, product_id, sku, price, stock_quantity, attributes) VALUES ('d5e807eb-41ed-4e33-9f9c-f5fab405afd0', '47f9823e-6c28-4b16-b0f5-538c325066cd', 'CAMERA-667-GX-D5E8', 3858, 156, '{"color": "Gold", "size": "XL"}');
INSERT INTO products (id, name, description, category_id) VALUES ('7ce0c960-ba0f-4d78-a034-8583020441ad', 'Premium Speaker 916', 'Description for Premium Speaker 916. Optimized for search and performance test.', '64c7469e-c283-492e-b377-79813ae57ec8');
INSERT INTO product_variants (id, product_id, sku, price, stock_quantity, attributes) VALUES ('965c8ed1-757b-4fa6-a2f4-fdb6db261bb4', '7ce0c960-ba0f-4d78-a034-8583020441ad', 'SPEAKER-916-SM-965C', 3594, 194, '{"color": "Silver", "size": "M"}');
INSERT INTO product_variants (id, product_id, sku, price, stock_quantity, attributes) VALUES ('c0109fdb-0900-4daf-8d7e-6dcedf15b00e', '7ce0c960-ba0f-4d78-a034-8583020441ad', 'SPEAKER-916-S2-C010', 1040, 168, '{"color": "Silver", "size": "256GB"}');
INSERT INTO product_variants (id, product_id, sku, price, stock_quantity, attributes) VALUES ('149eb4e5-5f62-4bfe-8aef-3d26dc475ed7', '7ce0c960-ba0f-4d78-a034-8583020441ad', 'SPEAKER-916-R2-149E', 4263, 44, '{"color": "Red", "size": "256GB"}');
INSERT INTO products (id, name, description, category_id) VALUES ('664fe7e6-5ac2-41b1-bcac-e999316fd20a', 'Pro Speaker 616', 'Description for Pro Speaker 616. Optimized for search and performance test.', '64c7469e-c283-492e-b377-79813ae57ec8');
INSERT INTO product_variants (id, product_id, sku, price, stock_quantity, attributes) VALUES ('a64de706-2e69-4832-b4d4-7d0bbda9b0cb', '664fe7e6-5ac2-41b1-bcac-e999316fd20a', 'SPEAKER-616-GL-A64D', 715, 14, '{"color": "Green", "size": "L"}');
INSERT INTO product_variants (id, product_id, sku, price, stock_quantity, attributes) VALUES ('4d05fa8b-13da-476e-bf68-4aedb5e0fd1f', '664fe7e6-5ac2-41b1-bcac-e999316fd20a', 'SPEAKER-616-RX-4D05', 1809, 59, '{"color": "Red", "size": "XL"}');
INSERT INTO product_variants (id, product_id, sku, price, stock_quantity, attributes) VALUES ('760f2c2e-2348-4d8b-a2ce-0280142e406f', '664fe7e6-5ac2-41b1-bcac-e999316fd20a', 'SPEAKER-616-G6-760F', 1390, 35, '{"color": "Green", "size": "64GB"}');
INSERT INTO products (id, name, description, category_id) VALUES ('f7a8a433-3213-4b5e-a46e-8136a84fe0e7', 'Original Dress 691', 'Description for Original Dress 691. Optimized for search and performance test.', '64c7469e-c283-492e-b377-79813ae57ec8');
INSERT INTO product_variants (id, product_id, sku, price, stock_quantity, attributes) VALUES ('a06787a7-621c-4ace-aea7-1973f2ee6a59', 'f7a8a433-3213-4b5e-a46e-8136a84fe0e7', 'DRESS-691-G2-A067', 2446, 95, '{"color": "Gold", "size": "256GB"}');
INSERT INTO product_variants (id, product_id, sku, price, stock_quantity, attributes) VALUES ('dbe96c3a-78c6-4236-849a-f29414aeca60', 'f7a8a433-3213-4b5e-a46e-8136a84fe0e7', 'DRESS-691-B1-DBE9', 797, 111, '{"color": "Black", "size": "16GB RAM"}');
INSERT INTO product_variants (id, product_id, sku, price, stock_quantity, attributes) VALUES ('5f35bf84-765a-40d7-af80-615eb3ecae71', 'f7a8a433-3213-4b5e-a46e-8136a84fe0e7', 'DRESS-691-B8-5F35', 3230, 38, '{"color": "Black", "size": "8GB RAM"}');
INSERT INTO products (id, name, description, category_id) VALUES ('539cfca9-7c5b-4040-a668-20b8861fede8', 'Pro Table 668', 'Description for Pro Table 668. Optimized for search and performance test.', '64c7469e-c283-492e-b377-79813ae57ec8');
INSERT INTO product_variants (id, product_id, sku, price, stock_quantity, attributes) VALUES ('442f08a7-386c-427d-8e78-29bc36fbca3a', '539cfca9-7c5b-4040-a668-20b8861fede8', 'TABLE-668-RS-442F', 571, 191, '{"color": "Red", "size": "S"}');
INSERT INTO product_variants (id, product_id, sku, price, stock_quantity, attributes) VALUES ('9db07f0b-2a14-4fbc-b4f1-86c75b5f7110', '539cfca9-7c5b-4040-a668-20b8861fede8', 'TABLE-668-B1-9DB0', 3002, 148, '{"color": "Black", "size": "16GB RAM"}');
INSERT INTO product_variants (id, product_id, sku, price, stock_quantity, attributes) VALUES ('ed9f0c35-5d44-4879-aa7a-bb7a394cb0b4', '539cfca9-7c5b-4040-a668-20b8861fede8', 'TABLE-668-B1-ED9F', 1149, 191, '{"color": "Blue", "size": "16GB RAM"}');
INSERT INTO products (id, name, description, category_id) VALUES ('30b37287-09c1-4079-9bec-9b60f9743221', 'Premium Dress 292', 'Description for Premium Dress 292. Optimized for search and performance test.', '64c7469e-c283-492e-b377-79813ae57ec8');
INSERT INTO product_variants (id, product_id, sku, price, stock_quantity, attributes) VALUES ('285b331c-6da6-4c6d-90a3-0cda3f2d0803', '30b37287-09c1-4079-9bec-9b60f9743221', 'DRESS-292-B1-285B', 2163, 21, '{"color": "Blue", "size": "128GB"}');
INSERT INTO product_variants (id, product_id, sku, price, stock_quantity, attributes) VALUES ('9ac6ed0e-1a6d-4cf8-8670-cda55e12d92b', '30b37287-09c1-4079-9bec-9b60f9743221', 'DRESS-292-SL-9AC6', 4206, 21, '{"color": "Silver", "size": "L"}');
INSERT INTO product_variants (id, product_id, sku, price, stock_quantity, attributes) VALUES ('e213fefd-8379-49cf-98a5-754a87e12fe4', '30b37287-09c1-4079-9bec-9b60f9743221', 'DRESS-292-G1-E213', 4733, 27, '{"color": "Green", "size": "128GB"}');
INSERT INTO products (id, name, description, category_id) VALUES ('3f4e5b12-5fc3-4a01-94bf-bdc400c35764', 'Premium Shirt 393', 'Description for Premium Shirt 393. Optimized for search and performance test.', '64c7469e-c283-492e-b377-79813ae57ec8');
INSERT INTO product_variants (id, product_id, sku, price, stock_quantity, attributes) VALUES ('35cca143-c89f-4755-8e08-83a2e6e5a702', '3f4e5b12-5fc3-4a01-94bf-bdc400c35764', 'SHIRT-393-SL-35CC', 4490, 187, '{"color": "Silver", "size": "L"}');
INSERT INTO product_variants (id, product_id, sku, price, stock_quantity, attributes) VALUES ('70187a9c-17fb-48c5-9d98-2ecf187f03f0', '3f4e5b12-5fc3-4a01-94bf-bdc400c35764', 'SHIRT-393-RX-7018', 1262, 51, '{"color": "Red", "size": "XL"}');
INSERT INTO product_variants (id, product_id, sku, price, stock_quantity, attributes) VALUES ('83412b0d-c1c3-4964-9a1a-40d4af0a13c0', '3f4e5b12-5fc3-4a01-94bf-bdc400c35764', 'SHIRT-393-GX-8341', 4044, 173, '{"color": "Gold", "size": "XL"}');
INSERT INTO products (id, name, description, category_id) VALUES ('1f73347c-3a55-4547-89a5-ba1e64c83922', 'Elegant Headphones 490', 'Description for Elegant Headphones 490. Optimized for search and performance test.', '64c7469e-c283-492e-b377-79813ae57ec8');
INSERT INTO product_variants (id, product_id, sku, price, stock_quantity, attributes) VALUES ('8b548e37-462d-4fc4-9842-9e5baeebe4e2', '1f73347c-3a55-4547-89a5-ba1e64c83922', 'HEADPHONES-490-BX-8B54', 2256, 42, '{"color": "Blue", "size": "XL"}');
INSERT INTO product_variants (id, product_id, sku, price, stock_quantity, attributes) VALUES ('dd4ebe1f-0224-431a-8926-dd0c023d68b6', '1f73347c-3a55-4547-89a5-ba1e64c83922', 'HEADPHONES-490-S1-DD4E', 3267, 49, '{"color": "Silver", "size": "16GB RAM"}');
INSERT INTO product_variants (id, product_id, sku, price, stock_quantity, attributes) VALUES ('164e4a8f-f9e7-4a9d-9903-60788bc53d61', '1f73347c-3a55-4547-89a5-ba1e64c83922', 'HEADPHONES-490-RL-164E', 3249, 143, '{"color": "Red", "size": "L"}');
INSERT INTO products (id, name, description, category_id) VALUES ('d0edb936-2eaa-49fe-96f6-2cbf1bd3876d', 'Pro Dress 775', 'Description for Pro Dress 775. Optimized for search and performance test.', '64c7469e-c283-492e-b377-79813ae57ec8');
INSERT INTO product_variants (id, product_id, sku, price, stock_quantity, attributes) VALUES ('1aa89ee1-5e8e-4963-a6b0-92e6e1a99fab', 'd0edb936-2eaa-49fe-96f6-2cbf1bd3876d', 'DRESS-775-R6-1AA8', 734, 155, '{"color": "Red", "size": "64GB"}');
INSERT INTO product_variants (id, product_id, sku, price, stock_quantity, attributes) VALUES ('3ab5dba8-5705-4fbe-b0df-cb1b72165543', 'd0edb936-2eaa-49fe-96f6-2cbf1bd3876d', 'DRESS-775-G8-3AB5', 3249, 95, '{"color": "Gold", "size": "8GB RAM"}');
INSERT INTO product_variants (id, product_id, sku, price, stock_quantity, attributes) VALUES ('9049fe0e-71e1-4a21-ab84-b03d61a478b6', 'd0edb936-2eaa-49fe-96f6-2cbf1bd3876d', 'DRESS-775-RX-9049', 2719, 167, '{"color": "Red", "size": "XL"}');
INSERT INTO products (id, name, description, category_id) VALUES ('465216d1-044e-4264-ba7a-e72cb93580ae', 'Smart Bed 361', 'Description for Smart Bed 361. Optimized for search and performance test.', '64c7469e-c283-492e-b377-79813ae57ec8');
INSERT INTO product_variants (id, product_id, sku, price, stock_quantity, attributes) VALUES ('d1a3c8ca-3c59-4f9a-90b9-b2173c59120d', '465216d1-044e-4264-ba7a-e72cb93580ae', 'BED-361-GX-D1A3', 1447, 78, '{"color": "Green", "size": "XL"}');
INSERT INTO product_variants (id, product_id, sku, price, stock_quantity, attributes) VALUES ('0be7f682-1ae4-487f-bf41-a685467127fe', '465216d1-044e-4264-ba7a-e72cb93580ae', 'BED-361-S2-0BE7', 547, 139, '{"color": "Silver", "size": "256GB"}');
INSERT INTO product_variants (id, product_id, sku, price, stock_quantity, attributes) VALUES ('73d70713-f9b4-4727-a935-2eae4890c803', '465216d1-044e-4264-ba7a-e72cb93580ae', 'BED-361-W8-73D7', 2124, 167, '{"color": "White", "size": "8GB RAM"}');
INSERT INTO products (id, name, description, category_id) VALUES ('bfd12512-304d-46fd-b3b2-970d4f0801e2', 'Premium Headphones 695', 'Description for Premium Headphones 695. Optimized for search and performance test.', '64c7469e-c283-492e-b377-79813ae57ec8');
INSERT INTO product_variants (id, product_id, sku, price, stock_quantity, attributes) VALUES ('64301d45-37b8-4b75-844c-5119e1abed6a', 'bfd12512-304d-46fd-b3b2-970d4f0801e2', 'HEADPHONES-695-BL-6430', 4567, 107, '{"color": "Blue", "size": "L"}');
INSERT INTO product_variants (id, product_id, sku, price, stock_quantity, attributes) VALUES ('eb0e297f-b930-4b0f-82ff-f143b57dda36', 'bfd12512-304d-46fd-b3b2-970d4f0801e2', 'HEADPHONES-695-B6-EB0E', 1167, 106, '{"color": "Blue", "size": "64GB"}');
INSERT INTO product_variants (id, product_id, sku, price, stock_quantity, attributes) VALUES ('939602ae-2b23-4dba-83eb-76660bdbe1be', 'bfd12512-304d-46fd-b3b2-970d4f0801e2', 'HEADPHONES-695-GM-9396', 1993, 84, '{"color": "Green", "size": "M"}');
INSERT INTO products (id, name, description, category_id) VALUES ('0cbaffed-50e3-4444-ba53-b7bb6f068ac5', 'Pro Laptop 633', 'Description for Pro Laptop 633. Optimized for search and performance test.', '64c7469e-c283-492e-b377-79813ae57ec8');
INSERT INTO product_variants (id, product_id, sku, price, stock_quantity, attributes) VALUES ('576f48db-d7d4-4590-b71d-0a41b7087b6b', '0cbaffed-50e3-4444-ba53-b7bb6f068ac5', 'LAPTOP-633-GM-576F', 2689, 181, '{"color": "Gold", "size": "M"}');
INSERT INTO product_variants (id, product_id, sku, price, stock_quantity, attributes) VALUES ('5b9f6ba1-1a37-4fb6-bdc6-db38e53950c7', '0cbaffed-50e3-4444-ba53-b7bb6f068ac5', 'LAPTOP-633-WS-5B9F', 3117, 190, '{"color": "White", "size": "S"}');
INSERT INTO product_variants (id, product_id, sku, price, stock_quantity, attributes) VALUES ('64cc82eb-3db6-4916-b7cc-99c863b5880c', '0cbaffed-50e3-4444-ba53-b7bb6f068ac5', 'LAPTOP-633-BM-64CC', 817, 74, '{"color": "Black", "size": "M"}');
INSERT INTO products (id, name, description, category_id) VALUES ('2f571873-05bb-45c0-a1e1-28b9d59308d5', 'Smart Dress 482', 'Description for Smart Dress 482. Optimized for search and performance test.', '17944431-55f1-40ac-8d5c-f14328c7bb98');
INSERT INTO product_variants (id, product_id, sku, price, stock_quantity, attributes) VALUES ('25d5e129-0f9b-437c-b266-cc4606c0cabe', '2f571873-05bb-45c0-a1e1-28b9d59308d5', 'DRESS-482-BX-25D5', 1123, 194, '{"color": "Blue", "size": "XL"}');
INSERT INTO product_variants (id, product_id, sku, price, stock_quantity, attributes) VALUES ('ddd4d059-3e8d-4a77-a347-6173d91a8a4d', '2f571873-05bb-45c0-a1e1-28b9d59308d5', 'DRESS-482-B2-DDD4', 1517, 13, '{"color": "Black", "size": "256GB"}');
INSERT INTO product_variants (id, product_id, sku, price, stock_quantity, attributes) VALUES ('4642c381-4ff8-4609-a226-7777d6894ef6', '2f571873-05bb-45c0-a1e1-28b9d59308d5', 'DRESS-482-S2-4642', 3526, 68, '{"color": "Silver", "size": "256GB"}');
INSERT INTO products (id, name, description, category_id) VALUES ('25fc71d5-87ff-4861-90dd-6c7aff88017e', 'Elegant Monitor 891', 'Description for Elegant Monitor 891. Optimized for search and performance test.', '17944431-55f1-40ac-8d5c-f14328c7bb98');
INSERT INTO product_variants (id, product_id, sku, price, stock_quantity, attributes) VALUES ('ab564a9a-f15f-46fa-95e1-b241e73be899', '25fc71d5-87ff-4861-90dd-6c7aff88017e', 'MONITOR-891-G6-AB56', 235, 79, '{"color": "Gold", "size": "64GB"}');
INSERT INTO product_variants (id, product_id, sku, price, stock_quantity, attributes) VALUES ('7a0e917e-6363-48a5-8adb-5ee8065cd170', '25fc71d5-87ff-4861-90dd-6c7aff88017e', 'MONITOR-891-G1-7A0E', 102, 119, '{"color": "Gold", "size": "128GB"}');
INSERT INTO product_variants (id, product_id, sku, price, stock_quantity, attributes) VALUES ('ba7b6ce2-144c-4d64-9dfb-83a89cdf7616', '25fc71d5-87ff-4861-90dd-6c7aff88017e', 'MONITOR-891-GX-BA7B', 2878, 171, '{"color": "Green", "size": "XXL"}');
INSERT INTO products (id, name, description, category_id) VALUES ('e968e60b-7e88-40c6-a1ef-07895237fdde', 'Smart Table 198', 'Description for Smart Table 198. Optimized for search and performance test.', '17944431-55f1-40ac-8d5c-f14328c7bb98');
INSERT INTO product_variants (id, product_id, sku, price, stock_quantity, attributes) VALUES ('777a5c0b-3fb3-49fe-adea-605746964070', 'e968e60b-7e88-40c6-a1ef-07895237fdde', 'TABLE-198-GL-777A', 532, 26, '{"color": "Green", "size": "L"}');
INSERT INTO product_variants (id, product_id, sku, price, stock_quantity, attributes) VALUES ('14e82ad3-9903-48dd-8719-09c94c71cafd', 'e968e60b-7e88-40c6-a1ef-07895237fdde', 'TABLE-198-BM-14E8', 2044, 97, '{"color": "Blue", "size": "M"}');
INSERT INTO product_variants (id, product_id, sku, price, stock_quantity, attributes) VALUES ('15c254e7-807e-43b8-82ad-17be88f9246d', 'e968e60b-7e88-40c6-a1ef-07895237fdde', 'TABLE-198-B1-15C2', 4762, 90, '{"color": "Black", "size": "128GB"}');
INSERT INTO products (id, name, description, category_id) VALUES ('9fa91054-a14e-4a18-9e53-c7a8a943a141', 'Lite Backpack 752', 'Description for Lite Backpack 752. Optimized for search and performance test.', '17944431-55f1-40ac-8d5c-f14328c7bb98');
INSERT INTO product_variants (id, product_id, sku, price, stock_quantity, attributes) VALUES ('314393c4-80fb-4f03-999e-556892b77f4e', '9fa91054-a14e-4a18-9e53-c7a8a943a141', 'BACKPACK-752-RS-3143', 4271, 74, '{"color": "Red", "size": "S"}');
INSERT INTO product_variants (id, product_id, sku, price, stock_quantity, attributes) VALUES ('24e69734-6a2c-42a0-afc8-7be3f754f854', '9fa91054-a14e-4a18-9e53-c7a8a943a141', 'BACKPACK-752-BM-24E6', 351, 91, '{"color": "Blue", "size": "M"}');
INSERT INTO product_variants (id, product_id, sku, price, stock_quantity, attributes) VALUES ('11a54098-de36-475f-b41e-2694c3ad4ebb', '9fa91054-a14e-4a18-9e53-c7a8a943a141', 'BACKPACK-752-B1-11A5', 3006, 133, '{"color": "Blue", "size": "16GB RAM"}');
INSERT INTO products (id, name, description, category_id) VALUES ('aa9cd146-70e5-48a4-87ca-2d180ec6b16c', 'Pro Headphones 581', 'Description for Pro Headphones 581. Optimized for search and performance test.', '17944431-55f1-40ac-8d5c-f14328c7bb98');
INSERT INTO product_variants (id, product_id, sku, price, stock_quantity, attributes) VALUES ('0d1b1070-a6c1-4038-8ac1-eb5cb3544154', 'aa9cd146-70e5-48a4-87ca-2d180ec6b16c', 'HEADPHONES-581-BX-0D1B', 2237, 16, '{"color": "Black", "size": "XL"}');
INSERT INTO product_variants (id, product_id, sku, price, stock_quantity, attributes) VALUES ('c7549d70-54bc-4472-aca4-ed1050143625', 'aa9cd146-70e5-48a4-87ca-2d180ec6b16c', 'HEADPHONES-581-W2-C754', 2540, 54, '{"color": "White", "size": "256GB"}');
INSERT INTO product_variants (id, product_id, sku, price, stock_quantity, attributes) VALUES ('9f726802-0540-4292-bbec-e871693c350c', 'aa9cd146-70e5-48a4-87ca-2d180ec6b16c', 'HEADPHONES-581-GM-9F72', 3970, 28, '{"color": "Gold", "size": "M"}');
INSERT INTO products (id, name, description, category_id) VALUES ('8e28bbee-7f4d-481e-aebd-c60d4e9a5716', 'Elegant Laptop 952', 'Description for Elegant Laptop 952. Optimized for search and performance test.', '17944431-55f1-40ac-8d5c-f14328c7bb98');
INSERT INTO product_variants (id, product_id, sku, price, stock_quantity, attributes) VALUES ('0b5db6bc-ad0a-4eb9-bbda-d02e1c307237', '8e28bbee-7f4d-481e-aebd-c60d4e9a5716', 'LAPTOP-952-R6-0B5D', 2344, 24, '{"color": "Red", "size": "64GB"}');
INSERT INTO product_variants (id, product_id, sku, price, stock_quantity, attributes) VALUES ('e9545dba-6e38-4f1b-920b-830da9e2abd6', '8e28bbee-7f4d-481e-aebd-c60d4e9a5716', 'LAPTOP-952-S6-E954', 628, 113, '{"color": "Silver", "size": "64GB"}');
INSERT INTO product_variants (id, product_id, sku, price, stock_quantity, attributes) VALUES ('0499a118-7cac-4f55-99ec-354929abfa1e', '8e28bbee-7f4d-481e-aebd-c60d4e9a5716', 'LAPTOP-952-BL-0499', 2571, 113, '{"color": "Blue", "size": "L"}');
INSERT INTO products (id, name, description, category_id) VALUES ('64f04f92-1bfc-4bf1-9724-eff98a0a536f', 'Eco Speaker 283', 'Description for Eco Speaker 283. Optimized for search and performance test.', '17944431-55f1-40ac-8d5c-f14328c7bb98');
INSERT INTO product_variants (id, product_id, sku, price, stock_quantity, attributes) VALUES ('86c51bd5-8be2-46e3-bcae-0352be59331a', '64f04f92-1bfc-4bf1-9724-eff98a0a536f', 'SPEAKER-283-G1-86C5', 3973, 61, '{"color": "Green", "size": "16GB RAM"}');
INSERT INTO product_variants (id, product_id, sku, price, stock_quantity, attributes) VALUES ('9aab8c2f-6be0-4752-aca3-5e374a3dec79', '64f04f92-1bfc-4bf1-9724-eff98a0a536f', 'SPEAKER-283-S1-9AAB', 2885, 91, '{"color": "Silver", "size": "128GB"}');
INSERT INTO product_variants (id, product_id, sku, price, stock_quantity, attributes) VALUES ('76aa77ba-e0b0-476a-9499-dac71f7b01a9', '64f04f92-1bfc-4bf1-9724-eff98a0a536f', 'SPEAKER-283-S2-76AA', 4773, 194, '{"color": "Silver", "size": "256GB"}');
INSERT INTO products (id, name, description, category_id) VALUES ('3805aa1e-404a-4f28-827c-582605669eaf', 'Smart Bed 936', 'Description for Smart Bed 936. Optimized for search and performance test.', '17944431-55f1-40ac-8d5c-f14328c7bb98');
INSERT INTO product_variants (id, product_id, sku, price, stock_quantity, attributes) VALUES ('18784b99-490a-462a-ad81-ba58a72ccc09', '3805aa1e-404a-4f28-827c-582605669eaf', 'BED-936-G1-1878', 4645, 152, '{"color": "Gold", "size": "128GB"}');
INSERT INTO product_variants (id, product_id, sku, price, stock_quantity, attributes) VALUES ('02984d90-7e67-4786-aac8-a44af8bca618', '3805aa1e-404a-4f28-827c-582605669eaf', 'BED-936-GX-0298', 391, 56, '{"color": "Gold", "size": "XL"}');
INSERT INTO product_variants (id, product_id, sku, price, stock_quantity, attributes) VALUES ('09612c6a-e0b2-4cf3-a1c8-99bcb2d9fbba', '3805aa1e-404a-4f28-827c-582605669eaf', 'BED-936-BM-0961', 320, 137, '{"color": "Black", "size": "M"}');
INSERT INTO products (id, name, description, category_id) VALUES ('69d25f19-51c4-4479-93c4-4ade8e244c59', 'Premium Camera 100', 'Description for Premium Camera 100. Optimized for search and performance test.', '17944431-55f1-40ac-8d5c-f14328c7bb98');
INSERT INTO product_variants (id, product_id, sku, price, stock_quantity, attributes) VALUES ('1e9df2d2-361f-4887-991d-9ca92b4fe9fc', '69d25f19-51c4-4479-93c4-4ade8e244c59', 'CAMERA-100-SX-1E9D', 2894, 40, '{"color": "Silver", "size": "XXL"}');
INSERT INTO product_variants (id, product_id, sku, price, stock_quantity, attributes) VALUES ('e1f59887-382f-4d29-a24a-940f56f97c69', '69d25f19-51c4-4479-93c4-4ade8e244c59', 'CAMERA-100-G1-E1F5', 2796, 118, '{"color": "Gold", "size": "128GB"}');
INSERT INTO product_variants (id, product_id, sku, price, stock_quantity, attributes) VALUES ('27a0932d-4421-44dc-bbaa-cc72646556ed', '69d25f19-51c4-4479-93c4-4ade8e244c59', 'CAMERA-100-B2-27A0', 2404, 48, '{"color": "Black", "size": "256GB"}');
INSERT INTO products (id, name, description, category_id) VALUES ('19930ce1-cb1b-44a2-a6ae-a49065a1ffac', 'Lite Camera 718', 'Description for Lite Camera 718. Optimized for search and performance test.', '17944431-55f1-40ac-8d5c-f14328c7bb98');
INSERT INTO product_variants (id, product_id, sku, price, stock_quantity, attributes) VALUES ('8822905c-1bc0-4cd6-b92a-4699a7f65e25', '19930ce1-cb1b-44a2-a6ae-a49065a1ffac', 'CAMERA-718-G2-8822', 3874, 18, '{"color": "Gold", "size": "256GB"}');
INSERT INTO product_variants (id, product_id, sku, price, stock_quantity, attributes) VALUES ('278ce9aa-680f-4603-aee5-f82615426455', '19930ce1-cb1b-44a2-a6ae-a49065a1ffac', 'CAMERA-718-GX-278C', 1543, 162, '{"color": "Gold", "size": "XXL"}');
INSERT INTO product_variants (id, product_id, sku, price, stock_quantity, attributes) VALUES ('885e42b6-d076-445c-8a89-07394de4355a', '19930ce1-cb1b-44a2-a6ae-a49065a1ffac', 'CAMERA-718-SX-885E', 2960, 44, '{"color": "Silver", "size": "XL"}');
INSERT INTO products (id, name, description, category_id) VALUES ('d465aa0b-05a2-4754-ad9e-94c2b9b40206', 'Ultra Phone 251', 'Description for Ultra Phone 251. Optimized for search and performance test.', '17944431-55f1-40ac-8d5c-f14328c7bb98');
INSERT INTO product_variants (id, product_id, sku, price, stock_quantity, attributes) VALUES ('40a662a6-7dc6-409d-9a68-f01fb2add410', 'd465aa0b-05a2-4754-ad9e-94c2b9b40206', 'PHONE-251-S1-40A6', 1349, 102, '{"color": "Silver", "size": "128GB"}');
INSERT INTO product_variants (id, product_id, sku, price, stock_quantity, attributes) VALUES ('656f0362-6291-4005-a46b-faf3b113a3f9', 'd465aa0b-05a2-4754-ad9e-94c2b9b40206', 'PHONE-251-RX-656F', 3910, 14, '{"color": "Red", "size": "XXL"}');
INSERT INTO product_variants (id, product_id, sku, price, stock_quantity, attributes) VALUES ('522689c9-91ac-409e-b93e-09969f5b562e', 'd465aa0b-05a2-4754-ad9e-94c2b9b40206', 'PHONE-251-WM-5226', 3303, 84, '{"color": "White", "size": "M"}');
INSERT INTO products (id, name, description, category_id) VALUES ('8e64d349-ba3a-4dc7-8c65-6ca6b63a5186', 'Ultra Monitor 812', 'Description for Ultra Monitor 812. Optimized for search and performance test.', '17944431-55f1-40ac-8d5c-f14328c7bb98');
INSERT INTO product_variants (id, product_id, sku, price, stock_quantity, attributes) VALUES ('ad33857c-fb5c-43a6-84e8-431c372b5648', '8e64d349-ba3a-4dc7-8c65-6ca6b63a5186', 'MONITOR-812-S6-AD33', 1799, 154, '{"color": "Silver", "size": "64GB"}');
INSERT INTO product_variants (id, product_id, sku, price, stock_quantity, attributes) VALUES ('dd35b56b-0cf7-464f-986b-1d05a77363b2', '8e64d349-ba3a-4dc7-8c65-6ca6b63a5186', 'MONITOR-812-BM-DD35', 3091, 84, '{"color": "Black", "size": "M"}');
INSERT INTO product_variants (id, product_id, sku, price, stock_quantity, attributes) VALUES ('e9ccbaba-c298-4a6b-87a8-ef1363f39937', '8e64d349-ba3a-4dc7-8c65-6ca6b63a5186', 'MONITOR-812-RL-E9CC', 3879, 51, '{"color": "Red", "size": "L"}');
INSERT INTO products (id, name, description, category_id) VALUES ('51016587-315f-4aaf-8c71-3648f772c038', 'Elegant Speaker 245', 'Description for Elegant Speaker 245. Optimized for search and performance test.', '17944431-55f1-40ac-8d5c-f14328c7bb98');
INSERT INTO product_variants (id, product_id, sku, price, stock_quantity, attributes) VALUES ('eb170f74-f61d-4f45-9094-0f73b57d27b0', '51016587-315f-4aaf-8c71-3648f772c038', 'SPEAKER-245-G1-EB17', 1993, 13, '{"color": "Gold", "size": "128GB"}');
INSERT INTO product_variants (id, product_id, sku, price, stock_quantity, attributes) VALUES ('43fc3208-2f40-40c5-a34f-1cd16485587c', '51016587-315f-4aaf-8c71-3648f772c038', 'SPEAKER-245-W1-43FC', 3617, 93, '{"color": "White", "size": "16GB RAM"}');
INSERT INTO product_variants (id, product_id, sku, price, stock_quantity, attributes) VALUES ('f0647314-e9fe-49a5-900a-80a5817d9a82', '51016587-315f-4aaf-8c71-3648f772c038', 'SPEAKER-245-WX-F064', 4487, 142, '{"color": "White", "size": "XXL"}');
INSERT INTO products (id, name, description, category_id) VALUES ('768822ed-6b39-42e6-8423-a8cadbffdf84', 'Original Dress 244', 'Description for Original Dress 244. Optimized for search and performance test.', '17944431-55f1-40ac-8d5c-f14328c7bb98');
INSERT INTO product_variants (id, product_id, sku, price, stock_quantity, attributes) VALUES ('39fcc83e-20de-4b1f-9457-ad6cc14680d6', '768822ed-6b39-42e6-8423-a8cadbffdf84', 'DRESS-244-GS-39FC', 3036, 36, '{"color": "Green", "size": "S"}');
INSERT INTO product_variants (id, product_id, sku, price, stock_quantity, attributes) VALUES ('9d4e705c-f752-4ed2-a0a9-780a6c54d47c', '768822ed-6b39-42e6-8423-a8cadbffdf84', 'DRESS-244-B1-9D4E', 2746, 139, '{"color": "Blue", "size": "16GB RAM"}');
INSERT INTO product_variants (id, product_id, sku, price, stock_quantity, attributes) VALUES ('bbd95b27-3727-4104-8045-4b9daf3f4ab6', '768822ed-6b39-42e6-8423-a8cadbffdf84', 'DRESS-244-G8-BBD9', 1907, 49, '{"color": "Green", "size": "8GB RAM"}');
INSERT INTO products (id, name, description, category_id) VALUES ('08d420f1-4b00-46f8-b156-1356338a2617', 'Eco Camera 104', 'Description for Eco Camera 104. Optimized for search and performance test.', '17944431-55f1-40ac-8d5c-f14328c7bb98');
INSERT INTO product_variants (id, product_id, sku, price, stock_quantity, attributes) VALUES ('ff11ca9c-cae0-4f28-a595-1e177368c860', '08d420f1-4b00-46f8-b156-1356338a2617', 'CAMERA-104-R6-FF11', 1789, 62, '{"color": "Red", "size": "64GB"}');
INSERT INTO product_variants (id, product_id, sku, price, stock_quantity, attributes) VALUES ('4fc9e4ca-888b-41b6-a0b1-087bb9e8f55b', '08d420f1-4b00-46f8-b156-1356338a2617', 'CAMERA-104-RL-4FC9', 819, 171, '{"color": "Red", "size": "L"}');
INSERT INTO product_variants (id, product_id, sku, price, stock_quantity, attributes) VALUES ('73607f42-1dd9-443b-97dd-18428fc68b11', '08d420f1-4b00-46f8-b156-1356338a2617', 'CAMERA-104-BX-7360', 3829, 89, '{"color": "Blue", "size": "XL"}');
INSERT INTO products (id, name, description, category_id) VALUES ('217d44ea-2a28-4f5e-82a7-4bde9cbffb95', 'Pro Backpack 819', 'Description for Pro Backpack 819. Optimized for search and performance test.', '17944431-55f1-40ac-8d5c-f14328c7bb98');
INSERT INTO product_variants (id, product_id, sku, price, stock_quantity, attributes) VALUES ('4ac0b595-23b4-43a6-ae99-53e45bc2e51a', '217d44ea-2a28-4f5e-82a7-4bde9cbffb95', 'BACKPACK-819-W1-4AC0', 142, 196, '{"color": "White", "size": "16GB RAM"}');
INSERT INTO product_variants (id, product_id, sku, price, stock_quantity, attributes) VALUES ('ccbd1e7b-5b03-4e09-8b5f-a74398669170', '217d44ea-2a28-4f5e-82a7-4bde9cbffb95', 'BACKPACK-819-WX-CCBD', 4937, 127, '{"color": "White", "size": "XL"}');
INSERT INTO product_variants (id, product_id, sku, price, stock_quantity, attributes) VALUES ('f7f13ee8-9b16-4797-9911-1a4dffef49d8', '217d44ea-2a28-4f5e-82a7-4bde9cbffb95', 'BACKPACK-819-RS-F7F1', 2204, 50, '{"color": "Red", "size": "S"}');
INSERT INTO products (id, name, description, category_id) VALUES ('fa47f1f5-d457-4b5b-a7c4-b9c192cba320', 'Elegant Speaker 852', 'Description for Elegant Speaker 852. Optimized for search and performance test.', '17944431-55f1-40ac-8d5c-f14328c7bb98');
INSERT INTO product_variants (id, product_id, sku, price, stock_quantity, attributes) VALUES ('2c269341-d94d-41b6-bd04-6183c14a71de', 'fa47f1f5-d457-4b5b-a7c4-b9c192cba320', 'SPEAKER-852-S6-2C26', 4805, 174, '{"color": "Silver", "size": "64GB"}');
INSERT INTO product_variants (id, product_id, sku, price, stock_quantity, attributes) VALUES ('87396bc3-632a-488c-891e-0b33727eeef9', 'fa47f1f5-d457-4b5b-a7c4-b9c192cba320', 'SPEAKER-852-G1-8739', 1534, 157, '{"color": "Gold", "size": "16GB RAM"}');
INSERT INTO product_variants (id, product_id, sku, price, stock_quantity, attributes) VALUES ('109a7285-d760-42a7-a13a-850adb22bbd0', 'fa47f1f5-d457-4b5b-a7c4-b9c192cba320', 'SPEAKER-852-GX-109A', 1816, 94, '{"color": "Green", "size": "XXL"}');
INSERT INTO products (id, name, description, category_id) VALUES ('9be1b5d0-f745-4919-a3db-8ecf8234e9c8', 'Elegant Shirt 434', 'Description for Elegant Shirt 434. Optimized for search and performance test.', '17944431-55f1-40ac-8d5c-f14328c7bb98');
INSERT INTO product_variants (id, product_id, sku, price, stock_quantity, attributes) VALUES ('44aed986-d7ef-49c2-a367-d843c3e785e8', '9be1b5d0-f745-4919-a3db-8ecf8234e9c8', 'SHIRT-434-S1-44AE', 4913, 197, '{"color": "Silver", "size": "128GB"}');
INSERT INTO product_variants (id, product_id, sku, price, stock_quantity, attributes) VALUES ('161975ad-3a76-44b9-bda6-3e231af73685', '9be1b5d0-f745-4919-a3db-8ecf8234e9c8', 'SHIRT-434-G1-1619', 4484, 154, '{"color": "Gold", "size": "16GB RAM"}');
INSERT INTO product_variants (id, product_id, sku, price, stock_quantity, attributes) VALUES ('0d9fc210-981d-43ba-b40f-960c1d142ac9', '9be1b5d0-f745-4919-a3db-8ecf8234e9c8', 'SHIRT-434-W2-0D9F', 2465, 54, '{"color": "White", "size": "256GB"}');
INSERT INTO products (id, name, description, category_id) VALUES ('0c161950-dba7-40dc-a893-4105452835ec', 'Ultra Camera 981', 'Description for Ultra Camera 981. Optimized for search and performance test.', '17944431-55f1-40ac-8d5c-f14328c7bb98');
INSERT INTO product_variants (id, product_id, sku, price, stock_quantity, attributes) VALUES ('594922a2-d89a-4123-a1d8-0873215e30c1', '0c161950-dba7-40dc-a893-4105452835ec', 'CAMERA-981-GS-5949', 3036, 95, '{"color": "Green", "size": "S"}');
INSERT INTO product_variants (id, product_id, sku, price, stock_quantity, attributes) VALUES ('88da4048-8ebe-4481-adde-50c459b9a053', '0c161950-dba7-40dc-a893-4105452835ec', 'CAMERA-981-R2-88DA', 4621, 83, '{"color": "Red", "size": "256GB"}');
INSERT INTO product_variants (id, product_id, sku, price, stock_quantity, attributes) VALUES ('675bae27-39c5-4884-a37a-9eef42fc327c', '0c161950-dba7-40dc-a893-4105452835ec', 'CAMERA-981-B1-675B', 2883, 151, '{"color": "Blue", "size": "16GB RAM"}');
INSERT INTO products (id, name, description, category_id) VALUES ('96e727c8-0c99-43a5-8c7d-3c544cce4dec', 'Premium Shirt 831', 'Description for Premium Shirt 831. Optimized for search and performance test.', '17944431-55f1-40ac-8d5c-f14328c7bb98');
INSERT INTO product_variants (id, product_id, sku, price, stock_quantity, attributes) VALUES ('76ad76fd-aad7-4e57-8890-aab40b711c2f', '96e727c8-0c99-43a5-8c7d-3c544cce4dec', 'SHIRT-831-S6-76AD', 3680, 105, '{"color": "Silver", "size": "64GB"}');
INSERT INTO product_variants (id, product_id, sku, price, stock_quantity, attributes) VALUES ('1c94a52e-9860-4260-b3a6-3fa1fb0c408e', '96e727c8-0c99-43a5-8c7d-3c544cce4dec', 'SHIRT-831-BM-1C94', 1121, 148, '{"color": "Black", "size": "M"}');
INSERT INTO product_variants (id, product_id, sku, price, stock_quantity, attributes) VALUES ('2c50a9b3-4279-47f6-9e4a-0d30957d7b56', '96e727c8-0c99-43a5-8c7d-3c544cce4dec', 'SHIRT-831-W8-2C50', 4418, 36, '{"color": "White", "size": "8GB RAM"}');
INSERT INTO products (id, name, description, category_id) VALUES ('65ffd374-090f-4362-87a7-20a0880daac9', 'Pro Laptop 298', 'Description for Pro Laptop 298. Optimized for search and performance test.', '17944431-55f1-40ac-8d5c-f14328c7bb98');
INSERT INTO product_variants (id, product_id, sku, price, stock_quantity, attributes) VALUES ('985470ca-46dc-4d2b-ab79-88b5526f1d62', '65ffd374-090f-4362-87a7-20a0880daac9', 'LAPTOP-298-BS-9854', 3757, 85, '{"color": "Black", "size": "S"}');
INSERT INTO product_variants (id, product_id, sku, price, stock_quantity, attributes) VALUES ('02aa7df9-c8e4-4734-9f91-44dcb2570f8c', '65ffd374-090f-4362-87a7-20a0880daac9', 'LAPTOP-298-BX-02AA', 2310, 97, '{"color": "Black", "size": "XXL"}');
INSERT INTO product_variants (id, product_id, sku, price, stock_quantity, attributes) VALUES ('40ace31f-fd92-4444-8030-e371099ae4bd', '65ffd374-090f-4362-87a7-20a0880daac9', 'LAPTOP-298-GL-40AC', 1203, 142, '{"color": "Gold", "size": "L"}');
INSERT INTO products (id, name, description, category_id) VALUES ('26d07817-52ca-44d3-b2c7-b4dbedc045a6', 'Premium Laptop 659', 'Description for Premium Laptop 659. Optimized for search and performance test.', '17944431-55f1-40ac-8d5c-f14328c7bb98');
INSERT INTO product_variants (id, product_id, sku, price, stock_quantity, attributes) VALUES ('6ec13dd3-6e17-48f8-af2b-2541a7b2cf0b', '26d07817-52ca-44d3-b2c7-b4dbedc045a6', 'LAPTOP-659-BM-6EC1', 4635, 164, '{"color": "Blue", "size": "M"}');
INSERT INTO product_variants (id, product_id, sku, price, stock_quantity, attributes) VALUES ('9d46dff3-2cfe-4741-a3e3-e5a867b4a4ef', '26d07817-52ca-44d3-b2c7-b4dbedc045a6', 'LAPTOP-659-R1-9D46', 1430, 142, '{"color": "Red", "size": "128GB"}');
INSERT INTO product_variants (id, product_id, sku, price, stock_quantity, attributes) VALUES ('1177a15f-5a86-4f9e-9d29-f159ad0c0310', '26d07817-52ca-44d3-b2c7-b4dbedc045a6', 'LAPTOP-659-BS-1177', 2133, 169, '{"color": "Black", "size": "S"}');
INSERT INTO products (id, name, description, category_id) VALUES ('c1fa6caf-ea4e-45bd-813e-0bf6ce16b397', 'Ultra Bed 850', 'Description for Ultra Bed 850. Optimized for search and performance test.', '17944431-55f1-40ac-8d5c-f14328c7bb98');
INSERT INTO product_variants (id, product_id, sku, price, stock_quantity, attributes) VALUES ('c9955e75-d767-495f-a610-7cdf73181d0b', 'c1fa6caf-ea4e-45bd-813e-0bf6ce16b397', 'BED-850-G1-C995', 1726, 69, '{"color": "Green", "size": "16GB RAM"}');
INSERT INTO product_variants (id, product_id, sku, price, stock_quantity, attributes) VALUES ('9bfb7cc4-8917-4b49-b445-65313e6baec4', 'c1fa6caf-ea4e-45bd-813e-0bf6ce16b397', 'BED-850-B6-9BFB', 4926, 30, '{"color": "Black", "size": "64GB"}');
INSERT INTO product_variants (id, product_id, sku, price, stock_quantity, attributes) VALUES ('112aecfa-0aee-4570-810e-b4b0a78e2cb7', 'c1fa6caf-ea4e-45bd-813e-0bf6ce16b397', 'BED-850-SX-112A', 4355, 39, '{"color": "Silver", "size": "XL"}');
INSERT INTO products (id, name, description, category_id) VALUES ('9030a9c6-bb4f-4880-b9b9-2c261c54cc6e', 'Premium Monitor 446', 'Description for Premium Monitor 446. Optimized for search and performance test.', '17944431-55f1-40ac-8d5c-f14328c7bb98');
INSERT INTO product_variants (id, product_id, sku, price, stock_quantity, attributes) VALUES ('537c2fd6-b83d-49a2-a3cf-e6c5e37e7516', '9030a9c6-bb4f-4880-b9b9-2c261c54cc6e', 'MONITOR-446-SX-537C', 2749, 70, '{"color": "Silver", "size": "XL"}');
INSERT INTO product_variants (id, product_id, sku, price, stock_quantity, attributes) VALUES ('44d002f1-e670-419c-998c-b194a89049e7', '9030a9c6-bb4f-4880-b9b9-2c261c54cc6e', 'MONITOR-446-R2-44D0', 4972, 25, '{"color": "Red", "size": "256GB"}');
INSERT INTO product_variants (id, product_id, sku, price, stock_quantity, attributes) VALUES ('60626476-e37e-4724-a6aa-b2fb4513bb2e', '9030a9c6-bb4f-4880-b9b9-2c261c54cc6e', 'MONITOR-446-B1-6062', 3233, 152, '{"color": "Blue", "size": "16GB RAM"}');
INSERT INTO products (id, name, description, category_id) VALUES ('22812e31-2a00-4242-8aad-3af9938309ea', 'Ultra Monitor 368', 'Description for Ultra Monitor 368. Optimized for search and performance test.', '17944431-55f1-40ac-8d5c-f14328c7bb98');
INSERT INTO product_variants (id, product_id, sku, price, stock_quantity, attributes) VALUES ('cfc023f7-d9f1-45c0-9554-6f8fd6856128', '22812e31-2a00-4242-8aad-3af9938309ea', 'MONITOR-368-B1-CFC0', 1582, 190, '{"color": "Blue", "size": "16GB RAM"}');
INSERT INTO product_variants (id, product_id, sku, price, stock_quantity, attributes) VALUES ('cbc78c8f-89b9-48eb-affe-7c40d80a727a', '22812e31-2a00-4242-8aad-3af9938309ea', 'MONITOR-368-BL-CBC7', 1129, 168, '{"color": "Blue", "size": "L"}');
INSERT INTO product_variants (id, product_id, sku, price, stock_quantity, attributes) VALUES ('bd62c1e2-71d6-4576-b906-7450ce65b5bc', '22812e31-2a00-4242-8aad-3af9938309ea', 'MONITOR-368-GX-BD62', 295, 45, '{"color": "Green", "size": "XL"}');
INSERT INTO products (id, name, description, category_id) VALUES ('c6458c1b-2b8c-4905-93a3-1d0da3521c31', 'Pro Laptop 200', 'Description for Pro Laptop 200. Optimized for search and performance test.', '17944431-55f1-40ac-8d5c-f14328c7bb98');
INSERT INTO product_variants (id, product_id, sku, price, stock_quantity, attributes) VALUES ('147d7a3c-1125-439a-80ff-a752967128db', 'c6458c1b-2b8c-4905-93a3-1d0da3521c31', 'LAPTOP-200-S1-147D', 2986, 34, '{"color": "Silver", "size": "128GB"}');
INSERT INTO product_variants (id, product_id, sku, price, stock_quantity, attributes) VALUES ('d8a5a304-97a4-4d7e-9d27-88d529279ffa', 'c6458c1b-2b8c-4905-93a3-1d0da3521c31', 'LAPTOP-200-RX-D8A5', 4163, 147, '{"color": "Red", "size": "XL"}');
INSERT INTO product_variants (id, product_id, sku, price, stock_quantity, attributes) VALUES ('9fc286bc-94e5-4553-b84b-dcf090d07d2a', 'c6458c1b-2b8c-4905-93a3-1d0da3521c31', 'LAPTOP-200-B2-9FC2', 4753, 90, '{"color": "Black", "size": "256GB"}');
INSERT INTO products (id, name, description, category_id) VALUES ('09cbf4f2-ef22-4534-8d4f-5191cfe6c2d1', 'Lite Dress 140', 'Description for Lite Dress 140. Optimized for search and performance test.', '17944431-55f1-40ac-8d5c-f14328c7bb98');
INSERT INTO product_variants (id, product_id, sku, price, stock_quantity, attributes) VALUES ('a85a20c9-8205-4a75-92ee-3ebcb2810618', '09cbf4f2-ef22-4534-8d4f-5191cfe6c2d1', 'DRESS-140-R1-A85A', 2623, 153, '{"color": "Red", "size": "16GB RAM"}');
INSERT INTO product_variants (id, product_id, sku, price, stock_quantity, attributes) VALUES ('37334b38-e67a-4f42-8860-ad3ca0a58bfe', '09cbf4f2-ef22-4534-8d4f-5191cfe6c2d1', 'DRESS-140-GX-3733', 1199, 142, '{"color": "Gold", "size": "XL"}');
INSERT INTO product_variants (id, product_id, sku, price, stock_quantity, attributes) VALUES ('0fd81005-a257-4e45-96d8-39562ff4497b', '09cbf4f2-ef22-4534-8d4f-5191cfe6c2d1', 'DRESS-140-G2-0FD8', 1782, 67, '{"color": "Green", "size": "256GB"}');
INSERT INTO products (id, name, description, category_id) VALUES ('d302d4dc-b6c1-4c56-926e-2424b4a04cd6', 'Premium Backpack 690', 'Description for Premium Backpack 690. Optimized for search and performance test.', '17944431-55f1-40ac-8d5c-f14328c7bb98');
INSERT INTO product_variants (id, product_id, sku, price, stock_quantity, attributes) VALUES ('03c055ab-c955-42fb-bb08-855945700374', 'd302d4dc-b6c1-4c56-926e-2424b4a04cd6', 'BACKPACK-690-W2-03C0', 3345, 197, '{"color": "White", "size": "256GB"}');
INSERT INTO product_variants (id, product_id, sku, price, stock_quantity, attributes) VALUES ('a37f5745-aba8-47c6-8513-9ed077147a28', 'd302d4dc-b6c1-4c56-926e-2424b4a04cd6', 'BACKPACK-690-W8-A37F', 2287, 12, '{"color": "White", "size": "8GB RAM"}');
INSERT INTO product_variants (id, product_id, sku, price, stock_quantity, attributes) VALUES ('5e1f16db-8e67-4ae9-a738-7fb7d9f30c4e', 'd302d4dc-b6c1-4c56-926e-2424b4a04cd6', 'BACKPACK-690-BM-5E1F', 4822, 151, '{"color": "Blue", "size": "M"}');
INSERT INTO products (id, name, description, category_id) VALUES ('67895cf6-7dcb-4279-85b5-bb84c51d2b1e', 'Lite Table 883', 'Description for Lite Table 883. Optimized for search and performance test.', '17944431-55f1-40ac-8d5c-f14328c7bb98');
INSERT INTO product_variants (id, product_id, sku, price, stock_quantity, attributes) VALUES ('5fcdbccb-0e46-491a-8a8f-9690f942d993', '67895cf6-7dcb-4279-85b5-bb84c51d2b1e', 'TABLE-883-BX-5FCD', 434, 166, '{"color": "Blue", "size": "XXL"}');
INSERT INTO product_variants (id, product_id, sku, price, stock_quantity, attributes) VALUES ('ee074fae-ea5b-4cb4-a2af-566e08e7d142', '67895cf6-7dcb-4279-85b5-bb84c51d2b1e', 'TABLE-883-WL-EE07', 3667, 127, '{"color": "White", "size": "L"}');
INSERT INTO product_variants (id, product_id, sku, price, stock_quantity, attributes) VALUES ('5703757d-84d1-476c-9de9-e6abba879d82', '67895cf6-7dcb-4279-85b5-bb84c51d2b1e', 'TABLE-883-BL-5703', 273, 199, '{"color": "Blue", "size": "L"}');
INSERT INTO products (id, name, description, category_id) VALUES ('4096094a-4291-4354-8cbb-aceade441102', 'Smart Monitor 783', 'Description for Smart Monitor 783. Optimized for search and performance test.', '17944431-55f1-40ac-8d5c-f14328c7bb98');
INSERT INTO product_variants (id, product_id, sku, price, stock_quantity, attributes) VALUES ('2c0dab9a-9f48-428f-b052-a1ba62b2ddaa', '4096094a-4291-4354-8cbb-aceade441102', 'MONITOR-783-WS-2C0D', 4171, 149, '{"color": "White", "size": "S"}');
INSERT INTO product_variants (id, product_id, sku, price, stock_quantity, attributes) VALUES ('69fbe456-b090-4bfb-8edb-bef62628dec2', '4096094a-4291-4354-8cbb-aceade441102', 'MONITOR-783-BS-69FB', 1262, 94, '{"color": "Blue", "size": "S"}');
INSERT INTO product_variants (id, product_id, sku, price, stock_quantity, attributes) VALUES ('2c4839d6-40e8-4051-9882-8fa1cd921f4d', '4096094a-4291-4354-8cbb-aceade441102', 'MONITOR-783-SS-2C48', 3711, 91, '{"color": "Silver", "size": "S"}');
INSERT INTO products (id, name, description, category_id) VALUES ('27f887fe-833e-4537-ba3b-484160f1f190', 'Original Dress 681', 'Description for Original Dress 681. Optimized for search and performance test.', '17944431-55f1-40ac-8d5c-f14328c7bb98');
INSERT INTO product_variants (id, product_id, sku, price, stock_quantity, attributes) VALUES ('4cef3b09-3840-45d8-83f2-eda75ff6afdd', '27f887fe-833e-4537-ba3b-484160f1f190', 'DRESS-681-W6-4CEF', 3082, 154, '{"color": "White", "size": "64GB"}');
INSERT INTO product_variants (id, product_id, sku, price, stock_quantity, attributes) VALUES ('aa62aafe-ad66-4167-9f49-fa833d7f7d9e', '27f887fe-833e-4537-ba3b-484160f1f190', 'DRESS-681-RS-AA62', 2532, 46, '{"color": "Red", "size": "S"}');
INSERT INTO product_variants (id, product_id, sku, price, stock_quantity, attributes) VALUES ('be8a5ab0-f054-4189-939e-f1d19238f876', '27f887fe-833e-4537-ba3b-484160f1f190', 'DRESS-681-RS-BE8A', 3109, 196, '{"color": "Red", "size": "S"}');
INSERT INTO products (id, name, description, category_id) VALUES ('d63c5577-d066-4f32-8149-d2c3eb3fd54e', 'Eco Headphones 470', 'Description for Eco Headphones 470. Optimized for search and performance test.', '17944431-55f1-40ac-8d5c-f14328c7bb98');
INSERT INTO product_variants (id, product_id, sku, price, stock_quantity, attributes) VALUES ('dfb060ae-b5ea-4966-98a1-f8e484f7988a', 'd63c5577-d066-4f32-8149-d2c3eb3fd54e', 'HEADPHONES-470-WS-DFB0', 1708, 189, '{"color": "White", "size": "S"}');
INSERT INTO product_variants (id, product_id, sku, price, stock_quantity, attributes) VALUES ('5d7339cd-87d6-41f0-89ea-0c061e3af752', 'd63c5577-d066-4f32-8149-d2c3eb3fd54e', 'HEADPHONES-470-BX-5D73', 2491, 167, '{"color": "Blue", "size": "XXL"}');
INSERT INTO product_variants (id, product_id, sku, price, stock_quantity, attributes) VALUES ('fc0293ce-ed8c-4bac-a98b-b47d57760b20', 'd63c5577-d066-4f32-8149-d2c3eb3fd54e', 'HEADPHONES-470-W1-FC02', 2771, 83, '{"color": "White", "size": "128GB"}');
INSERT INTO products (id, name, description, category_id) VALUES ('3c42a013-2c88-4278-828c-a8e1ccdad83a', 'Elegant Dress 716', 'Description for Elegant Dress 716. Optimized for search and performance test.', '17944431-55f1-40ac-8d5c-f14328c7bb98');
INSERT INTO product_variants (id, product_id, sku, price, stock_quantity, attributes) VALUES ('7ba96dc8-0e5b-4731-8c91-d618d3764a23', '3c42a013-2c88-4278-828c-a8e1ccdad83a', 'DRESS-716-G8-7BA9', 4147, 49, '{"color": "Gold", "size": "8GB RAM"}');
INSERT INTO product_variants (id, product_id, sku, price, stock_quantity, attributes) VALUES ('a2a79877-2d12-43f2-8a60-680c09341b92', '3c42a013-2c88-4278-828c-a8e1ccdad83a', 'DRESS-716-B1-A2A7', 4546, 134, '{"color": "Blue", "size": "16GB RAM"}');
INSERT INTO product_variants (id, product_id, sku, price, stock_quantity, attributes) VALUES ('533200be-af0b-411a-b361-5f780dfae465', '3c42a013-2c88-4278-828c-a8e1ccdad83a', 'DRESS-716-B6-5332', 4353, 85, '{"color": "Black", "size": "64GB"}');
INSERT INTO products (id, name, description, category_id) VALUES ('c0accc52-1132-45fa-aa19-6593d1645399', 'Eco Speaker 884', 'Description for Eco Speaker 884. Optimized for search and performance test.', '17944431-55f1-40ac-8d5c-f14328c7bb98');
INSERT INTO product_variants (id, product_id, sku, price, stock_quantity, attributes) VALUES ('decf5b0d-5f83-4017-af2b-98e0430b00bf', 'c0accc52-1132-45fa-aa19-6593d1645399', 'SPEAKER-884-B6-DECF', 918, 64, '{"color": "Blue", "size": "64GB"}');
INSERT INTO product_variants (id, product_id, sku, price, stock_quantity, attributes) VALUES ('ffbbc994-ac16-4748-8e69-05a80174f598', 'c0accc52-1132-45fa-aa19-6593d1645399', 'SPEAKER-884-G2-FFBB', 2350, 87, '{"color": "Green", "size": "256GB"}');
INSERT INTO product_variants (id, product_id, sku, price, stock_quantity, attributes) VALUES ('6a533a54-a0d2-4632-94a4-e39a4e5513f6', 'c0accc52-1132-45fa-aa19-6593d1645399', 'SPEAKER-884-B1-6A53', 4131, 35, '{"color": "Blue", "size": "128GB"}');
INSERT INTO products (id, name, description, category_id) VALUES ('67dacbdd-2aea-4e1a-afcb-5776b4250ee3', 'Original Camera 995', 'Description for Original Camera 995. Optimized for search and performance test.', '17944431-55f1-40ac-8d5c-f14328c7bb98');
INSERT INTO product_variants (id, product_id, sku, price, stock_quantity, attributes) VALUES ('c90f32a4-cc3b-47c5-906a-e586900f8091', '67dacbdd-2aea-4e1a-afcb-5776b4250ee3', 'CAMERA-995-W6-C90F', 1141, 29, '{"color": "White", "size": "64GB"}');
INSERT INTO product_variants (id, product_id, sku, price, stock_quantity, attributes) VALUES ('5f7c5524-a00a-4fef-bfc3-1bbab3ce1ef7', '67dacbdd-2aea-4e1a-afcb-5776b4250ee3', 'CAMERA-995-RS-5F7C', 2594, 77, '{"color": "Red", "size": "S"}');
INSERT INTO product_variants (id, product_id, sku, price, stock_quantity, attributes) VALUES ('6836431f-4bb7-4fee-869d-70fc9eb478bb', '67dacbdd-2aea-4e1a-afcb-5776b4250ee3', 'CAMERA-995-BL-6836', 4027, 114, '{"color": "Blue", "size": "L"}');
INSERT INTO products (id, name, description, category_id) VALUES ('9d13822e-424f-4ac4-9497-887f103f34b9', 'Premium Monitor 998', 'Description for Premium Monitor 998. Optimized for search and performance test.', '17944431-55f1-40ac-8d5c-f14328c7bb98');
INSERT INTO product_variants (id, product_id, sku, price, stock_quantity, attributes) VALUES ('df88c32e-93a3-4c54-89ea-9620a49a0759', '9d13822e-424f-4ac4-9497-887f103f34b9', 'MONITOR-998-R8-DF88', 4692, 70, '{"color": "Red", "size": "8GB RAM"}');
INSERT INTO product_variants (id, product_id, sku, price, stock_quantity, attributes) VALUES ('32655d0e-922f-4b61-a7a5-013109389f37', '9d13822e-424f-4ac4-9497-887f103f34b9', 'MONITOR-998-WS-3265', 1840, 87, '{"color": "White", "size": "S"}');
INSERT INTO product_variants (id, product_id, sku, price, stock_quantity, attributes) VALUES ('d1b91e9d-dfdf-4f93-910d-a45ff57f21ce', '9d13822e-424f-4ac4-9497-887f103f34b9', 'MONITOR-998-BX-D1B9', 4997, 47, '{"color": "Blue", "size": "XL"}');
INSERT INTO products (id, name, description, category_id) VALUES ('8bbaa20d-cd61-4c1a-8e44-b234b94036c7', 'Smart Monitor 750', 'Description for Smart Monitor 750. Optimized for search and performance test.', '17944431-55f1-40ac-8d5c-f14328c7bb98');
INSERT INTO product_variants (id, product_id, sku, price, stock_quantity, attributes) VALUES ('a695d795-8579-4877-ade6-fb1c5887b7a5', '8bbaa20d-cd61-4c1a-8e44-b234b94036c7', 'MONITOR-750-BS-A695', 2726, 129, '{"color": "Black", "size": "S"}');
INSERT INTO product_variants (id, product_id, sku, price, stock_quantity, attributes) VALUES ('4a3183d2-4645-4848-857d-7cd3640428c3', '8bbaa20d-cd61-4c1a-8e44-b234b94036c7', 'MONITOR-750-WX-4A31', 4761, 75, '{"color": "White", "size": "XL"}');
INSERT INTO product_variants (id, product_id, sku, price, stock_quantity, attributes) VALUES ('e120bce1-eac9-4497-b221-b3e15245a7ef', '8bbaa20d-cd61-4c1a-8e44-b234b94036c7', 'MONITOR-750-SL-E120', 2661, 147, '{"color": "Silver", "size": "L"}');
INSERT INTO products (id, name, description, category_id) VALUES ('d434e563-dddd-46fd-8814-f5ad7bd4be0e', 'Premium Monitor 678', 'Description for Premium Monitor 678. Optimized for search and performance test.', '17944431-55f1-40ac-8d5c-f14328c7bb98');
INSERT INTO product_variants (id, product_id, sku, price, stock_quantity, attributes) VALUES ('d50541e3-522e-45f3-b6e8-927f30b4a549', 'd434e563-dddd-46fd-8814-f5ad7bd4be0e', 'MONITOR-678-SX-D505', 3094, 153, '{"color": "Silver", "size": "XXL"}');
INSERT INTO product_variants (id, product_id, sku, price, stock_quantity, attributes) VALUES ('17089d5d-a359-47d5-bd47-605a373ecfab', 'd434e563-dddd-46fd-8814-f5ad7bd4be0e', 'MONITOR-678-RS-1708', 118, 35, '{"color": "Red", "size": "S"}');
INSERT INTO product_variants (id, product_id, sku, price, stock_quantity, attributes) VALUES ('372295c5-2ce3-4f4d-9a5e-8c5eff08ddba', 'd434e563-dddd-46fd-8814-f5ad7bd4be0e', 'MONITOR-678-BS-3722', 2204, 63, '{"color": "Blue", "size": "S"}');
INSERT INTO products (id, name, description, category_id) VALUES ('6d075e9e-ec88-47c5-8033-66a4ce252e5d', 'Lite Table 863', 'Description for Lite Table 863. Optimized for search and performance test.', '17944431-55f1-40ac-8d5c-f14328c7bb98');
INSERT INTO product_variants (id, product_id, sku, price, stock_quantity, attributes) VALUES ('9bae75af-cf51-433c-8a7e-7f66f6ba9800', '6d075e9e-ec88-47c5-8033-66a4ce252e5d', 'TABLE-863-WX-9BAE', 164, 55, '{"color": "White", "size": "XL"}');
INSERT INTO product_variants (id, product_id, sku, price, stock_quantity, attributes) VALUES ('560920e4-8237-42eb-93b8-0c94c56c1f87', '6d075e9e-ec88-47c5-8033-66a4ce252e5d', 'TABLE-863-SX-5609', 381, 166, '{"color": "Silver", "size": "XXL"}');
INSERT INTO product_variants (id, product_id, sku, price, stock_quantity, attributes) VALUES ('01559eca-eaec-440d-bec4-55a7bd2c9870', '6d075e9e-ec88-47c5-8033-66a4ce252e5d', 'TABLE-863-RX-0155', 1327, 112, '{"color": "Red", "size": "XL"}');
INSERT INTO products (id, name, description, category_id) VALUES ('f8025f8e-26cc-449e-a14d-1f514956548f', 'Pro Speaker 360', 'Description for Pro Speaker 360. Optimized for search and performance test.', '17944431-55f1-40ac-8d5c-f14328c7bb98');
INSERT INTO product_variants (id, product_id, sku, price, stock_quantity, attributes) VALUES ('88b80f6f-7b19-48b9-b3f9-9a004a659a63', 'f8025f8e-26cc-449e-a14d-1f514956548f', 'SPEAKER-360-G1-88B8', 1143, 133, '{"color": "Green", "size": "16GB RAM"}');
INSERT INTO product_variants (id, product_id, sku, price, stock_quantity, attributes) VALUES ('6c1c4ad9-09d4-4cca-ade9-a0dad41ae457', 'f8025f8e-26cc-449e-a14d-1f514956548f', 'SPEAKER-360-B8-6C1C', 1424, 48, '{"color": "Black", "size": "8GB RAM"}');
INSERT INTO product_variants (id, product_id, sku, price, stock_quantity, attributes) VALUES ('b1e44269-6718-448a-bcd5-c25cb6b6064a', 'f8025f8e-26cc-449e-a14d-1f514956548f', 'SPEAKER-360-S1-B1E4', 3672, 127, '{"color": "Silver", "size": "128GB"}');
INSERT INTO products (id, name, description, category_id) VALUES ('9fd171e9-c717-4df2-9dea-f18839d8df46', 'Smart Laptop 373', 'Description for Smart Laptop 373. Optimized for search and performance test.', '17944431-55f1-40ac-8d5c-f14328c7bb98');
INSERT INTO product_variants (id, product_id, sku, price, stock_quantity, attributes) VALUES ('8e1838ae-8aff-4438-a88b-12bc348716a2', '9fd171e9-c717-4df2-9dea-f18839d8df46', 'LAPTOP-373-W6-8E18', 4343, 197, '{"color": "White", "size": "64GB"}');
INSERT INTO product_variants (id, product_id, sku, price, stock_quantity, attributes) VALUES ('7b788102-9fdd-4261-9cd3-e1c0b40752a9', '9fd171e9-c717-4df2-9dea-f18839d8df46', 'LAPTOP-373-G1-7B78', 1877, 148, '{"color": "Green", "size": "16GB RAM"}');
INSERT INTO product_variants (id, product_id, sku, price, stock_quantity, attributes) VALUES ('f50ab39a-f05b-4b97-ac18-30cc17f03076', '9fd171e9-c717-4df2-9dea-f18839d8df46', 'LAPTOP-373-B8-F50A', 755, 159, '{"color": "Blue", "size": "8GB RAM"}');
INSERT INTO products (id, name, description, category_id) VALUES ('5c2f2623-6ac8-4e48-89d1-3310d0301b3b', 'Premium Headphones 988', 'Description for Premium Headphones 988. Optimized for search and performance test.', '17944431-55f1-40ac-8d5c-f14328c7bb98');
INSERT INTO product_variants (id, product_id, sku, price, stock_quantity, attributes) VALUES ('97f506eb-5d88-4864-a624-fc7f062d17c7', '5c2f2623-6ac8-4e48-89d1-3310d0301b3b', 'HEADPHONES-988-RS-97F5', 2978, 181, '{"color": "Red", "size": "S"}');
INSERT INTO product_variants (id, product_id, sku, price, stock_quantity, attributes) VALUES ('abdf4be3-d94f-4959-ad8b-dece52eedc53', '5c2f2623-6ac8-4e48-89d1-3310d0301b3b', 'HEADPHONES-988-G8-ABDF', 511, 10, '{"color": "Green", "size": "8GB RAM"}');
INSERT INTO product_variants (id, product_id, sku, price, stock_quantity, attributes) VALUES ('a219bab0-4320-42f6-8d37-0484daa20808', '5c2f2623-6ac8-4e48-89d1-3310d0301b3b', 'HEADPHONES-988-RX-A219', 4778, 103, '{"color": "Red", "size": "XXL"}');
INSERT INTO products (id, name, description, category_id) VALUES ('08d274a1-f4fd-487b-adfe-c97a3c61764a', 'Pro Headphones 861', 'Description for Pro Headphones 861. Optimized for search and performance test.', '17944431-55f1-40ac-8d5c-f14328c7bb98');
INSERT INTO product_variants (id, product_id, sku, price, stock_quantity, attributes) VALUES ('cafdfff7-f35c-4bbf-9e97-de66b9222ea2', '08d274a1-f4fd-487b-adfe-c97a3c61764a', 'HEADPHONES-861-G1-CAFD', 615, 191, '{"color": "Gold", "size": "16GB RAM"}');
INSERT INTO product_variants (id, product_id, sku, price, stock_quantity, attributes) VALUES ('a3613852-b068-4b64-bd18-7e731c1779ea', '08d274a1-f4fd-487b-adfe-c97a3c61764a', 'HEADPHONES-861-G1-A361', 3848, 52, '{"color": "Green", "size": "128GB"}');
INSERT INTO product_variants (id, product_id, sku, price, stock_quantity, attributes) VALUES ('ebeae847-5e1a-4731-b341-c93729053e74', '08d274a1-f4fd-487b-adfe-c97a3c61764a', 'HEADPHONES-861-BS-EBEA', 327, 148, '{"color": "Blue", "size": "S"}');
INSERT INTO products (id, name, description, category_id) VALUES ('af8eff15-f749-402b-b51b-4d5fbb67b2c3', 'Smart Backpack 866', 'Description for Smart Backpack 866. Optimized for search and performance test.', '17944431-55f1-40ac-8d5c-f14328c7bb98');
INSERT INTO product_variants (id, product_id, sku, price, stock_quantity, attributes) VALUES ('4d167050-1a06-417c-adc4-e76873e9c1a6', 'af8eff15-f749-402b-b51b-4d5fbb67b2c3', 'BACKPACK-866-WL-4D16', 4618, 165, '{"color": "White", "size": "L"}');
INSERT INTO product_variants (id, product_id, sku, price, stock_quantity, attributes) VALUES ('315e3067-9da0-4e97-a7af-1a61f1b467a2', 'af8eff15-f749-402b-b51b-4d5fbb67b2c3', 'BACKPACK-866-S1-315E', 1546, 29, '{"color": "Silver", "size": "16GB RAM"}');
INSERT INTO product_variants (id, product_id, sku, price, stock_quantity, attributes) VALUES ('d160dbe2-cf59-4ec8-b4b6-c1be16a0e1c0', 'af8eff15-f749-402b-b51b-4d5fbb67b2c3', 'BACKPACK-866-G2-D160', 4456, 130, '{"color": "Gold", "size": "256GB"}');
INSERT INTO products (id, name, description, category_id) VALUES ('47ceb845-1d21-4aee-ab12-9cca2e84d7e1', 'Smart Laptop 544', 'Description for Smart Laptop 544. Optimized for search and performance test.', '17944431-55f1-40ac-8d5c-f14328c7bb98');
INSERT INTO product_variants (id, product_id, sku, price, stock_quantity, attributes) VALUES ('1b57cfc1-e088-4318-993a-5cf737df97ae', '47ceb845-1d21-4aee-ab12-9cca2e84d7e1', 'LAPTOP-544-RS-1B57', 2581, 174, '{"color": "Red", "size": "S"}');
INSERT INTO product_variants (id, product_id, sku, price, stock_quantity, attributes) VALUES ('af660596-b367-4a8c-b361-3f471e047fa1', '47ceb845-1d21-4aee-ab12-9cca2e84d7e1', 'LAPTOP-544-WX-AF66', 3813, 46, '{"color": "White", "size": "XL"}');
INSERT INTO product_variants (id, product_id, sku, price, stock_quantity, attributes) VALUES ('31c2e67c-9115-48f3-af3f-7f5fefab226a', '47ceb845-1d21-4aee-ab12-9cca2e84d7e1', 'LAPTOP-544-B6-31C2', 3063, 123, '{"color": "Black", "size": "64GB"}');
INSERT INTO products (id, name, description, category_id) VALUES ('265b51d6-7154-4d46-a15a-d47665f5b028', 'Smart Camera 400', 'Description for Smart Camera 400. Optimized for search and performance test.', '17944431-55f1-40ac-8d5c-f14328c7bb98');
INSERT INTO product_variants (id, product_id, sku, price, stock_quantity, attributes) VALUES ('35bf72a4-4473-40ca-98d4-a6653d7485e5', '265b51d6-7154-4d46-a15a-d47665f5b028', 'CAMERA-400-RL-35BF', 336, 80, '{"color": "Red", "size": "L"}');
INSERT INTO product_variants (id, product_id, sku, price, stock_quantity, attributes) VALUES ('1d4a40fc-471b-4b17-ba11-e5e07b021a75', '265b51d6-7154-4d46-a15a-d47665f5b028', 'CAMERA-400-RX-1D4A', 1405, 68, '{"color": "Red", "size": "XXL"}');
INSERT INTO product_variants (id, product_id, sku, price, stock_quantity, attributes) VALUES ('1585cec1-845c-43da-a8cb-3860cb5818f5', '265b51d6-7154-4d46-a15a-d47665f5b028', 'CAMERA-400-S1-1585', 4963, 144, '{"color": "Silver", "size": "16GB RAM"}');
INSERT INTO products (id, name, description, category_id) VALUES ('9423d6a3-7d65-48e7-b59b-0aea985be154', 'Eco Backpack 380', 'Description for Eco Backpack 380. Optimized for search and performance test.', '17944431-55f1-40ac-8d5c-f14328c7bb98');
INSERT INTO product_variants (id, product_id, sku, price, stock_quantity, attributes) VALUES ('f2f71931-ed11-4ebb-a310-dd7f68353014', '9423d6a3-7d65-48e7-b59b-0aea985be154', 'BACKPACK-380-RM-F2F7', 434, 55, '{"color": "Red", "size": "M"}');
INSERT INTO product_variants (id, product_id, sku, price, stock_quantity, attributes) VALUES ('bdc6b474-103c-4d38-9255-5bba2c77e499', '9423d6a3-7d65-48e7-b59b-0aea985be154', 'BACKPACK-380-BX-BDC6', 4535, 135, '{"color": "Blue", "size": "XL"}');
INSERT INTO product_variants (id, product_id, sku, price, stock_quantity, attributes) VALUES ('a8ccb54a-c9d4-45a6-8cab-39faf92d2e9b', '9423d6a3-7d65-48e7-b59b-0aea985be154', 'BACKPACK-380-S8-A8CC', 3500, 148, '{"color": "Silver", "size": "8GB RAM"}');
INSERT INTO products (id, name, description, category_id) VALUES ('787bc796-552c-4c16-917d-cd895f4c24e3', 'Eco Phone 667', 'Description for Eco Phone 667. Optimized for search and performance test.', '17944431-55f1-40ac-8d5c-f14328c7bb98');
INSERT INTO product_variants (id, product_id, sku, price, stock_quantity, attributes) VALUES ('edd9db5e-b21d-4c8e-807a-4b1f8aaa8466', '787bc796-552c-4c16-917d-cd895f4c24e3', 'PHONE-667-R1-EDD9', 3835, 67, '{"color": "Red", "size": "16GB RAM"}');
INSERT INTO product_variants (id, product_id, sku, price, stock_quantity, attributes) VALUES ('bddf2f5a-bab6-4692-9c04-02d444dd0a62', '787bc796-552c-4c16-917d-cd895f4c24e3', 'PHONE-667-GM-BDDF', 3729, 111, '{"color": "Green", "size": "M"}');
INSERT INTO product_variants (id, product_id, sku, price, stock_quantity, attributes) VALUES ('af86ebcc-e84f-4976-b4dc-89068a04551c', '787bc796-552c-4c16-917d-cd895f4c24e3', 'PHONE-667-RL-AF86', 3093, 108, '{"color": "Red", "size": "L"}');
INSERT INTO products (id, name, description, category_id) VALUES ('ef5e2d47-172e-49f7-9bb5-54a2d9edfe6a', 'Eco Phone 738', 'Description for Eco Phone 738. Optimized for search and performance test.', '17944431-55f1-40ac-8d5c-f14328c7bb98');
INSERT INTO product_variants (id, product_id, sku, price, stock_quantity, attributes) VALUES ('748b7186-69f5-4e22-ab3e-aa152683e386', 'ef5e2d47-172e-49f7-9bb5-54a2d9edfe6a', 'PHONE-738-GL-748B', 1361, 136, '{"color": "Green", "size": "L"}');
INSERT INTO product_variants (id, product_id, sku, price, stock_quantity, attributes) VALUES ('24119bb2-1fae-48a4-ad7a-c4104a97e8c3', 'ef5e2d47-172e-49f7-9bb5-54a2d9edfe6a', 'PHONE-738-GX-2411', 1087, 21, '{"color": "Green", "size": "XXL"}');
INSERT INTO product_variants (id, product_id, sku, price, stock_quantity, attributes) VALUES ('e67b69b0-f501-4b6d-abc8-8e3025c83e5c', 'ef5e2d47-172e-49f7-9bb5-54a2d9edfe6a', 'PHONE-738-G2-E67B', 3651, 30, '{"color": "Green", "size": "256GB"}');
INSERT INTO products (id, name, description, category_id) VALUES ('16df5ecc-d6f1-42ec-ae4c-b0e88dfa9b54', 'Eco Phone 208', 'Description for Eco Phone 208. Optimized for search and performance test.', '17944431-55f1-40ac-8d5c-f14328c7bb98');
INSERT INTO product_variants (id, product_id, sku, price, stock_quantity, attributes) VALUES ('4e8bbc68-286e-4e2e-86f8-50b292191098', '16df5ecc-d6f1-42ec-ae4c-b0e88dfa9b54', 'PHONE-208-GS-4E8B', 2278, 183, '{"color": "Green", "size": "S"}');
INSERT INTO product_variants (id, product_id, sku, price, stock_quantity, attributes) VALUES ('acb087fa-90bd-4a7b-949f-3129a5f3b913', '16df5ecc-d6f1-42ec-ae4c-b0e88dfa9b54', 'PHONE-208-B1-ACB0', 379, 58, '{"color": "Blue", "size": "128GB"}');
INSERT INTO product_variants (id, product_id, sku, price, stock_quantity, attributes) VALUES ('f36a9325-983d-480a-bd9f-28f98075a304', '16df5ecc-d6f1-42ec-ae4c-b0e88dfa9b54', 'PHONE-208-G1-F36A', 4285, 21, '{"color": "Green", "size": "16GB RAM"}');
INSERT INTO products (id, name, description, category_id) VALUES ('85feaeb4-81a2-4372-a3ad-344a28970bd4', 'Eco Bed 354', 'Description for Eco Bed 354. Optimized for search and performance test.', 'a1f14bdf-dcc2-46b3-b81a-d9ecbd9c9cde');
INSERT INTO product_variants (id, product_id, sku, price, stock_quantity, attributes) VALUES ('19dcb615-9be5-4d29-8b45-90b6133c77f7', '85feaeb4-81a2-4372-a3ad-344a28970bd4', 'BED-354-S1-19DC', 3347, 95, '{"color": "Silver", "size": "16GB RAM"}');
INSERT INTO product_variants (id, product_id, sku, price, stock_quantity, attributes) VALUES ('54f02110-689a-4dfc-bdad-d7c72716c279', '85feaeb4-81a2-4372-a3ad-344a28970bd4', 'BED-354-G8-54F0', 4551, 51, '{"color": "Green", "size": "8GB RAM"}');
INSERT INTO product_variants (id, product_id, sku, price, stock_quantity, attributes) VALUES ('6b7ec4e9-57b6-48f8-b127-290ea8e6c23b', '85feaeb4-81a2-4372-a3ad-344a28970bd4', 'BED-354-WL-6B7E', 2426, 58, '{"color": "White", "size": "L"}');
INSERT INTO products (id, name, description, category_id) VALUES ('26d3aed0-4ad5-4250-a1ac-e88999b65afc', 'Elegant Headphones 960', 'Description for Elegant Headphones 960. Optimized for search and performance test.', 'a1f14bdf-dcc2-46b3-b81a-d9ecbd9c9cde');
INSERT INTO product_variants (id, product_id, sku, price, stock_quantity, attributes) VALUES ('16c523c0-4a8f-47ae-aba1-1cab7b0cd2af', '26d3aed0-4ad5-4250-a1ac-e88999b65afc', 'HEADPHONES-960-W1-16C5', 1669, 112, '{"color": "White", "size": "128GB"}');
INSERT INTO product_variants (id, product_id, sku, price, stock_quantity, attributes) VALUES ('5b0de3f3-5339-4154-81e7-e3ffc10b00c4', '26d3aed0-4ad5-4250-a1ac-e88999b65afc', 'HEADPHONES-960-G1-5B0D', 1736, 127, '{"color": "Green", "size": "128GB"}');
INSERT INTO product_variants (id, product_id, sku, price, stock_quantity, attributes) VALUES ('705cf62b-19da-48f4-b38d-02765babab70', '26d3aed0-4ad5-4250-a1ac-e88999b65afc', 'HEADPHONES-960-R1-705C', 1356, 136, '{"color": "Red", "size": "16GB RAM"}');
INSERT INTO products (id, name, description, category_id) VALUES ('4925a30b-5f57-40e7-a638-6bef77b65803', 'Premium Shirt 982', 'Description for Premium Shirt 982. Optimized for search and performance test.', 'a1f14bdf-dcc2-46b3-b81a-d9ecbd9c9cde');
INSERT INTO product_variants (id, product_id, sku, price, stock_quantity, attributes) VALUES ('53b1d7fe-eb12-4830-a083-7cea831a98c6', '4925a30b-5f57-40e7-a638-6bef77b65803', 'SHIRT-982-BL-53B1', 263, 45, '{"color": "Blue", "size": "L"}');
INSERT INTO product_variants (id, product_id, sku, price, stock_quantity, attributes) VALUES ('b97b65dc-6c22-40c4-a75b-0e3bedd1679c', '4925a30b-5f57-40e7-a638-6bef77b65803', 'SHIRT-982-B1-B97B', 4425, 13, '{"color": "Blue", "size": "128GB"}');
INSERT INTO product_variants (id, product_id, sku, price, stock_quantity, attributes) VALUES ('75df93b7-e7c8-45aa-bfeb-783442a5b33e', '4925a30b-5f57-40e7-a638-6bef77b65803', 'SHIRT-982-BM-75DF', 1837, 114, '{"color": "Blue", "size": "M"}');
INSERT INTO products (id, name, description, category_id) VALUES ('f42166dd-87a4-4222-876d-a643e945c00f', 'Smart Dress 374', 'Description for Smart Dress 374. Optimized for search and performance test.', 'a1f14bdf-dcc2-46b3-b81a-d9ecbd9c9cde');
INSERT INTO product_variants (id, product_id, sku, price, stock_quantity, attributes) VALUES ('c05ecbb5-00ef-4722-b816-8bcb9182183e', 'f42166dd-87a4-4222-876d-a643e945c00f', 'DRESS-374-RX-C05E', 3822, 67, '{"color": "Red", "size": "XXL"}');
INSERT INTO product_variants (id, product_id, sku, price, stock_quantity, attributes) VALUES ('224b1758-6e56-4fca-b800-fc1beafd4c40', 'f42166dd-87a4-4222-876d-a643e945c00f', 'DRESS-374-G6-224B', 1948, 60, '{"color": "Gold", "size": "64GB"}');
INSERT INTO product_variants (id, product_id, sku, price, stock_quantity, attributes) VALUES ('8f670d1a-3930-46d8-a2a7-8a1ba02d09f5', 'f42166dd-87a4-4222-876d-a643e945c00f', 'DRESS-374-GX-8F67', 606, 67, '{"color": "Gold", "size": "XL"}');
INSERT INTO products (id, name, description, category_id) VALUES ('ed824d70-1558-492d-9a2e-13dd9092aaf0', 'Original Headphones 101', 'Description for Original Headphones 101. Optimized for search and performance test.', 'a1f14bdf-dcc2-46b3-b81a-d9ecbd9c9cde');
INSERT INTO product_variants (id, product_id, sku, price, stock_quantity, attributes) VALUES ('830b3543-5dc3-4009-9ad2-6bfd4dea5170', 'ed824d70-1558-492d-9a2e-13dd9092aaf0', 'HEADPHONES-101-R8-830B', 3372, 130, '{"color": "Red", "size": "8GB RAM"}');
INSERT INTO product_variants (id, product_id, sku, price, stock_quantity, attributes) VALUES ('f1bc99fd-0e17-4ff7-b2ed-614b779e2529', 'ed824d70-1558-492d-9a2e-13dd9092aaf0', 'HEADPHONES-101-RX-F1BC', 4960, 77, '{"color": "Red", "size": "XL"}');
INSERT INTO product_variants (id, product_id, sku, price, stock_quantity, attributes) VALUES ('4d5783c2-94f4-4e48-b0f2-379fad56e5d2', 'ed824d70-1558-492d-9a2e-13dd9092aaf0', 'HEADPHONES-101-S1-4D57', 2874, 164, '{"color": "Silver", "size": "128GB"}');
INSERT INTO products (id, name, description, category_id) VALUES ('8551e7c3-78b1-4979-89c3-39043b972d27', 'Ultra Monitor 439', 'Description for Ultra Monitor 439. Optimized for search and performance test.', 'a1f14bdf-dcc2-46b3-b81a-d9ecbd9c9cde');
INSERT INTO product_variants (id, product_id, sku, price, stock_quantity, attributes) VALUES ('6805b141-4344-4606-8539-87aba3162d96', '8551e7c3-78b1-4979-89c3-39043b972d27', 'MONITOR-439-RX-6805', 1693, 30, '{"color": "Red", "size": "XL"}');
INSERT INTO product_variants (id, product_id, sku, price, stock_quantity, attributes) VALUES ('173c85ad-cf4c-4543-b1bc-5ad8d615ab44', '8551e7c3-78b1-4979-89c3-39043b972d27', 'MONITOR-439-S6-173C', 2288, 195, '{"color": "Silver", "size": "64GB"}');
INSERT INTO product_variants (id, product_id, sku, price, stock_quantity, attributes) VALUES ('a0ca7846-c18a-4dc1-ba74-c365f857cdc1', '8551e7c3-78b1-4979-89c3-39043b972d27', 'MONITOR-439-RX-A0CA', 4298, 121, '{"color": "Red", "size": "XXL"}');
INSERT INTO products (id, name, description, category_id) VALUES ('c6e5ef60-54f6-4c5a-99e0-c93f5ffb7335', 'Elegant Bed 599', 'Description for Elegant Bed 599. Optimized for search and performance test.', 'a1f14bdf-dcc2-46b3-b81a-d9ecbd9c9cde');
INSERT INTO product_variants (id, product_id, sku, price, stock_quantity, attributes) VALUES ('1961b2d4-4229-4efd-9928-321fd86ba1db', 'c6e5ef60-54f6-4c5a-99e0-c93f5ffb7335', 'BED-599-BM-1961', 2166, 149, '{"color": "Blue", "size": "M"}');
INSERT INTO product_variants (id, product_id, sku, price, stock_quantity, attributes) VALUES ('e50a8a18-4cc6-48af-8b22-05f1df0d5760', 'c6e5ef60-54f6-4c5a-99e0-c93f5ffb7335', 'BED-599-BM-E50A', 2674, 134, '{"color": "Blue", "size": "M"}');
INSERT INTO product_variants (id, product_id, sku, price, stock_quantity, attributes) VALUES ('bf1f4084-52ce-4181-8459-8f04b9e43123', 'c6e5ef60-54f6-4c5a-99e0-c93f5ffb7335', 'BED-599-G1-BF1F', 1713, 186, '{"color": "Gold", "size": "128GB"}');
INSERT INTO products (id, name, description, category_id) VALUES ('54403870-3ad9-4e2b-9c4b-aea867e41074', 'Pro Backpack 427', 'Description for Pro Backpack 427. Optimized for search and performance test.', 'a1f14bdf-dcc2-46b3-b81a-d9ecbd9c9cde');
INSERT INTO product_variants (id, product_id, sku, price, stock_quantity, attributes) VALUES ('fd6ac8cd-3aff-4fad-8bd7-1d62a5b9b9ed', '54403870-3ad9-4e2b-9c4b-aea867e41074', 'BACKPACK-427-W1-FD6A', 2177, 109, '{"color": "White", "size": "16GB RAM"}');
INSERT INTO product_variants (id, product_id, sku, price, stock_quantity, attributes) VALUES ('1d34e084-7e1a-4b5e-9c3a-134ebcbff46d', '54403870-3ad9-4e2b-9c4b-aea867e41074', 'BACKPACK-427-BS-1D34', 105, 126, '{"color": "Black", "size": "S"}');
INSERT INTO product_variants (id, product_id, sku, price, stock_quantity, attributes) VALUES ('2b23c18e-6ece-461b-8469-274bdfbb76da', '54403870-3ad9-4e2b-9c4b-aea867e41074', 'BACKPACK-427-S2-2B23', 2990, 79, '{"color": "Silver", "size": "256GB"}');
INSERT INTO products (id, name, description, category_id) VALUES ('3ddf4d8e-0ee1-41c9-8425-c6aee60b6cdf', 'Premium Shirt 415', 'Description for Premium Shirt 415. Optimized for search and performance test.', 'a1f14bdf-dcc2-46b3-b81a-d9ecbd9c9cde');
INSERT INTO product_variants (id, product_id, sku, price, stock_quantity, attributes) VALUES ('f8403a83-cea3-41d6-894d-12144beb29b0', '3ddf4d8e-0ee1-41c9-8425-c6aee60b6cdf', 'SHIRT-415-S1-F840', 3843, 183, '{"color": "Silver", "size": "128GB"}');
INSERT INTO product_variants (id, product_id, sku, price, stock_quantity, attributes) VALUES ('019cea8a-0db1-4493-ada0-1323d92615ac', '3ddf4d8e-0ee1-41c9-8425-c6aee60b6cdf', 'SHIRT-415-GL-019C', 384, 162, '{"color": "Green", "size": "L"}');
INSERT INTO product_variants (id, product_id, sku, price, stock_quantity, attributes) VALUES ('ea22d796-45f8-45c8-8f5e-57bc40570de1', '3ddf4d8e-0ee1-41c9-8425-c6aee60b6cdf', 'SHIRT-415-GX-EA22', 3988, 185, '{"color": "Green", "size": "XL"}');
INSERT INTO products (id, name, description, category_id) VALUES ('594c3428-3425-4998-a1d1-87eb0ea2392e', 'Smart Laptop 147', 'Description for Smart Laptop 147. Optimized for search and performance test.', 'a1f14bdf-dcc2-46b3-b81a-d9ecbd9c9cde');
INSERT INTO product_variants (id, product_id, sku, price, stock_quantity, attributes) VALUES ('4bf7d907-bc8d-4ce4-a5ff-265a2da24583', '594c3428-3425-4998-a1d1-87eb0ea2392e', 'LAPTOP-147-B2-4BF7', 1395, 120, '{"color": "Black", "size": "256GB"}');
INSERT INTO product_variants (id, product_id, sku, price, stock_quantity, attributes) VALUES ('89f32896-876b-4bdf-92de-fa007de2adef', '594c3428-3425-4998-a1d1-87eb0ea2392e', 'LAPTOP-147-BL-89F3', 3199, 108, '{"color": "Blue", "size": "L"}');
INSERT INTO product_variants (id, product_id, sku, price, stock_quantity, attributes) VALUES ('0a55b5c6-0352-43a4-8bd1-b161a7932589', '594c3428-3425-4998-a1d1-87eb0ea2392e', 'LAPTOP-147-W2-0A55', 1408, 78, '{"color": "White", "size": "256GB"}');
INSERT INTO products (id, name, description, category_id) VALUES ('9d2b611e-a429-42ed-bd8a-6d72bd7fe100', 'Premium Monitor 818', 'Description for Premium Monitor 818. Optimized for search and performance test.', 'a1f14bdf-dcc2-46b3-b81a-d9ecbd9c9cde');
INSERT INTO product_variants (id, product_id, sku, price, stock_quantity, attributes) VALUES ('af2c618a-9ddf-4c04-ad1b-d87ecc14a8f1', '9d2b611e-a429-42ed-bd8a-6d72bd7fe100', 'MONITOR-818-GX-AF2C', 1632, 102, '{"color": "Green", "size": "XXL"}');
INSERT INTO product_variants (id, product_id, sku, price, stock_quantity, attributes) VALUES ('19d2f4e5-5cd4-41b6-ab55-d5d39126a724', '9d2b611e-a429-42ed-bd8a-6d72bd7fe100', 'MONITOR-818-S8-19D2', 1670, 112, '{"color": "Silver", "size": "8GB RAM"}');
INSERT INTO product_variants (id, product_id, sku, price, stock_quantity, attributes) VALUES ('84e5124e-365b-4855-8e35-ed196ae752de', '9d2b611e-a429-42ed-bd8a-6d72bd7fe100', 'MONITOR-818-G1-84E5', 2551, 54, '{"color": "Green", "size": "16GB RAM"}');
INSERT INTO products (id, name, description, category_id) VALUES ('b0602db7-a52a-4580-aab2-94498b81d692', 'Lite Table 742', 'Description for Lite Table 742. Optimized for search and performance test.', 'a1f14bdf-dcc2-46b3-b81a-d9ecbd9c9cde');
INSERT INTO product_variants (id, product_id, sku, price, stock_quantity, attributes) VALUES ('57ea27fa-0a14-4b66-a7d7-cdad2dc155bc', 'b0602db7-a52a-4580-aab2-94498b81d692', 'TABLE-742-BM-57EA', 1826, 40, '{"color": "Black", "size": "M"}');
INSERT INTO product_variants (id, product_id, sku, price, stock_quantity, attributes) VALUES ('bb15c9d3-a7be-4ca6-a176-70360aab0cca', 'b0602db7-a52a-4580-aab2-94498b81d692', 'TABLE-742-G2-BB15', 3964, 130, '{"color": "Gold", "size": "256GB"}');
INSERT INTO product_variants (id, product_id, sku, price, stock_quantity, attributes) VALUES ('4f4b11fe-e2ea-4d1a-bd79-32dfdfc5d265', 'b0602db7-a52a-4580-aab2-94498b81d692', 'TABLE-742-B1-4F4B', 4088, 121, '{"color": "Blue", "size": "128GB"}');
INSERT INTO products (id, name, description, category_id) VALUES ('1837d037-30ef-4d0d-8426-cabe163611e3', 'Smart Bed 348', 'Description for Smart Bed 348. Optimized for search and performance test.', 'a1f14bdf-dcc2-46b3-b81a-d9ecbd9c9cde');
INSERT INTO product_variants (id, product_id, sku, price, stock_quantity, attributes) VALUES ('1d0a19b8-42f8-4982-98e5-8220cb415252', '1837d037-30ef-4d0d-8426-cabe163611e3', 'BED-348-S6-1D0A', 1827, 17, '{"color": "Silver", "size": "64GB"}');
INSERT INTO product_variants (id, product_id, sku, price, stock_quantity, attributes) VALUES ('b4c5487c-ee1a-4984-81b5-749e5b9b2940', '1837d037-30ef-4d0d-8426-cabe163611e3', 'BED-348-G8-B4C5', 1353, 198, '{"color": "Green", "size": "8GB RAM"}');
INSERT INTO product_variants (id, product_id, sku, price, stock_quantity, attributes) VALUES ('14cecc31-8def-4ac7-9b06-6e924fe56de2', '1837d037-30ef-4d0d-8426-cabe163611e3', 'BED-348-B2-14CE', 1229, 89, '{"color": "Black", "size": "256GB"}');
INSERT INTO products (id, name, description, category_id) VALUES ('4908bba6-6306-4d7d-99af-ff5964e47d05', 'Pro Headphones 177', 'Description for Pro Headphones 177. Optimized for search and performance test.', 'a1f14bdf-dcc2-46b3-b81a-d9ecbd9c9cde');
INSERT INTO product_variants (id, product_id, sku, price, stock_quantity, attributes) VALUES ('9a3797ed-64ec-40c9-9008-7a73a8fbb7b0', '4908bba6-6306-4d7d-99af-ff5964e47d05', 'HEADPHONES-177-WX-9A37', 897, 14, '{"color": "White", "size": "XXL"}');
INSERT INTO product_variants (id, product_id, sku, price, stock_quantity, attributes) VALUES ('0c07f8af-d68a-4e58-9c68-4bca9c26e59f', '4908bba6-6306-4d7d-99af-ff5964e47d05', 'HEADPHONES-177-GM-0C07', 2062, 57, '{"color": "Gold", "size": "M"}');
INSERT INTO product_variants (id, product_id, sku, price, stock_quantity, attributes) VALUES ('b4020ab4-300b-46de-8755-f66a1f2e4a2f', '4908bba6-6306-4d7d-99af-ff5964e47d05', 'HEADPHONES-177-S1-B402', 759, 12, '{"color": "Silver", "size": "128GB"}');
INSERT INTO products (id, name, description, category_id) VALUES ('c3426c4a-f900-4a07-9e53-1cc7b09216cd', 'Smart Camera 318', 'Description for Smart Camera 318. Optimized for search and performance test.', 'a1f14bdf-dcc2-46b3-b81a-d9ecbd9c9cde');
INSERT INTO product_variants (id, product_id, sku, price, stock_quantity, attributes) VALUES ('2eb5e2d4-e0f6-46bf-ac4d-3cd75f04fb05', 'c3426c4a-f900-4a07-9e53-1cc7b09216cd', 'CAMERA-318-B1-2EB5', 436, 172, '{"color": "Black", "size": "16GB RAM"}');
INSERT INTO product_variants (id, product_id, sku, price, stock_quantity, attributes) VALUES ('191a8fc4-9958-4e40-bb27-b237480f4f84', 'c3426c4a-f900-4a07-9e53-1cc7b09216cd', 'CAMERA-318-B1-191A', 3610, 57, '{"color": "Black", "size": "128GB"}');
INSERT INTO product_variants (id, product_id, sku, price, stock_quantity, attributes) VALUES ('ecfb580c-f922-4325-a9ce-28c3097e2ed2', 'c3426c4a-f900-4a07-9e53-1cc7b09216cd', 'CAMERA-318-W1-ECFB', 3145, 49, '{"color": "White", "size": "16GB RAM"}');
INSERT INTO products (id, name, description, category_id) VALUES ('d1376690-9afb-4d6b-91e3-283753b4dd6b', 'Lite Phone 881', 'Description for Lite Phone 881. Optimized for search and performance test.', 'a1f14bdf-dcc2-46b3-b81a-d9ecbd9c9cde');
INSERT INTO product_variants (id, product_id, sku, price, stock_quantity, attributes) VALUES ('d30f919a-58a5-4e99-b7e8-095c6ef75f40', 'd1376690-9afb-4d6b-91e3-283753b4dd6b', 'PHONE-881-R8-D30F', 2497, 15, '{"color": "Red", "size": "8GB RAM"}');
INSERT INTO product_variants (id, product_id, sku, price, stock_quantity, attributes) VALUES ('9a078dd7-546b-4ef5-9afd-7ecd8d9d14c7', 'd1376690-9afb-4d6b-91e3-283753b4dd6b', 'PHONE-881-WS-9A07', 1926, 75, '{"color": "White", "size": "S"}');
INSERT INTO product_variants (id, product_id, sku, price, stock_quantity, attributes) VALUES ('183ea55b-5165-4f1e-91a1-3d6ac94de233', 'd1376690-9afb-4d6b-91e3-283753b4dd6b', 'PHONE-881-BS-183E', 543, 79, '{"color": "Black", "size": "S"}');
INSERT INTO products (id, name, description, category_id) VALUES ('df51ef16-f1b3-4162-b427-6ccd29377d0c', 'Eco Table 359', 'Description for Eco Table 359. Optimized for search and performance test.', 'a1f14bdf-dcc2-46b3-b81a-d9ecbd9c9cde');
INSERT INTO product_variants (id, product_id, sku, price, stock_quantity, attributes) VALUES ('443eab9b-7ea4-4487-8d79-73226553c417', 'df51ef16-f1b3-4162-b427-6ccd29377d0c', 'TABLE-359-B1-443E', 3737, 10, '{"color": "Black", "size": "128GB"}');
INSERT INTO product_variants (id, product_id, sku, price, stock_quantity, attributes) VALUES ('f479f05f-8c36-4bd5-9b77-df2a5f395bf9', 'df51ef16-f1b3-4162-b427-6ccd29377d0c', 'TABLE-359-RS-F479', 4437, 198, '{"color": "Red", "size": "S"}');
INSERT INTO product_variants (id, product_id, sku, price, stock_quantity, attributes) VALUES ('fd8a6217-a3c8-40f7-8a5c-902188345c35', 'df51ef16-f1b3-4162-b427-6ccd29377d0c', 'TABLE-359-GX-FD8A', 2646, 156, '{"color": "Green", "size": "XL"}');
INSERT INTO products (id, name, description, category_id) VALUES ('f6d9ff40-c454-4f96-ad71-1f60a404b407', 'Pro Backpack 815', 'Description for Pro Backpack 815. Optimized for search and performance test.', 'a1f14bdf-dcc2-46b3-b81a-d9ecbd9c9cde');
INSERT INTO product_variants (id, product_id, sku, price, stock_quantity, attributes) VALUES ('cb7d6002-16b8-490f-97d3-7fd764f825c0', 'f6d9ff40-c454-4f96-ad71-1f60a404b407', 'BACKPACK-815-B1-CB7D', 2422, 149, '{"color": "Blue", "size": "16GB RAM"}');
INSERT INTO product_variants (id, product_id, sku, price, stock_quantity, attributes) VALUES ('7bd5e822-7509-4a68-a24f-dfb94bca0be4', 'f6d9ff40-c454-4f96-ad71-1f60a404b407', 'BACKPACK-815-G8-7BD5', 708, 150, '{"color": "Gold", "size": "8GB RAM"}');
INSERT INTO product_variants (id, product_id, sku, price, stock_quantity, attributes) VALUES ('fa84e2eb-6cb9-448f-9a8b-1151041775dc', 'f6d9ff40-c454-4f96-ad71-1f60a404b407', 'BACKPACK-815-W6-FA84', 4809, 147, '{"color": "White", "size": "64GB"}');
INSERT INTO products (id, name, description, category_id) VALUES ('7818f04d-6f77-43c9-9c27-30f7d5eecf9e', 'Smart Camera 970', 'Description for Smart Camera 970. Optimized for search and performance test.', 'a1f14bdf-dcc2-46b3-b81a-d9ecbd9c9cde');
INSERT INTO product_variants (id, product_id, sku, price, stock_quantity, attributes) VALUES ('bafd67df-a87b-4956-a963-2ecbfa6bcb0d', '7818f04d-6f77-43c9-9c27-30f7d5eecf9e', 'CAMERA-970-GL-BAFD', 1138, 16, '{"color": "Gold", "size": "L"}');
INSERT INTO product_variants (id, product_id, sku, price, stock_quantity, attributes) VALUES ('eecb3a93-f867-4bc6-8b50-568319d710b2', '7818f04d-6f77-43c9-9c27-30f7d5eecf9e', 'CAMERA-970-WX-EECB', 4142, 60, '{"color": "White", "size": "XL"}');
INSERT INTO product_variants (id, product_id, sku, price, stock_quantity, attributes) VALUES ('27b2e611-fc78-4585-94dd-6dd500157b9c', '7818f04d-6f77-43c9-9c27-30f7d5eecf9e', 'CAMERA-970-BX-27B2', 261, 25, '{"color": "Black", "size": "XXL"}');
INSERT INTO products (id, name, description, category_id) VALUES ('a87f57ff-292d-4782-bc37-73ebbbb9c719', 'Lite Backpack 400', 'Description for Lite Backpack 400. Optimized for search and performance test.', 'a1f14bdf-dcc2-46b3-b81a-d9ecbd9c9cde');
INSERT INTO product_variants (id, product_id, sku, price, stock_quantity, attributes) VALUES ('4bfb7080-f104-4ddd-947e-e20d163b928d', 'a87f57ff-292d-4782-bc37-73ebbbb9c719', 'BACKPACK-400-BM-4BFB', 3952, 27, '{"color": "Black", "size": "M"}');
INSERT INTO product_variants (id, product_id, sku, price, stock_quantity, attributes) VALUES ('668ef51f-3d8e-4a09-bc70-59d29dc2a49a', 'a87f57ff-292d-4782-bc37-73ebbbb9c719', 'BACKPACK-400-B1-668E', 421, 189, '{"color": "Black", "size": "16GB RAM"}');
INSERT INTO product_variants (id, product_id, sku, price, stock_quantity, attributes) VALUES ('fa328c18-3064-4e83-a3d8-410f89704695', 'a87f57ff-292d-4782-bc37-73ebbbb9c719', 'BACKPACK-400-BL-FA32', 2322, 74, '{"color": "Black", "size": "L"}');
INSERT INTO products (id, name, description, category_id) VALUES ('41e2d0c6-927a-4489-ac26-39196493657b', 'Original Headphones 257', 'Description for Original Headphones 257. Optimized for search and performance test.', 'a1f14bdf-dcc2-46b3-b81a-d9ecbd9c9cde');
INSERT INTO product_variants (id, product_id, sku, price, stock_quantity, attributes) VALUES ('60c4ab58-afd4-4eb4-8145-7a10e6482e52', '41e2d0c6-927a-4489-ac26-39196493657b', 'HEADPHONES-257-B2-60C4', 4809, 113, '{"color": "Black", "size": "256GB"}');
INSERT INTO product_variants (id, product_id, sku, price, stock_quantity, attributes) VALUES ('e4e300f8-7515-4daf-ae1a-acd0b674e5f9', '41e2d0c6-927a-4489-ac26-39196493657b', 'HEADPHONES-257-BS-E4E3', 2384, 14, '{"color": "Black", "size": "S"}');
INSERT INTO product_variants (id, product_id, sku, price, stock_quantity, attributes) VALUES ('c3cc5a1a-0f33-46fc-8d37-5f5413a7f454', '41e2d0c6-927a-4489-ac26-39196493657b', 'HEADPHONES-257-GS-C3CC', 2646, 80, '{"color": "Gold", "size": "S"}');
INSERT INTO products (id, name, description, category_id) VALUES ('cf7d5010-5178-452d-82c0-cf2d104ad823', 'Original Backpack 544', 'Description for Original Backpack 544. Optimized for search and performance test.', 'a1f14bdf-dcc2-46b3-b81a-d9ecbd9c9cde');
INSERT INTO product_variants (id, product_id, sku, price, stock_quantity, attributes) VALUES ('1af9a4aa-afd8-4ff6-9472-26044923e787', 'cf7d5010-5178-452d-82c0-cf2d104ad823', 'BACKPACK-544-RM-1AF9', 4105, 101, '{"color": "Red", "size": "M"}');
INSERT INTO product_variants (id, product_id, sku, price, stock_quantity, attributes) VALUES ('a6573073-a5a7-4f15-84db-cf942d401696', 'cf7d5010-5178-452d-82c0-cf2d104ad823', 'BACKPACK-544-GX-A657', 4731, 144, '{"color": "Gold", "size": "XXL"}');
INSERT INTO product_variants (id, product_id, sku, price, stock_quantity, attributes) VALUES ('7cf67cbb-62a3-4bea-a732-8ad660113aca', 'cf7d5010-5178-452d-82c0-cf2d104ad823', 'BACKPACK-544-SX-7CF6', 716, 183, '{"color": "Silver", "size": "XL"}');
INSERT INTO products (id, name, description, category_id) VALUES ('c0fc90ee-48eb-4167-b491-7b73bf7a96fe', 'Smart Speaker 247', 'Description for Smart Speaker 247. Optimized for search and performance test.', 'a1f14bdf-dcc2-46b3-b81a-d9ecbd9c9cde');
INSERT INTO product_variants (id, product_id, sku, price, stock_quantity, attributes) VALUES ('38c3fc8e-1e5c-4c31-87aa-8076ca0af69b', 'c0fc90ee-48eb-4167-b491-7b73bf7a96fe', 'SPEAKER-247-S2-38C3', 3042, 55, '{"color": "Silver", "size": "256GB"}');
INSERT INTO product_variants (id, product_id, sku, price, stock_quantity, attributes) VALUES ('81e4b1bf-5ad4-4664-a0b5-e059ab9015d2', 'c0fc90ee-48eb-4167-b491-7b73bf7a96fe', 'SPEAKER-247-B2-81E4', 1349, 63, '{"color": "Black", "size": "256GB"}');
INSERT INTO product_variants (id, product_id, sku, price, stock_quantity, attributes) VALUES ('b47b0710-91c0-4254-95fd-e0242ea6496d', 'c0fc90ee-48eb-4167-b491-7b73bf7a96fe', 'SPEAKER-247-W2-B47B', 1100, 146, '{"color": "White", "size": "256GB"}');
INSERT INTO products (id, name, description, category_id) VALUES ('7dac4618-3f6a-4d18-b3e3-be741833bd22', 'Smart Monitor 666', 'Description for Smart Monitor 666. Optimized for search and performance test.', 'a1f14bdf-dcc2-46b3-b81a-d9ecbd9c9cde');
INSERT INTO product_variants (id, product_id, sku, price, stock_quantity, attributes) VALUES ('aadbb1b0-e916-4dde-aa7d-bdce0c988773', '7dac4618-3f6a-4d18-b3e3-be741833bd22', 'MONITOR-666-B1-AADB', 4395, 122, '{"color": "Blue", "size": "16GB RAM"}');
INSERT INTO product_variants (id, product_id, sku, price, stock_quantity, attributes) VALUES ('4844dab7-1407-4747-a732-a14cd913890c', '7dac4618-3f6a-4d18-b3e3-be741833bd22', 'MONITOR-666-RL-4844', 4482, 163, '{"color": "Red", "size": "L"}');
INSERT INTO product_variants (id, product_id, sku, price, stock_quantity, attributes) VALUES ('b1d9ceca-0c99-40a4-83a5-fa9d89cef3d2', '7dac4618-3f6a-4d18-b3e3-be741833bd22', 'MONITOR-666-BL-B1D9', 3584, 88, '{"color": "Black", "size": "L"}');
INSERT INTO products (id, name, description, category_id) VALUES ('cc70b4ce-1c58-4ac5-99de-7a5a89b4c28b', 'Premium Dress 781', 'Description for Premium Dress 781. Optimized for search and performance test.', 'a1f14bdf-dcc2-46b3-b81a-d9ecbd9c9cde');
INSERT INTO product_variants (id, product_id, sku, price, stock_quantity, attributes) VALUES ('25997232-5347-428f-bf53-019f147de476', 'cc70b4ce-1c58-4ac5-99de-7a5a89b4c28b', 'DRESS-781-S8-2599', 745, 67, '{"color": "Silver", "size": "8GB RAM"}');
INSERT INTO product_variants (id, product_id, sku, price, stock_quantity, attributes) VALUES ('f4c67ad7-ec57-436a-8bcb-6772209a34b0', 'cc70b4ce-1c58-4ac5-99de-7a5a89b4c28b', 'DRESS-781-W1-F4C6', 3329, 56, '{"color": "White", "size": "128GB"}');
INSERT INTO product_variants (id, product_id, sku, price, stock_quantity, attributes) VALUES ('b8f9ab69-9adf-4998-a864-729582c926a9', 'cc70b4ce-1c58-4ac5-99de-7a5a89b4c28b', 'DRESS-781-GX-B8F9', 4309, 198, '{"color": "Green", "size": "XL"}');
INSERT INTO products (id, name, description, category_id) VALUES ('8ddfa0aa-5973-46cd-956a-49ab64dcb442', 'Pro Laptop 288', 'Description for Pro Laptop 288. Optimized for search and performance test.', 'a1f14bdf-dcc2-46b3-b81a-d9ecbd9c9cde');
INSERT INTO product_variants (id, product_id, sku, price, stock_quantity, attributes) VALUES ('8c90ab86-92a1-439a-a447-6e0ffe16bf99', '8ddfa0aa-5973-46cd-956a-49ab64dcb442', 'LAPTOP-288-B1-8C90', 697, 12, '{"color": "Blue", "size": "16GB RAM"}');
INSERT INTO product_variants (id, product_id, sku, price, stock_quantity, attributes) VALUES ('d0312b6f-8e62-406b-863b-1ad04237c7b8', '8ddfa0aa-5973-46cd-956a-49ab64dcb442', 'LAPTOP-288-S6-D031', 1615, 43, '{"color": "Silver", "size": "64GB"}');
INSERT INTO product_variants (id, product_id, sku, price, stock_quantity, attributes) VALUES ('69ce84b2-2d2e-4acb-830f-284009ac6f51', '8ddfa0aa-5973-46cd-956a-49ab64dcb442', 'LAPTOP-288-GX-69CE', 2643, 107, '{"color": "Green", "size": "XL"}');
INSERT INTO products (id, name, description, category_id) VALUES ('6ccae069-9f14-4cbe-a2ff-8ca7e2a9fc9f', 'Original Dress 633', 'Description for Original Dress 633. Optimized for search and performance test.', 'a1f14bdf-dcc2-46b3-b81a-d9ecbd9c9cde');
INSERT INTO product_variants (id, product_id, sku, price, stock_quantity, attributes) VALUES ('f8ff45f7-39f2-4f10-a2e2-f450ab20bdf0', '6ccae069-9f14-4cbe-a2ff-8ca7e2a9fc9f', 'DRESS-633-R8-F8FF', 3770, 151, '{"color": "Red", "size": "8GB RAM"}');
INSERT INTO product_variants (id, product_id, sku, price, stock_quantity, attributes) VALUES ('3b3421b1-1324-4157-a90a-2e03d9d06e17', '6ccae069-9f14-4cbe-a2ff-8ca7e2a9fc9f', 'DRESS-633-GX-3B34', 3053, 29, '{"color": "Gold", "size": "XXL"}');
INSERT INTO product_variants (id, product_id, sku, price, stock_quantity, attributes) VALUES ('1d3b0bce-4442-4970-8f15-5a0e2f95ddbf', '6ccae069-9f14-4cbe-a2ff-8ca7e2a9fc9f', 'DRESS-633-G2-1D3B', 4558, 119, '{"color": "Gold", "size": "256GB"}');
INSERT INTO products (id, name, description, category_id) VALUES ('0ef2afaf-4ab8-4308-8d9f-a2a9fd5d9cf8', 'Pro Phone 451', 'Description for Pro Phone 451. Optimized for search and performance test.', 'a1f14bdf-dcc2-46b3-b81a-d9ecbd9c9cde');
INSERT INTO product_variants (id, product_id, sku, price, stock_quantity, attributes) VALUES ('5015b9f4-5b4d-4131-a1c6-80c63643a826', '0ef2afaf-4ab8-4308-8d9f-a2a9fd5d9cf8', 'PHONE-451-G1-5015', 3909, 141, '{"color": "Green", "size": "16GB RAM"}');
INSERT INTO product_variants (id, product_id, sku, price, stock_quantity, attributes) VALUES ('3759df22-db29-4a20-81a8-20ba2fd15f5c', '0ef2afaf-4ab8-4308-8d9f-a2a9fd5d9cf8', 'PHONE-451-GX-3759', 1833, 169, '{"color": "Green", "size": "XXL"}');
INSERT INTO product_variants (id, product_id, sku, price, stock_quantity, attributes) VALUES ('5af76aef-c164-46fe-b3e7-18ea76b3addd', '0ef2afaf-4ab8-4308-8d9f-a2a9fd5d9cf8', 'PHONE-451-SX-5AF7', 4520, 185, '{"color": "Silver", "size": "XXL"}');
INSERT INTO products (id, name, description, category_id) VALUES ('ca30cc05-bdbd-4051-b8d7-673b1986cd35', 'Lite Phone 454', 'Description for Lite Phone 454. Optimized for search and performance test.', 'a1f14bdf-dcc2-46b3-b81a-d9ecbd9c9cde');
INSERT INTO product_variants (id, product_id, sku, price, stock_quantity, attributes) VALUES ('e233c74f-253d-435c-913c-1d21332bd70d', 'ca30cc05-bdbd-4051-b8d7-673b1986cd35', 'PHONE-454-RM-E233', 4214, 69, '{"color": "Red", "size": "M"}');
INSERT INTO product_variants (id, product_id, sku, price, stock_quantity, attributes) VALUES ('4960b696-a49a-4533-9a9a-b2b9e55b4c94', 'ca30cc05-bdbd-4051-b8d7-673b1986cd35', 'PHONE-454-S8-4960', 4117, 50, '{"color": "Silver", "size": "8GB RAM"}');
INSERT INTO product_variants (id, product_id, sku, price, stock_quantity, attributes) VALUES ('9fda5336-e967-4924-883a-d6528b0b7db3', 'ca30cc05-bdbd-4051-b8d7-673b1986cd35', 'PHONE-454-B8-9FDA', 434, 18, '{"color": "Blue", "size": "8GB RAM"}');
INSERT INTO products (id, name, description, category_id) VALUES ('2505d337-9903-44b3-912a-d8cc854e8c33', 'Eco Headphones 762', 'Description for Eco Headphones 762. Optimized for search and performance test.', 'a1f14bdf-dcc2-46b3-b81a-d9ecbd9c9cde');
INSERT INTO product_variants (id, product_id, sku, price, stock_quantity, attributes) VALUES ('dae8ad88-7b17-491b-9ab6-add2ba0aa44a', '2505d337-9903-44b3-912a-d8cc854e8c33', 'HEADPHONES-762-BX-DAE8', 4546, 142, '{"color": "Black", "size": "XL"}');
INSERT INTO product_variants (id, product_id, sku, price, stock_quantity, attributes) VALUES ('b34dbd68-5994-43d8-a3a6-1831ec821fa4', '2505d337-9903-44b3-912a-d8cc854e8c33', 'HEADPHONES-762-B1-B34D', 2439, 81, '{"color": "Black", "size": "128GB"}');
INSERT INTO product_variants (id, product_id, sku, price, stock_quantity, attributes) VALUES ('56aa9c34-9fd6-4032-9c47-4829a19bc9f8', '2505d337-9903-44b3-912a-d8cc854e8c33', 'HEADPHONES-762-R8-56AA', 3236, 188, '{"color": "Red", "size": "8GB RAM"}');
INSERT INTO products (id, name, description, category_id) VALUES ('93fbb122-ebce-457e-b6a7-42a4bd6d8819', 'Premium Dress 871', 'Description for Premium Dress 871. Optimized for search and performance test.', 'a1f14bdf-dcc2-46b3-b81a-d9ecbd9c9cde');
INSERT INTO product_variants (id, product_id, sku, price, stock_quantity, attributes) VALUES ('5789ec65-a987-4012-9961-f2dbe7df768e', '93fbb122-ebce-457e-b6a7-42a4bd6d8819', 'DRESS-871-W1-5789', 3943, 51, '{"color": "White", "size": "16GB RAM"}');
INSERT INTO product_variants (id, product_id, sku, price, stock_quantity, attributes) VALUES ('d8cbfbe0-9b21-4161-87ee-f8e9bc180a07', '93fbb122-ebce-457e-b6a7-42a4bd6d8819', 'DRESS-871-BX-D8CB', 3152, 50, '{"color": "Blue", "size": "XL"}');
INSERT INTO product_variants (id, product_id, sku, price, stock_quantity, attributes) VALUES ('063d1d55-db78-436a-8f83-c1e165bb80db', '93fbb122-ebce-457e-b6a7-42a4bd6d8819', 'DRESS-871-GS-063D', 2205, 46, '{"color": "Green", "size": "S"}');
INSERT INTO products (id, name, description, category_id) VALUES ('fa1549bd-34ce-4e69-bc0d-ffd881a0f7b5', 'Lite Headphones 716', 'Description for Lite Headphones 716. Optimized for search and performance test.', 'a1f14bdf-dcc2-46b3-b81a-d9ecbd9c9cde');
INSERT INTO product_variants (id, product_id, sku, price, stock_quantity, attributes) VALUES ('220192da-4975-48fb-9662-984f916d41da', 'fa1549bd-34ce-4e69-bc0d-ffd881a0f7b5', 'HEADPHONES-716-BX-2201', 2926, 132, '{"color": "Blue", "size": "XL"}');
INSERT INTO product_variants (id, product_id, sku, price, stock_quantity, attributes) VALUES ('032d8b40-e989-43e7-bfbe-25fd3c52f947', 'fa1549bd-34ce-4e69-bc0d-ffd881a0f7b5', 'HEADPHONES-716-RX-032D', 4624, 48, '{"color": "Red", "size": "XL"}');
INSERT INTO product_variants (id, product_id, sku, price, stock_quantity, attributes) VALUES ('6fbb6a1e-be75-4b54-8368-2d0264e4573c', 'fa1549bd-34ce-4e69-bc0d-ffd881a0f7b5', 'HEADPHONES-716-SX-6FBB', 4432, 126, '{"color": "Silver", "size": "XXL"}');
INSERT INTO products (id, name, description, category_id) VALUES ('902c0363-db09-4968-9aac-784292396280', 'Lite Laptop 743', 'Description for Lite Laptop 743. Optimized for search and performance test.', 'a1f14bdf-dcc2-46b3-b81a-d9ecbd9c9cde');
INSERT INTO product_variants (id, product_id, sku, price, stock_quantity, attributes) VALUES ('2ec9828d-358e-4d03-8847-6061f3f348eb', '902c0363-db09-4968-9aac-784292396280', 'LAPTOP-743-G6-2EC9', 1581, 30, '{"color": "Gold", "size": "64GB"}');
INSERT INTO product_variants (id, product_id, sku, price, stock_quantity, attributes) VALUES ('83d5f17f-9b88-478c-a6c7-62eed5209f69', '902c0363-db09-4968-9aac-784292396280', 'LAPTOP-743-G1-83D5', 1762, 143, '{"color": "Green", "size": "128GB"}');
INSERT INTO product_variants (id, product_id, sku, price, stock_quantity, attributes) VALUES ('cb801706-5e1e-4be7-a199-1e9c7c6e3538', '902c0363-db09-4968-9aac-784292396280', 'LAPTOP-743-S1-CB80', 3585, 136, '{"color": "Silver", "size": "128GB"}');
INSERT INTO products (id, name, description, category_id) VALUES ('a011661b-91e3-445d-bf4e-67440e76cdeb', 'Eco Laptop 755', 'Description for Eco Laptop 755. Optimized for search and performance test.', 'a1f14bdf-dcc2-46b3-b81a-d9ecbd9c9cde');
INSERT INTO product_variants (id, product_id, sku, price, stock_quantity, attributes) VALUES ('4bb3b28b-fc65-4a0b-9fa4-054d92419a92', 'a011661b-91e3-445d-bf4e-67440e76cdeb', 'LAPTOP-755-GX-4BB3', 4277, 48, '{"color": "Gold", "size": "XL"}');
INSERT INTO product_variants (id, product_id, sku, price, stock_quantity, attributes) VALUES ('481e513b-e16b-4f6a-bbad-9686fc93b1a3', 'a011661b-91e3-445d-bf4e-67440e76cdeb', 'LAPTOP-755-G2-481E', 1467, 21, '{"color": "Gold", "size": "256GB"}');
INSERT INTO product_variants (id, product_id, sku, price, stock_quantity, attributes) VALUES ('68c90034-4eff-4500-a9b5-48989bdd4b4d', 'a011661b-91e3-445d-bf4e-67440e76cdeb', 'LAPTOP-755-RL-68C9', 4593, 59, '{"color": "Red", "size": "L"}');
INSERT INTO products (id, name, description, category_id) VALUES ('3f9db966-e67f-479b-979e-ac40e8b92fa1', 'Elegant Table 309', 'Description for Elegant Table 309. Optimized for search and performance test.', 'a1f14bdf-dcc2-46b3-b81a-d9ecbd9c9cde');
INSERT INTO product_variants (id, product_id, sku, price, stock_quantity, attributes) VALUES ('13420d37-4e43-477b-b1c9-d94c37f0aede', '3f9db966-e67f-479b-979e-ac40e8b92fa1', 'TABLE-309-BX-1342', 3280, 153, '{"color": "Blue", "size": "XXL"}');
INSERT INTO product_variants (id, product_id, sku, price, stock_quantity, attributes) VALUES ('61635fa7-7181-4960-8b05-4bc97a418368', '3f9db966-e67f-479b-979e-ac40e8b92fa1', 'TABLE-309-SL-6163', 4426, 25, '{"color": "Silver", "size": "L"}');
INSERT INTO product_variants (id, product_id, sku, price, stock_quantity, attributes) VALUES ('3dc82e02-6a41-47a0-96a0-485501bc99cb', '3f9db966-e67f-479b-979e-ac40e8b92fa1', 'TABLE-309-R2-3DC8', 3766, 107, '{"color": "Red", "size": "256GB"}');
INSERT INTO products (id, name, description, category_id) VALUES ('d5f9d4e2-3fce-4870-a1fa-55bd813526dd', 'Lite Phone 781', 'Description for Lite Phone 781. Optimized for search and performance test.', 'a1f14bdf-dcc2-46b3-b81a-d9ecbd9c9cde');
INSERT INTO product_variants (id, product_id, sku, price, stock_quantity, attributes) VALUES ('a92e2be7-3df1-4cb5-ac8a-de9caa9fce0c', 'd5f9d4e2-3fce-4870-a1fa-55bd813526dd', 'PHONE-781-RX-A92E', 1085, 183, '{"color": "Red", "size": "XXL"}');
INSERT INTO product_variants (id, product_id, sku, price, stock_quantity, attributes) VALUES ('64aaa49b-c7e9-44dc-9fb4-ca14178c783b', 'd5f9d4e2-3fce-4870-a1fa-55bd813526dd', 'PHONE-781-GS-64AA', 2048, 192, '{"color": "Green", "size": "S"}');
INSERT INTO product_variants (id, product_id, sku, price, stock_quantity, attributes) VALUES ('9346e7b5-4884-4c29-a9de-439cf9215d36', 'd5f9d4e2-3fce-4870-a1fa-55bd813526dd', 'PHONE-781-GX-9346', 2745, 130, '{"color": "Gold", "size": "XL"}');
INSERT INTO products (id, name, description, category_id) VALUES ('db6a67a3-61d8-44ef-a0da-92e54e435a84', 'Smart Dress 429', 'Description for Smart Dress 429. Optimized for search and performance test.', 'a1f14bdf-dcc2-46b3-b81a-d9ecbd9c9cde');
INSERT INTO product_variants (id, product_id, sku, price, stock_quantity, attributes) VALUES ('79e3fce4-e55e-4bbc-abe2-fe663d4e9d4b', 'db6a67a3-61d8-44ef-a0da-92e54e435a84', 'DRESS-429-W8-79E3', 1413, 150, '{"color": "White", "size": "8GB RAM"}');
INSERT INTO product_variants (id, product_id, sku, price, stock_quantity, attributes) VALUES ('e7e3dbce-23bf-45a0-89f5-9cac14f36b1f', 'db6a67a3-61d8-44ef-a0da-92e54e435a84', 'DRESS-429-B1-E7E3', 3904, 65, '{"color": "Black", "size": "16GB RAM"}');
INSERT INTO product_variants (id, product_id, sku, price, stock_quantity, attributes) VALUES ('0178b61f-f2b7-45e7-ac64-5595be29419b', 'db6a67a3-61d8-44ef-a0da-92e54e435a84', 'DRESS-429-G1-0178', 2214, 19, '{"color": "Gold", "size": "128GB"}');
INSERT INTO products (id, name, description, category_id) VALUES ('266c1e95-dc0f-40f8-a700-9aa956ceadf8', 'Pro Headphones 421', 'Description for Pro Headphones 421. Optimized for search and performance test.', 'a1f14bdf-dcc2-46b3-b81a-d9ecbd9c9cde');
INSERT INTO product_variants (id, product_id, sku, price, stock_quantity, attributes) VALUES ('4bc98639-9d33-487d-98f8-2be6ad1a519b', '266c1e95-dc0f-40f8-a700-9aa956ceadf8', 'HEADPHONES-421-W1-4BC9', 1385, 15, '{"color": "White", "size": "16GB RAM"}');
INSERT INTO product_variants (id, product_id, sku, price, stock_quantity, attributes) VALUES ('7bf36063-a804-4834-8fad-281592dfb132', '266c1e95-dc0f-40f8-a700-9aa956ceadf8', 'HEADPHONES-421-WS-7BF3', 3511, 74, '{"color": "White", "size": "S"}');
INSERT INTO product_variants (id, product_id, sku, price, stock_quantity, attributes) VALUES ('76c90700-13df-432b-8bbf-20c502c074b4', '266c1e95-dc0f-40f8-a700-9aa956ceadf8', 'HEADPHONES-421-SX-76C9', 612, 124, '{"color": "Silver", "size": "XL"}');
INSERT INTO products (id, name, description, category_id) VALUES ('988597da-544b-41e3-82a8-e0fa116dff2b', 'Elegant Headphones 722', 'Description for Elegant Headphones 722. Optimized for search and performance test.', 'a1f14bdf-dcc2-46b3-b81a-d9ecbd9c9cde');
INSERT INTO product_variants (id, product_id, sku, price, stock_quantity, attributes) VALUES ('90b8fe54-9826-4aca-b13e-f11211800979', '988597da-544b-41e3-82a8-e0fa116dff2b', 'HEADPHONES-722-B1-90B8', 934, 53, '{"color": "Black", "size": "128GB"}');
INSERT INTO product_variants (id, product_id, sku, price, stock_quantity, attributes) VALUES ('660a84e5-8b96-4eb8-a381-581c46846bed', '988597da-544b-41e3-82a8-e0fa116dff2b', 'HEADPHONES-722-BS-660A', 222, 110, '{"color": "Blue", "size": "S"}');
INSERT INTO product_variants (id, product_id, sku, price, stock_quantity, attributes) VALUES ('2ec8db32-2ece-41ca-a185-5e4b692a2e1e', '988597da-544b-41e3-82a8-e0fa116dff2b', 'HEADPHONES-722-GS-2EC8', 876, 165, '{"color": "Gold", "size": "S"}');
INSERT INTO products (id, name, description, category_id) VALUES ('269e0aa6-0586-4e3b-b1d6-529514e4deef', 'Eco Shirt 851', 'Description for Eco Shirt 851. Optimized for search and performance test.', 'a1f14bdf-dcc2-46b3-b81a-d9ecbd9c9cde');
INSERT INTO product_variants (id, product_id, sku, price, stock_quantity, attributes) VALUES ('2335cb9a-e5ba-49e6-9e0f-c7aa13786692', '269e0aa6-0586-4e3b-b1d6-529514e4deef', 'SHIRT-851-BS-2335', 3741, 53, '{"color": "Black", "size": "S"}');
INSERT INTO product_variants (id, product_id, sku, price, stock_quantity, attributes) VALUES ('a88fcfc0-91f6-401f-9909-a3c9083930be', '269e0aa6-0586-4e3b-b1d6-529514e4deef', 'SHIRT-851-G8-A88F', 4719, 151, '{"color": "Green", "size": "8GB RAM"}');
INSERT INTO product_variants (id, product_id, sku, price, stock_quantity, attributes) VALUES ('c1cfd3c5-b392-42cd-a2bb-6c3323b0ff7b', '269e0aa6-0586-4e3b-b1d6-529514e4deef', 'SHIRT-851-WX-C1CF', 1851, 188, '{"color": "White", "size": "XXL"}');
INSERT INTO products (id, name, description, category_id) VALUES ('d249b4cc-358e-46ba-94f4-2a1e96fc3103', 'Pro Speaker 412', 'Description for Pro Speaker 412. Optimized for search and performance test.', 'a1f14bdf-dcc2-46b3-b81a-d9ecbd9c9cde');
INSERT INTO product_variants (id, product_id, sku, price, stock_quantity, attributes) VALUES ('8e9e2590-3192-4a0e-a247-c95e9516ee9b', 'd249b4cc-358e-46ba-94f4-2a1e96fc3103', 'SPEAKER-412-B1-8E9E', 4601, 78, '{"color": "Blue", "size": "16GB RAM"}');
INSERT INTO product_variants (id, product_id, sku, price, stock_quantity, attributes) VALUES ('db128762-a4e1-4c11-81e3-16b9e6730245', 'd249b4cc-358e-46ba-94f4-2a1e96fc3103', 'SPEAKER-412-SL-DB12', 288, 35, '{"color": "Silver", "size": "L"}');
INSERT INTO product_variants (id, product_id, sku, price, stock_quantity, attributes) VALUES ('589d2081-bbb6-4df2-8663-57b097d04c41', 'd249b4cc-358e-46ba-94f4-2a1e96fc3103', 'SPEAKER-412-GL-589D', 634, 89, '{"color": "Green", "size": "L"}');
INSERT INTO products (id, name, description, category_id) VALUES ('52815f6e-4640-46a9-b024-99ea19c7c45a', 'Eco Phone 794', 'Description for Eco Phone 794. Optimized for search and performance test.', 'a1f14bdf-dcc2-46b3-b81a-d9ecbd9c9cde');
INSERT INTO product_variants (id, product_id, sku, price, stock_quantity, attributes) VALUES ('688191b3-df37-4571-86e3-e003df003336', '52815f6e-4640-46a9-b024-99ea19c7c45a', 'PHONE-794-R1-6881', 2207, 152, '{"color": "Red", "size": "128GB"}');
INSERT INTO product_variants (id, product_id, sku, price, stock_quantity, attributes) VALUES ('95687947-46f3-4647-8c66-bac9e6734355', '52815f6e-4640-46a9-b024-99ea19c7c45a', 'PHONE-794-G1-9568', 4236, 28, '{"color": "Gold", "size": "128GB"}');
INSERT INTO product_variants (id, product_id, sku, price, stock_quantity, attributes) VALUES ('88c9d711-4a3e-4473-a8cc-67e6fe74b7dd', '52815f6e-4640-46a9-b024-99ea19c7c45a', 'PHONE-794-SX-88C9', 4897, 81, '{"color": "Silver", "size": "XXL"}');
INSERT INTO products (id, name, description, category_id) VALUES ('aa422a2e-3d95-4472-b484-defe631a3a70', 'Premium Speaker 689', 'Description for Premium Speaker 689. Optimized for search and performance test.', 'a1f14bdf-dcc2-46b3-b81a-d9ecbd9c9cde');
INSERT INTO product_variants (id, product_id, sku, price, stock_quantity, attributes) VALUES ('007375e3-7c1e-474a-88a8-26bcef68b94b', 'aa422a2e-3d95-4472-b484-defe631a3a70', 'SPEAKER-689-G6-0073', 149, 50, '{"color": "Gold", "size": "64GB"}');
INSERT INTO product_variants (id, product_id, sku, price, stock_quantity, attributes) VALUES ('ddd455ed-bb1b-4970-a1e6-0c4ccf75b146', 'aa422a2e-3d95-4472-b484-defe631a3a70', 'SPEAKER-689-B2-DDD4', 579, 110, '{"color": "Blue", "size": "256GB"}');
INSERT INTO product_variants (id, product_id, sku, price, stock_quantity, attributes) VALUES ('dc3290a8-411b-437b-86e0-0ce17294d528', 'aa422a2e-3d95-4472-b484-defe631a3a70', 'SPEAKER-689-W1-DC32', 3441, 81, '{"color": "White", "size": "16GB RAM"}');
INSERT INTO products (id, name, description, category_id) VALUES ('8a523dfb-24c1-4527-9345-44cebb33ed76', 'Ultra Shirt 728', 'Description for Ultra Shirt 728. Optimized for search and performance test.', 'a1f14bdf-dcc2-46b3-b81a-d9ecbd9c9cde');
INSERT INTO product_variants (id, product_id, sku, price, stock_quantity, attributes) VALUES ('935a0e64-77a5-433f-b4b7-56f32a7692d3', '8a523dfb-24c1-4527-9345-44cebb33ed76', 'SHIRT-728-G1-935A', 3304, 88, '{"color": "Gold", "size": "128GB"}');
INSERT INTO product_variants (id, product_id, sku, price, stock_quantity, attributes) VALUES ('f40af070-75a5-4162-84a7-e83633da949a', '8a523dfb-24c1-4527-9345-44cebb33ed76', 'SHIRT-728-G2-F40A', 1256, 77, '{"color": "Green", "size": "256GB"}');
INSERT INTO product_variants (id, product_id, sku, price, stock_quantity, attributes) VALUES ('8744d6fc-6913-4f7b-82a0-c0e4429e4a15', '8a523dfb-24c1-4527-9345-44cebb33ed76', 'SHIRT-728-GL-8744', 2154, 137, '{"color": "Gold", "size": "L"}');
INSERT INTO products (id, name, description, category_id) VALUES ('63610a01-3d1f-49ae-8c8b-df2ab06276e9', 'Smart Headphones 648', 'Description for Smart Headphones 648. Optimized for search and performance test.', 'a1f14bdf-dcc2-46b3-b81a-d9ecbd9c9cde');
INSERT INTO product_variants (id, product_id, sku, price, stock_quantity, attributes) VALUES ('17fb1c41-cc51-418c-b9a5-a5a69fb06e1c', '63610a01-3d1f-49ae-8c8b-df2ab06276e9', 'HEADPHONES-648-B1-17FB', 4389, 135, '{"color": "Black", "size": "16GB RAM"}');
INSERT INTO product_variants (id, product_id, sku, price, stock_quantity, attributes) VALUES ('3567ba06-9723-4728-871a-aff513b4dee1', '63610a01-3d1f-49ae-8c8b-df2ab06276e9', 'HEADPHONES-648-R1-3567', 2639, 142, '{"color": "Red", "size": "128GB"}');
INSERT INTO product_variants (id, product_id, sku, price, stock_quantity, attributes) VALUES ('4a68b610-d536-4415-89aa-298f909f13fb', '63610a01-3d1f-49ae-8c8b-df2ab06276e9', 'HEADPHONES-648-BX-4A68', 235, 125, '{"color": "Blue", "size": "XXL"}');
INSERT INTO products (id, name, description, category_id) VALUES ('f5df883d-96cd-430a-a47b-0df25c11544d', 'Smart Shirt 110', 'Description for Smart Shirt 110. Optimized for search and performance test.', 'a1f14bdf-dcc2-46b3-b81a-d9ecbd9c9cde');
INSERT INTO product_variants (id, product_id, sku, price, stock_quantity, attributes) VALUES ('4ff3a590-b250-41ec-809c-5af27dcc0870', 'f5df883d-96cd-430a-a47b-0df25c11544d', 'SHIRT-110-GS-4FF3', 744, 192, '{"color": "Green", "size": "S"}');
INSERT INTO product_variants (id, product_id, sku, price, stock_quantity, attributes) VALUES ('ca6008d5-5ce4-49b2-97b2-914a6aef2eb5', 'f5df883d-96cd-430a-a47b-0df25c11544d', 'SHIRT-110-RM-CA60', 4458, 85, '{"color": "Red", "size": "M"}');
INSERT INTO product_variants (id, product_id, sku, price, stock_quantity, attributes) VALUES ('1c6bd6dc-0d8f-4c6a-9d5a-758c0161075f', 'f5df883d-96cd-430a-a47b-0df25c11544d', 'SHIRT-110-GX-1C6B', 450, 11, '{"color": "Green", "size": "XL"}');
INSERT INTO products (id, name, description, category_id) VALUES ('33dc78c4-81bd-4acc-bfd4-abcf2da6b89d', 'Ultra Table 767', 'Description for Ultra Table 767. Optimized for search and performance test.', 'a1f14bdf-dcc2-46b3-b81a-d9ecbd9c9cde');
INSERT INTO product_variants (id, product_id, sku, price, stock_quantity, attributes) VALUES ('f383996b-85e3-428c-ba6e-79cf95ea1c1f', '33dc78c4-81bd-4acc-bfd4-abcf2da6b89d', 'TABLE-767-G6-F383', 2744, 105, '{"color": "Green", "size": "64GB"}');
INSERT INTO product_variants (id, product_id, sku, price, stock_quantity, attributes) VALUES ('3df3be26-8ff1-4cc2-ad60-dc78a5751820', '33dc78c4-81bd-4acc-bfd4-abcf2da6b89d', 'TABLE-767-B1-3DF3', 4804, 17, '{"color": "Black", "size": "128GB"}');
INSERT INTO product_variants (id, product_id, sku, price, stock_quantity, attributes) VALUES ('1aa0e2b8-c231-4617-ae22-46719f00a8cf', '33dc78c4-81bd-4acc-bfd4-abcf2da6b89d', 'TABLE-767-W8-1AA0', 2666, 113, '{"color": "White", "size": "8GB RAM"}');
INSERT INTO products (id, name, description, category_id) VALUES ('9f429c30-1293-4763-adc0-76f6f33707f7', 'Ultra Speaker 988', 'Description for Ultra Speaker 988. Optimized for search and performance test.', 'a1f14bdf-dcc2-46b3-b81a-d9ecbd9c9cde');
INSERT INTO product_variants (id, product_id, sku, price, stock_quantity, attributes) VALUES ('11efac81-01f3-4d30-ad31-e793fd04f6d0', '9f429c30-1293-4763-adc0-76f6f33707f7', 'SPEAKER-988-B2-11EF', 3352, 152, '{"color": "Blue", "size": "256GB"}');
INSERT INTO product_variants (id, product_id, sku, price, stock_quantity, attributes) VALUES ('2dc1029f-14da-4f31-a1f3-5c8714be8649', '9f429c30-1293-4763-adc0-76f6f33707f7', 'SPEAKER-988-W8-2DC1', 4782, 11, '{"color": "White", "size": "8GB RAM"}');
INSERT INTO product_variants (id, product_id, sku, price, stock_quantity, attributes) VALUES ('b5558dd8-6537-4d19-9cfc-32b74d0c4ee5', '9f429c30-1293-4763-adc0-76f6f33707f7', 'SPEAKER-988-BX-B555', 2826, 87, '{"color": "Blue", "size": "XL"}');
INSERT INTO products (id, name, description, category_id) VALUES ('af43ce4d-acb3-47ad-8601-219079a2a0c1', 'Premium Shirt 780', 'Description for Premium Shirt 780. Optimized for search and performance test.', 'a1f14bdf-dcc2-46b3-b81a-d9ecbd9c9cde');
INSERT INTO product_variants (id, product_id, sku, price, stock_quantity, attributes) VALUES ('33cc9937-bf5c-48dc-b12e-2c8b361a12c1', 'af43ce4d-acb3-47ad-8601-219079a2a0c1', 'SHIRT-780-GX-33CC', 3386, 110, '{"color": "Gold", "size": "XL"}');
INSERT INTO product_variants (id, product_id, sku, price, stock_quantity, attributes) VALUES ('52bbafeb-2301-4f9e-93b5-aae70b681593', 'af43ce4d-acb3-47ad-8601-219079a2a0c1', 'SHIRT-780-BM-52BB', 3893, 66, '{"color": "Blue", "size": "M"}');
INSERT INTO product_variants (id, product_id, sku, price, stock_quantity, attributes) VALUES ('f2d10059-992c-41be-bca4-26fe425a3275', 'af43ce4d-acb3-47ad-8601-219079a2a0c1', 'SHIRT-780-BX-F2D1', 2935, 80, '{"color": "Black", "size": "XXL"}');
INSERT INTO products (id, name, description, category_id) VALUES ('4cb50935-7c6e-419c-a2a6-0fb80b9327db', 'Elegant Camera 404', 'Description for Elegant Camera 404. Optimized for search and performance test.', 'a1f14bdf-dcc2-46b3-b81a-d9ecbd9c9cde');
INSERT INTO product_variants (id, product_id, sku, price, stock_quantity, attributes) VALUES ('05d5b292-1189-4b1c-9b3b-2d36e434ff75', '4cb50935-7c6e-419c-a2a6-0fb80b9327db', 'CAMERA-404-BS-05D5', 4090, 106, '{"color": "Black", "size": "S"}');
INSERT INTO product_variants (id, product_id, sku, price, stock_quantity, attributes) VALUES ('464a3e10-b7eb-4233-9460-e040eaf44f63', '4cb50935-7c6e-419c-a2a6-0fb80b9327db', 'CAMERA-404-GL-464A', 3291, 130, '{"color": "Green", "size": "L"}');
INSERT INTO product_variants (id, product_id, sku, price, stock_quantity, attributes) VALUES ('e0ef80ae-4247-450e-a1a7-b60b97af5575', '4cb50935-7c6e-419c-a2a6-0fb80b9327db', 'CAMERA-404-RX-E0EF', 3977, 12, '{"color": "Red", "size": "XXL"}');
INSERT INTO products (id, name, description, category_id) VALUES ('71f55fca-6302-4f32-b781-c9dcf76d6df9', 'Lite Monitor 284', 'Description for Lite Monitor 284. Optimized for search and performance test.', 'ca0a07d5-6d1d-4097-83c2-12051da10fa6');
INSERT INTO product_variants (id, product_id, sku, price, stock_quantity, attributes) VALUES ('88f0d2de-557e-4de7-806d-646b6068152c', '71f55fca-6302-4f32-b781-c9dcf76d6df9', 'MONITOR-284-B1-88F0', 4256, 149, '{"color": "Blue", "size": "128GB"}');
INSERT INTO product_variants (id, product_id, sku, price, stock_quantity, attributes) VALUES ('b91fcd5a-b2cf-44d0-89e2-3f250532d6cb', '71f55fca-6302-4f32-b781-c9dcf76d6df9', 'MONITOR-284-WX-B91F', 4668, 112, '{"color": "White", "size": "XL"}');
INSERT INTO product_variants (id, product_id, sku, price, stock_quantity, attributes) VALUES ('7646ea26-1bed-476c-8ec9-d5d8a344d908', '71f55fca-6302-4f32-b781-c9dcf76d6df9', 'MONITOR-284-GM-7646', 989, 136, '{"color": "Gold", "size": "M"}');
INSERT INTO products (id, name, description, category_id) VALUES ('22578856-74f1-410a-a6d8-a0d6870a4b4c', 'Eco Monitor 121', 'Description for Eco Monitor 121. Optimized for search and performance test.', 'ca0a07d5-6d1d-4097-83c2-12051da10fa6');
INSERT INTO product_variants (id, product_id, sku, price, stock_quantity, attributes) VALUES ('aab873a3-143f-4f87-809d-2ffd68d4a633', '22578856-74f1-410a-a6d8-a0d6870a4b4c', 'MONITOR-121-SX-AAB8', 4205, 60, '{"color": "Silver", "size": "XL"}');
INSERT INTO product_variants (id, product_id, sku, price, stock_quantity, attributes) VALUES ('30563655-4d6d-411a-8431-3157a7c06660', '22578856-74f1-410a-a6d8-a0d6870a4b4c', 'MONITOR-121-G2-3056', 4604, 144, '{"color": "Gold", "size": "256GB"}');
INSERT INTO product_variants (id, product_id, sku, price, stock_quantity, attributes) VALUES ('f60b7426-a188-4880-aa81-ac56b32b8734', '22578856-74f1-410a-a6d8-a0d6870a4b4c', 'MONITOR-121-GX-F60B', 1074, 33, '{"color": "Green", "size": "XXL"}');
INSERT INTO products (id, name, description, category_id) VALUES ('23092bb4-381d-4723-bf59-557cda8ae5a3', 'Smart Bed 615', 'Description for Smart Bed 615. Optimized for search and performance test.', 'ca0a07d5-6d1d-4097-83c2-12051da10fa6');
INSERT INTO product_variants (id, product_id, sku, price, stock_quantity, attributes) VALUES ('6e6601cc-21f6-4385-9f1d-15f1d29b02f5', '23092bb4-381d-4723-bf59-557cda8ae5a3', 'BED-615-B2-6E66', 277, 11, '{"color": "Blue", "size": "256GB"}');
INSERT INTO product_variants (id, product_id, sku, price, stock_quantity, attributes) VALUES ('19173ffb-74bc-4452-a5be-ed3ecc0ab84f', '23092bb4-381d-4723-bf59-557cda8ae5a3', 'BED-615-GL-1917', 573, 55, '{"color": "Gold", "size": "L"}');
INSERT INTO product_variants (id, product_id, sku, price, stock_quantity, attributes) VALUES ('2a0e5f09-3de4-41c4-995a-62c5ab621233', '23092bb4-381d-4723-bf59-557cda8ae5a3', 'BED-615-B1-2A0E', 3437, 61, '{"color": "Blue", "size": "128GB"}');
INSERT INTO products (id, name, description, category_id) VALUES ('775aa003-a11f-473c-8b75-cfee6a58b2aa', 'Lite Monitor 937', 'Description for Lite Monitor 937. Optimized for search and performance test.', 'ca0a07d5-6d1d-4097-83c2-12051da10fa6');
INSERT INTO product_variants (id, product_id, sku, price, stock_quantity, attributes) VALUES ('685807da-1a49-4958-86b6-2594ca5a72a6', '775aa003-a11f-473c-8b75-cfee6a58b2aa', 'MONITOR-937-RX-6858', 4602, 129, '{"color": "Red", "size": "XXL"}');
INSERT INTO product_variants (id, product_id, sku, price, stock_quantity, attributes) VALUES ('b1eae865-2371-4e27-9122-868e0e9ca5c2', '775aa003-a11f-473c-8b75-cfee6a58b2aa', 'MONITOR-937-BS-B1EA', 3759, 183, '{"color": "Black", "size": "S"}');
INSERT INTO product_variants (id, product_id, sku, price, stock_quantity, attributes) VALUES ('d53ef10e-1eb5-4c3f-9589-76d384b8819d', '775aa003-a11f-473c-8b75-cfee6a58b2aa', 'MONITOR-937-B2-D53E', 1387, 195, '{"color": "Blue", "size": "256GB"}');
INSERT INTO products (id, name, description, category_id) VALUES ('500c7267-0421-4559-a39c-2176e45b4cff', 'Premium Phone 788', 'Description for Premium Phone 788. Optimized for search and performance test.', 'ca0a07d5-6d1d-4097-83c2-12051da10fa6');
INSERT INTO product_variants (id, product_id, sku, price, stock_quantity, attributes) VALUES ('b72cee6f-a6c8-4e07-8c87-fa04f68bae4a', '500c7267-0421-4559-a39c-2176e45b4cff', 'PHONE-788-RL-B72C', 1040, 44, '{"color": "Red", "size": "L"}');
INSERT INTO product_variants (id, product_id, sku, price, stock_quantity, attributes) VALUES ('e07a0d01-734b-4144-9b74-f24067e6ebbe', '500c7267-0421-4559-a39c-2176e45b4cff', 'PHONE-788-GX-E07A', 2853, 135, '{"color": "Green", "size": "XL"}');
INSERT INTO product_variants (id, product_id, sku, price, stock_quantity, attributes) VALUES ('c39fba84-5711-406b-b7e1-fb08470afa01', '500c7267-0421-4559-a39c-2176e45b4cff', 'PHONE-788-RX-C39F', 1059, 102, '{"color": "Red", "size": "XXL"}');
INSERT INTO products (id, name, description, category_id) VALUES ('297a1b6d-484e-47b9-a11d-965a5f5d4b22', 'Original Backpack 957', 'Description for Original Backpack 957. Optimized for search and performance test.', 'ca0a07d5-6d1d-4097-83c2-12051da10fa6');
INSERT INTO product_variants (id, product_id, sku, price, stock_quantity, attributes) VALUES ('2f974e81-e11e-4b0f-a903-bbcf05736a58', '297a1b6d-484e-47b9-a11d-965a5f5d4b22', 'BACKPACK-957-GM-2F97', 909, 84, '{"color": "Gold", "size": "M"}');
INSERT INTO product_variants (id, product_id, sku, price, stock_quantity, attributes) VALUES ('9cec645b-52c6-4e59-8c9d-5e3a5f6594a1', '297a1b6d-484e-47b9-a11d-965a5f5d4b22', 'BACKPACK-957-R8-9CEC', 3617, 54, '{"color": "Red", "size": "8GB RAM"}');
INSERT INTO product_variants (id, product_id, sku, price, stock_quantity, attributes) VALUES ('d6e1a1dc-98c4-4387-850b-91a31e4199e6', '297a1b6d-484e-47b9-a11d-965a5f5d4b22', 'BACKPACK-957-GM-D6E1', 2562, 122, '{"color": "Green", "size": "M"}');
INSERT INTO products (id, name, description, category_id) VALUES ('90603a57-e237-4fce-b31c-cf7d6fb1f734', 'Pro Table 845', 'Description for Pro Table 845. Optimized for search and performance test.', 'ca0a07d5-6d1d-4097-83c2-12051da10fa6');
INSERT INTO product_variants (id, product_id, sku, price, stock_quantity, attributes) VALUES ('bf649ca3-f5df-4a95-81ee-1126a26e2bc0', '90603a57-e237-4fce-b31c-cf7d6fb1f734', 'TABLE-845-BL-BF64', 366, 90, '{"color": "Black", "size": "L"}');
INSERT INTO product_variants (id, product_id, sku, price, stock_quantity, attributes) VALUES ('b626d53e-9dbe-437f-b445-2e1abcbad913', '90603a57-e237-4fce-b31c-cf7d6fb1f734', 'TABLE-845-B2-B626', 3474, 173, '{"color": "Blue", "size": "256GB"}');
INSERT INTO product_variants (id, product_id, sku, price, stock_quantity, attributes) VALUES ('64ec0427-b1fe-404d-9e2e-521eaac2439b', '90603a57-e237-4fce-b31c-cf7d6fb1f734', 'TABLE-845-S1-64EC', 4357, 160, '{"color": "Silver", "size": "16GB RAM"}');
INSERT INTO products (id, name, description, category_id) VALUES ('94073799-8aff-44bd-b12e-001988ea0d5f', 'Original Laptop 754', 'Description for Original Laptop 754. Optimized for search and performance test.', 'ca0a07d5-6d1d-4097-83c2-12051da10fa6');
INSERT INTO product_variants (id, product_id, sku, price, stock_quantity, attributes) VALUES ('cc7b46d8-1f22-4545-9368-145a50f5ee7e', '94073799-8aff-44bd-b12e-001988ea0d5f', 'LAPTOP-754-G6-CC7B', 3501, 175, '{"color": "Green", "size": "64GB"}');
INSERT INTO product_variants (id, product_id, sku, price, stock_quantity, attributes) VALUES ('5ea03e3d-4ff6-467e-9fdf-badb990ed96e', '94073799-8aff-44bd-b12e-001988ea0d5f', 'LAPTOP-754-GS-5EA0', 576, 191, '{"color": "Green", "size": "S"}');
INSERT INTO product_variants (id, product_id, sku, price, stock_quantity, attributes) VALUES ('0486d446-4c91-4664-87c8-c4061dda1a2e', '94073799-8aff-44bd-b12e-001988ea0d5f', 'LAPTOP-754-B6-0486', 501, 135, '{"color": "Black", "size": "64GB"}');
INSERT INTO products (id, name, description, category_id) VALUES ('4137edb2-ef54-493b-ac14-f93e17c2c6d2', 'Smart Dress 409', 'Description for Smart Dress 409. Optimized for search and performance test.', 'ca0a07d5-6d1d-4097-83c2-12051da10fa6');
INSERT INTO product_variants (id, product_id, sku, price, stock_quantity, attributes) VALUES ('1435969d-3f44-4e60-a2e1-4641a5e10572', '4137edb2-ef54-493b-ac14-f93e17c2c6d2', 'DRESS-409-G8-1435', 4971, 184, '{"color": "Green", "size": "8GB RAM"}');
INSERT INTO product_variants (id, product_id, sku, price, stock_quantity, attributes) VALUES ('2c7a921c-fe35-4b80-a745-d069365d513b', '4137edb2-ef54-493b-ac14-f93e17c2c6d2', 'DRESS-409-RX-2C7A', 1932, 91, '{"color": "Red", "size": "XL"}');
INSERT INTO product_variants (id, product_id, sku, price, stock_quantity, attributes) VALUES ('7435f656-85de-448f-ab36-a34f515cee31', '4137edb2-ef54-493b-ac14-f93e17c2c6d2', 'DRESS-409-RS-7435', 4891, 98, '{"color": "Red", "size": "S"}');
INSERT INTO products (id, name, description, category_id) VALUES ('dd0d87ba-eb2f-4bd2-be0d-abf0e7392a39', 'Smart Headphones 534', 'Description for Smart Headphones 534. Optimized for search and performance test.', 'ca0a07d5-6d1d-4097-83c2-12051da10fa6');
INSERT INTO product_variants (id, product_id, sku, price, stock_quantity, attributes) VALUES ('b28f0c73-a9fd-4159-9ad0-5098dbe9b1de', 'dd0d87ba-eb2f-4bd2-be0d-abf0e7392a39', 'HEADPHONES-534-R8-B28F', 1660, 184, '{"color": "Red", "size": "8GB RAM"}');
INSERT INTO product_variants (id, product_id, sku, price, stock_quantity, attributes) VALUES ('5c143846-a599-4aa2-af95-eb4a8a39f11c', 'dd0d87ba-eb2f-4bd2-be0d-abf0e7392a39', 'HEADPHONES-534-W2-5C14', 3259, 129, '{"color": "White", "size": "256GB"}');
INSERT INTO product_variants (id, product_id, sku, price, stock_quantity, attributes) VALUES ('844eae91-aab0-4a18-a5ef-3b2872107dde', 'dd0d87ba-eb2f-4bd2-be0d-abf0e7392a39', 'HEADPHONES-534-G1-844E', 1292, 13, '{"color": "Green", "size": "128GB"}');
INSERT INTO products (id, name, description, category_id) VALUES ('4a5931b1-3340-4295-9580-15488cfcc8ad', 'Elegant Laptop 582', 'Description for Elegant Laptop 582. Optimized for search and performance test.', 'ca0a07d5-6d1d-4097-83c2-12051da10fa6');
INSERT INTO product_variants (id, product_id, sku, price, stock_quantity, attributes) VALUES ('621a2f95-9965-4a87-908e-b7e67c542e42', '4a5931b1-3340-4295-9580-15488cfcc8ad', 'LAPTOP-582-BM-621A', 1590, 119, '{"color": "Black", "size": "M"}');
INSERT INTO product_variants (id, product_id, sku, price, stock_quantity, attributes) VALUES ('a94572f4-8c9f-4d2e-9539-dc677161561d', '4a5931b1-3340-4295-9580-15488cfcc8ad', 'LAPTOP-582-RL-A945', 3369, 64, '{"color": "Red", "size": "L"}');
INSERT INTO product_variants (id, product_id, sku, price, stock_quantity, attributes) VALUES ('aa331ec1-1254-44ff-9440-df7bf8af0a47', '4a5931b1-3340-4295-9580-15488cfcc8ad', 'LAPTOP-582-G1-AA33', 2598, 143, '{"color": "Gold", "size": "16GB RAM"}');
INSERT INTO products (id, name, description, category_id) VALUES ('a90e9093-566c-4921-9974-819f9e1c650a', 'Ultra Shirt 706', 'Description for Ultra Shirt 706. Optimized for search and performance test.', 'ca0a07d5-6d1d-4097-83c2-12051da10fa6');
INSERT INTO product_variants (id, product_id, sku, price, stock_quantity, attributes) VALUES ('42a70dec-1451-4042-8c13-e89154be72a1', 'a90e9093-566c-4921-9974-819f9e1c650a', 'SHIRT-706-BX-42A7', 1768, 54, '{"color": "Black", "size": "XXL"}');
INSERT INTO product_variants (id, product_id, sku, price, stock_quantity, attributes) VALUES ('19722b6a-3102-4682-8104-ebe2a8e7b36a', 'a90e9093-566c-4921-9974-819f9e1c650a', 'SHIRT-706-GX-1972', 3516, 122, '{"color": "Gold", "size": "XXL"}');
INSERT INTO product_variants (id, product_id, sku, price, stock_quantity, attributes) VALUES ('1a2edf65-30e7-43c5-81d4-f83e630aa6c0', 'a90e9093-566c-4921-9974-819f9e1c650a', 'SHIRT-706-W1-1A2E', 2906, 44, '{"color": "White", "size": "16GB RAM"}');
INSERT INTO products (id, name, description, category_id) VALUES ('b07c7975-c9ef-4c06-8fc0-c586be80981c', 'Eco Headphones 911', 'Description for Eco Headphones 911. Optimized for search and performance test.', 'ca0a07d5-6d1d-4097-83c2-12051da10fa6');
INSERT INTO product_variants (id, product_id, sku, price, stock_quantity, attributes) VALUES ('c1856ca7-6855-410c-9955-1c35d91bf38a', 'b07c7975-c9ef-4c06-8fc0-c586be80981c', 'HEADPHONES-911-B8-C185', 1009, 46, '{"color": "Black", "size": "8GB RAM"}');
INSERT INTO product_variants (id, product_id, sku, price, stock_quantity, attributes) VALUES ('e56f8cb6-a1ad-4a75-880d-24a082d3a45a', 'b07c7975-c9ef-4c06-8fc0-c586be80981c', 'HEADPHONES-911-R1-E56F', 3976, 107, '{"color": "Red", "size": "128GB"}');
INSERT INTO product_variants (id, product_id, sku, price, stock_quantity, attributes) VALUES ('ac0c964d-3af3-4643-96f5-c5fb5de67a66', 'b07c7975-c9ef-4c06-8fc0-c586be80981c', 'HEADPHONES-911-WM-AC0C', 4892, 21, '{"color": "White", "size": "M"}');
INSERT INTO products (id, name, description, category_id) VALUES ('6036cece-93bb-4d1b-b84d-23edfcc61723', 'Original Shirt 954', 'Description for Original Shirt 954. Optimized for search and performance test.', 'ca0a07d5-6d1d-4097-83c2-12051da10fa6');
INSERT INTO product_variants (id, product_id, sku, price, stock_quantity, attributes) VALUES ('a37377a7-48e8-41b9-80cd-ab7675213100', '6036cece-93bb-4d1b-b84d-23edfcc61723', 'SHIRT-954-G1-A373', 2309, 42, '{"color": "Gold", "size": "128GB"}');
INSERT INTO product_variants (id, product_id, sku, price, stock_quantity, attributes) VALUES ('c898cb6f-af88-4f13-b434-576c4bf24040', '6036cece-93bb-4d1b-b84d-23edfcc61723', 'SHIRT-954-W8-C898', 3625, 90, '{"color": "White", "size": "8GB RAM"}');
INSERT INTO product_variants (id, product_id, sku, price, stock_quantity, attributes) VALUES ('db311ed9-c13b-4a14-931b-ec48187d038b', '6036cece-93bb-4d1b-b84d-23edfcc61723', 'SHIRT-954-S8-DB31', 2747, 182, '{"color": "Silver", "size": "8GB RAM"}');
INSERT INTO products (id, name, description, category_id) VALUES ('83e4689c-7d5d-4b24-bd7e-6f36c287ed10', 'Eco Bed 465', 'Description for Eco Bed 465. Optimized for search and performance test.', 'ca0a07d5-6d1d-4097-83c2-12051da10fa6');
INSERT INTO product_variants (id, product_id, sku, price, stock_quantity, attributes) VALUES ('8373d1e4-4a45-4b39-9014-0425eec9d8b5', '83e4689c-7d5d-4b24-bd7e-6f36c287ed10', 'BED-465-BM-8373', 1905, 122, '{"color": "Black", "size": "M"}');
INSERT INTO product_variants (id, product_id, sku, price, stock_quantity, attributes) VALUES ('f03fed37-f8b0-43ad-936a-b2370900a6b9', '83e4689c-7d5d-4b24-bd7e-6f36c287ed10', 'BED-465-WX-F03F', 1054, 162, '{"color": "White", "size": "XXL"}');
INSERT INTO product_variants (id, product_id, sku, price, stock_quantity, attributes) VALUES ('4a702dc3-f820-4248-b22e-71069fb0104d', '83e4689c-7d5d-4b24-bd7e-6f36c287ed10', 'BED-465-BX-4A70', 3800, 55, '{"color": "Black", "size": "XL"}');
INSERT INTO products (id, name, description, category_id) VALUES ('4f549548-ba02-4734-a75a-bd9bf018c114', 'Elegant Camera 932', 'Description for Elegant Camera 932. Optimized for search and performance test.', 'ca0a07d5-6d1d-4097-83c2-12051da10fa6');
INSERT INTO product_variants (id, product_id, sku, price, stock_quantity, attributes) VALUES ('2db1d85a-862b-4d1d-821f-d82dddfa591c', '4f549548-ba02-4734-a75a-bd9bf018c114', 'CAMERA-932-B2-2DB1', 1340, 178, '{"color": "Blue", "size": "256GB"}');
INSERT INTO product_variants (id, product_id, sku, price, stock_quantity, attributes) VALUES ('9ab10c74-0d5c-48ac-b32a-4b6acdcba11b', '4f549548-ba02-4734-a75a-bd9bf018c114', 'CAMERA-932-BL-9AB1', 2586, 89, '{"color": "Black", "size": "L"}');
INSERT INTO product_variants (id, product_id, sku, price, stock_quantity, attributes) VALUES ('4c2cbc9d-9bb5-4061-9c1f-fafc9597870b', '4f549548-ba02-4734-a75a-bd9bf018c114', 'CAMERA-932-BX-4C2C', 3581, 161, '{"color": "Black", "size": "XL"}');
INSERT INTO products (id, name, description, category_id) VALUES ('95794891-5670-4077-858e-11d1a6c1eb43', 'Lite Headphones 134', 'Description for Lite Headphones 134. Optimized for search and performance test.', 'ca0a07d5-6d1d-4097-83c2-12051da10fa6');
INSERT INTO product_variants (id, product_id, sku, price, stock_quantity, attributes) VALUES ('1e462a46-fd08-43a2-a2ff-564af3e81b63', '95794891-5670-4077-858e-11d1a6c1eb43', 'HEADPHONES-134-W1-1E46', 1990, 18, '{"color": "White", "size": "128GB"}');
INSERT INTO product_variants (id, product_id, sku, price, stock_quantity, attributes) VALUES ('eb1456a5-f1a9-4559-b3f1-e9eb87e650f5', '95794891-5670-4077-858e-11d1a6c1eb43', 'HEADPHONES-134-BM-EB14', 4348, 48, '{"color": "Black", "size": "M"}');
INSERT INTO product_variants (id, product_id, sku, price, stock_quantity, attributes) VALUES ('507361a4-67af-4996-b7a6-448f297d3591', '95794891-5670-4077-858e-11d1a6c1eb43', 'HEADPHONES-134-B6-5073', 4454, 87, '{"color": "Blue", "size": "64GB"}');
INSERT INTO products (id, name, description, category_id) VALUES ('81573757-b9ad-48ca-b357-64285f498a4a', 'Smart Bed 995', 'Description for Smart Bed 995. Optimized for search and performance test.', 'ca0a07d5-6d1d-4097-83c2-12051da10fa6');
INSERT INTO product_variants (id, product_id, sku, price, stock_quantity, attributes) VALUES ('d243257a-5b0c-4a6d-90da-cbec563865d4', '81573757-b9ad-48ca-b357-64285f498a4a', 'BED-995-B2-D243', 2538, 169, '{"color": "Black", "size": "256GB"}');
INSERT INTO product_variants (id, product_id, sku, price, stock_quantity, attributes) VALUES ('9f25473a-c99e-40fd-8b4f-be12573eb834', '81573757-b9ad-48ca-b357-64285f498a4a', 'BED-995-G2-9F25', 2085, 182, '{"color": "Green", "size": "256GB"}');
INSERT INTO product_variants (id, product_id, sku, price, stock_quantity, attributes) VALUES ('d06ef81c-4ce0-4db0-b89f-a33d64366cbc', '81573757-b9ad-48ca-b357-64285f498a4a', 'BED-995-SX-D06E', 556, 52, '{"color": "Silver", "size": "XL"}');
INSERT INTO products (id, name, description, category_id) VALUES ('5ae80529-c6ba-4613-9828-600d432588d8', 'Ultra Bed 879', 'Description for Ultra Bed 879. Optimized for search and performance test.', 'ca0a07d5-6d1d-4097-83c2-12051da10fa6');
INSERT INTO product_variants (id, product_id, sku, price, stock_quantity, attributes) VALUES ('99537f98-3888-4387-930f-3037743d7d1c', '5ae80529-c6ba-4613-9828-600d432588d8', 'BED-879-BL-9953', 544, 37, '{"color": "Black", "size": "L"}');
INSERT INTO product_variants (id, product_id, sku, price, stock_quantity, attributes) VALUES ('f931aa21-372e-4026-95ac-a7500c5a2be8', '5ae80529-c6ba-4613-9828-600d432588d8', 'BED-879-W2-F931', 4398, 164, '{"color": "White", "size": "256GB"}');
INSERT INTO product_variants (id, product_id, sku, price, stock_quantity, attributes) VALUES ('121da939-6202-4954-8cdb-629889f0d3fe', '5ae80529-c6ba-4613-9828-600d432588d8', 'BED-879-S8-121D', 1596, 111, '{"color": "Silver", "size": "8GB RAM"}');
INSERT INTO products (id, name, description, category_id) VALUES ('61e9db0b-6c3b-4f99-8af3-7e0d3dc53adc', 'Pro Table 628', 'Description for Pro Table 628. Optimized for search and performance test.', 'ca0a07d5-6d1d-4097-83c2-12051da10fa6');
INSERT INTO product_variants (id, product_id, sku, price, stock_quantity, attributes) VALUES ('7084e8be-f98d-4e3c-8655-9bba9eb38510', '61e9db0b-6c3b-4f99-8af3-7e0d3dc53adc', 'TABLE-628-GX-7084', 2364, 34, '{"color": "Gold", "size": "XL"}');
INSERT INTO product_variants (id, product_id, sku, price, stock_quantity, attributes) VALUES ('fcaaea93-bdd6-44f1-b928-ffc308ba9896', '61e9db0b-6c3b-4f99-8af3-7e0d3dc53adc', 'TABLE-628-RL-FCAA', 3952, 97, '{"color": "Red", "size": "L"}');
INSERT INTO product_variants (id, product_id, sku, price, stock_quantity, attributes) VALUES ('60e38728-0857-42f2-a035-a51380dd763b', '61e9db0b-6c3b-4f99-8af3-7e0d3dc53adc', 'TABLE-628-SM-60E3', 3678, 142, '{"color": "Silver", "size": "M"}');
INSERT INTO products (id, name, description, category_id) VALUES ('94df6b03-16fd-40b0-a61a-4463ea3f4c5c', 'Pro Table 707', 'Description for Pro Table 707. Optimized for search and performance test.', 'ca0a07d5-6d1d-4097-83c2-12051da10fa6');
INSERT INTO product_variants (id, product_id, sku, price, stock_quantity, attributes) VALUES ('2aa15e38-178e-482b-8b4a-442f664888d2', '94df6b03-16fd-40b0-a61a-4463ea3f4c5c', 'TABLE-707-GX-2AA1', 2539, 96, '{"color": "Green", "size": "XL"}');
INSERT INTO product_variants (id, product_id, sku, price, stock_quantity, attributes) VALUES ('f586746a-ed7e-4e2d-b82c-01da236f4f2b', '94df6b03-16fd-40b0-a61a-4463ea3f4c5c', 'TABLE-707-R1-F586', 3244, 37, '{"color": "Red", "size": "128GB"}');
INSERT INTO product_variants (id, product_id, sku, price, stock_quantity, attributes) VALUES ('90d11720-32c7-46a9-8a49-59a34b92974e', '94df6b03-16fd-40b0-a61a-4463ea3f4c5c', 'TABLE-707-B2-90D1', 3953, 58, '{"color": "Blue", "size": "256GB"}');
INSERT INTO products (id, name, description, category_id) VALUES ('3b261a12-0b9e-44b7-a435-5def0f9104d8', 'Pro Speaker 771', 'Description for Pro Speaker 771. Optimized for search and performance test.', 'ca0a07d5-6d1d-4097-83c2-12051da10fa6');
INSERT INTO product_variants (id, product_id, sku, price, stock_quantity, attributes) VALUES ('c1457b45-0459-456f-bc5c-6ccfb36cdfab', '3b261a12-0b9e-44b7-a435-5def0f9104d8', 'SPEAKER-771-GX-C145', 794, 124, '{"color": "Gold", "size": "XXL"}');
INSERT INTO product_variants (id, product_id, sku, price, stock_quantity, attributes) VALUES ('ec52f8df-32bc-48f3-9b89-358ac91621d7', '3b261a12-0b9e-44b7-a435-5def0f9104d8', 'SPEAKER-771-WX-EC52', 414, 157, '{"color": "White", "size": "XXL"}');
INSERT INTO product_variants (id, product_id, sku, price, stock_quantity, attributes) VALUES ('e407a973-3d90-4c97-ab95-a0edcf280ad8', '3b261a12-0b9e-44b7-a435-5def0f9104d8', 'SPEAKER-771-R1-E407', 1849, 105, '{"color": "Red", "size": "16GB RAM"}');
INSERT INTO products (id, name, description, category_id) VALUES ('7a4b598a-edeb-4edb-b41f-fae0e27155ab', 'Eco Laptop 578', 'Description for Eco Laptop 578. Optimized for search and performance test.', 'ca0a07d5-6d1d-4097-83c2-12051da10fa6');
INSERT INTO product_variants (id, product_id, sku, price, stock_quantity, attributes) VALUES ('09fdaf58-0db8-4bfe-8353-a1a1a783c9ab', '7a4b598a-edeb-4edb-b41f-fae0e27155ab', 'LAPTOP-578-G1-09FD', 2863, 34, '{"color": "Gold", "size": "16GB RAM"}');
INSERT INTO product_variants (id, product_id, sku, price, stock_quantity, attributes) VALUES ('b7ef8090-b244-4704-ae27-a7d07376618c', '7a4b598a-edeb-4edb-b41f-fae0e27155ab', 'LAPTOP-578-GX-B7EF', 3179, 123, '{"color": "Green", "size": "XL"}');
INSERT INTO product_variants (id, product_id, sku, price, stock_quantity, attributes) VALUES ('b1caf055-541d-421e-be68-12e2ac7443f3', '7a4b598a-edeb-4edb-b41f-fae0e27155ab', 'LAPTOP-578-GX-B1CA', 1972, 149, '{"color": "Green", "size": "XL"}');
INSERT INTO products (id, name, description, category_id) VALUES ('5d447daa-4464-42fa-b595-88c25bb409d4', 'Elegant Speaker 860', 'Description for Elegant Speaker 860. Optimized for search and performance test.', 'ca0a07d5-6d1d-4097-83c2-12051da10fa6');
INSERT INTO product_variants (id, product_id, sku, price, stock_quantity, attributes) VALUES ('bba56dfd-e826-42f4-85d5-04e52318295f', '5d447daa-4464-42fa-b595-88c25bb409d4', 'SPEAKER-860-WX-BBA5', 3173, 198, '{"color": "White", "size": "XXL"}');
INSERT INTO product_variants (id, product_id, sku, price, stock_quantity, attributes) VALUES ('a7af2c1c-9a01-48b0-9608-ee4aa8c5c536', '5d447daa-4464-42fa-b595-88c25bb409d4', 'SPEAKER-860-W6-A7AF', 4088, 128, '{"color": "White", "size": "64GB"}');
INSERT INTO product_variants (id, product_id, sku, price, stock_quantity, attributes) VALUES ('9e969ab8-ed55-45ec-a1c1-3bb9c7c49b32', '5d447daa-4464-42fa-b595-88c25bb409d4', 'SPEAKER-860-BX-9E96', 846, 21, '{"color": "Blue", "size": "XXL"}');
INSERT INTO products (id, name, description, category_id) VALUES ('46d12bd9-d4b5-4684-b2cc-757b0686ad42', 'Lite Camera 715', 'Description for Lite Camera 715. Optimized for search and performance test.', 'ca0a07d5-6d1d-4097-83c2-12051da10fa6');
INSERT INTO product_variants (id, product_id, sku, price, stock_quantity, attributes) VALUES ('a82cb47f-8c52-458d-ae04-0c49991a3d75', '46d12bd9-d4b5-4684-b2cc-757b0686ad42', 'CAMERA-715-BM-A82C', 2390, 171, '{"color": "Blue", "size": "M"}');
INSERT INTO product_variants (id, product_id, sku, price, stock_quantity, attributes) VALUES ('75839d2d-c333-4a54-9ba4-4e89c6dc7715', '46d12bd9-d4b5-4684-b2cc-757b0686ad42', 'CAMERA-715-GX-7583', 2881, 15, '{"color": "Green", "size": "XXL"}');
INSERT INTO product_variants (id, product_id, sku, price, stock_quantity, attributes) VALUES ('cde52b33-e756-44da-8345-e3553922f2d3', '46d12bd9-d4b5-4684-b2cc-757b0686ad42', 'CAMERA-715-R8-CDE5', 1914, 72, '{"color": "Red", "size": "8GB RAM"}');
INSERT INTO products (id, name, description, category_id) VALUES ('3e355cef-038a-43a8-b89b-d481ee40ca41', 'Premium Headphones 637', 'Description for Premium Headphones 637. Optimized for search and performance test.', 'ca0a07d5-6d1d-4097-83c2-12051da10fa6');
INSERT INTO product_variants (id, product_id, sku, price, stock_quantity, attributes) VALUES ('0543b295-25cf-40cb-81fe-071f09c6e531', '3e355cef-038a-43a8-b89b-d481ee40ca41', 'HEADPHONES-637-B1-0543', 3799, 196, '{"color": "Blue", "size": "16GB RAM"}');
INSERT INTO product_variants (id, product_id, sku, price, stock_quantity, attributes) VALUES ('5a25b3a2-3175-43f9-9ac3-37d1a567be5c', '3e355cef-038a-43a8-b89b-d481ee40ca41', 'HEADPHONES-637-RX-5A25', 1924, 74, '{"color": "Red", "size": "XL"}');
INSERT INTO product_variants (id, product_id, sku, price, stock_quantity, attributes) VALUES ('4b78abeb-60bb-4019-8e94-1f91cde39006', '3e355cef-038a-43a8-b89b-d481ee40ca41', 'HEADPHONES-637-B1-4B78', 775, 172, '{"color": "Blue", "size": "16GB RAM"}');
INSERT INTO products (id, name, description, category_id) VALUES ('bc743234-b34b-4cfa-9d63-67578261eeb2', 'Ultra Dress 795', 'Description for Ultra Dress 795. Optimized for search and performance test.', 'ca0a07d5-6d1d-4097-83c2-12051da10fa6');
INSERT INTO product_variants (id, product_id, sku, price, stock_quantity, attributes) VALUES ('73dbf127-185b-4b5b-9c77-3ca4de19bb48', 'bc743234-b34b-4cfa-9d63-67578261eeb2', 'DRESS-795-G6-73DB', 162, 129, '{"color": "Gold", "size": "64GB"}');
INSERT INTO product_variants (id, product_id, sku, price, stock_quantity, attributes) VALUES ('f0e5ac6a-a9a4-4f31-9b42-ce4d25ebecfd', 'bc743234-b34b-4cfa-9d63-67578261eeb2', 'DRESS-795-GL-F0E5', 3441, 28, '{"color": "Green", "size": "L"}');
INSERT INTO product_variants (id, product_id, sku, price, stock_quantity, attributes) VALUES ('98e09a0c-ad7a-4d5b-a172-eef0ba7f5cbe', 'bc743234-b34b-4cfa-9d63-67578261eeb2', 'DRESS-795-G6-98E0', 395, 17, '{"color": "Green", "size": "64GB"}');
INSERT INTO products (id, name, description, category_id) VALUES ('143bdc49-7445-4b41-99c8-c548c6529399', 'Premium Table 526', 'Description for Premium Table 526. Optimized for search and performance test.', 'ca0a07d5-6d1d-4097-83c2-12051da10fa6');
INSERT INTO product_variants (id, product_id, sku, price, stock_quantity, attributes) VALUES ('38aaa824-ffeb-4e00-9fe7-521fcc369559', '143bdc49-7445-4b41-99c8-c548c6529399', 'TABLE-526-GL-38AA', 1472, 62, '{"color": "Green", "size": "L"}');
INSERT INTO product_variants (id, product_id, sku, price, stock_quantity, attributes) VALUES ('f182d2cd-768c-4f08-a5c5-1b15a57e9a85', '143bdc49-7445-4b41-99c8-c548c6529399', 'TABLE-526-G1-F182', 2183, 176, '{"color": "Gold", "size": "128GB"}');
INSERT INTO product_variants (id, product_id, sku, price, stock_quantity, attributes) VALUES ('d5e517ff-b9dc-4876-bf4c-c25e6e1c0205', '143bdc49-7445-4b41-99c8-c548c6529399', 'TABLE-526-WL-D5E5', 3095, 140, '{"color": "White", "size": "L"}');
INSERT INTO products (id, name, description, category_id) VALUES ('119c6fed-3d5b-4a57-a9be-9558c2fd0fe2', 'Elegant Shirt 293', 'Description for Elegant Shirt 293. Optimized for search and performance test.', 'ca0a07d5-6d1d-4097-83c2-12051da10fa6');
INSERT INTO product_variants (id, product_id, sku, price, stock_quantity, attributes) VALUES ('9b40b1e4-27fa-4782-a29d-50e23772a86b', '119c6fed-3d5b-4a57-a9be-9558c2fd0fe2', 'SHIRT-293-SX-9B40', 428, 147, '{"color": "Silver", "size": "XL"}');
INSERT INTO product_variants (id, product_id, sku, price, stock_quantity, attributes) VALUES ('a292809c-dd9c-47ec-85ca-19d63fe4e8a8', '119c6fed-3d5b-4a57-a9be-9558c2fd0fe2', 'SHIRT-293-G2-A292', 159, 64, '{"color": "Gold", "size": "256GB"}');
INSERT INTO product_variants (id, product_id, sku, price, stock_quantity, attributes) VALUES ('48c9116e-d809-4394-abd1-377d39854929', '119c6fed-3d5b-4a57-a9be-9558c2fd0fe2', 'SHIRT-293-BL-48C9', 4014, 192, '{"color": "Black", "size": "L"}');
INSERT INTO products (id, name, description, category_id) VALUES ('0a1dcde8-7537-4660-b0fb-4781f96a4ee6', 'Smart Monitor 207', 'Description for Smart Monitor 207. Optimized for search and performance test.', 'ca0a07d5-6d1d-4097-83c2-12051da10fa6');
INSERT INTO product_variants (id, product_id, sku, price, stock_quantity, attributes) VALUES ('144a8af6-3e7f-44df-a98f-e000a060baa9', '0a1dcde8-7537-4660-b0fb-4781f96a4ee6', 'MONITOR-207-G6-144A', 4243, 193, '{"color": "Gold", "size": "64GB"}');
INSERT INTO product_variants (id, product_id, sku, price, stock_quantity, attributes) VALUES ('7db31603-7c4a-47a1-8230-7f611a4bab47', '0a1dcde8-7537-4660-b0fb-4781f96a4ee6', 'MONITOR-207-W1-7DB3', 3733, 139, '{"color": "White", "size": "16GB RAM"}');
INSERT INTO product_variants (id, product_id, sku, price, stock_quantity, attributes) VALUES ('ff8a036a-767c-4cea-b757-1433a4afdbc9', '0a1dcde8-7537-4660-b0fb-4781f96a4ee6', 'MONITOR-207-W2-FF8A', 2580, 114, '{"color": "White", "size": "256GB"}');
INSERT INTO products (id, name, description, category_id) VALUES ('bed35e01-04c1-40a4-86f0-79d856efb1ad', 'Original Table 988', 'Description for Original Table 988. Optimized for search and performance test.', 'ca0a07d5-6d1d-4097-83c2-12051da10fa6');
INSERT INTO product_variants (id, product_id, sku, price, stock_quantity, attributes) VALUES ('0ee8f2b5-586e-4a2c-934b-cd06ee67ce48', 'bed35e01-04c1-40a4-86f0-79d856efb1ad', 'TABLE-988-WL-0EE8', 4813, 181, '{"color": "White", "size": "L"}');
INSERT INTO product_variants (id, product_id, sku, price, stock_quantity, attributes) VALUES ('c52b4837-76a8-4547-aa62-544cbb3b547f', 'bed35e01-04c1-40a4-86f0-79d856efb1ad', 'TABLE-988-GX-C52B', 3323, 167, '{"color": "Gold", "size": "XL"}');
INSERT INTO product_variants (id, product_id, sku, price, stock_quantity, attributes) VALUES ('83ba375a-128f-44b8-b6de-cb94ba8a8393', 'bed35e01-04c1-40a4-86f0-79d856efb1ad', 'TABLE-988-R6-83BA', 276, 24, '{"color": "Red", "size": "64GB"}');
INSERT INTO products (id, name, description, category_id) VALUES ('0dfe79cb-dbfc-4ed3-983d-a79668d53bce', 'Elegant Backpack 532', 'Description for Elegant Backpack 532. Optimized for search and performance test.', 'ca0a07d5-6d1d-4097-83c2-12051da10fa6');
INSERT INTO product_variants (id, product_id, sku, price, stock_quantity, attributes) VALUES ('01459cb4-71a5-41b1-b29e-aa02d2ec7d35', '0dfe79cb-dbfc-4ed3-983d-a79668d53bce', 'BACKPACK-532-B6-0145', 4343, 152, '{"color": "Blue", "size": "64GB"}');
INSERT INTO product_variants (id, product_id, sku, price, stock_quantity, attributes) VALUES ('c1ecd8e4-edd9-4556-8a8e-1d29e27567a4', '0dfe79cb-dbfc-4ed3-983d-a79668d53bce', 'BACKPACK-532-GM-C1EC', 4401, 191, '{"color": "Gold", "size": "M"}');
INSERT INTO product_variants (id, product_id, sku, price, stock_quantity, attributes) VALUES ('64cd2e85-c7a9-4a04-9fad-564cc60b0f96', '0dfe79cb-dbfc-4ed3-983d-a79668d53bce', 'BACKPACK-532-B2-64CD', 339, 167, '{"color": "Black", "size": "256GB"}');
INSERT INTO products (id, name, description, category_id) VALUES ('b838e72c-a9b3-4786-a961-df00a048d132', 'Premium Headphones 475', 'Description for Premium Headphones 475. Optimized for search and performance test.', 'ca0a07d5-6d1d-4097-83c2-12051da10fa6');
INSERT INTO product_variants (id, product_id, sku, price, stock_quantity, attributes) VALUES ('12dc20f0-b1ea-4990-922e-9ca582d48b05', 'b838e72c-a9b3-4786-a961-df00a048d132', 'HEADPHONES-475-G2-12DC', 2708, 193, '{"color": "Green", "size": "256GB"}');
INSERT INTO product_variants (id, product_id, sku, price, stock_quantity, attributes) VALUES ('e7734258-9f4d-4fef-bf0b-94375cf0e3f4', 'b838e72c-a9b3-4786-a961-df00a048d132', 'HEADPHONES-475-BM-E773', 1702, 13, '{"color": "Blue", "size": "M"}');
INSERT INTO product_variants (id, product_id, sku, price, stock_quantity, attributes) VALUES ('f57a4b28-8614-4652-a107-4e6c7f74ffab', 'b838e72c-a9b3-4786-a961-df00a048d132', 'HEADPHONES-475-S8-F57A', 3321, 112, '{"color": "Silver", "size": "8GB RAM"}');
INSERT INTO products (id, name, description, category_id) VALUES ('0f3dec8e-0fbd-482e-a348-8b1cc7c17f07', 'Pro Speaker 943', 'Description for Pro Speaker 943. Optimized for search and performance test.', 'ca0a07d5-6d1d-4097-83c2-12051da10fa6');
INSERT INTO product_variants (id, product_id, sku, price, stock_quantity, attributes) VALUES ('881b850e-72e4-48cd-b139-2028b996c0c0', '0f3dec8e-0fbd-482e-a348-8b1cc7c17f07', 'SPEAKER-943-B1-881B', 3157, 109, '{"color": "Black", "size": "16GB RAM"}');
INSERT INTO product_variants (id, product_id, sku, price, stock_quantity, attributes) VALUES ('a105f783-afd4-4486-a40b-99146fd06f98', '0f3dec8e-0fbd-482e-a348-8b1cc7c17f07', 'SPEAKER-943-GX-A105', 4339, 190, '{"color": "Gold", "size": "XXL"}');
INSERT INTO product_variants (id, product_id, sku, price, stock_quantity, attributes) VALUES ('b1c2657d-79e6-46ee-97d7-50692537d1f9', '0f3dec8e-0fbd-482e-a348-8b1cc7c17f07', 'SPEAKER-943-W6-B1C2', 132, 165, '{"color": "White", "size": "64GB"}');
INSERT INTO products (id, name, description, category_id) VALUES ('934e0396-ef6d-4db8-ae50-54883d62afa8', 'Premium Headphones 644', 'Description for Premium Headphones 644. Optimized for search and performance test.', 'ca0a07d5-6d1d-4097-83c2-12051da10fa6');
INSERT INTO product_variants (id, product_id, sku, price, stock_quantity, attributes) VALUES ('c0c9bf0d-6bca-4c79-bbe7-0a7998248157', '934e0396-ef6d-4db8-ae50-54883d62afa8', 'HEADPHONES-644-RM-C0C9', 3033, 184, '{"color": "Red", "size": "M"}');
INSERT INTO product_variants (id, product_id, sku, price, stock_quantity, attributes) VALUES ('6e9addec-08d2-4868-9899-9b15568a88b8', '934e0396-ef6d-4db8-ae50-54883d62afa8', 'HEADPHONES-644-G8-6E9A', 1875, 22, '{"color": "Green", "size": "8GB RAM"}');
INSERT INTO product_variants (id, product_id, sku, price, stock_quantity, attributes) VALUES ('bb9cb000-b7fc-452f-8fd8-6aa425f93e0b', '934e0396-ef6d-4db8-ae50-54883d62afa8', 'HEADPHONES-644-S1-BB9C', 3671, 188, '{"color": "Silver", "size": "16GB RAM"}');
INSERT INTO products (id, name, description, category_id) VALUES ('f67d3a98-a8ec-415a-a877-36d45800847a', 'Premium Laptop 884', 'Description for Premium Laptop 884. Optimized for search and performance test.', 'ca0a07d5-6d1d-4097-83c2-12051da10fa6');
INSERT INTO product_variants (id, product_id, sku, price, stock_quantity, attributes) VALUES ('d7b22e67-a157-4969-ab3c-6ed4191e28df', 'f67d3a98-a8ec-415a-a877-36d45800847a', 'LAPTOP-884-G2-D7B2', 4785, 22, '{"color": "Gold", "size": "256GB"}');
INSERT INTO product_variants (id, product_id, sku, price, stock_quantity, attributes) VALUES ('edb84e6f-0722-4071-a7a8-c3c05118b5b6', 'f67d3a98-a8ec-415a-a877-36d45800847a', 'LAPTOP-884-WX-EDB8', 709, 160, '{"color": "White", "size": "XL"}');
INSERT INTO product_variants (id, product_id, sku, price, stock_quantity, attributes) VALUES ('11968e91-903c-4f60-b964-aa7d3aa25eb7', 'f67d3a98-a8ec-415a-a877-36d45800847a', 'LAPTOP-884-GS-1196', 4761, 82, '{"color": "Green", "size": "S"}');
INSERT INTO products (id, name, description, category_id) VALUES ('988654ba-2fb2-46ad-861a-d9cf4813ec19', 'Smart Dress 348', 'Description for Smart Dress 348. Optimized for search and performance test.', 'ca0a07d5-6d1d-4097-83c2-12051da10fa6');
INSERT INTO product_variants (id, product_id, sku, price, stock_quantity, attributes) VALUES ('423b0059-96b3-49e4-9bfa-c98fa9f9175a', '988654ba-2fb2-46ad-861a-d9cf4813ec19', 'DRESS-348-GL-423B', 3471, 25, '{"color": "Green", "size": "L"}');
INSERT INTO product_variants (id, product_id, sku, price, stock_quantity, attributes) VALUES ('84d797cd-3eb8-479a-8df3-358bbfa7cf96', '988654ba-2fb2-46ad-861a-d9cf4813ec19', 'DRESS-348-R6-84D7', 3218, 45, '{"color": "Red", "size": "64GB"}');
INSERT INTO product_variants (id, product_id, sku, price, stock_quantity, attributes) VALUES ('39ed32cf-2a3e-4f25-8274-9a342eeb914d', '988654ba-2fb2-46ad-861a-d9cf4813ec19', 'DRESS-348-GM-39ED', 3458, 108, '{"color": "Green", "size": "M"}');
INSERT INTO products (id, name, description, category_id) VALUES ('2cd768f4-81b4-4482-90c7-99e594430024', 'Lite Phone 412', 'Description for Lite Phone 412. Optimized for search and performance test.', 'ca0a07d5-6d1d-4097-83c2-12051da10fa6');
INSERT INTO product_variants (id, product_id, sku, price, stock_quantity, attributes) VALUES ('dea60e0d-54e0-4c4e-ba71-6126f25bd1a4', '2cd768f4-81b4-4482-90c7-99e594430024', 'PHONE-412-G2-DEA6', 612, 149, '{"color": "Gold", "size": "256GB"}');
INSERT INTO product_variants (id, product_id, sku, price, stock_quantity, attributes) VALUES ('33147d73-8bf5-4359-ab12-2e186c3282bf', '2cd768f4-81b4-4482-90c7-99e594430024', 'PHONE-412-BM-3314', 274, 158, '{"color": "Black", "size": "M"}');
INSERT INTO product_variants (id, product_id, sku, price, stock_quantity, attributes) VALUES ('1e1dba90-1112-49c0-9fc6-62586037402a', '2cd768f4-81b4-4482-90c7-99e594430024', 'PHONE-412-R1-1E1D', 527, 63, '{"color": "Red", "size": "16GB RAM"}');
INSERT INTO products (id, name, description, category_id) VALUES ('150cdd62-ea0b-4431-8474-e249b233363d', 'Original Shirt 179', 'Description for Original Shirt 179. Optimized for search and performance test.', 'ca0a07d5-6d1d-4097-83c2-12051da10fa6');
INSERT INTO product_variants (id, product_id, sku, price, stock_quantity, attributes) VALUES ('246c8b6a-df3b-4811-9a96-696dc28066c9', '150cdd62-ea0b-4431-8474-e249b233363d', 'SHIRT-179-BL-246C', 2435, 171, '{"color": "Black", "size": "L"}');
INSERT INTO product_variants (id, product_id, sku, price, stock_quantity, attributes) VALUES ('158de9f0-5b9e-4bf2-a3e7-8877bb908a78', '150cdd62-ea0b-4431-8474-e249b233363d', 'SHIRT-179-G1-158D', 4051, 139, '{"color": "Gold", "size": "128GB"}');
INSERT INTO product_variants (id, product_id, sku, price, stock_quantity, attributes) VALUES ('98aaa02a-47bc-45bf-851a-5c5ed0200674', '150cdd62-ea0b-4431-8474-e249b233363d', 'SHIRT-179-B2-98AA', 2991, 89, '{"color": "Blue", "size": "256GB"}');
INSERT INTO products (id, name, description, category_id) VALUES ('c05bbc0d-9882-4afa-b774-0d13d19b34ba', 'Smart Shirt 823', 'Description for Smart Shirt 823. Optimized for search and performance test.', 'ca0a07d5-6d1d-4097-83c2-12051da10fa6');
INSERT INTO product_variants (id, product_id, sku, price, stock_quantity, attributes) VALUES ('944f02ed-d08f-42b6-ba0f-790f0001b0c3', 'c05bbc0d-9882-4afa-b774-0d13d19b34ba', 'SHIRT-823-G6-944F', 3023, 158, '{"color": "Green", "size": "64GB"}');
INSERT INTO product_variants (id, product_id, sku, price, stock_quantity, attributes) VALUES ('1470964c-51b6-4770-ae47-add40ebfe6b1', 'c05bbc0d-9882-4afa-b774-0d13d19b34ba', 'SHIRT-823-BL-1470', 1441, 16, '{"color": "Black", "size": "L"}');
INSERT INTO product_variants (id, product_id, sku, price, stock_quantity, attributes) VALUES ('a4ce6e2f-91af-47e1-9a34-544d3246eda0', 'c05bbc0d-9882-4afa-b774-0d13d19b34ba', 'SHIRT-823-B1-A4CE', 2322, 128, '{"color": "Black", "size": "128GB"}');
INSERT INTO products (id, name, description, category_id) VALUES ('f5a29587-6740-4ee1-b9f3-3cb17a6d6ed1', 'Eco Phone 634', 'Description for Eco Phone 634. Optimized for search and performance test.', 'ca0a07d5-6d1d-4097-83c2-12051da10fa6');
INSERT INTO product_variants (id, product_id, sku, price, stock_quantity, attributes) VALUES ('1d54fbd9-d567-4023-bf92-07efac03671d', 'f5a29587-6740-4ee1-b9f3-3cb17a6d6ed1', 'PHONE-634-G1-1D54', 429, 160, '{"color": "Gold", "size": "128GB"}');
INSERT INTO product_variants (id, product_id, sku, price, stock_quantity, attributes) VALUES ('6682d0c9-8bc9-4438-a3b9-87e2e82553eb', 'f5a29587-6740-4ee1-b9f3-3cb17a6d6ed1', 'PHONE-634-RX-6682', 1570, 168, '{"color": "Red", "size": "XL"}');
INSERT INTO product_variants (id, product_id, sku, price, stock_quantity, attributes) VALUES ('701963e0-49de-4fad-b537-0f3a874ae800', 'f5a29587-6740-4ee1-b9f3-3cb17a6d6ed1', 'PHONE-634-G1-7019', 2317, 43, '{"color": "Green", "size": "128GB"}');
INSERT INTO products (id, name, description, category_id) VALUES ('c38a984e-ceb5-48ba-90c2-1c8770ba4713', 'Eco Table 153', 'Description for Eco Table 153. Optimized for search and performance test.', 'ca0a07d5-6d1d-4097-83c2-12051da10fa6');
INSERT INTO product_variants (id, product_id, sku, price, stock_quantity, attributes) VALUES ('3c836056-1d9e-46ec-a8de-af4da6a868cc', 'c38a984e-ceb5-48ba-90c2-1c8770ba4713', 'TABLE-153-R1-3C83', 856, 143, '{"color": "Red", "size": "16GB RAM"}');
INSERT INTO product_variants (id, product_id, sku, price, stock_quantity, attributes) VALUES ('f5301c69-0952-4a3f-93d1-c894730a3f48', 'c38a984e-ceb5-48ba-90c2-1c8770ba4713', 'TABLE-153-B8-F530', 2159, 191, '{"color": "Black", "size": "8GB RAM"}');
INSERT INTO product_variants (id, product_id, sku, price, stock_quantity, attributes) VALUES ('ce37a9e3-ea39-456e-b292-f510694f8ea1', 'c38a984e-ceb5-48ba-90c2-1c8770ba4713', 'TABLE-153-RX-CE37', 3756, 161, '{"color": "Red", "size": "XL"}');
INSERT INTO products (id, name, description, category_id) VALUES ('b38d9c51-7c9d-457e-8623-23a1ba50edf9', 'Lite Monitor 173', 'Description for Lite Monitor 173. Optimized for search and performance test.', 'ca0a07d5-6d1d-4097-83c2-12051da10fa6');
INSERT INTO product_variants (id, product_id, sku, price, stock_quantity, attributes) VALUES ('2fb9aa6c-6d2c-482a-9206-78328d02e8b0', 'b38d9c51-7c9d-457e-8623-23a1ba50edf9', 'MONITOR-173-GL-2FB9', 772, 133, '{"color": "Green", "size": "L"}');
INSERT INTO product_variants (id, product_id, sku, price, stock_quantity, attributes) VALUES ('703d0593-ffee-4cbe-95db-c4c6b5f98581', 'b38d9c51-7c9d-457e-8623-23a1ba50edf9', 'MONITOR-173-G8-703D', 2090, 166, '{"color": "Green", "size": "8GB RAM"}');
INSERT INTO product_variants (id, product_id, sku, price, stock_quantity, attributes) VALUES ('156cb056-b328-4c8b-b0a3-185764fce124', 'b38d9c51-7c9d-457e-8623-23a1ba50edf9', 'MONITOR-173-BL-156C', 3852, 49, '{"color": "Blue", "size": "L"}');
INSERT INTO products (id, name, description, category_id) VALUES ('58508b7e-e264-485a-8a45-796d34895a42', 'Pro Backpack 744', 'Description for Pro Backpack 744. Optimized for search and performance test.', 'ca0a07d5-6d1d-4097-83c2-12051da10fa6');
INSERT INTO product_variants (id, product_id, sku, price, stock_quantity, attributes) VALUES ('a654c632-43c2-484b-bc4e-e6d8d31dec8f', '58508b7e-e264-485a-8a45-796d34895a42', 'BACKPACK-744-RL-A654', 160, 133, '{"color": "Red", "size": "L"}');
INSERT INTO product_variants (id, product_id, sku, price, stock_quantity, attributes) VALUES ('3f21e4bb-c7fb-405c-b482-daab4ef59258', '58508b7e-e264-485a-8a45-796d34895a42', 'BACKPACK-744-GM-3F21', 3588, 187, '{"color": "Gold", "size": "M"}');
INSERT INTO product_variants (id, product_id, sku, price, stock_quantity, attributes) VALUES ('43011c04-737c-4ac6-bb7d-1dc2d09ed96e', '58508b7e-e264-485a-8a45-796d34895a42', 'BACKPACK-744-BL-4301', 2280, 157, '{"color": "Black", "size": "L"}');
INSERT INTO products (id, name, description, category_id) VALUES ('8271ec2c-10f9-4911-ad4a-530874c406dc', 'Ultra Headphones 652', 'Description for Ultra Headphones 652. Optimized for search and performance test.', 'ca0a07d5-6d1d-4097-83c2-12051da10fa6');
INSERT INTO product_variants (id, product_id, sku, price, stock_quantity, attributes) VALUES ('f13992cb-1642-4c6b-9973-506c3ca420fa', '8271ec2c-10f9-4911-ad4a-530874c406dc', 'HEADPHONES-652-S2-F139', 392, 125, '{"color": "Silver", "size": "256GB"}');
INSERT INTO product_variants (id, product_id, sku, price, stock_quantity, attributes) VALUES ('93c39041-5785-430b-b88c-d36c6d10184e', '8271ec2c-10f9-4911-ad4a-530874c406dc', 'HEADPHONES-652-BL-93C3', 455, 115, '{"color": "Blue", "size": "L"}');
INSERT INTO product_variants (id, product_id, sku, price, stock_quantity, attributes) VALUES ('10e25385-4257-4d4a-8e33-b83bdb3cdb63', '8271ec2c-10f9-4911-ad4a-530874c406dc', 'HEADPHONES-652-W1-10E2', 2904, 13, '{"color": "White", "size": "128GB"}');
INSERT INTO products (id, name, description, category_id) VALUES ('dce7e531-b071-4a25-b689-69ad1dfeacc9', 'Original Camera 969', 'Description for Original Camera 969. Optimized for search and performance test.', 'ca0a07d5-6d1d-4097-83c2-12051da10fa6');
INSERT INTO product_variants (id, product_id, sku, price, stock_quantity, attributes) VALUES ('8e3312fa-f8c1-4ac6-ae24-e33a7257538a', 'dce7e531-b071-4a25-b689-69ad1dfeacc9', 'CAMERA-969-G2-8E33', 2073, 56, '{"color": "Gold", "size": "256GB"}');
INSERT INTO product_variants (id, product_id, sku, price, stock_quantity, attributes) VALUES ('c14553e3-8f95-4f1f-998f-1c5903770c25', 'dce7e531-b071-4a25-b689-69ad1dfeacc9', 'CAMERA-969-GL-C145', 1296, 154, '{"color": "Green", "size": "L"}');
INSERT INTO product_variants (id, product_id, sku, price, stock_quantity, attributes) VALUES ('1590fab8-77eb-4587-a65b-5254b34d55e2', 'dce7e531-b071-4a25-b689-69ad1dfeacc9', 'CAMERA-969-WS-1590', 2744, 73, '{"color": "White", "size": "S"}');
INSERT INTO products (id, name, description, category_id) VALUES ('468e320a-1ad9-424f-8a31-43f318109a0b', 'Premium Table 858', 'Description for Premium Table 858. Optimized for search and performance test.', 'ca0a07d5-6d1d-4097-83c2-12051da10fa6');
INSERT INTO product_variants (id, product_id, sku, price, stock_quantity, attributes) VALUES ('bc5fb183-f036-43c6-9d2d-1a01205cdee2', '468e320a-1ad9-424f-8a31-43f318109a0b', 'TABLE-858-BX-BC5F', 927, 164, '{"color": "Blue", "size": "XL"}');
INSERT INTO product_variants (id, product_id, sku, price, stock_quantity, attributes) VALUES ('50c147b5-a10d-4c16-994c-478fecbbed5e', '468e320a-1ad9-424f-8a31-43f318109a0b', 'TABLE-858-S2-50C1', 557, 42, '{"color": "Silver", "size": "256GB"}');
INSERT INTO product_variants (id, product_id, sku, price, stock_quantity, attributes) VALUES ('0ac0caea-a799-48fd-bb65-d7f822a3316f', '468e320a-1ad9-424f-8a31-43f318109a0b', 'TABLE-858-BX-0AC0', 1980, 166, '{"color": "Black", "size": "XXL"}');
INSERT INTO products (id, name, description, category_id) VALUES ('cfcc204f-caae-45af-9fac-220dd9188a33', 'Original Dress 853', 'Description for Original Dress 853. Optimized for search and performance test.', 'ca0a07d5-6d1d-4097-83c2-12051da10fa6');
INSERT INTO product_variants (id, product_id, sku, price, stock_quantity, attributes) VALUES ('83fada27-3768-4eef-98f2-48c4c282a211', 'cfcc204f-caae-45af-9fac-220dd9188a33', 'DRESS-853-G8-83FA', 2894, 68, '{"color": "Gold", "size": "8GB RAM"}');
INSERT INTO product_variants (id, product_id, sku, price, stock_quantity, attributes) VALUES ('cb25bb28-e4b0-46bb-b8b5-dc7aa7b2dd48', 'cfcc204f-caae-45af-9fac-220dd9188a33', 'DRESS-853-B1-CB25', 4973, 197, '{"color": "Black", "size": "128GB"}');
INSERT INTO product_variants (id, product_id, sku, price, stock_quantity, attributes) VALUES ('c3b4cf45-c909-4ae4-9214-817f56f9d939', 'cfcc204f-caae-45af-9fac-220dd9188a33', 'DRESS-853-RX-C3B4', 2923, 111, '{"color": "Red", "size": "XL"}');
INSERT INTO products (id, name, description, category_id) VALUES ('7e005183-7e42-4315-ac90-8abe641fd33b', 'Premium Speaker 813', 'Description for Premium Speaker 813. Optimized for search and performance test.', 'ca0a07d5-6d1d-4097-83c2-12051da10fa6');
INSERT INTO product_variants (id, product_id, sku, price, stock_quantity, attributes) VALUES ('9cb289b0-2ef5-47b3-8391-e6d328a5ae46', '7e005183-7e42-4315-ac90-8abe641fd33b', 'SPEAKER-813-RS-9CB2', 685, 78, '{"color": "Red", "size": "S"}');
INSERT INTO product_variants (id, product_id, sku, price, stock_quantity, attributes) VALUES ('814bd021-518a-4bed-8ca8-21f5e509d2f8', '7e005183-7e42-4315-ac90-8abe641fd33b', 'SPEAKER-813-SX-814B', 1129, 10, '{"color": "Silver", "size": "XL"}');
INSERT INTO product_variants (id, product_id, sku, price, stock_quantity, attributes) VALUES ('b072a13a-bd3d-409e-953b-d68d0fe90722', '7e005183-7e42-4315-ac90-8abe641fd33b', 'SPEAKER-813-GX-B072', 2071, 64, '{"color": "Green", "size": "XL"}');
INSERT INTO products (id, name, description, category_id) VALUES ('8e40b858-781e-48d7-905f-1250a3cff4f0', 'Ultra Headphones 463', 'Description for Ultra Headphones 463. Optimized for search and performance test.', 'ca0a07d5-6d1d-4097-83c2-12051da10fa6');
INSERT INTO product_variants (id, product_id, sku, price, stock_quantity, attributes) VALUES ('a4b3a716-284f-4346-bd5c-66461a91e7dc', '8e40b858-781e-48d7-905f-1250a3cff4f0', 'HEADPHONES-463-R1-A4B3', 1367, 189, '{"color": "Red", "size": "128GB"}');
INSERT INTO product_variants (id, product_id, sku, price, stock_quantity, attributes) VALUES ('03206d20-0701-41cd-9b89-f50b4abfd848', '8e40b858-781e-48d7-905f-1250a3cff4f0', 'HEADPHONES-463-G8-0320', 4140, 120, '{"color": "Gold", "size": "8GB RAM"}');
INSERT INTO product_variants (id, product_id, sku, price, stock_quantity, attributes) VALUES ('25bc30ce-f8f3-4cd2-9f3e-59398f015206', '8e40b858-781e-48d7-905f-1250a3cff4f0', 'HEADPHONES-463-RM-25BC', 448, 86, '{"color": "Red", "size": "M"}');
INSERT INTO products (id, name, description, category_id) VALUES ('e41816ad-2b21-45e4-9107-78f605a1ed35', 'Smart Laptop 839', 'Description for Smart Laptop 839. Optimized for search and performance test.', '4a565a9d-ca5b-4081-808b-cf3efa673080');
INSERT INTO product_variants (id, product_id, sku, price, stock_quantity, attributes) VALUES ('46ffeafb-bb30-400a-bf93-586c5f194bbc', 'e41816ad-2b21-45e4-9107-78f605a1ed35', 'LAPTOP-839-B2-46FF', 2387, 49, '{"color": "Blue", "size": "256GB"}');
INSERT INTO product_variants (id, product_id, sku, price, stock_quantity, attributes) VALUES ('24c84e2f-8fc1-406a-80ce-3df9c90622c9', 'e41816ad-2b21-45e4-9107-78f605a1ed35', 'LAPTOP-839-G1-24C8', 187, 135, '{"color": "Green", "size": "128GB"}');
INSERT INTO product_variants (id, product_id, sku, price, stock_quantity, attributes) VALUES ('4657e9ef-ed13-413b-b338-fa37273c3034', 'e41816ad-2b21-45e4-9107-78f605a1ed35', 'LAPTOP-839-WS-4657', 2707, 129, '{"color": "White", "size": "S"}');
INSERT INTO products (id, name, description, category_id) VALUES ('9c6a8946-5624-47bd-89fd-5b13be4e7cc0', 'Premium Dress 706', 'Description for Premium Dress 706. Optimized for search and performance test.', '4a565a9d-ca5b-4081-808b-cf3efa673080');
INSERT INTO product_variants (id, product_id, sku, price, stock_quantity, attributes) VALUES ('a8bd9f71-8aba-44bc-9ba1-a6d7279c2b1c', '9c6a8946-5624-47bd-89fd-5b13be4e7cc0', 'DRESS-706-B2-A8BD', 2807, 156, '{"color": "Blue", "size": "256GB"}');
INSERT INTO product_variants (id, product_id, sku, price, stock_quantity, attributes) VALUES ('a1866845-7dd4-41c9-9c1f-ea93e8e47dc8', '9c6a8946-5624-47bd-89fd-5b13be4e7cc0', 'DRESS-706-B1-A186', 1381, 11, '{"color": "Black", "size": "16GB RAM"}');
INSERT INTO product_variants (id, product_id, sku, price, stock_quantity, attributes) VALUES ('d7c1876a-3304-482b-80f5-6463830e879e', '9c6a8946-5624-47bd-89fd-5b13be4e7cc0', 'DRESS-706-GX-D7C1', 674, 105, '{"color": "Green", "size": "XXL"}');
INSERT INTO products (id, name, description, category_id) VALUES ('4c96b499-e89e-43c7-96db-5f8c55676b0a', 'Pro Headphones 206', 'Description for Pro Headphones 206. Optimized for search and performance test.', '4a565a9d-ca5b-4081-808b-cf3efa673080');
INSERT INTO product_variants (id, product_id, sku, price, stock_quantity, attributes) VALUES ('330aa3bc-f6a2-4b17-b692-af16e9427f82', '4c96b499-e89e-43c7-96db-5f8c55676b0a', 'HEADPHONES-206-B8-330A', 1027, 51, '{"color": "Black", "size": "8GB RAM"}');
INSERT INTO product_variants (id, product_id, sku, price, stock_quantity, attributes) VALUES ('6fca0aa6-69f9-446e-a942-16cdc90fc4c2', '4c96b499-e89e-43c7-96db-5f8c55676b0a', 'HEADPHONES-206-WX-6FCA', 241, 38, '{"color": "White", "size": "XL"}');
INSERT INTO product_variants (id, product_id, sku, price, stock_quantity, attributes) VALUES ('83bf5461-d6ab-439e-bb9e-ce528ec65c93', '4c96b499-e89e-43c7-96db-5f8c55676b0a', 'HEADPHONES-206-G6-83BF', 1405, 177, '{"color": "Gold", "size": "64GB"}');
INSERT INTO products (id, name, description, category_id) VALUES ('f89fc378-7607-4b09-80b2-c718362c250f', 'Pro Bed 781', 'Description for Pro Bed 781. Optimized for search and performance test.', '4a565a9d-ca5b-4081-808b-cf3efa673080');
INSERT INTO product_variants (id, product_id, sku, price, stock_quantity, attributes) VALUES ('80ee2721-4798-4512-b923-a7d06bb3c5cb', 'f89fc378-7607-4b09-80b2-c718362c250f', 'BED-781-BX-80EE', 2793, 151, '{"color": "Black", "size": "XL"}');
INSERT INTO product_variants (id, product_id, sku, price, stock_quantity, attributes) VALUES ('519f8317-e7a1-4f2a-9da0-f08b34147275', 'f89fc378-7607-4b09-80b2-c718362c250f', 'BED-781-WS-519F', 2826, 23, '{"color": "White", "size": "S"}');
INSERT INTO product_variants (id, product_id, sku, price, stock_quantity, attributes) VALUES ('a0560910-cfc4-412c-bb95-8adb042d4b37', 'f89fc378-7607-4b09-80b2-c718362c250f', 'BED-781-R1-A056', 1370, 122, '{"color": "Red", "size": "128GB"}');
INSERT INTO products (id, name, description, category_id) VALUES ('de69b233-2556-4213-af41-c2cb8694dbe5', 'Ultra Speaker 292', 'Description for Ultra Speaker 292. Optimized for search and performance test.', '4a565a9d-ca5b-4081-808b-cf3efa673080');
INSERT INTO product_variants (id, product_id, sku, price, stock_quantity, attributes) VALUES ('a10c7170-178f-46be-bd13-769bb34ac7ee', 'de69b233-2556-4213-af41-c2cb8694dbe5', 'SPEAKER-292-B8-A10C', 3774, 124, '{"color": "Blue", "size": "8GB RAM"}');
INSERT INTO product_variants (id, product_id, sku, price, stock_quantity, attributes) VALUES ('4b80cbe8-d807-41f8-bba0-7e2e4c023e74', 'de69b233-2556-4213-af41-c2cb8694dbe5', 'SPEAKER-292-R1-4B80', 1233, 120, '{"color": "Red", "size": "16GB RAM"}');
INSERT INTO product_variants (id, product_id, sku, price, stock_quantity, attributes) VALUES ('3e953173-070b-4e31-8d56-3612678922d8', 'de69b233-2556-4213-af41-c2cb8694dbe5', 'SPEAKER-292-RX-3E95', 4220, 157, '{"color": "Red", "size": "XXL"}');
INSERT INTO products (id, name, description, category_id) VALUES ('9397eae0-fbcf-44e9-9adf-be94370fe25c', 'Premium Shirt 108', 'Description for Premium Shirt 108. Optimized for search and performance test.', '4a565a9d-ca5b-4081-808b-cf3efa673080');
INSERT INTO product_variants (id, product_id, sku, price, stock_quantity, attributes) VALUES ('d25ecb8d-7179-45b2-b131-ae36fb592680', '9397eae0-fbcf-44e9-9adf-be94370fe25c', 'SHIRT-108-BX-D25E', 2183, 97, '{"color": "Blue", "size": "XXL"}');
INSERT INTO product_variants (id, product_id, sku, price, stock_quantity, attributes) VALUES ('da7213e0-fe1a-40f2-bb80-6b8dfaa74195', '9397eae0-fbcf-44e9-9adf-be94370fe25c', 'SHIRT-108-B1-DA72', 4291, 143, '{"color": "Blue", "size": "128GB"}');
INSERT INTO product_variants (id, product_id, sku, price, stock_quantity, attributes) VALUES ('f9d6f017-fa1b-4be4-8544-3e80f0c69039', '9397eae0-fbcf-44e9-9adf-be94370fe25c', 'SHIRT-108-BX-F9D6', 1734, 151, '{"color": "Black", "size": "XXL"}');
INSERT INTO products (id, name, description, category_id) VALUES ('0c3189f7-50ee-42dc-8a6a-4edea4543581', 'Pro Speaker 658', 'Description for Pro Speaker 658. Optimized for search and performance test.', '4a565a9d-ca5b-4081-808b-cf3efa673080');
INSERT INTO product_variants (id, product_id, sku, price, stock_quantity, attributes) VALUES ('4c7e668d-3f8f-4422-9b5a-d24efa9e6b6f', '0c3189f7-50ee-42dc-8a6a-4edea4543581', 'SPEAKER-658-SX-4C7E', 2546, 127, '{"color": "Silver", "size": "XL"}');
INSERT INTO product_variants (id, product_id, sku, price, stock_quantity, attributes) VALUES ('a35d02c8-13ef-43b4-937a-b1e56422975e', '0c3189f7-50ee-42dc-8a6a-4edea4543581', 'SPEAKER-658-R8-A35D', 2992, 49, '{"color": "Red", "size": "8GB RAM"}');
INSERT INTO product_variants (id, product_id, sku, price, stock_quantity, attributes) VALUES ('3b925737-55f8-449b-826b-c7b204babe80', '0c3189f7-50ee-42dc-8a6a-4edea4543581', 'SPEAKER-658-R6-3B92', 4266, 19, '{"color": "Red", "size": "64GB"}');
INSERT INTO products (id, name, description, category_id) VALUES ('e14fe556-2410-4fe3-a2da-d07597ceb7fc', 'Pro Backpack 657', 'Description for Pro Backpack 657. Optimized for search and performance test.', '4a565a9d-ca5b-4081-808b-cf3efa673080');
INSERT INTO product_variants (id, product_id, sku, price, stock_quantity, attributes) VALUES ('b789b300-74f5-4dd0-9d82-72f06bb7f495', 'e14fe556-2410-4fe3-a2da-d07597ceb7fc', 'BACKPACK-657-G1-B789', 3714, 140, '{"color": "Gold", "size": "16GB RAM"}');
INSERT INTO product_variants (id, product_id, sku, price, stock_quantity, attributes) VALUES ('c81c3147-9361-4ed7-a7b3-3d2e847609db', 'e14fe556-2410-4fe3-a2da-d07597ceb7fc', 'BACKPACK-657-WS-C81C', 1023, 175, '{"color": "White", "size": "S"}');
INSERT INTO product_variants (id, product_id, sku, price, stock_quantity, attributes) VALUES ('7d9d19a5-4197-4302-b853-113e225bc14a', 'e14fe556-2410-4fe3-a2da-d07597ceb7fc', 'BACKPACK-657-W1-7D9D', 4938, 138, '{"color": "White", "size": "16GB RAM"}');
INSERT INTO products (id, name, description, category_id) VALUES ('2b168d6d-0166-4ca3-8560-a78d0ce676dd', 'Premium Bed 507', 'Description for Premium Bed 507. Optimized for search and performance test.', '4a565a9d-ca5b-4081-808b-cf3efa673080');
INSERT INTO product_variants (id, product_id, sku, price, stock_quantity, attributes) VALUES ('dbb33157-133d-4728-a5c3-25ef7ee92d4e', '2b168d6d-0166-4ca3-8560-a78d0ce676dd', 'BED-507-BL-DBB3', 3125, 126, '{"color": "Black", "size": "L"}');
INSERT INTO product_variants (id, product_id, sku, price, stock_quantity, attributes) VALUES ('526d503d-17b5-4d3c-8397-ae13db30cac6', '2b168d6d-0166-4ca3-8560-a78d0ce676dd', 'BED-507-B1-526D', 4468, 37, '{"color": "Black", "size": "128GB"}');
INSERT INTO product_variants (id, product_id, sku, price, stock_quantity, attributes) VALUES ('0c3e8189-b8be-4cfd-aeeb-5b87b3295fda', '2b168d6d-0166-4ca3-8560-a78d0ce676dd', 'BED-507-WX-0C3E', 993, 141, '{"color": "White", "size": "XL"}');
INSERT INTO products (id, name, description, category_id) VALUES ('f6cfbec9-c09e-4213-87c0-28eb64f2c834', 'Pro Phone 175', 'Description for Pro Phone 175. Optimized for search and performance test.', '4a565a9d-ca5b-4081-808b-cf3efa673080');
INSERT INTO product_variants (id, product_id, sku, price, stock_quantity, attributes) VALUES ('db56e1e1-5c5d-4a74-ba6f-cf4736eba472', 'f6cfbec9-c09e-4213-87c0-28eb64f2c834', 'PHONE-175-W6-DB56', 2683, 89, '{"color": "White", "size": "64GB"}');
INSERT INTO product_variants (id, product_id, sku, price, stock_quantity, attributes) VALUES ('e6b7f341-60d2-42fb-9a1c-80f237d2de51', 'f6cfbec9-c09e-4213-87c0-28eb64f2c834', 'PHONE-175-RX-E6B7', 4676, 59, '{"color": "Red", "size": "XL"}');
INSERT INTO product_variants (id, product_id, sku, price, stock_quantity, attributes) VALUES ('92461394-59f9-4fa9-aafa-7f85e9a5c0bc', 'f6cfbec9-c09e-4213-87c0-28eb64f2c834', 'PHONE-175-G6-9246', 2264, 10, '{"color": "Gold", "size": "64GB"}');
INSERT INTO products (id, name, description, category_id) VALUES ('1aeaa6d6-ab00-4357-8747-56e5f75015e8', 'Pro Monitor 970', 'Description for Pro Monitor 970. Optimized for search and performance test.', '4a565a9d-ca5b-4081-808b-cf3efa673080');
INSERT INTO product_variants (id, product_id, sku, price, stock_quantity, attributes) VALUES ('70a1cf83-a1a2-4dd0-a708-4ddfedae1311', '1aeaa6d6-ab00-4357-8747-56e5f75015e8', 'MONITOR-970-SX-70A1', 1780, 116, '{"color": "Silver", "size": "XL"}');
INSERT INTO product_variants (id, product_id, sku, price, stock_quantity, attributes) VALUES ('92ea3a80-e787-4ae5-95ad-11e2bd348937', '1aeaa6d6-ab00-4357-8747-56e5f75015e8', 'MONITOR-970-G1-92EA', 2766, 89, '{"color": "Gold", "size": "16GB RAM"}');
INSERT INTO product_variants (id, product_id, sku, price, stock_quantity, attributes) VALUES ('93cb5ace-f835-449f-845f-862c0ebcf51a', '1aeaa6d6-ab00-4357-8747-56e5f75015e8', 'MONITOR-970-BX-93CB', 4756, 182, '{"color": "Blue", "size": "XXL"}');
INSERT INTO products (id, name, description, category_id) VALUES ('1edeb90e-2c17-4fc1-9f0c-1d0f2bccc384', 'Pro Phone 789', 'Description for Pro Phone 789. Optimized for search and performance test.', '4a565a9d-ca5b-4081-808b-cf3efa673080');
INSERT INTO product_variants (id, product_id, sku, price, stock_quantity, attributes) VALUES ('07a7fdfa-c096-40fa-b5d9-46f0c0710351', '1edeb90e-2c17-4fc1-9f0c-1d0f2bccc384', 'PHONE-789-W2-07A7', 4785, 136, '{"color": "White", "size": "256GB"}');
INSERT INTO product_variants (id, product_id, sku, price, stock_quantity, attributes) VALUES ('67d4a2c3-6fe7-415e-9f16-0f5f642d7bee', '1edeb90e-2c17-4fc1-9f0c-1d0f2bccc384', 'PHONE-789-WS-67D4', 4482, 151, '{"color": "White", "size": "S"}');
INSERT INTO product_variants (id, product_id, sku, price, stock_quantity, attributes) VALUES ('38e80984-865f-4090-9147-1f2b6944a977', '1edeb90e-2c17-4fc1-9f0c-1d0f2bccc384', 'PHONE-789-S1-38E8', 2512, 194, '{"color": "Silver", "size": "128GB"}');
INSERT INTO products (id, name, description, category_id) VALUES ('00aca810-34c1-4756-b32e-76ba69a45f53', 'Eco Laptop 439', 'Description for Eco Laptop 439. Optimized for search and performance test.', '4a565a9d-ca5b-4081-808b-cf3efa673080');
INSERT INTO product_variants (id, product_id, sku, price, stock_quantity, attributes) VALUES ('be3fb366-d3f6-43bf-ae08-91a289660f97', '00aca810-34c1-4756-b32e-76ba69a45f53', 'LAPTOP-439-G2-BE3F', 2300, 122, '{"color": "Gold", "size": "256GB"}');
INSERT INTO product_variants (id, product_id, sku, price, stock_quantity, attributes) VALUES ('b10177d5-b142-4166-91e0-ac765aa7826a', '00aca810-34c1-4756-b32e-76ba69a45f53', 'LAPTOP-439-BS-B101', 4641, 175, '{"color": "Black", "size": "S"}');
INSERT INTO product_variants (id, product_id, sku, price, stock_quantity, attributes) VALUES ('d2e8c439-48c5-4f77-8a47-71e8703af305', '00aca810-34c1-4756-b32e-76ba69a45f53', 'LAPTOP-439-G6-D2E8', 786, 90, '{"color": "Green", "size": "64GB"}');
INSERT INTO products (id, name, description, category_id) VALUES ('530ec90e-dc15-4e89-bed8-150f529ab406', 'Eco Table 472', 'Description for Eco Table 472. Optimized for search and performance test.', '4a565a9d-ca5b-4081-808b-cf3efa673080');
INSERT INTO product_variants (id, product_id, sku, price, stock_quantity, attributes) VALUES ('1e19f824-9c3e-46d3-ad42-e9b8b686ef96', '530ec90e-dc15-4e89-bed8-150f529ab406', 'TABLE-472-R1-1E19', 2711, 104, '{"color": "Red", "size": "128GB"}');
INSERT INTO product_variants (id, product_id, sku, price, stock_quantity, attributes) VALUES ('4f0726e9-4702-40d1-bdd7-d7593406b8c9', '530ec90e-dc15-4e89-bed8-150f529ab406', 'TABLE-472-B1-4F07', 4346, 104, '{"color": "Black", "size": "128GB"}');
INSERT INTO product_variants (id, product_id, sku, price, stock_quantity, attributes) VALUES ('91a328cd-c5c3-4fef-8943-75c554e1d8f9', '530ec90e-dc15-4e89-bed8-150f529ab406', 'TABLE-472-G8-91A3', 1137, 117, '{"color": "Green", "size": "8GB RAM"}');
INSERT INTO products (id, name, description, category_id) VALUES ('593b01e9-5a02-44b4-b86e-ba127908b098', 'Smart Shirt 971', 'Description for Smart Shirt 971. Optimized for search and performance test.', '4a565a9d-ca5b-4081-808b-cf3efa673080');
INSERT INTO product_variants (id, product_id, sku, price, stock_quantity, attributes) VALUES ('8f4aed88-6e02-4c5e-9fad-9494195ee365', '593b01e9-5a02-44b4-b86e-ba127908b098', 'SHIRT-971-S6-8F4A', 4587, 90, '{"color": "Silver", "size": "64GB"}');
INSERT INTO product_variants (id, product_id, sku, price, stock_quantity, attributes) VALUES ('4e424175-6155-4783-84af-50dd5d368e25', '593b01e9-5a02-44b4-b86e-ba127908b098', 'SHIRT-971-BX-4E42', 602, 100, '{"color": "Blue", "size": "XXL"}');
INSERT INTO product_variants (id, product_id, sku, price, stock_quantity, attributes) VALUES ('f6e94cc1-1a95-475f-9110-57bec5eebeb7', '593b01e9-5a02-44b4-b86e-ba127908b098', 'SHIRT-971-S2-F6E9', 2119, 62, '{"color": "Silver", "size": "256GB"}');
INSERT INTO products (id, name, description, category_id) VALUES ('6d894116-97e5-4169-b248-09a3ec5d8d25', 'Premium Phone 805', 'Description for Premium Phone 805. Optimized for search and performance test.', '4a565a9d-ca5b-4081-808b-cf3efa673080');
INSERT INTO product_variants (id, product_id, sku, price, stock_quantity, attributes) VALUES ('85f207ee-4795-4435-9ae3-d4b073e70cec', '6d894116-97e5-4169-b248-09a3ec5d8d25', 'PHONE-805-G2-85F2', 3132, 15, '{"color": "Gold", "size": "256GB"}');
INSERT INTO product_variants (id, product_id, sku, price, stock_quantity, attributes) VALUES ('357f8e88-bb5f-45ce-8b80-de556bc2e0d1', '6d894116-97e5-4169-b248-09a3ec5d8d25', 'PHONE-805-S2-357F', 448, 139, '{"color": "Silver", "size": "256GB"}');
INSERT INTO product_variants (id, product_id, sku, price, stock_quantity, attributes) VALUES ('b6bb8f01-7878-4a52-8ea5-f26591370400', '6d894116-97e5-4169-b248-09a3ec5d8d25', 'PHONE-805-GL-B6BB', 1194, 81, '{"color": "Gold", "size": "L"}');
INSERT INTO products (id, name, description, category_id) VALUES ('2e49f3cf-1f2d-41bd-92cc-cd06f2cac6cf', 'Pro Shirt 305', 'Description for Pro Shirt 305. Optimized for search and performance test.', '4a565a9d-ca5b-4081-808b-cf3efa673080');
INSERT INTO product_variants (id, product_id, sku, price, stock_quantity, attributes) VALUES ('0fc0f213-cf86-4b53-8391-ea3136d41adb', '2e49f3cf-1f2d-41bd-92cc-cd06f2cac6cf', 'SHIRT-305-WX-0FC0', 2984, 124, '{"color": "White", "size": "XXL"}');
INSERT INTO product_variants (id, product_id, sku, price, stock_quantity, attributes) VALUES ('09d29008-2de1-4e77-ac14-5c4df675f20e', '2e49f3cf-1f2d-41bd-92cc-cd06f2cac6cf', 'SHIRT-305-W6-09D2', 3823, 54, '{"color": "White", "size": "64GB"}');
INSERT INTO product_variants (id, product_id, sku, price, stock_quantity, attributes) VALUES ('ad4bc876-c768-4135-9e14-599bd270073c', '2e49f3cf-1f2d-41bd-92cc-cd06f2cac6cf', 'SHIRT-305-BM-AD4B', 952, 200, '{"color": "Black", "size": "M"}');
INSERT INTO products (id, name, description, category_id) VALUES ('5a0a1f06-c448-4545-a733-0c161d5fb5b9', 'Eco Shirt 276', 'Description for Eco Shirt 276. Optimized for search and performance test.', '4a565a9d-ca5b-4081-808b-cf3efa673080');
INSERT INTO product_variants (id, product_id, sku, price, stock_quantity, attributes) VALUES ('5fae23dd-efe2-4074-a17a-73ec20d4b75b', '5a0a1f06-c448-4545-a733-0c161d5fb5b9', 'SHIRT-276-GM-5FAE', 2080, 23, '{"color": "Green", "size": "M"}');
INSERT INTO product_variants (id, product_id, sku, price, stock_quantity, attributes) VALUES ('4e7d7eb8-e63b-4e89-95e6-389be1a813be', '5a0a1f06-c448-4545-a733-0c161d5fb5b9', 'SHIRT-276-SX-4E7D', 3694, 32, '{"color": "Silver", "size": "XL"}');
INSERT INTO product_variants (id, product_id, sku, price, stock_quantity, attributes) VALUES ('03a56305-f280-4c3f-9a76-245ef7751a0b', '5a0a1f06-c448-4545-a733-0c161d5fb5b9', 'SHIRT-276-BS-03A5', 2323, 103, '{"color": "Black", "size": "S"}');
INSERT INTO products (id, name, description, category_id) VALUES ('49b0f689-268c-4634-b214-94a9f183ecfe', 'Elegant Table 689', 'Description for Elegant Table 689. Optimized for search and performance test.', '4a565a9d-ca5b-4081-808b-cf3efa673080');
INSERT INTO product_variants (id, product_id, sku, price, stock_quantity, attributes) VALUES ('d57c2dda-6431-4027-90cd-edfc2ea5b6fc', '49b0f689-268c-4634-b214-94a9f183ecfe', 'TABLE-689-G1-D57C', 2837, 132, '{"color": "Green", "size": "128GB"}');
INSERT INTO product_variants (id, product_id, sku, price, stock_quantity, attributes) VALUES ('721b4b79-c55d-40a9-983b-f0f3a8f81f8f', '49b0f689-268c-4634-b214-94a9f183ecfe', 'TABLE-689-SX-721B', 1279, 143, '{"color": "Silver", "size": "XXL"}');
INSERT INTO product_variants (id, product_id, sku, price, stock_quantity, attributes) VALUES ('40332f0e-1a7b-45ca-8382-3177ce0b256e', '49b0f689-268c-4634-b214-94a9f183ecfe', 'TABLE-689-SL-4033', 296, 72, '{"color": "Silver", "size": "L"}');
INSERT INTO products (id, name, description, category_id) VALUES ('a1456b4e-c71d-4602-a5a9-09d5493e12d4', 'Premium Monitor 161', 'Description for Premium Monitor 161. Optimized for search and performance test.', '4a565a9d-ca5b-4081-808b-cf3efa673080');
INSERT INTO product_variants (id, product_id, sku, price, stock_quantity, attributes) VALUES ('124a198c-3069-442a-a9a0-71b87802c080', 'a1456b4e-c71d-4602-a5a9-09d5493e12d4', 'MONITOR-161-BX-124A', 1151, 101, '{"color": "Blue", "size": "XL"}');
INSERT INTO product_variants (id, product_id, sku, price, stock_quantity, attributes) VALUES ('6074d196-c9c6-4290-b749-215e607ed73b', 'a1456b4e-c71d-4602-a5a9-09d5493e12d4', 'MONITOR-161-W6-6074', 1442, 53, '{"color": "White", "size": "64GB"}');
INSERT INTO product_variants (id, product_id, sku, price, stock_quantity, attributes) VALUES ('73f2d576-b96b-4342-b308-a8031ff5235b', 'a1456b4e-c71d-4602-a5a9-09d5493e12d4', 'MONITOR-161-W1-73F2', 1031, 160, '{"color": "White", "size": "128GB"}');
INSERT INTO products (id, name, description, category_id) VALUES ('25b4f28d-0092-4f2f-9ed9-13893e68f76c', 'Pro Headphones 859', 'Description for Pro Headphones 859. Optimized for search and performance test.', '4a565a9d-ca5b-4081-808b-cf3efa673080');
INSERT INTO product_variants (id, product_id, sku, price, stock_quantity, attributes) VALUES ('4f7470d8-ba99-45e8-a6ad-c6fdd99d9949', '25b4f28d-0092-4f2f-9ed9-13893e68f76c', 'HEADPHONES-859-B8-4F74', 156, 26, '{"color": "Black", "size": "8GB RAM"}');
INSERT INTO product_variants (id, product_id, sku, price, stock_quantity, attributes) VALUES ('0e7e975e-9e63-4eb3-9263-35c26dc80362', '25b4f28d-0092-4f2f-9ed9-13893e68f76c', 'HEADPHONES-859-G1-0E7E', 3795, 49, '{"color": "Green", "size": "128GB"}');
INSERT INTO product_variants (id, product_id, sku, price, stock_quantity, attributes) VALUES ('4da67e96-6b20-4456-bb8c-823b90a1d6a0', '25b4f28d-0092-4f2f-9ed9-13893e68f76c', 'HEADPHONES-859-SX-4DA6', 1593, 107, '{"color": "Silver", "size": "XL"}');
INSERT INTO products (id, name, description, category_id) VALUES ('9c5d7803-d98b-47a4-86ef-7a144fa742c1', 'Ultra Laptop 454', 'Description for Ultra Laptop 454. Optimized for search and performance test.', '4a565a9d-ca5b-4081-808b-cf3efa673080');
INSERT INTO product_variants (id, product_id, sku, price, stock_quantity, attributes) VALUES ('c87b6b39-7c71-4466-92b3-a3577e333a57', '9c5d7803-d98b-47a4-86ef-7a144fa742c1', 'LAPTOP-454-S6-C87B', 2378, 66, '{"color": "Silver", "size": "64GB"}');
INSERT INTO product_variants (id, product_id, sku, price, stock_quantity, attributes) VALUES ('94d06ab4-7569-454a-a8ce-2110b746ccd4', '9c5d7803-d98b-47a4-86ef-7a144fa742c1', 'LAPTOP-454-G6-94D0', 1356, 125, '{"color": "Gold", "size": "64GB"}');
INSERT INTO product_variants (id, product_id, sku, price, stock_quantity, attributes) VALUES ('71b0e357-7d7a-434d-8a4c-c5fe6dbbce0a', '9c5d7803-d98b-47a4-86ef-7a144fa742c1', 'LAPTOP-454-G6-71B0', 3047, 147, '{"color": "Green", "size": "64GB"}');
INSERT INTO products (id, name, description, category_id) VALUES ('9bcb301e-ddf3-47cb-811e-8c15b42ed5e9', 'Lite Table 158', 'Description for Lite Table 158. Optimized for search and performance test.', '4a565a9d-ca5b-4081-808b-cf3efa673080');
INSERT INTO product_variants (id, product_id, sku, price, stock_quantity, attributes) VALUES ('501032c6-51b0-4aeb-b5cf-3335f801b368', '9bcb301e-ddf3-47cb-811e-8c15b42ed5e9', 'TABLE-158-S2-5010', 2199, 27, '{"color": "Silver", "size": "256GB"}');
INSERT INTO product_variants (id, product_id, sku, price, stock_quantity, attributes) VALUES ('569d7c09-62ff-4453-8915-4babe2acee1a', '9bcb301e-ddf3-47cb-811e-8c15b42ed5e9', 'TABLE-158-BX-569D', 3014, 166, '{"color": "Blue", "size": "XL"}');
INSERT INTO product_variants (id, product_id, sku, price, stock_quantity, attributes) VALUES ('2f59a70b-6c6e-4e91-986e-2af629a9b75e', '9bcb301e-ddf3-47cb-811e-8c15b42ed5e9', 'TABLE-158-S1-2F59', 1543, 78, '{"color": "Silver", "size": "16GB RAM"}');
INSERT INTO products (id, name, description, category_id) VALUES ('35bbb328-87d1-4199-bbdd-f49abeb75e8a', 'Smart Headphones 666', 'Description for Smart Headphones 666. Optimized for search and performance test.', '4a565a9d-ca5b-4081-808b-cf3efa673080');
INSERT INTO product_variants (id, product_id, sku, price, stock_quantity, attributes) VALUES ('64b7be32-0fdc-4ca3-a3d3-1d6f4e945978', '35bbb328-87d1-4199-bbdd-f49abeb75e8a', 'HEADPHONES-666-G1-64B7', 3349, 176, '{"color": "Gold", "size": "16GB RAM"}');
INSERT INTO product_variants (id, product_id, sku, price, stock_quantity, attributes) VALUES ('10a0e7f5-429f-4cbd-9c9f-10996217877d', '35bbb328-87d1-4199-bbdd-f49abeb75e8a', 'HEADPHONES-666-B1-10A0', 3017, 29, '{"color": "Blue", "size": "128GB"}');
INSERT INTO product_variants (id, product_id, sku, price, stock_quantity, attributes) VALUES ('8edaac71-a591-4d68-9e9e-a8ec9e1e8786', '35bbb328-87d1-4199-bbdd-f49abeb75e8a', 'HEADPHONES-666-W2-8EDA', 4407, 50, '{"color": "White", "size": "256GB"}');
INSERT INTO products (id, name, description, category_id) VALUES ('ce562c8e-4d29-4ba9-8b8b-c084a5e75e85', 'Ultra Dress 892', 'Description for Ultra Dress 892. Optimized for search and performance test.', '4a565a9d-ca5b-4081-808b-cf3efa673080');
INSERT INTO product_variants (id, product_id, sku, price, stock_quantity, attributes) VALUES ('54cf9822-7c6d-48ba-9f1c-2225aee372b3', 'ce562c8e-4d29-4ba9-8b8b-c084a5e75e85', 'DRESS-892-RX-54CF', 2376, 193, '{"color": "Red", "size": "XXL"}');
INSERT INTO product_variants (id, product_id, sku, price, stock_quantity, attributes) VALUES ('27ddee00-0f28-4df6-bdea-f3a606512581', 'ce562c8e-4d29-4ba9-8b8b-c084a5e75e85', 'DRESS-892-SX-27DD', 4511, 21, '{"color": "Silver", "size": "XL"}');
INSERT INTO product_variants (id, product_id, sku, price, stock_quantity, attributes) VALUES ('48a7a84c-dad7-4f45-92de-ebbf66ed1fc9', 'ce562c8e-4d29-4ba9-8b8b-c084a5e75e85', 'DRESS-892-GL-48A7', 2278, 142, '{"color": "Gold", "size": "L"}');
INSERT INTO products (id, name, description, category_id) VALUES ('424f7ee7-f313-420e-800c-4fb2a800082c', 'Smart Laptop 840', 'Description for Smart Laptop 840. Optimized for search and performance test.', '4a565a9d-ca5b-4081-808b-cf3efa673080');
INSERT INTO product_variants (id, product_id, sku, price, stock_quantity, attributes) VALUES ('29e7e7e7-9549-43e0-9a06-cb969ab75a19', '424f7ee7-f313-420e-800c-4fb2a800082c', 'LAPTOP-840-WM-29E7', 429, 74, '{"color": "White", "size": "M"}');
INSERT INTO product_variants (id, product_id, sku, price, stock_quantity, attributes) VALUES ('9899f7ec-5270-4765-84c2-8bee3d700701', '424f7ee7-f313-420e-800c-4fb2a800082c', 'LAPTOP-840-BM-9899', 3410, 43, '{"color": "Black", "size": "M"}');
INSERT INTO product_variants (id, product_id, sku, price, stock_quantity, attributes) VALUES ('0e64667a-fabd-4d00-9ab4-107ba5fc4cc3', '424f7ee7-f313-420e-800c-4fb2a800082c', 'LAPTOP-840-BX-0E64', 3498, 141, '{"color": "Blue", "size": "XL"}');
INSERT INTO products (id, name, description, category_id) VALUES ('3e3c32d6-fdf6-4e6c-934d-9d8b10e518cd', 'Premium Table 210', 'Description for Premium Table 210. Optimized for search and performance test.', '4a565a9d-ca5b-4081-808b-cf3efa673080');
INSERT INTO product_variants (id, product_id, sku, price, stock_quantity, attributes) VALUES ('09cab9a5-4f04-424d-b15b-5fbbb5af7d5a', '3e3c32d6-fdf6-4e6c-934d-9d8b10e518cd', 'TABLE-210-GX-09CA', 4930, 156, '{"color": "Green", "size": "XXL"}');
INSERT INTO product_variants (id, product_id, sku, price, stock_quantity, attributes) VALUES ('be75785e-f04b-4c8b-a808-3eb9aa2aa29c', '3e3c32d6-fdf6-4e6c-934d-9d8b10e518cd', 'TABLE-210-G6-BE75', 2789, 21, '{"color": "Gold", "size": "64GB"}');
INSERT INTO product_variants (id, product_id, sku, price, stock_quantity, attributes) VALUES ('d64a89ee-8e08-4c98-ae00-3e35326a8445', '3e3c32d6-fdf6-4e6c-934d-9d8b10e518cd', 'TABLE-210-GS-D64A', 2676, 13, '{"color": "Green", "size": "S"}');
INSERT INTO products (id, name, description, category_id) VALUES ('58c6a2c5-0d31-4d48-8864-022cc52a3a8b', 'Premium Phone 409', 'Description for Premium Phone 409. Optimized for search and performance test.', '4a565a9d-ca5b-4081-808b-cf3efa673080');
INSERT INTO product_variants (id, product_id, sku, price, stock_quantity, attributes) VALUES ('95710bf8-e1c8-41d5-8b0d-84b349133dab', '58c6a2c5-0d31-4d48-8864-022cc52a3a8b', 'PHONE-409-B6-9571', 955, 45, '{"color": "Blue", "size": "64GB"}');
INSERT INTO product_variants (id, product_id, sku, price, stock_quantity, attributes) VALUES ('7fb8e418-082b-4864-94b4-894e4400759e', '58c6a2c5-0d31-4d48-8864-022cc52a3a8b', 'PHONE-409-B6-7FB8', 709, 104, '{"color": "Blue", "size": "64GB"}');
INSERT INTO product_variants (id, product_id, sku, price, stock_quantity, attributes) VALUES ('959da4e1-143a-4a32-bdd6-7da85fcf46e3', '58c6a2c5-0d31-4d48-8864-022cc52a3a8b', 'PHONE-409-SX-959D', 2303, 108, '{"color": "Silver", "size": "XL"}');
INSERT INTO products (id, name, description, category_id) VALUES ('52dce4a6-edd0-44ed-9870-cd7161669113', 'Original Camera 292', 'Description for Original Camera 292. Optimized for search and performance test.', '4a565a9d-ca5b-4081-808b-cf3efa673080');
INSERT INTO product_variants (id, product_id, sku, price, stock_quantity, attributes) VALUES ('98e0a2cd-bcd2-43f3-9b6c-ce1b3d308132', '52dce4a6-edd0-44ed-9870-cd7161669113', 'CAMERA-292-G2-98E0', 1416, 18, '{"color": "Gold", "size": "256GB"}');
INSERT INTO product_variants (id, product_id, sku, price, stock_quantity, attributes) VALUES ('1ef7e67a-3c75-4352-ae6c-2d29d1a7c207', '52dce4a6-edd0-44ed-9870-cd7161669113', 'CAMERA-292-B1-1EF7', 4818, 38, '{"color": "Blue", "size": "16GB RAM"}');
INSERT INTO product_variants (id, product_id, sku, price, stock_quantity, attributes) VALUES ('0fc3f2aa-a1f2-49bc-b461-272d00cb3389', '52dce4a6-edd0-44ed-9870-cd7161669113', 'CAMERA-292-W2-0FC3', 755, 200, '{"color": "White", "size": "256GB"}');
INSERT INTO products (id, name, description, category_id) VALUES ('6afb4afd-503a-4894-a080-ebb2564604c5', 'Premium Monitor 293', 'Description for Premium Monitor 293. Optimized for search and performance test.', '4a565a9d-ca5b-4081-808b-cf3efa673080');
INSERT INTO product_variants (id, product_id, sku, price, stock_quantity, attributes) VALUES ('0c351b10-fa50-493a-a41b-836319bb97eb', '6afb4afd-503a-4894-a080-ebb2564604c5', 'MONITOR-293-B6-0C35', 2333, 168, '{"color": "Blue", "size": "64GB"}');
INSERT INTO product_variants (id, product_id, sku, price, stock_quantity, attributes) VALUES ('f3b335e7-4286-4284-8d14-001598d04433', '6afb4afd-503a-4894-a080-ebb2564604c5', 'MONITOR-293-G6-F3B3', 3041, 102, '{"color": "Gold", "size": "64GB"}');
INSERT INTO product_variants (id, product_id, sku, price, stock_quantity, attributes) VALUES ('ffc416b1-5108-4725-a3d6-4c0e36177269', '6afb4afd-503a-4894-a080-ebb2564604c5', 'MONITOR-293-B6-FFC4', 4401, 42, '{"color": "Blue", "size": "64GB"}');
INSERT INTO products (id, name, description, category_id) VALUES ('9e39edcf-c776-43b9-a53f-1c9259b88cb8', 'Elegant Backpack 497', 'Description for Elegant Backpack 497. Optimized for search and performance test.', '4a565a9d-ca5b-4081-808b-cf3efa673080');
INSERT INTO product_variants (id, product_id, sku, price, stock_quantity, attributes) VALUES ('2a8fd179-f2df-4543-9e32-2dceb8f3745f', '9e39edcf-c776-43b9-a53f-1c9259b88cb8', 'BACKPACK-497-B8-2A8F', 1329, 176, '{"color": "Blue", "size": "8GB RAM"}');
INSERT INTO product_variants (id, product_id, sku, price, stock_quantity, attributes) VALUES ('ac989d5c-600c-4b3a-a92f-21831de4050a', '9e39edcf-c776-43b9-a53f-1c9259b88cb8', 'BACKPACK-497-GM-AC98', 830, 169, '{"color": "Green", "size": "M"}');
INSERT INTO product_variants (id, product_id, sku, price, stock_quantity, attributes) VALUES ('ec37c158-c525-4009-a0c2-1f52c9d5568b', '9e39edcf-c776-43b9-a53f-1c9259b88cb8', 'BACKPACK-497-SM-EC37', 510, 132, '{"color": "Silver", "size": "M"}');
INSERT INTO products (id, name, description, category_id) VALUES ('fe11eba1-e002-4a9e-b0a6-3714e6deae6e', 'Smart Backpack 724', 'Description for Smart Backpack 724. Optimized for search and performance test.', '4a565a9d-ca5b-4081-808b-cf3efa673080');
INSERT INTO product_variants (id, product_id, sku, price, stock_quantity, attributes) VALUES ('ecef4393-ceb1-4ccc-bce7-6a6034cda1ab', 'fe11eba1-e002-4a9e-b0a6-3714e6deae6e', 'BACKPACK-724-WX-ECEF', 187, 153, '{"color": "White", "size": "XL"}');
INSERT INTO product_variants (id, product_id, sku, price, stock_quantity, attributes) VALUES ('ca5e3397-2a09-497c-b0d9-ed8717d39900', 'fe11eba1-e002-4a9e-b0a6-3714e6deae6e', 'BACKPACK-724-B1-CA5E', 2894, 155, '{"color": "Blue", "size": "128GB"}');
INSERT INTO product_variants (id, product_id, sku, price, stock_quantity, attributes) VALUES ('5033150e-6e97-4b45-bf0e-d5b47f6463fd', 'fe11eba1-e002-4a9e-b0a6-3714e6deae6e', 'BACKPACK-724-SX-5033', 4724, 196, '{"color": "Silver", "size": "XXL"}');
INSERT INTO products (id, name, description, category_id) VALUES ('31c8d269-ce09-4574-8d0f-49251d6c9406', 'Pro Table 228', 'Description for Pro Table 228. Optimized for search and performance test.', '4a565a9d-ca5b-4081-808b-cf3efa673080');
INSERT INTO product_variants (id, product_id, sku, price, stock_quantity, attributes) VALUES ('817c20bd-51e8-4b65-9ff9-bff53c8dafab', '31c8d269-ce09-4574-8d0f-49251d6c9406', 'TABLE-228-RX-817C', 4439, 191, '{"color": "Red", "size": "XL"}');
INSERT INTO product_variants (id, product_id, sku, price, stock_quantity, attributes) VALUES ('3b5c0c6f-df69-4247-890a-b227c395cd09', '31c8d269-ce09-4574-8d0f-49251d6c9406', 'TABLE-228-RX-3B5C', 632, 164, '{"color": "Red", "size": "XL"}');
INSERT INTO product_variants (id, product_id, sku, price, stock_quantity, attributes) VALUES ('ef11f94a-c14d-4702-9d56-6bd179c39e7b', '31c8d269-ce09-4574-8d0f-49251d6c9406', 'TABLE-228-SX-EF11', 3942, 70, '{"color": "Silver", "size": "XL"}');
INSERT INTO products (id, name, description, category_id) VALUES ('c683ae6b-24f1-41f6-8f6c-9c0c49dc2fd9', 'Ultra Headphones 947', 'Description for Ultra Headphones 947. Optimized for search and performance test.', '4a565a9d-ca5b-4081-808b-cf3efa673080');
INSERT INTO product_variants (id, product_id, sku, price, stock_quantity, attributes) VALUES ('fcff58c3-dfe5-4586-b743-e4132d94a1bd', 'c683ae6b-24f1-41f6-8f6c-9c0c49dc2fd9', 'HEADPHONES-947-G8-FCFF', 4783, 199, '{"color": "Gold", "size": "8GB RAM"}');
INSERT INTO product_variants (id, product_id, sku, price, stock_quantity, attributes) VALUES ('b0732832-0f82-4208-b8f9-266c6cbb3857', 'c683ae6b-24f1-41f6-8f6c-9c0c49dc2fd9', 'HEADPHONES-947-BM-B073', 3061, 135, '{"color": "Black", "size": "M"}');
INSERT INTO product_variants (id, product_id, sku, price, stock_quantity, attributes) VALUES ('9fd18e6c-7b36-493c-83b5-40f4b1f70071', 'c683ae6b-24f1-41f6-8f6c-9c0c49dc2fd9', 'HEADPHONES-947-BM-9FD1', 2814, 36, '{"color": "Black", "size": "M"}');
INSERT INTO products (id, name, description, category_id) VALUES ('b56787c0-342e-49dc-af0f-03f08ded76cd', 'Elegant Backpack 174', 'Description for Elegant Backpack 174. Optimized for search and performance test.', '4a565a9d-ca5b-4081-808b-cf3efa673080');
INSERT INTO product_variants (id, product_id, sku, price, stock_quantity, attributes) VALUES ('d5a56f6a-3cde-4838-a26e-e00a352b10c5', 'b56787c0-342e-49dc-af0f-03f08ded76cd', 'BACKPACK-174-W6-D5A5', 2574, 144, '{"color": "White", "size": "64GB"}');
INSERT INTO product_variants (id, product_id, sku, price, stock_quantity, attributes) VALUES ('d0b5e797-5559-4dad-97bc-28b29202f8ef', 'b56787c0-342e-49dc-af0f-03f08ded76cd', 'BACKPACK-174-GM-D0B5', 815, 167, '{"color": "Green", "size": "M"}');
INSERT INTO product_variants (id, product_id, sku, price, stock_quantity, attributes) VALUES ('1e475116-55cc-448e-b9ce-e1659edfc9be', 'b56787c0-342e-49dc-af0f-03f08ded76cd', 'BACKPACK-174-S1-1E47', 4039, 22, '{"color": "Silver", "size": "16GB RAM"}');
INSERT INTO products (id, name, description, category_id) VALUES ('fabcd4fe-72fe-46bf-b4bd-6653fef79691', 'Original Bed 161', 'Description for Original Bed 161. Optimized for search and performance test.', '4a565a9d-ca5b-4081-808b-cf3efa673080');
INSERT INTO product_variants (id, product_id, sku, price, stock_quantity, attributes) VALUES ('c9b89864-ce11-4b2c-bc01-3c37bb951def', 'fabcd4fe-72fe-46bf-b4bd-6653fef79691', 'BED-161-SM-C9B8', 3982, 14, '{"color": "Silver", "size": "M"}');
INSERT INTO product_variants (id, product_id, sku, price, stock_quantity, attributes) VALUES ('723e5281-83de-49dd-a776-972a8a97a16e', 'fabcd4fe-72fe-46bf-b4bd-6653fef79691', 'BED-161-G1-723E', 762, 143, '{"color": "Gold", "size": "16GB RAM"}');
INSERT INTO product_variants (id, product_id, sku, price, stock_quantity, attributes) VALUES ('d46969f5-88a8-486c-b030-61b41de91f74', 'fabcd4fe-72fe-46bf-b4bd-6653fef79691', 'BED-161-G1-D469', 772, 163, '{"color": "Green", "size": "128GB"}');
INSERT INTO products (id, name, description, category_id) VALUES ('79b5d675-7497-413d-bfec-80468b4bd93e', 'Ultra Backpack 709', 'Description for Ultra Backpack 709. Optimized for search and performance test.', '4a565a9d-ca5b-4081-808b-cf3efa673080');
INSERT INTO product_variants (id, product_id, sku, price, stock_quantity, attributes) VALUES ('fafe3979-0071-4721-a469-56ab6c307b19', '79b5d675-7497-413d-bfec-80468b4bd93e', 'BACKPACK-709-RM-FAFE', 1733, 167, '{"color": "Red", "size": "M"}');
INSERT INTO product_variants (id, product_id, sku, price, stock_quantity, attributes) VALUES ('f6c0a021-7ca4-44fe-aab4-85c265a87a1d', '79b5d675-7497-413d-bfec-80468b4bd93e', 'BACKPACK-709-GX-F6C0', 1433, 49, '{"color": "Gold", "size": "XXL"}');
INSERT INTO product_variants (id, product_id, sku, price, stock_quantity, attributes) VALUES ('84ed3453-48d5-420b-9c26-e90ed3561af6', '79b5d675-7497-413d-bfec-80468b4bd93e', 'BACKPACK-709-G6-84ED', 1405, 17, '{"color": "Gold", "size": "64GB"}');
INSERT INTO products (id, name, description, category_id) VALUES ('eb1460d5-cb7e-4636-acc0-a320abab38d4', 'Pro Headphones 170', 'Description for Pro Headphones 170. Optimized for search and performance test.', '4a565a9d-ca5b-4081-808b-cf3efa673080');
INSERT INTO product_variants (id, product_id, sku, price, stock_quantity, attributes) VALUES ('52f3b6d0-7e51-49b7-95b8-03d1b67578d4', 'eb1460d5-cb7e-4636-acc0-a320abab38d4', 'HEADPHONES-170-W6-52F3', 4092, 18, '{"color": "White", "size": "64GB"}');
INSERT INTO product_variants (id, product_id, sku, price, stock_quantity, attributes) VALUES ('b46721de-6b44-4ad6-8da5-9fc2020a2695', 'eb1460d5-cb7e-4636-acc0-a320abab38d4', 'HEADPHONES-170-GM-B467', 2868, 123, '{"color": "Gold", "size": "M"}');
INSERT INTO product_variants (id, product_id, sku, price, stock_quantity, attributes) VALUES ('bbf3fe2d-d51c-47d1-89d1-14f160658aa4', 'eb1460d5-cb7e-4636-acc0-a320abab38d4', 'HEADPHONES-170-G2-BBF3', 231, 192, '{"color": "Gold", "size": "256GB"}');
INSERT INTO products (id, name, description, category_id) VALUES ('5baf4eea-abb2-459a-bf50-36957b760d2b', 'Premium Headphones 720', 'Description for Premium Headphones 720. Optimized for search and performance test.', '4a565a9d-ca5b-4081-808b-cf3efa673080');
INSERT INTO product_variants (id, product_id, sku, price, stock_quantity, attributes) VALUES ('b40766d5-1a84-47d0-b03b-cdd5d2d5383d', '5baf4eea-abb2-459a-bf50-36957b760d2b', 'HEADPHONES-720-GM-B407', 4987, 42, '{"color": "Gold", "size": "M"}');
INSERT INTO product_variants (id, product_id, sku, price, stock_quantity, attributes) VALUES ('415d4379-07d9-4e5f-a762-d6bd5be0e372', '5baf4eea-abb2-459a-bf50-36957b760d2b', 'HEADPHONES-720-G2-415D', 4151, 107, '{"color": "Green", "size": "256GB"}');
INSERT INTO product_variants (id, product_id, sku, price, stock_quantity, attributes) VALUES ('44c745d9-d130-4002-b1c2-2b3feb34ad09', '5baf4eea-abb2-459a-bf50-36957b760d2b', 'HEADPHONES-720-SX-44C7', 948, 189, '{"color": "Silver", "size": "XXL"}');
INSERT INTO products (id, name, description, category_id) VALUES ('6d40ae65-c72e-4d7c-9ecd-13a9bf5404e6', 'Pro Shirt 703', 'Description for Pro Shirt 703. Optimized for search and performance test.', '4a565a9d-ca5b-4081-808b-cf3efa673080');
INSERT INTO product_variants (id, product_id, sku, price, stock_quantity, attributes) VALUES ('d4476fef-801f-40c3-8aab-72621d45c699', '6d40ae65-c72e-4d7c-9ecd-13a9bf5404e6', 'SHIRT-703-SS-D447', 961, 98, '{"color": "Silver", "size": "S"}');
INSERT INTO product_variants (id, product_id, sku, price, stock_quantity, attributes) VALUES ('c9757df2-e1f0-485f-9455-3d348df65d6b', '6d40ae65-c72e-4d7c-9ecd-13a9bf5404e6', 'SHIRT-703-G6-C975', 2170, 13, '{"color": "Gold", "size": "64GB"}');
INSERT INTO product_variants (id, product_id, sku, price, stock_quantity, attributes) VALUES ('53b16eaf-ba58-4847-8dda-77a08d111fc9', '6d40ae65-c72e-4d7c-9ecd-13a9bf5404e6', 'SHIRT-703-G2-53B1', 4220, 152, '{"color": "Green", "size": "256GB"}');
INSERT INTO products (id, name, description, category_id) VALUES ('dcc77b02-6833-411b-8ec0-9749dcf4ff6a', 'Eco Backpack 714', 'Description for Eco Backpack 714. Optimized for search and performance test.', '4a565a9d-ca5b-4081-808b-cf3efa673080');
INSERT INTO product_variants (id, product_id, sku, price, stock_quantity, attributes) VALUES ('e89163c4-efb5-4bf6-b520-0de25c74a02b', 'dcc77b02-6833-411b-8ec0-9749dcf4ff6a', 'BACKPACK-714-G2-E891', 3505, 62, '{"color": "Green", "size": "256GB"}');
INSERT INTO product_variants (id, product_id, sku, price, stock_quantity, attributes) VALUES ('07b9845f-2b0b-4292-b020-887afef6e565', 'dcc77b02-6833-411b-8ec0-9749dcf4ff6a', 'BACKPACK-714-S2-07B9', 1541, 174, '{"color": "Silver", "size": "256GB"}');
INSERT INTO product_variants (id, product_id, sku, price, stock_quantity, attributes) VALUES ('cf997f25-22dd-4e0a-8cb9-1576d37c7167', 'dcc77b02-6833-411b-8ec0-9749dcf4ff6a', 'BACKPACK-714-G2-CF99', 1681, 52, '{"color": "Gold", "size": "256GB"}');
INSERT INTO products (id, name, description, category_id) VALUES ('37842849-e570-487f-bbdd-e6d67ae70c5b', 'Pro Camera 134', 'Description for Pro Camera 134. Optimized for search and performance test.', '4a565a9d-ca5b-4081-808b-cf3efa673080');
INSERT INTO product_variants (id, product_id, sku, price, stock_quantity, attributes) VALUES ('eab63af1-6443-4ca6-bf2b-4b09df485836', '37842849-e570-487f-bbdd-e6d67ae70c5b', 'CAMERA-134-GX-EAB6', 2489, 121, '{"color": "Gold", "size": "XL"}');
INSERT INTO product_variants (id, product_id, sku, price, stock_quantity, attributes) VALUES ('4bee3a71-ce19-45fe-88ad-f0b3ab26a923', '37842849-e570-487f-bbdd-e6d67ae70c5b', 'CAMERA-134-S6-4BEE', 829, 130, '{"color": "Silver", "size": "64GB"}');
INSERT INTO product_variants (id, product_id, sku, price, stock_quantity, attributes) VALUES ('abc4b494-16e9-42a5-a111-8247b793a363', '37842849-e570-487f-bbdd-e6d67ae70c5b', 'CAMERA-134-BX-ABC4', 3879, 29, '{"color": "Black", "size": "XL"}');
INSERT INTO products (id, name, description, category_id) VALUES ('ac6b1fcc-a98d-47f6-96dd-3232094e834b', 'Original Laptop 417', 'Description for Original Laptop 417. Optimized for search and performance test.', '4a565a9d-ca5b-4081-808b-cf3efa673080');
INSERT INTO product_variants (id, product_id, sku, price, stock_quantity, attributes) VALUES ('9210431a-d354-4cb2-94e3-d9aad3ddb441', 'ac6b1fcc-a98d-47f6-96dd-3232094e834b', 'LAPTOP-417-BS-9210', 2430, 96, '{"color": "Black", "size": "S"}');
INSERT INTO product_variants (id, product_id, sku, price, stock_quantity, attributes) VALUES ('bb24750e-3093-45ed-8e83-8872dd5f82fe', 'ac6b1fcc-a98d-47f6-96dd-3232094e834b', 'LAPTOP-417-R6-BB24', 1312, 193, '{"color": "Red", "size": "64GB"}');
INSERT INTO product_variants (id, product_id, sku, price, stock_quantity, attributes) VALUES ('b1478ea2-4da3-4985-96e1-29ffc1992b78', 'ac6b1fcc-a98d-47f6-96dd-3232094e834b', 'LAPTOP-417-BL-B147', 2210, 36, '{"color": "Black", "size": "L"}');
INSERT INTO products (id, name, description, category_id) VALUES ('0fa9d495-dc68-408e-82f4-bead5a26360f', 'Original Table 268', 'Description for Original Table 268. Optimized for search and performance test.', '4a565a9d-ca5b-4081-808b-cf3efa673080');
INSERT INTO product_variants (id, product_id, sku, price, stock_quantity, attributes) VALUES ('3fca6165-9983-414d-818a-b3f4f057f0be', '0fa9d495-dc68-408e-82f4-bead5a26360f', 'TABLE-268-G2-3FCA', 4031, 103, '{"color": "Gold", "size": "256GB"}');
INSERT INTO product_variants (id, product_id, sku, price, stock_quantity, attributes) VALUES ('82df9944-9cd0-4208-9095-2da9bf5952ff', '0fa9d495-dc68-408e-82f4-bead5a26360f', 'TABLE-268-BX-82DF', 285, 152, '{"color": "Black", "size": "XXL"}');
INSERT INTO product_variants (id, product_id, sku, price, stock_quantity, attributes) VALUES ('5f3ce07f-76c0-4dbe-9734-a1b7e624de50', '0fa9d495-dc68-408e-82f4-bead5a26360f', 'TABLE-268-SL-5F3C', 4824, 40, '{"color": "Silver", "size": "L"}');
INSERT INTO products (id, name, description, category_id) VALUES ('cd9aa32c-e5f6-47c9-a4df-f664b127d16e', 'Ultra Headphones 120', 'Description for Ultra Headphones 120. Optimized for search and performance test.', '4a565a9d-ca5b-4081-808b-cf3efa673080');
INSERT INTO product_variants (id, product_id, sku, price, stock_quantity, attributes) VALUES ('5e9d665d-dea5-4448-a1b6-d51effddc28c', 'cd9aa32c-e5f6-47c9-a4df-f664b127d16e', 'HEADPHONES-120-W8-5E9D', 4939, 27, '{"color": "White", "size": "8GB RAM"}');
INSERT INTO product_variants (id, product_id, sku, price, stock_quantity, attributes) VALUES ('c456ee0b-89d7-4d30-9353-a31f2450b283', 'cd9aa32c-e5f6-47c9-a4df-f664b127d16e', 'HEADPHONES-120-B1-C456', 4588, 144, '{"color": "Blue", "size": "16GB RAM"}');
INSERT INTO product_variants (id, product_id, sku, price, stock_quantity, attributes) VALUES ('7c572278-d933-415a-988d-57fbb19b6f09', 'cd9aa32c-e5f6-47c9-a4df-f664b127d16e', 'HEADPHONES-120-B1-7C57', 4859, 145, '{"color": "Black", "size": "16GB RAM"}');
INSERT INTO products (id, name, description, category_id) VALUES ('c5ae23d9-e632-4f14-a143-93f92a5e9c34', 'Premium Bed 726', 'Description for Premium Bed 726. Optimized for search and performance test.', '4a565a9d-ca5b-4081-808b-cf3efa673080');
INSERT INTO product_variants (id, product_id, sku, price, stock_quantity, attributes) VALUES ('4576c648-20b3-4c8f-8211-afab46204d04', 'c5ae23d9-e632-4f14-a143-93f92a5e9c34', 'BED-726-GS-4576', 808, 95, '{"color": "Green", "size": "S"}');
INSERT INTO product_variants (id, product_id, sku, price, stock_quantity, attributes) VALUES ('4473d759-2443-4737-bd90-507bc1501201', 'c5ae23d9-e632-4f14-a143-93f92a5e9c34', 'BED-726-BX-4473', 610, 71, '{"color": "Blue", "size": "XL"}');
INSERT INTO product_variants (id, product_id, sku, price, stock_quantity, attributes) VALUES ('bc46fd51-7e35-4a4a-9ea1-c4c150198272', 'c5ae23d9-e632-4f14-a143-93f92a5e9c34', 'BED-726-GM-BC46', 4212, 89, '{"color": "Green", "size": "M"}');
INSERT INTO products (id, name, description, category_id) VALUES ('0d966fa3-0995-48b4-9332-82539fa1d5eb', 'Smart Monitor 424', 'Description for Smart Monitor 424. Optimized for search and performance test.', '4a565a9d-ca5b-4081-808b-cf3efa673080');
INSERT INTO product_variants (id, product_id, sku, price, stock_quantity, attributes) VALUES ('03a954a5-df56-4506-bda6-4380e0ad9bd4', '0d966fa3-0995-48b4-9332-82539fa1d5eb', 'MONITOR-424-RS-03A9', 514, 21, '{"color": "Red", "size": "S"}');
INSERT INTO product_variants (id, product_id, sku, price, stock_quantity, attributes) VALUES ('7d2d8baf-2f8e-438c-a58f-d35e58533c8f', '0d966fa3-0995-48b4-9332-82539fa1d5eb', 'MONITOR-424-GX-7D2D', 3646, 186, '{"color": "Green", "size": "XXL"}');
INSERT INTO product_variants (id, product_id, sku, price, stock_quantity, attributes) VALUES ('4c3ba76f-75e9-4be6-b7c4-50663cf518f6', '0d966fa3-0995-48b4-9332-82539fa1d5eb', 'MONITOR-424-GL-4C3B', 4759, 97, '{"color": "Gold", "size": "L"}');
INSERT INTO products (id, name, description, category_id) VALUES ('e30416cb-daf7-458f-964c-cbaaef7ae7bf', 'Ultra Shirt 899', 'Description for Ultra Shirt 899. Optimized for search and performance test.', '4a565a9d-ca5b-4081-808b-cf3efa673080');
INSERT INTO product_variants (id, product_id, sku, price, stock_quantity, attributes) VALUES ('4bc1b257-d3e3-4db5-97bc-8a465f5762f8', 'e30416cb-daf7-458f-964c-cbaaef7ae7bf', 'SHIRT-899-B1-4BC1', 485, 127, '{"color": "Black", "size": "16GB RAM"}');
INSERT INTO product_variants (id, product_id, sku, price, stock_quantity, attributes) VALUES ('c256dc71-0a64-4fcb-8e1b-ecf30d7ae388', 'e30416cb-daf7-458f-964c-cbaaef7ae7bf', 'SHIRT-899-W2-C256', 4925, 183, '{"color": "White", "size": "256GB"}');
INSERT INTO product_variants (id, product_id, sku, price, stock_quantity, attributes) VALUES ('9deb4462-e8a1-4f8a-a0bc-4af3ef97a9bc', 'e30416cb-daf7-458f-964c-cbaaef7ae7bf', 'SHIRT-899-W2-9DEB', 2941, 151, '{"color": "White", "size": "256GB"}');
INSERT INTO products (id, name, description, category_id) VALUES ('ad96857c-0935-4361-abc5-15004ef0a028', 'Elegant Phone 828', 'Description for Elegant Phone 828. Optimized for search and performance test.', '4a565a9d-ca5b-4081-808b-cf3efa673080');
INSERT INTO product_variants (id, product_id, sku, price, stock_quantity, attributes) VALUES ('f4588a1e-b724-4411-8cb3-47d0ab952d6e', 'ad96857c-0935-4361-abc5-15004ef0a028', 'PHONE-828-S6-F458', 1712, 113, '{"color": "Silver", "size": "64GB"}');
INSERT INTO product_variants (id, product_id, sku, price, stock_quantity, attributes) VALUES ('45a413e4-fc19-414d-86b1-6107de3cfe7d', 'ad96857c-0935-4361-abc5-15004ef0a028', 'PHONE-828-GL-45A4', 4830, 148, '{"color": "Gold", "size": "L"}');
INSERT INTO product_variants (id, product_id, sku, price, stock_quantity, attributes) VALUES ('f9fb73d7-2aa2-4154-b01c-5423cf5f4ee9', 'ad96857c-0935-4361-abc5-15004ef0a028', 'PHONE-828-WM-F9FB', 1430, 11, '{"color": "White", "size": "M"}');
INSERT INTO products (id, name, description, category_id) VALUES ('240e9698-3e02-4717-bc69-b4d461e8789e', 'Elegant Speaker 764', 'Description for Elegant Speaker 764. Optimized for search and performance test.', '4a565a9d-ca5b-4081-808b-cf3efa673080');
INSERT INTO product_variants (id, product_id, sku, price, stock_quantity, attributes) VALUES ('f912e2e1-6cd5-4cf7-b2a1-5ffc4b034c14', '240e9698-3e02-4717-bc69-b4d461e8789e', 'SPEAKER-764-SX-F912', 1005, 156, '{"color": "Silver", "size": "XL"}');
INSERT INTO product_variants (id, product_id, sku, price, stock_quantity, attributes) VALUES ('4d234563-cf7a-4faf-be5e-bc8c6ec3e658', '240e9698-3e02-4717-bc69-b4d461e8789e', 'SPEAKER-764-B1-4D23', 1464, 98, '{"color": "Blue", "size": "16GB RAM"}');
INSERT INTO product_variants (id, product_id, sku, price, stock_quantity, attributes) VALUES ('571c3bcf-a9c5-4291-91f3-0253408d6268', '240e9698-3e02-4717-bc69-b4d461e8789e', 'SPEAKER-764-S1-571C', 3014, 196, '{"color": "Silver", "size": "128GB"}');
INSERT INTO products (id, name, description, category_id) VALUES ('6586be2e-9a22-45ff-b1fa-4557475676dd', 'Premium Phone 762', 'Description for Premium Phone 762. Optimized for search and performance test.', '656c2240-be8a-43b5-a319-8ffd2862db51');
INSERT INTO product_variants (id, product_id, sku, price, stock_quantity, attributes) VALUES ('ec66e2e4-e001-4923-83b2-863e85f8d9a6', '6586be2e-9a22-45ff-b1fa-4557475676dd', 'PHONE-762-B1-EC66', 3678, 104, '{"color": "Black", "size": "128GB"}');
INSERT INTO product_variants (id, product_id, sku, price, stock_quantity, attributes) VALUES ('d2f3496f-1fc0-49d2-960e-16d84d21ac82', '6586be2e-9a22-45ff-b1fa-4557475676dd', 'PHONE-762-SM-D2F3', 516, 174, '{"color": "Silver", "size": "M"}');
INSERT INTO product_variants (id, product_id, sku, price, stock_quantity, attributes) VALUES ('a6af0a4d-7dff-4fc0-94f1-aa2a442ea7b8', '6586be2e-9a22-45ff-b1fa-4557475676dd', 'PHONE-762-BX-A6AF', 242, 43, '{"color": "Blue", "size": "XXL"}');
INSERT INTO products (id, name, description, category_id) VALUES ('a9cb2752-d15e-4fa4-9ff9-f055648b810e', 'Elegant Laptop 147', 'Description for Elegant Laptop 147. Optimized for search and performance test.', '656c2240-be8a-43b5-a319-8ffd2862db51');
INSERT INTO product_variants (id, product_id, sku, price, stock_quantity, attributes) VALUES ('a560a90f-f712-4a3d-9ced-1e229a59ba65', 'a9cb2752-d15e-4fa4-9ff9-f055648b810e', 'LAPTOP-147-SM-A560', 4426, 117, '{"color": "Silver", "size": "M"}');
INSERT INTO product_variants (id, product_id, sku, price, stock_quantity, attributes) VALUES ('25b67ea5-1c24-49db-9d28-ea7fd4a15bc7', 'a9cb2752-d15e-4fa4-9ff9-f055648b810e', 'LAPTOP-147-R1-25B6', 1098, 107, '{"color": "Red", "size": "16GB RAM"}');
INSERT INTO product_variants (id, product_id, sku, price, stock_quantity, attributes) VALUES ('60ff5eb2-5750-41d8-acd1-64c6edd32e14', 'a9cb2752-d15e-4fa4-9ff9-f055648b810e', 'LAPTOP-147-S2-60FF', 780, 144, '{"color": "Silver", "size": "256GB"}');
INSERT INTO products (id, name, description, category_id) VALUES ('f5eaee29-2526-446b-9cba-5c5914183b19', 'Ultra Camera 707', 'Description for Ultra Camera 707. Optimized for search and performance test.', '656c2240-be8a-43b5-a319-8ffd2862db51');
INSERT INTO product_variants (id, product_id, sku, price, stock_quantity, attributes) VALUES ('98bf2a15-76e5-40c3-b110-7b6910bada41', 'f5eaee29-2526-446b-9cba-5c5914183b19', 'CAMERA-707-RL-98BF', 3724, 142, '{"color": "Red", "size": "L"}');
INSERT INTO product_variants (id, product_id, sku, price, stock_quantity, attributes) VALUES ('264c14cb-dff0-4ca0-99a7-a42e48edc955', 'f5eaee29-2526-446b-9cba-5c5914183b19', 'CAMERA-707-B8-264C', 1832, 58, '{"color": "Blue", "size": "8GB RAM"}');
INSERT INTO product_variants (id, product_id, sku, price, stock_quantity, attributes) VALUES ('3b181394-8ca1-4095-959d-6cf8d4ef5248', 'f5eaee29-2526-446b-9cba-5c5914183b19', 'CAMERA-707-W2-3B18', 3063, 27, '{"color": "White", "size": "256GB"}');
INSERT INTO products (id, name, description, category_id) VALUES ('1ff4e907-d8a0-4de9-a229-501a2f4cb6c2', 'Pro Speaker 671', 'Description for Pro Speaker 671. Optimized for search and performance test.', '656c2240-be8a-43b5-a319-8ffd2862db51');
INSERT INTO product_variants (id, product_id, sku, price, stock_quantity, attributes) VALUES ('2c0cadb1-c247-4413-8d00-ab272cbc3960', '1ff4e907-d8a0-4de9-a229-501a2f4cb6c2', 'SPEAKER-671-BX-2C0C', 3452, 134, '{"color": "Blue", "size": "XL"}');
INSERT INTO product_variants (id, product_id, sku, price, stock_quantity, attributes) VALUES ('77d644ad-d971-407c-8ff7-4a217219405b', '1ff4e907-d8a0-4de9-a229-501a2f4cb6c2', 'SPEAKER-671-W1-77D6', 2602, 145, '{"color": "White", "size": "16GB RAM"}');
INSERT INTO product_variants (id, product_id, sku, price, stock_quantity, attributes) VALUES ('3211596f-636f-49da-beb7-1a9a8fe86aa8', '1ff4e907-d8a0-4de9-a229-501a2f4cb6c2', 'SPEAKER-671-GS-3211', 841, 154, '{"color": "Green", "size": "S"}');
INSERT INTO products (id, name, description, category_id) VALUES ('ee6e03c4-9c9d-4d32-9ebf-55b93ac46aeb', 'Smart Laptop 771', 'Description for Smart Laptop 771. Optimized for search and performance test.', '656c2240-be8a-43b5-a319-8ffd2862db51');
INSERT INTO product_variants (id, product_id, sku, price, stock_quantity, attributes) VALUES ('c29ef48d-13d8-4805-a8d7-e7099c4f3201', 'ee6e03c4-9c9d-4d32-9ebf-55b93ac46aeb', 'LAPTOP-771-G1-C29E', 726, 50, '{"color": "Green", "size": "16GB RAM"}');
INSERT INTO product_variants (id, product_id, sku, price, stock_quantity, attributes) VALUES ('91fc20da-4ca6-497a-a2a3-7b15479dece8', 'ee6e03c4-9c9d-4d32-9ebf-55b93ac46aeb', 'LAPTOP-771-B1-91FC', 309, 97, '{"color": "Blue", "size": "128GB"}');
INSERT INTO product_variants (id, product_id, sku, price, stock_quantity, attributes) VALUES ('797c09f7-1190-487e-8da3-9f4879344a9c', 'ee6e03c4-9c9d-4d32-9ebf-55b93ac46aeb', 'LAPTOP-771-W8-797C', 1806, 88, '{"color": "White", "size": "8GB RAM"}');
INSERT INTO products (id, name, description, category_id) VALUES ('79895315-0213-41b4-a20f-d7d342cf79b7', 'Pro Backpack 315', 'Description for Pro Backpack 315. Optimized for search and performance test.', '656c2240-be8a-43b5-a319-8ffd2862db51');
INSERT INTO product_variants (id, product_id, sku, price, stock_quantity, attributes) VALUES ('0eb05ad7-5e64-423e-becd-ce34663b13c5', '79895315-0213-41b4-a20f-d7d342cf79b7', 'BACKPACK-315-G2-0EB0', 1883, 184, '{"color": "Green", "size": "256GB"}');
INSERT INTO product_variants (id, product_id, sku, price, stock_quantity, attributes) VALUES ('8758900b-cd93-4f2c-a22d-8808666def0a', '79895315-0213-41b4-a20f-d7d342cf79b7', 'BACKPACK-315-R6-8758', 1356, 115, '{"color": "Red", "size": "64GB"}');
INSERT INTO product_variants (id, product_id, sku, price, stock_quantity, attributes) VALUES ('fa2c6ada-4ae4-4168-9c18-dd15174835e8', '79895315-0213-41b4-a20f-d7d342cf79b7', 'BACKPACK-315-B1-FA2C', 4845, 74, '{"color": "Blue", "size": "128GB"}');
INSERT INTO products (id, name, description, category_id) VALUES ('a110e13c-7645-454a-b91d-cd7d899d1cff', 'Ultra Backpack 458', 'Description for Ultra Backpack 458. Optimized for search and performance test.', '656c2240-be8a-43b5-a319-8ffd2862db51');
INSERT INTO product_variants (id, product_id, sku, price, stock_quantity, attributes) VALUES ('4cc6d595-ece6-4e68-a030-4501aeb569b3', 'a110e13c-7645-454a-b91d-cd7d899d1cff', 'BACKPACK-458-BS-4CC6', 907, 95, '{"color": "Blue", "size": "S"}');
INSERT INTO product_variants (id, product_id, sku, price, stock_quantity, attributes) VALUES ('a22abdae-310a-47be-9525-35dc5a473d59', 'a110e13c-7645-454a-b91d-cd7d899d1cff', 'BACKPACK-458-G1-A22A', 3598, 173, '{"color": "Green", "size": "16GB RAM"}');
INSERT INTO product_variants (id, product_id, sku, price, stock_quantity, attributes) VALUES ('0330f7d0-a46d-4e7e-b92e-1ebfe2e3494b', 'a110e13c-7645-454a-b91d-cd7d899d1cff', 'BACKPACK-458-SL-0330', 4546, 167, '{"color": "Silver", "size": "L"}');
INSERT INTO products (id, name, description, category_id) VALUES ('683e8da5-1c5b-45d0-b68b-78dc2490d89e', 'Ultra Dress 872', 'Description for Ultra Dress 872. Optimized for search and performance test.', '656c2240-be8a-43b5-a319-8ffd2862db51');
INSERT INTO product_variants (id, product_id, sku, price, stock_quantity, attributes) VALUES ('2a00faa1-1e77-4bf1-b805-41fdfb849d49', '683e8da5-1c5b-45d0-b68b-78dc2490d89e', 'DRESS-872-WM-2A00', 4719, 119, '{"color": "White", "size": "M"}');
INSERT INTO product_variants (id, product_id, sku, price, stock_quantity, attributes) VALUES ('5d883919-f2fb-404d-9076-682022b169d1', '683e8da5-1c5b-45d0-b68b-78dc2490d89e', 'DRESS-872-B6-5D88', 4741, 118, '{"color": "Blue", "size": "64GB"}');
INSERT INTO product_variants (id, product_id, sku, price, stock_quantity, attributes) VALUES ('43b4b690-88fe-4592-82ab-34f51d2134d7', '683e8da5-1c5b-45d0-b68b-78dc2490d89e', 'DRESS-872-W1-43B4', 3467, 91, '{"color": "White", "size": "128GB"}');
INSERT INTO products (id, name, description, category_id) VALUES ('18f91811-9fdf-404a-8c8c-5dd01bf8a525', 'Elegant Headphones 205', 'Description for Elegant Headphones 205. Optimized for search and performance test.', '656c2240-be8a-43b5-a319-8ffd2862db51');
INSERT INTO product_variants (id, product_id, sku, price, stock_quantity, attributes) VALUES ('8dfb68df-7aec-42fa-b20e-45b9e0675407', '18f91811-9fdf-404a-8c8c-5dd01bf8a525', 'HEADPHONES-205-B6-8DFB', 3390, 51, '{"color": "Black", "size": "64GB"}');
INSERT INTO product_variants (id, product_id, sku, price, stock_quantity, attributes) VALUES ('89e2bb78-ee01-4ddb-9df3-06618497d87b', '18f91811-9fdf-404a-8c8c-5dd01bf8a525', 'HEADPHONES-205-GL-89E2', 1380, 143, '{"color": "Gold", "size": "L"}');
INSERT INTO product_variants (id, product_id, sku, price, stock_quantity, attributes) VALUES ('e15d0b12-ca56-4dad-8b27-ae1249893d15', '18f91811-9fdf-404a-8c8c-5dd01bf8a525', 'HEADPHONES-205-S2-E15D', 4161, 92, '{"color": "Silver", "size": "256GB"}');
INSERT INTO products (id, name, description, category_id) VALUES ('ae60a00e-f1de-49e3-908c-cf866ae0723e', 'Lite Phone 690', 'Description for Lite Phone 690. Optimized for search and performance test.', '656c2240-be8a-43b5-a319-8ffd2862db51');
INSERT INTO product_variants (id, product_id, sku, price, stock_quantity, attributes) VALUES ('9620e119-6b94-412b-a516-37e3644d0fb2', 'ae60a00e-f1de-49e3-908c-cf866ae0723e', 'PHONE-690-R6-9620', 1391, 153, '{"color": "Red", "size": "64GB"}');
INSERT INTO product_variants (id, product_id, sku, price, stock_quantity, attributes) VALUES ('dc7eeac2-f46b-4123-8817-77ae89559bf9', 'ae60a00e-f1de-49e3-908c-cf866ae0723e', 'PHONE-690-RX-DC7E', 3469, 142, '{"color": "Red", "size": "XL"}');
INSERT INTO product_variants (id, product_id, sku, price, stock_quantity, attributes) VALUES ('251e33b9-0b5b-41bb-b2dd-6bf1a3f06730', 'ae60a00e-f1de-49e3-908c-cf866ae0723e', 'PHONE-690-G1-251E', 4290, 78, '{"color": "Gold", "size": "128GB"}');
INSERT INTO products (id, name, description, category_id) VALUES ('fdd03cc7-1b5a-4b77-ae25-672daa1125f9', 'Smart Dress 576', 'Description for Smart Dress 576. Optimized for search and performance test.', '656c2240-be8a-43b5-a319-8ffd2862db51');
INSERT INTO product_variants (id, product_id, sku, price, stock_quantity, attributes) VALUES ('80fceac2-a0a7-4760-b2dd-a12b334887f8', 'fdd03cc7-1b5a-4b77-ae25-672daa1125f9', 'DRESS-576-B1-80FC', 2064, 25, '{"color": "Blue", "size": "128GB"}');
INSERT INTO product_variants (id, product_id, sku, price, stock_quantity, attributes) VALUES ('1c0eb829-b5f9-4495-9965-dcc2f1da465e', 'fdd03cc7-1b5a-4b77-ae25-672daa1125f9', 'DRESS-576-BS-1C0E', 744, 127, '{"color": "Black", "size": "S"}');
INSERT INTO product_variants (id, product_id, sku, price, stock_quantity, attributes) VALUES ('6a32e993-530e-4902-a840-06ea2cc39b90', 'fdd03cc7-1b5a-4b77-ae25-672daa1125f9', 'DRESS-576-B1-6A32', 4786, 87, '{"color": "Blue", "size": "16GB RAM"}');
INSERT INTO products (id, name, description, category_id) VALUES ('9de7f779-6ca4-4c85-943f-d51d63e86e01', 'Premium Table 367', 'Description for Premium Table 367. Optimized for search and performance test.', '656c2240-be8a-43b5-a319-8ffd2862db51');
INSERT INTO product_variants (id, product_id, sku, price, stock_quantity, attributes) VALUES ('8ec529e7-9ccb-431d-a596-2af48e40ae9d', '9de7f779-6ca4-4c85-943f-d51d63e86e01', 'TABLE-367-R8-8EC5', 4241, 182, '{"color": "Red", "size": "8GB RAM"}');
INSERT INTO product_variants (id, product_id, sku, price, stock_quantity, attributes) VALUES ('2ba9303b-e874-4a6e-9d58-000c3204881d', '9de7f779-6ca4-4c85-943f-d51d63e86e01', 'TABLE-367-B1-2BA9', 1903, 87, '{"color": "Blue", "size": "16GB RAM"}');
INSERT INTO product_variants (id, product_id, sku, price, stock_quantity, attributes) VALUES ('d82f8f16-e2b9-4aca-b254-684f8d6770ab', '9de7f779-6ca4-4c85-943f-d51d63e86e01', 'TABLE-367-G2-D82F', 4706, 116, '{"color": "Green", "size": "256GB"}');
INSERT INTO products (id, name, description, category_id) VALUES ('15430086-300a-4d55-b146-492cab1bf561', 'Smart Bed 986', 'Description for Smart Bed 986. Optimized for search and performance test.', '656c2240-be8a-43b5-a319-8ffd2862db51');
INSERT INTO product_variants (id, product_id, sku, price, stock_quantity, attributes) VALUES ('c9a5d4e6-baa6-44d9-84f0-4f79c0acf555', '15430086-300a-4d55-b146-492cab1bf561', 'BED-986-B8-C9A5', 1599, 32, '{"color": "Black", "size": "8GB RAM"}');
INSERT INTO product_variants (id, product_id, sku, price, stock_quantity, attributes) VALUES ('99416ec9-aa64-4747-bd59-e029b732a833', '15430086-300a-4d55-b146-492cab1bf561', 'BED-986-BX-9941', 4793, 137, '{"color": "Blue", "size": "XXL"}');
INSERT INTO product_variants (id, product_id, sku, price, stock_quantity, attributes) VALUES ('fda187e2-4c0b-4c8d-bd22-e826fecb3625', '15430086-300a-4d55-b146-492cab1bf561', 'BED-986-G6-FDA1', 2147, 60, '{"color": "Gold", "size": "64GB"}');
INSERT INTO products (id, name, description, category_id) VALUES ('9e207e21-9e73-40ad-94de-1c38a8d4efc8', 'Original Headphones 268', 'Description for Original Headphones 268. Optimized for search and performance test.', '656c2240-be8a-43b5-a319-8ffd2862db51');
INSERT INTO product_variants (id, product_id, sku, price, stock_quantity, attributes) VALUES ('e3b52581-1c03-4129-9b16-64e156889303', '9e207e21-9e73-40ad-94de-1c38a8d4efc8', 'HEADPHONES-268-BL-E3B5', 2379, 80, '{"color": "Black", "size": "L"}');
INSERT INTO product_variants (id, product_id, sku, price, stock_quantity, attributes) VALUES ('312df30c-97fd-4568-b795-e7bf59952cfe', '9e207e21-9e73-40ad-94de-1c38a8d4efc8', 'HEADPHONES-268-SX-312D', 646, 39, '{"color": "Silver", "size": "XL"}');
INSERT INTO product_variants (id, product_id, sku, price, stock_quantity, attributes) VALUES ('dcdac1bb-411e-4806-b47b-d593f604b082', '9e207e21-9e73-40ad-94de-1c38a8d4efc8', 'HEADPHONES-268-BL-DCDA', 2662, 159, '{"color": "Blue", "size": "L"}');
INSERT INTO products (id, name, description, category_id) VALUES ('7c8593c2-23ae-418a-9ec9-e537f465c413', 'Smart Speaker 888', 'Description for Smart Speaker 888. Optimized for search and performance test.', '656c2240-be8a-43b5-a319-8ffd2862db51');
INSERT INTO product_variants (id, product_id, sku, price, stock_quantity, attributes) VALUES ('6ad7dda0-0ada-49c3-97e2-821e1764738a', '7c8593c2-23ae-418a-9ec9-e537f465c413', 'SPEAKER-888-G1-6AD7', 4960, 147, '{"color": "Green", "size": "128GB"}');
INSERT INTO product_variants (id, product_id, sku, price, stock_quantity, attributes) VALUES ('6f73c7f7-7356-4002-8857-697e00527263', '7c8593c2-23ae-418a-9ec9-e537f465c413', 'SPEAKER-888-BS-6F73', 1852, 107, '{"color": "Black", "size": "S"}');
INSERT INTO product_variants (id, product_id, sku, price, stock_quantity, attributes) VALUES ('f6a712ae-52b2-4040-8ba2-1015108b16a8', '7c8593c2-23ae-418a-9ec9-e537f465c413', 'SPEAKER-888-R1-F6A7', 3396, 129, '{"color": "Red", "size": "128GB"}');
INSERT INTO products (id, name, description, category_id) VALUES ('07591093-d55c-4c4b-9745-c529d6c79d49', 'Premium Speaker 951', 'Description for Premium Speaker 951. Optimized for search and performance test.', '656c2240-be8a-43b5-a319-8ffd2862db51');
INSERT INTO product_variants (id, product_id, sku, price, stock_quantity, attributes) VALUES ('6d764fec-a403-4a7d-9a98-de1f52e4352b', '07591093-d55c-4c4b-9745-c529d6c79d49', 'SPEAKER-951-W2-6D76', 3214, 119, '{"color": "White", "size": "256GB"}');
INSERT INTO product_variants (id, product_id, sku, price, stock_quantity, attributes) VALUES ('1e11920c-7014-4be3-a150-a7696169acf1', '07591093-d55c-4c4b-9745-c529d6c79d49', 'SPEAKER-951-RM-1E11', 1180, 108, '{"color": "Red", "size": "M"}');
INSERT INTO product_variants (id, product_id, sku, price, stock_quantity, attributes) VALUES ('d5ebf0ab-6df4-410c-93c8-02c3de6a2f57', '07591093-d55c-4c4b-9745-c529d6c79d49', 'SPEAKER-951-WM-D5EB', 4949, 18, '{"color": "White", "size": "M"}');
INSERT INTO products (id, name, description, category_id) VALUES ('e58fba44-128c-4c6d-95b4-41c6b72eb1e0', 'Smart Speaker 367', 'Description for Smart Speaker 367. Optimized for search and performance test.', '656c2240-be8a-43b5-a319-8ffd2862db51');
INSERT INTO product_variants (id, product_id, sku, price, stock_quantity, attributes) VALUES ('8dfb9f23-82a8-44a0-ab10-21087fb946ad', 'e58fba44-128c-4c6d-95b4-41c6b72eb1e0', 'SPEAKER-367-B1-8DFB', 1052, 150, '{"color": "Blue", "size": "16GB RAM"}');
INSERT INTO product_variants (id, product_id, sku, price, stock_quantity, attributes) VALUES ('f1e4d15b-3abf-4471-aa86-9bc03b732e32', 'e58fba44-128c-4c6d-95b4-41c6b72eb1e0', 'SPEAKER-367-W2-F1E4', 2682, 176, '{"color": "White", "size": "256GB"}');
INSERT INTO product_variants (id, product_id, sku, price, stock_quantity, attributes) VALUES ('e9a09a98-ec99-4879-9e8a-a7f367d78857', 'e58fba44-128c-4c6d-95b4-41c6b72eb1e0', 'SPEAKER-367-RL-E9A0', 3314, 36, '{"color": "Red", "size": "L"}');
INSERT INTO products (id, name, description, category_id) VALUES ('a7a53d6d-46ae-4226-812e-d33e4537b06f', 'Elegant Backpack 686', 'Description for Elegant Backpack 686. Optimized for search and performance test.', '656c2240-be8a-43b5-a319-8ffd2862db51');
INSERT INTO product_variants (id, product_id, sku, price, stock_quantity, attributes) VALUES ('9721b0fb-1d9c-4e10-95a9-8b4567afd0e6', 'a7a53d6d-46ae-4226-812e-d33e4537b06f', 'BACKPACK-686-BX-9721', 2695, 197, '{"color": "Black", "size": "XXL"}');
INSERT INTO product_variants (id, product_id, sku, price, stock_quantity, attributes) VALUES ('89aec565-ad3e-47f7-ac18-d767ecca6555', 'a7a53d6d-46ae-4226-812e-d33e4537b06f', 'BACKPACK-686-WS-89AE', 4566, 33, '{"color": "White", "size": "S"}');
INSERT INTO product_variants (id, product_id, sku, price, stock_quantity, attributes) VALUES ('695c56b3-9ed2-4a63-a4df-b1a4b01995a5', 'a7a53d6d-46ae-4226-812e-d33e4537b06f', 'BACKPACK-686-S2-695C', 3927, 104, '{"color": "Silver", "size": "256GB"}');
INSERT INTO products (id, name, description, category_id) VALUES ('7bad58b1-ef66-4025-b1a9-733a18c1eea2', 'Smart Speaker 293', 'Description for Smart Speaker 293. Optimized for search and performance test.', '656c2240-be8a-43b5-a319-8ffd2862db51');
INSERT INTO product_variants (id, product_id, sku, price, stock_quantity, attributes) VALUES ('bab27585-d129-45fe-93f8-4ea0702b110a', '7bad58b1-ef66-4025-b1a9-733a18c1eea2', 'SPEAKER-293-R6-BAB2', 3672, 125, '{"color": "Red", "size": "64GB"}');
INSERT INTO product_variants (id, product_id, sku, price, stock_quantity, attributes) VALUES ('0d2c2d91-a0db-44a5-819c-7e5bfe5be3e7', '7bad58b1-ef66-4025-b1a9-733a18c1eea2', 'SPEAKER-293-G1-0D2C', 719, 44, '{"color": "Gold", "size": "128GB"}');
INSERT INTO product_variants (id, product_id, sku, price, stock_quantity, attributes) VALUES ('db16bc23-cdce-4d9a-8143-7703a7ed7a2f', '7bad58b1-ef66-4025-b1a9-733a18c1eea2', 'SPEAKER-293-R1-DB16', 4835, 123, '{"color": "Red", "size": "16GB RAM"}');
INSERT INTO products (id, name, description, category_id) VALUES ('7be633da-fdeb-4cd4-baac-61536739f7f3', 'Eco Camera 873', 'Description for Eco Camera 873. Optimized for search and performance test.', '656c2240-be8a-43b5-a319-8ffd2862db51');
INSERT INTO product_variants (id, product_id, sku, price, stock_quantity, attributes) VALUES ('48aee60d-0984-480f-9a20-14539a35ec3f', '7be633da-fdeb-4cd4-baac-61536739f7f3', 'CAMERA-873-GM-48AE', 3605, 181, '{"color": "Gold", "size": "M"}');
INSERT INTO product_variants (id, product_id, sku, price, stock_quantity, attributes) VALUES ('fcd3694b-9cb7-418f-a04d-cbbabbb6c4ae', '7be633da-fdeb-4cd4-baac-61536739f7f3', 'CAMERA-873-BL-FCD3', 2656, 25, '{"color": "Black", "size": "L"}');
INSERT INTO product_variants (id, product_id, sku, price, stock_quantity, attributes) VALUES ('8ab5c4f5-6043-48ea-9f16-ee201b02c871', '7be633da-fdeb-4cd4-baac-61536739f7f3', 'CAMERA-873-BS-8AB5', 362, 82, '{"color": "Blue", "size": "S"}');
INSERT INTO products (id, name, description, category_id) VALUES ('5f97e13c-5df9-4e8c-b0c5-e04b39a47ac0', 'Ultra Camera 341', 'Description for Ultra Camera 341. Optimized for search and performance test.', '656c2240-be8a-43b5-a319-8ffd2862db51');
INSERT INTO product_variants (id, product_id, sku, price, stock_quantity, attributes) VALUES ('be89ebbf-e0e5-4951-9a7b-5448bd76eee2', '5f97e13c-5df9-4e8c-b0c5-e04b39a47ac0', 'CAMERA-341-R2-BE89', 1250, 65, '{"color": "Red", "size": "256GB"}');
INSERT INTO product_variants (id, product_id, sku, price, stock_quantity, attributes) VALUES ('77b65d1b-b793-4ff9-943e-107567e9aed7', '5f97e13c-5df9-4e8c-b0c5-e04b39a47ac0', 'CAMERA-341-WX-77B6', 1898, 180, '{"color": "White", "size": "XL"}');
INSERT INTO product_variants (id, product_id, sku, price, stock_quantity, attributes) VALUES ('62f5562f-02c7-4308-8d60-a6d9ad0be4c5', '5f97e13c-5df9-4e8c-b0c5-e04b39a47ac0', 'CAMERA-341-GX-62F5', 647, 169, '{"color": "Gold", "size": "XXL"}');
INSERT INTO products (id, name, description, category_id) VALUES ('7c2103f8-2152-4bb7-98f6-967a36d34398', 'Eco Camera 608', 'Description for Eco Camera 608. Optimized for search and performance test.', '656c2240-be8a-43b5-a319-8ffd2862db51');
INSERT INTO product_variants (id, product_id, sku, price, stock_quantity, attributes) VALUES ('a94bd8b2-dcf1-48aa-9d29-506f9e91079f', '7c2103f8-2152-4bb7-98f6-967a36d34398', 'CAMERA-608-RL-A94B', 2153, 94, '{"color": "Red", "size": "L"}');
INSERT INTO product_variants (id, product_id, sku, price, stock_quantity, attributes) VALUES ('deb5b9cb-cb24-4f81-acfa-00979cde39c7', '7c2103f8-2152-4bb7-98f6-967a36d34398', 'CAMERA-608-R8-DEB5', 4593, 193, '{"color": "Red", "size": "8GB RAM"}');
INSERT INTO product_variants (id, product_id, sku, price, stock_quantity, attributes) VALUES ('b278ffd9-3b63-4d4d-b6a5-78e0f4ca49cc', '7c2103f8-2152-4bb7-98f6-967a36d34398', 'CAMERA-608-B2-B278', 4666, 93, '{"color": "Black", "size": "256GB"}');
INSERT INTO products (id, name, description, category_id) VALUES ('9290e8ca-c850-44f5-a589-5e0e2f60f254', 'Lite Table 711', 'Description for Lite Table 711. Optimized for search and performance test.', '656c2240-be8a-43b5-a319-8ffd2862db51');
INSERT INTO product_variants (id, product_id, sku, price, stock_quantity, attributes) VALUES ('59b2da38-1ceb-4d4b-abc0-d352470242e3', '9290e8ca-c850-44f5-a589-5e0e2f60f254', 'TABLE-711-G1-59B2', 3280, 24, '{"color": "Gold", "size": "128GB"}');
INSERT INTO product_variants (id, product_id, sku, price, stock_quantity, attributes) VALUES ('9e7384c5-e9e3-4855-b7be-88f9bf1ef660', '9290e8ca-c850-44f5-a589-5e0e2f60f254', 'TABLE-711-G6-9E73', 2395, 139, '{"color": "Gold", "size": "64GB"}');
INSERT INTO product_variants (id, product_id, sku, price, stock_quantity, attributes) VALUES ('dc456c8d-c5d6-42d0-a5c1-d393a9095180', '9290e8ca-c850-44f5-a589-5e0e2f60f254', 'TABLE-711-GL-DC45', 1969, 106, '{"color": "Green", "size": "L"}');
INSERT INTO products (id, name, description, category_id) VALUES ('d31f01e0-e0b6-4aa5-b90b-c9fc17b442b5', 'Ultra Shirt 803', 'Description for Ultra Shirt 803. Optimized for search and performance test.', '656c2240-be8a-43b5-a319-8ffd2862db51');
INSERT INTO product_variants (id, product_id, sku, price, stock_quantity, attributes) VALUES ('4454b00e-5f8e-462e-a6f6-2644f17421df', 'd31f01e0-e0b6-4aa5-b90b-c9fc17b442b5', 'SHIRT-803-BX-4454', 4723, 24, '{"color": "Blue", "size": "XXL"}');
INSERT INTO product_variants (id, product_id, sku, price, stock_quantity, attributes) VALUES ('3048f711-2371-4fd2-8176-aa7e9c90795e', 'd31f01e0-e0b6-4aa5-b90b-c9fc17b442b5', 'SHIRT-803-G1-3048', 985, 101, '{"color": "Green", "size": "16GB RAM"}');
INSERT INTO product_variants (id, product_id, sku, price, stock_quantity, attributes) VALUES ('be7d4fb8-6c96-466e-b1fe-f7adde597e56', 'd31f01e0-e0b6-4aa5-b90b-c9fc17b442b5', 'SHIRT-803-B1-BE7D', 4974, 196, '{"color": "Blue", "size": "16GB RAM"}');
INSERT INTO products (id, name, description, category_id) VALUES ('639a40ee-3b86-47cb-8b83-2c52fe124a9a', 'Original Shirt 916', 'Description for Original Shirt 916. Optimized for search and performance test.', '656c2240-be8a-43b5-a319-8ffd2862db51');
INSERT INTO product_variants (id, product_id, sku, price, stock_quantity, attributes) VALUES ('0f457ee9-d2ac-4d19-b42c-855b125ddc97', '639a40ee-3b86-47cb-8b83-2c52fe124a9a', 'SHIRT-916-G2-0F45', 2711, 81, '{"color": "Gold", "size": "256GB"}');
INSERT INTO product_variants (id, product_id, sku, price, stock_quantity, attributes) VALUES ('f6458947-de0a-43d5-ba5d-065706081991', '639a40ee-3b86-47cb-8b83-2c52fe124a9a', 'SHIRT-916-BX-F645', 2269, 156, '{"color": "Black", "size": "XXL"}');
INSERT INTO product_variants (id, product_id, sku, price, stock_quantity, attributes) VALUES ('d0ce75b2-a8be-4e69-813a-fe242a24fd42', '639a40ee-3b86-47cb-8b83-2c52fe124a9a', 'SHIRT-916-WX-D0CE', 130, 146, '{"color": "White", "size": "XXL"}');
INSERT INTO products (id, name, description, category_id) VALUES ('2b4f88ee-bade-410f-b149-75d8f579988f', 'Smart Monitor 476', 'Description for Smart Monitor 476. Optimized for search and performance test.', '656c2240-be8a-43b5-a319-8ffd2862db51');
INSERT INTO product_variants (id, product_id, sku, price, stock_quantity, attributes) VALUES ('2e4c1bed-5fea-4a46-a20e-1707466a34e5', '2b4f88ee-bade-410f-b149-75d8f579988f', 'MONITOR-476-SL-2E4C', 4012, 111, '{"color": "Silver", "size": "L"}');
INSERT INTO product_variants (id, product_id, sku, price, stock_quantity, attributes) VALUES ('d1058592-2857-46f2-a2e4-1cfb6a0bd298', '2b4f88ee-bade-410f-b149-75d8f579988f', 'MONITOR-476-GL-D105', 1598, 51, '{"color": "Gold", "size": "L"}');
INSERT INTO product_variants (id, product_id, sku, price, stock_quantity, attributes) VALUES ('04c68bf4-f8b3-4296-9454-650460b4df1c', '2b4f88ee-bade-410f-b149-75d8f579988f', 'MONITOR-476-R1-04C6', 4177, 82, '{"color": "Red", "size": "16GB RAM"}');
INSERT INTO products (id, name, description, category_id) VALUES ('9eacb5a5-8d57-45dc-8dba-79e7ac3fe624', 'Pro Laptop 437', 'Description for Pro Laptop 437. Optimized for search and performance test.', '656c2240-be8a-43b5-a319-8ffd2862db51');
INSERT INTO product_variants (id, product_id, sku, price, stock_quantity, attributes) VALUES ('1354d16a-1872-44b5-b9fc-ea57ff2fb25a', '9eacb5a5-8d57-45dc-8dba-79e7ac3fe624', 'LAPTOP-437-RL-1354', 3804, 155, '{"color": "Red", "size": "L"}');
INSERT INTO product_variants (id, product_id, sku, price, stock_quantity, attributes) VALUES ('194964a3-e171-4d24-93b7-4e952efda4fa', '9eacb5a5-8d57-45dc-8dba-79e7ac3fe624', 'LAPTOP-437-B2-1949', 878, 64, '{"color": "Black", "size": "256GB"}');
INSERT INTO product_variants (id, product_id, sku, price, stock_quantity, attributes) VALUES ('5cc18ad6-93e4-413b-b62c-4c64a8c8d77f', '9eacb5a5-8d57-45dc-8dba-79e7ac3fe624', 'LAPTOP-437-GX-5CC1', 1040, 162, '{"color": "Green", "size": "XXL"}');
INSERT INTO products (id, name, description, category_id) VALUES ('199a9123-9bb5-4905-9258-9633905847bc', 'Ultra Phone 623', 'Description for Ultra Phone 623. Optimized for search and performance test.', '656c2240-be8a-43b5-a319-8ffd2862db51');
INSERT INTO product_variants (id, product_id, sku, price, stock_quantity, attributes) VALUES ('32b0b1d8-12d1-478c-97ab-9946f4e4e6f3', '199a9123-9bb5-4905-9258-9633905847bc', 'PHONE-623-W8-32B0', 3441, 24, '{"color": "White", "size": "8GB RAM"}');
INSERT INTO product_variants (id, product_id, sku, price, stock_quantity, attributes) VALUES ('e97e6337-1b6c-4373-b0cd-8749d326f7d3', '199a9123-9bb5-4905-9258-9633905847bc', 'PHONE-623-BX-E97E', 4016, 142, '{"color": "Black", "size": "XXL"}');
INSERT INTO product_variants (id, product_id, sku, price, stock_quantity, attributes) VALUES ('4d1d7f15-9435-431e-ab49-7f6586d487a2', '199a9123-9bb5-4905-9258-9633905847bc', 'PHONE-623-SX-4D1D', 4118, 18, '{"color": "Silver", "size": "XL"}');
INSERT INTO products (id, name, description, category_id) VALUES ('a583b402-b58c-402e-ae40-1ba43136f82c', 'Smart Headphones 735', 'Description for Smart Headphones 735. Optimized for search and performance test.', '656c2240-be8a-43b5-a319-8ffd2862db51');
INSERT INTO product_variants (id, product_id, sku, price, stock_quantity, attributes) VALUES ('c639e3dc-a237-4a86-848d-d6c69917ae6b', 'a583b402-b58c-402e-ae40-1ba43136f82c', 'HEADPHONES-735-BM-C639', 4661, 93, '{"color": "Blue", "size": "M"}');
INSERT INTO product_variants (id, product_id, sku, price, stock_quantity, attributes) VALUES ('32ebba8d-a364-4c36-819b-9fd0b8e40088', 'a583b402-b58c-402e-ae40-1ba43136f82c', 'HEADPHONES-735-WM-32EB', 3780, 70, '{"color": "White", "size": "M"}');
INSERT INTO product_variants (id, product_id, sku, price, stock_quantity, attributes) VALUES ('a0debe0c-133b-4483-adf3-509a6e096a69', 'a583b402-b58c-402e-ae40-1ba43136f82c', 'HEADPHONES-735-B6-A0DE', 221, 54, '{"color": "Blue", "size": "64GB"}');
INSERT INTO products (id, name, description, category_id) VALUES ('db97d470-67a3-4cdf-b33d-636c8746d141', 'Pro Bed 449', 'Description for Pro Bed 449. Optimized for search and performance test.', '656c2240-be8a-43b5-a319-8ffd2862db51');
INSERT INTO product_variants (id, product_id, sku, price, stock_quantity, attributes) VALUES ('a223d271-496c-4639-a25f-b4a1eef481f1', 'db97d470-67a3-4cdf-b33d-636c8746d141', 'BED-449-S1-A223', 4165, 65, '{"color": "Silver", "size": "128GB"}');
INSERT INTO product_variants (id, product_id, sku, price, stock_quantity, attributes) VALUES ('f66ae5f8-4fb9-4e3d-a0a3-50bd277c6e2a', 'db97d470-67a3-4cdf-b33d-636c8746d141', 'BED-449-BX-F66A', 2347, 80, '{"color": "Blue", "size": "XL"}');
INSERT INTO product_variants (id, product_id, sku, price, stock_quantity, attributes) VALUES ('91ab1ac8-f0c7-4310-af81-82f918ee2144', 'db97d470-67a3-4cdf-b33d-636c8746d141', 'BED-449-G1-91AB', 4619, 59, '{"color": "Gold", "size": "16GB RAM"}');
INSERT INTO products (id, name, description, category_id) VALUES ('bc5e11e6-9583-4598-9216-ee9ab3d448b7', 'Premium Table 240', 'Description for Premium Table 240. Optimized for search and performance test.', '656c2240-be8a-43b5-a319-8ffd2862db51');
INSERT INTO product_variants (id, product_id, sku, price, stock_quantity, attributes) VALUES ('a0739b28-bfbd-494d-8a2a-0e7f59122d93', 'bc5e11e6-9583-4598-9216-ee9ab3d448b7', 'TABLE-240-BX-A073', 3725, 22, '{"color": "Black", "size": "XL"}');
INSERT INTO product_variants (id, product_id, sku, price, stock_quantity, attributes) VALUES ('48b02dc5-426d-42f5-91ea-c4d6d797d20c', 'bc5e11e6-9583-4598-9216-ee9ab3d448b7', 'TABLE-240-G6-48B0', 4043, 120, '{"color": "Green", "size": "64GB"}');
INSERT INTO product_variants (id, product_id, sku, price, stock_quantity, attributes) VALUES ('3b8a8526-d1ad-4bba-ab67-713ac3f94baf', 'bc5e11e6-9583-4598-9216-ee9ab3d448b7', 'TABLE-240-W6-3B8A', 4711, 158, '{"color": "White", "size": "64GB"}');
INSERT INTO products (id, name, description, category_id) VALUES ('f638b586-362b-49e3-9a41-bf7ea6ef08a7', 'Ultra Shirt 933', 'Description for Ultra Shirt 933. Optimized for search and performance test.', '656c2240-be8a-43b5-a319-8ffd2862db51');
INSERT INTO product_variants (id, product_id, sku, price, stock_quantity, attributes) VALUES ('29b94462-82ad-4ea1-9efa-47b8afda0694', 'f638b586-362b-49e3-9a41-bf7ea6ef08a7', 'SHIRT-933-BL-29B9', 3829, 27, '{"color": "Blue", "size": "L"}');
INSERT INTO product_variants (id, product_id, sku, price, stock_quantity, attributes) VALUES ('58246837-f3ca-4789-b3c8-d51e1cdf5e8f', 'f638b586-362b-49e3-9a41-bf7ea6ef08a7', 'SHIRT-933-GX-5824', 4268, 157, '{"color": "Green", "size": "XXL"}');
INSERT INTO product_variants (id, product_id, sku, price, stock_quantity, attributes) VALUES ('6c699bab-3e9c-41b0-8e07-ec612b134a15', 'f638b586-362b-49e3-9a41-bf7ea6ef08a7', 'SHIRT-933-B8-6C69', 460, 86, '{"color": "Black", "size": "8GB RAM"}');
INSERT INTO products (id, name, description, category_id) VALUES ('28e529f7-fd38-4b1d-9e94-db0131abe12e', 'Ultra Backpack 927', 'Description for Ultra Backpack 927. Optimized for search and performance test.', '656c2240-be8a-43b5-a319-8ffd2862db51');
INSERT INTO product_variants (id, product_id, sku, price, stock_quantity, attributes) VALUES ('c33f8c5e-0734-4b67-9190-75b7cd2fbe0a', '28e529f7-fd38-4b1d-9e94-db0131abe12e', 'BACKPACK-927-BS-C33F', 1843, 18, '{"color": "Black", "size": "S"}');
INSERT INTO product_variants (id, product_id, sku, price, stock_quantity, attributes) VALUES ('7988bca8-a1b7-4a72-a295-aff93a70d5f4', '28e529f7-fd38-4b1d-9e94-db0131abe12e', 'BACKPACK-927-G6-7988', 3137, 144, '{"color": "Green", "size": "64GB"}');
INSERT INTO product_variants (id, product_id, sku, price, stock_quantity, attributes) VALUES ('dc11b1be-ed38-48a6-8f4a-4a824a89dc8f', '28e529f7-fd38-4b1d-9e94-db0131abe12e', 'BACKPACK-927-R1-DC11', 790, 34, '{"color": "Red", "size": "128GB"}');
INSERT INTO products (id, name, description, category_id) VALUES ('3c04236c-be74-4cd4-9716-e94f18cdd5b6', 'Ultra Laptop 111', 'Description for Ultra Laptop 111. Optimized for search and performance test.', '656c2240-be8a-43b5-a319-8ffd2862db51');
INSERT INTO product_variants (id, product_id, sku, price, stock_quantity, attributes) VALUES ('4083a57c-bff9-48e8-87ff-08e48ad2c21f', '3c04236c-be74-4cd4-9716-e94f18cdd5b6', 'LAPTOP-111-G8-4083', 723, 96, '{"color": "Green", "size": "8GB RAM"}');
INSERT INTO product_variants (id, product_id, sku, price, stock_quantity, attributes) VALUES ('94d57f55-37dc-4e64-84cc-4607c96a0695', '3c04236c-be74-4cd4-9716-e94f18cdd5b6', 'LAPTOP-111-WS-94D5', 2620, 43, '{"color": "White", "size": "S"}');
INSERT INTO product_variants (id, product_id, sku, price, stock_quantity, attributes) VALUES ('00278798-eda3-4a12-bf2d-eb8f7ad2ce39', '3c04236c-be74-4cd4-9716-e94f18cdd5b6', 'LAPTOP-111-BS-0027', 3070, 36, '{"color": "Black", "size": "S"}');
INSERT INTO products (id, name, description, category_id) VALUES ('3fb1f398-c8ea-400e-a330-a881e39c2d27', 'Lite Dress 608', 'Description for Lite Dress 608. Optimized for search and performance test.', '656c2240-be8a-43b5-a319-8ffd2862db51');
INSERT INTO product_variants (id, product_id, sku, price, stock_quantity, attributes) VALUES ('ddccf44c-e8f0-4476-8f0f-eb430aab8950', '3fb1f398-c8ea-400e-a330-a881e39c2d27', 'DRESS-608-G2-DDCC', 1485, 10, '{"color": "Gold", "size": "256GB"}');
INSERT INTO product_variants (id, product_id, sku, price, stock_quantity, attributes) VALUES ('3436f7b4-2bca-4b61-bb83-30809d01eceb', '3fb1f398-c8ea-400e-a330-a881e39c2d27', 'DRESS-608-BX-3436', 3174, 91, '{"color": "Black", "size": "XL"}');
INSERT INTO product_variants (id, product_id, sku, price, stock_quantity, attributes) VALUES ('4ea5eef0-1a9d-4b58-8657-77a55c9ebca2', '3fb1f398-c8ea-400e-a330-a881e39c2d27', 'DRESS-608-BL-4EA5', 695, 27, '{"color": "Black", "size": "L"}');
INSERT INTO products (id, name, description, category_id) VALUES ('80076626-d38a-4ca1-a6b3-63ae6cdb6e7f', 'Smart Laptop 544', 'Description for Smart Laptop 544. Optimized for search and performance test.', '656c2240-be8a-43b5-a319-8ffd2862db51');
INSERT INTO product_variants (id, product_id, sku, price, stock_quantity, attributes) VALUES ('c8b3473e-e3a1-4972-840c-4883f2c1e2a4', '80076626-d38a-4ca1-a6b3-63ae6cdb6e7f', 'LAPTOP-544-WM-C8B3', 2839, 140, '{"color": "White", "size": "M"}');
INSERT INTO product_variants (id, product_id, sku, price, stock_quantity, attributes) VALUES ('5fa3e269-867d-4caa-a6dc-2044b98c371f', '80076626-d38a-4ca1-a6b3-63ae6cdb6e7f', 'LAPTOP-544-B8-5FA3', 1757, 115, '{"color": "Black", "size": "8GB RAM"}');
INSERT INTO product_variants (id, product_id, sku, price, stock_quantity, attributes) VALUES ('5152c486-ac10-4a4d-8c4e-14c2ce8e600b', '80076626-d38a-4ca1-a6b3-63ae6cdb6e7f', 'LAPTOP-544-WL-5152', 849, 24, '{"color": "White", "size": "L"}');
INSERT INTO products (id, name, description, category_id) VALUES ('d2898eb2-6798-4ab3-b556-2bb4119fe930', 'Elegant Shirt 296', 'Description for Elegant Shirt 296. Optimized for search and performance test.', '656c2240-be8a-43b5-a319-8ffd2862db51');
INSERT INTO product_variants (id, product_id, sku, price, stock_quantity, attributes) VALUES ('c062e5c9-7e5c-40fb-980b-6e0abc94b0a2', 'd2898eb2-6798-4ab3-b556-2bb4119fe930', 'SHIRT-296-BX-C062', 715, 66, '{"color": "Blue", "size": "XXL"}');
INSERT INTO product_variants (id, product_id, sku, price, stock_quantity, attributes) VALUES ('b55e23b3-51c7-4152-b78c-8fc37fcd7670', 'd2898eb2-6798-4ab3-b556-2bb4119fe930', 'SHIRT-296-BX-B55E', 3101, 38, '{"color": "Blue", "size": "XXL"}');
INSERT INTO product_variants (id, product_id, sku, price, stock_quantity, attributes) VALUES ('8887526c-117e-4bbd-8245-23394c540bb7', 'd2898eb2-6798-4ab3-b556-2bb4119fe930', 'SHIRT-296-WL-8887', 2547, 155, '{"color": "White", "size": "L"}');
INSERT INTO products (id, name, description, category_id) VALUES ('d7764d1e-2101-4c86-9445-0891bc3027d8', 'Pro Bed 176', 'Description for Pro Bed 176. Optimized for search and performance test.', '656c2240-be8a-43b5-a319-8ffd2862db51');
INSERT INTO product_variants (id, product_id, sku, price, stock_quantity, attributes) VALUES ('77b8627a-6c32-40d8-bccf-54a1dfd3276f', 'd7764d1e-2101-4c86-9445-0891bc3027d8', 'BED-176-RX-77B8', 954, 130, '{"color": "Red", "size": "XXL"}');
INSERT INTO product_variants (id, product_id, sku, price, stock_quantity, attributes) VALUES ('8489d64b-54b1-450d-9e81-142bc8f54606', 'd7764d1e-2101-4c86-9445-0891bc3027d8', 'BED-176-GL-8489', 2708, 30, '{"color": "Gold", "size": "L"}');
INSERT INTO product_variants (id, product_id, sku, price, stock_quantity, attributes) VALUES ('0e66b582-02f2-44ef-acde-4f084f1d3903', 'd7764d1e-2101-4c86-9445-0891bc3027d8', 'BED-176-BX-0E66', 1617, 143, '{"color": "Blue", "size": "XL"}');
INSERT INTO products (id, name, description, category_id) VALUES ('69405233-7610-464f-a11f-dc36d1c0de97', 'Ultra Phone 212', 'Description for Ultra Phone 212. Optimized for search and performance test.', '656c2240-be8a-43b5-a319-8ffd2862db51');
INSERT INTO product_variants (id, product_id, sku, price, stock_quantity, attributes) VALUES ('6e324c8e-494f-4daf-83cd-82865c25a4ad', '69405233-7610-464f-a11f-dc36d1c0de97', 'PHONE-212-G2-6E32', 386, 148, '{"color": "Gold", "size": "256GB"}');
INSERT INTO product_variants (id, product_id, sku, price, stock_quantity, attributes) VALUES ('57f77fc5-732c-4e35-8d37-2dda92adb9b2', '69405233-7610-464f-a11f-dc36d1c0de97', 'PHONE-212-B1-57F7', 1511, 63, '{"color": "Black", "size": "16GB RAM"}');
INSERT INTO product_variants (id, product_id, sku, price, stock_quantity, attributes) VALUES ('a5525de5-f85c-45f6-aeda-a70aa8977b31', '69405233-7610-464f-a11f-dc36d1c0de97', 'PHONE-212-GX-A552', 4021, 80, '{"color": "Green", "size": "XXL"}');
INSERT INTO products (id, name, description, category_id) VALUES ('ca147e49-d315-4542-a3aa-42ac9b15edd1', 'Original Laptop 939', 'Description for Original Laptop 939. Optimized for search and performance test.', '656c2240-be8a-43b5-a319-8ffd2862db51');
INSERT INTO product_variants (id, product_id, sku, price, stock_quantity, attributes) VALUES ('a7e792e0-0828-4c5f-8576-38dd5d005df0', 'ca147e49-d315-4542-a3aa-42ac9b15edd1', 'LAPTOP-939-BS-A7E7', 1022, 63, '{"color": "Black", "size": "S"}');
INSERT INTO product_variants (id, product_id, sku, price, stock_quantity, attributes) VALUES ('36aab152-cb11-4d4f-a49f-5d64305b5233', 'ca147e49-d315-4542-a3aa-42ac9b15edd1', 'LAPTOP-939-G1-36AA', 3349, 191, '{"color": "Gold", "size": "128GB"}');
INSERT INTO product_variants (id, product_id, sku, price, stock_quantity, attributes) VALUES ('f02c1339-4232-4efd-aedf-4472bf168572', 'ca147e49-d315-4542-a3aa-42ac9b15edd1', 'LAPTOP-939-WX-F02C', 384, 150, '{"color": "White", "size": "XL"}');
INSERT INTO products (id, name, description, category_id) VALUES ('c91403c5-6e91-4947-b1f3-4a768693a3eb', 'Premium Monitor 452', 'Description for Premium Monitor 452. Optimized for search and performance test.', '656c2240-be8a-43b5-a319-8ffd2862db51');
INSERT INTO product_variants (id, product_id, sku, price, stock_quantity, attributes) VALUES ('fd855e53-c356-4d0d-9c88-e549a853f0eb', 'c91403c5-6e91-4947-b1f3-4a768693a3eb', 'MONITOR-452-RM-FD85', 129, 104, '{"color": "Red", "size": "M"}');
INSERT INTO product_variants (id, product_id, sku, price, stock_quantity, attributes) VALUES ('c88a24ab-3ef9-4820-8190-22b88ecda2ac', 'c91403c5-6e91-4947-b1f3-4a768693a3eb', 'MONITOR-452-BX-C88A', 2845, 138, '{"color": "Black", "size": "XL"}');
INSERT INTO product_variants (id, product_id, sku, price, stock_quantity, attributes) VALUES ('dc5014ef-477b-411c-ac85-011aea460f5d', 'c91403c5-6e91-4947-b1f3-4a768693a3eb', 'MONITOR-452-BX-DC50', 2628, 14, '{"color": "Blue", "size": "XXL"}');
INSERT INTO products (id, name, description, category_id) VALUES ('6571d821-f65f-48c3-89e9-7874b0a2c1ab', 'Eco Laptop 922', 'Description for Eco Laptop 922. Optimized for search and performance test.', '656c2240-be8a-43b5-a319-8ffd2862db51');
INSERT INTO product_variants (id, product_id, sku, price, stock_quantity, attributes) VALUES ('af4e7871-e268-43fd-a37b-4beaf9f45d4a', '6571d821-f65f-48c3-89e9-7874b0a2c1ab', 'LAPTOP-922-BL-AF4E', 4388, 73, '{"color": "Blue", "size": "L"}');
INSERT INTO product_variants (id, product_id, sku, price, stock_quantity, attributes) VALUES ('45e15a25-e591-4d7e-8ca8-66bf1d386547', '6571d821-f65f-48c3-89e9-7874b0a2c1ab', 'LAPTOP-922-BL-45E1', 3947, 160, '{"color": "Blue", "size": "L"}');
INSERT INTO product_variants (id, product_id, sku, price, stock_quantity, attributes) VALUES ('cade8889-26fc-4c18-9c2c-451be623e80b', '6571d821-f65f-48c3-89e9-7874b0a2c1ab', 'LAPTOP-922-B6-CADE', 2876, 184, '{"color": "Black", "size": "64GB"}');
INSERT INTO products (id, name, description, category_id) VALUES ('5ad52232-4b1e-4304-ab3c-cb08a0364d79', 'Lite Camera 155', 'Description for Lite Camera 155. Optimized for search and performance test.', '656c2240-be8a-43b5-a319-8ffd2862db51');
INSERT INTO product_variants (id, product_id, sku, price, stock_quantity, attributes) VALUES ('95dfbafd-1d17-4bf5-adb5-912a64d8a454', '5ad52232-4b1e-4304-ab3c-cb08a0364d79', 'CAMERA-155-BX-95DF', 3218, 138, '{"color": "Blue", "size": "XL"}');
INSERT INTO product_variants (id, product_id, sku, price, stock_quantity, attributes) VALUES ('b276bfa4-63d2-42af-8ceb-606dd57debf6', '5ad52232-4b1e-4304-ab3c-cb08a0364d79', 'CAMERA-155-G8-B276', 3001, 22, '{"color": "Gold", "size": "8GB RAM"}');
INSERT INTO product_variants (id, product_id, sku, price, stock_quantity, attributes) VALUES ('eabb307e-1338-46d7-9099-bb3d3018e1de', '5ad52232-4b1e-4304-ab3c-cb08a0364d79', 'CAMERA-155-G6-EABB', 3955, 102, '{"color": "Gold", "size": "64GB"}');
INSERT INTO products (id, name, description, category_id) VALUES ('a30d8f98-d754-48f6-89ab-2744b622b8a6', 'Pro Headphones 955', 'Description for Pro Headphones 955. Optimized for search and performance test.', '656c2240-be8a-43b5-a319-8ffd2862db51');
INSERT INTO product_variants (id, product_id, sku, price, stock_quantity, attributes) VALUES ('733845d6-3605-42a3-a88c-66e07003e5eb', 'a30d8f98-d754-48f6-89ab-2744b622b8a6', 'HEADPHONES-955-WX-7338', 1690, 151, '{"color": "White", "size": "XXL"}');
INSERT INTO product_variants (id, product_id, sku, price, stock_quantity, attributes) VALUES ('6d6f73de-3a53-4a6e-9d23-64d66d8d4078', 'a30d8f98-d754-48f6-89ab-2744b622b8a6', 'HEADPHONES-955-R1-6D6F', 4111, 82, '{"color": "Red", "size": "16GB RAM"}');
INSERT INTO product_variants (id, product_id, sku, price, stock_quantity, attributes) VALUES ('35a8061b-1ca3-4fe6-8001-5048371c7077', 'a30d8f98-d754-48f6-89ab-2744b622b8a6', 'HEADPHONES-955-BS-35A8', 3954, 54, '{"color": "Blue", "size": "S"}');
INSERT INTO products (id, name, description, category_id) VALUES ('94b5f7df-d383-467a-ab9d-92548d88c246', 'Pro Dress 591', 'Description for Pro Dress 591. Optimized for search and performance test.', '656c2240-be8a-43b5-a319-8ffd2862db51');
INSERT INTO product_variants (id, product_id, sku, price, stock_quantity, attributes) VALUES ('40149ac4-2bbe-427f-b74c-92cbef25fe03', '94b5f7df-d383-467a-ab9d-92548d88c246', 'DRESS-591-B1-4014', 406, 92, '{"color": "Black", "size": "128GB"}');
INSERT INTO product_variants (id, product_id, sku, price, stock_quantity, attributes) VALUES ('11c3738f-0ba1-48f8-8e50-1f00d4715f56', '94b5f7df-d383-467a-ab9d-92548d88c246', 'DRESS-591-WM-11C3', 3392, 108, '{"color": "White", "size": "M"}');
INSERT INTO product_variants (id, product_id, sku, price, stock_quantity, attributes) VALUES ('39b2aaf7-513b-44ca-90d9-25ce2bb70ec4', '94b5f7df-d383-467a-ab9d-92548d88c246', 'DRESS-591-B2-39B2', 4096, 78, '{"color": "Black", "size": "256GB"}');
INSERT INTO products (id, name, description, category_id) VALUES ('b935589c-fe3d-4119-99fb-4ea2fd6dd267', 'Ultra Phone 693', 'Description for Ultra Phone 693. Optimized for search and performance test.', '656c2240-be8a-43b5-a319-8ffd2862db51');
INSERT INTO product_variants (id, product_id, sku, price, stock_quantity, attributes) VALUES ('9c7611df-31b1-4758-8656-3f7f6716318e', 'b935589c-fe3d-4119-99fb-4ea2fd6dd267', 'PHONE-693-G6-9C76', 3772, 108, '{"color": "Gold", "size": "64GB"}');
INSERT INTO product_variants (id, product_id, sku, price, stock_quantity, attributes) VALUES ('417ae60b-5950-47f1-a515-5b5fa642d6ed', 'b935589c-fe3d-4119-99fb-4ea2fd6dd267', 'PHONE-693-WX-417A', 3294, 81, '{"color": "White", "size": "XL"}');
INSERT INTO product_variants (id, product_id, sku, price, stock_quantity, attributes) VALUES ('08ee46b2-0d2e-40ca-90ce-2620a72779c3', 'b935589c-fe3d-4119-99fb-4ea2fd6dd267', 'PHONE-693-RX-08EE', 566, 66, '{"color": "Red", "size": "XXL"}');
INSERT INTO products (id, name, description, category_id) VALUES ('57652880-f9a0-4710-8666-416563d52f6b', 'Premium Phone 739', 'Description for Premium Phone 739. Optimized for search and performance test.', '656c2240-be8a-43b5-a319-8ffd2862db51');
INSERT INTO product_variants (id, product_id, sku, price, stock_quantity, attributes) VALUES ('fe11358c-4301-4986-9184-510f0b65ce51', '57652880-f9a0-4710-8666-416563d52f6b', 'PHONE-739-BS-FE11', 328, 29, '{"color": "Black", "size": "S"}');
INSERT INTO product_variants (id, product_id, sku, price, stock_quantity, attributes) VALUES ('0e76def3-b3fc-4365-84e2-3e5faef71e45', '57652880-f9a0-4710-8666-416563d52f6b', 'PHONE-739-G2-0E76', 3142, 134, '{"color": "Gold", "size": "256GB"}');
INSERT INTO product_variants (id, product_id, sku, price, stock_quantity, attributes) VALUES ('8710cd8f-87f6-4218-98ad-40f9aa7145fa', '57652880-f9a0-4710-8666-416563d52f6b', 'PHONE-739-GX-8710', 3747, 159, '{"color": "Green", "size": "XXL"}');
INSERT INTO products (id, name, description, category_id) VALUES ('d14446a7-ffb4-4c1f-8b67-fb19de752db1', 'Elegant Bed 135', 'Description for Elegant Bed 135. Optimized for search and performance test.', '656c2240-be8a-43b5-a319-8ffd2862db51');
INSERT INTO product_variants (id, product_id, sku, price, stock_quantity, attributes) VALUES ('214f4bf1-d962-4e47-bba2-89613bb2ca83', 'd14446a7-ffb4-4c1f-8b67-fb19de752db1', 'BED-135-WX-214F', 2787, 154, '{"color": "White", "size": "XXL"}');
INSERT INTO product_variants (id, product_id, sku, price, stock_quantity, attributes) VALUES ('e0164b7a-5ff0-4c38-9073-07c67f4c7cfd', 'd14446a7-ffb4-4c1f-8b67-fb19de752db1', 'BED-135-B2-E016', 2883, 55, '{"color": "Black", "size": "256GB"}');
INSERT INTO product_variants (id, product_id, sku, price, stock_quantity, attributes) VALUES ('af408cec-0898-4d18-bfa4-5ed5a8bd8cf9', 'd14446a7-ffb4-4c1f-8b67-fb19de752db1', 'BED-135-BX-AF40', 3055, 24, '{"color": "Blue", "size": "XL"}');
INSERT INTO products (id, name, description, category_id) VALUES ('cb153fde-996b-4b45-bcde-ee0af8d5709e', 'Elegant Laptop 128', 'Description for Elegant Laptop 128. Optimized for search and performance test.', '656c2240-be8a-43b5-a319-8ffd2862db51');
INSERT INTO product_variants (id, product_id, sku, price, stock_quantity, attributes) VALUES ('89a74296-c9f1-4634-a394-97165efe20f3', 'cb153fde-996b-4b45-bcde-ee0af8d5709e', 'LAPTOP-128-B1-89A7', 4599, 75, '{"color": "Blue", "size": "16GB RAM"}');
INSERT INTO product_variants (id, product_id, sku, price, stock_quantity, attributes) VALUES ('ec14d417-8931-4d47-a1e1-2173716fcff5', 'cb153fde-996b-4b45-bcde-ee0af8d5709e', 'LAPTOP-128-RS-EC14', 847, 172, '{"color": "Red", "size": "S"}');
INSERT INTO product_variants (id, product_id, sku, price, stock_quantity, attributes) VALUES ('e45fc31b-2725-4e61-9b95-806fd16b5b2c', 'cb153fde-996b-4b45-bcde-ee0af8d5709e', 'LAPTOP-128-G8-E45F', 3512, 164, '{"color": "Gold", "size": "8GB RAM"}');
INSERT INTO products (id, name, description, category_id) VALUES ('9599415d-8326-488d-bc2b-ca2d86e15e76', 'Smart Headphones 433', 'Description for Smart Headphones 433. Optimized for search and performance test.', '656c2240-be8a-43b5-a319-8ffd2862db51');
INSERT INTO product_variants (id, product_id, sku, price, stock_quantity, attributes) VALUES ('ff12134e-5237-4e9a-b5e6-c654fd8cab7e', '9599415d-8326-488d-bc2b-ca2d86e15e76', 'HEADPHONES-433-WM-FF12', 4409, 163, '{"color": "White", "size": "M"}');
INSERT INTO product_variants (id, product_id, sku, price, stock_quantity, attributes) VALUES ('f6ac0df9-096b-4754-acef-89f4c04186e4', '9599415d-8326-488d-bc2b-ca2d86e15e76', 'HEADPHONES-433-S8-F6AC', 4036, 160, '{"color": "Silver", "size": "8GB RAM"}');
INSERT INTO product_variants (id, product_id, sku, price, stock_quantity, attributes) VALUES ('3770f51e-b53d-46d9-99c8-7f708c96d3cc', '9599415d-8326-488d-bc2b-ca2d86e15e76', 'HEADPHONES-433-SX-3770', 2011, 50, '{"color": "Silver", "size": "XXL"}');
INSERT INTO products (id, name, description, category_id) VALUES ('25e90e3d-acce-4d2c-a4be-06a9284afe0b', 'Ultra Phone 295', 'Description for Ultra Phone 295. Optimized for search and performance test.', '8cdabf56-5544-44ff-a177-dd0a0a4aec9f');
INSERT INTO product_variants (id, product_id, sku, price, stock_quantity, attributes) VALUES ('d2ea42c8-13b8-493d-8d80-b7e4d4cdb21f', '25e90e3d-acce-4d2c-a4be-06a9284afe0b', 'PHONE-295-R2-D2EA', 561, 155, '{"color": "Red", "size": "256GB"}');
INSERT INTO product_variants (id, product_id, sku, price, stock_quantity, attributes) VALUES ('6ec0ac19-483c-471d-85b2-d959dbfe0410', '25e90e3d-acce-4d2c-a4be-06a9284afe0b', 'PHONE-295-SM-6EC0', 3978, 120, '{"color": "Silver", "size": "M"}');
INSERT INTO product_variants (id, product_id, sku, price, stock_quantity, attributes) VALUES ('3b0f0d5f-ab04-4398-94c2-f0b39a9ab4ef', '25e90e3d-acce-4d2c-a4be-06a9284afe0b', 'PHONE-295-W8-3B0F', 2353, 123, '{"color": "White", "size": "8GB RAM"}');
INSERT INTO products (id, name, description, category_id) VALUES ('4c16b948-0fd9-40cd-81ab-fa40f19fc028', 'Premium Laptop 329', 'Description for Premium Laptop 329. Optimized for search and performance test.', '8cdabf56-5544-44ff-a177-dd0a0a4aec9f');
INSERT INTO product_variants (id, product_id, sku, price, stock_quantity, attributes) VALUES ('d0718d54-a485-4204-8e7f-03e2732330e4', '4c16b948-0fd9-40cd-81ab-fa40f19fc028', 'LAPTOP-329-R8-D071', 610, 41, '{"color": "Red", "size": "8GB RAM"}');
INSERT INTO product_variants (id, product_id, sku, price, stock_quantity, attributes) VALUES ('5387654b-119d-4b02-bb36-f46e0362c4c6', '4c16b948-0fd9-40cd-81ab-fa40f19fc028', 'LAPTOP-329-B6-5387', 3755, 105, '{"color": "Blue", "size": "64GB"}');
INSERT INTO product_variants (id, product_id, sku, price, stock_quantity, attributes) VALUES ('c442b224-8f28-44d0-8f7f-5ccd41aa4f48', '4c16b948-0fd9-40cd-81ab-fa40f19fc028', 'LAPTOP-329-R6-C442', 271, 175, '{"color": "Red", "size": "64GB"}');
INSERT INTO products (id, name, description, category_id) VALUES ('16330d15-a73c-4f77-afd9-c7507fb3abb6', 'Ultra Headphones 872', 'Description for Ultra Headphones 872. Optimized for search and performance test.', '8cdabf56-5544-44ff-a177-dd0a0a4aec9f');
INSERT INTO product_variants (id, product_id, sku, price, stock_quantity, attributes) VALUES ('09e3a14d-6056-414f-a153-dd57cc67e124', '16330d15-a73c-4f77-afd9-c7507fb3abb6', 'HEADPHONES-872-R8-09E3', 2062, 103, '{"color": "Red", "size": "8GB RAM"}');
INSERT INTO product_variants (id, product_id, sku, price, stock_quantity, attributes) VALUES ('3bf8b184-7483-47c2-b0e1-5c08d55007a1', '16330d15-a73c-4f77-afd9-c7507fb3abb6', 'HEADPHONES-872-SM-3BF8', 4286, 180, '{"color": "Silver", "size": "M"}');
INSERT INTO product_variants (id, product_id, sku, price, stock_quantity, attributes) VALUES ('ea76c521-819a-4345-a0b4-b4f6daae6266', '16330d15-a73c-4f77-afd9-c7507fb3abb6', 'HEADPHONES-872-BM-EA76', 1893, 127, '{"color": "Blue", "size": "M"}');
INSERT INTO products (id, name, description, category_id) VALUES ('589c9957-2325-46c4-bb27-23e2fd505f98', 'Eco Phone 504', 'Description for Eco Phone 504. Optimized for search and performance test.', '8cdabf56-5544-44ff-a177-dd0a0a4aec9f');
INSERT INTO product_variants (id, product_id, sku, price, stock_quantity, attributes) VALUES ('8d9afc5c-9327-4296-9db8-b50275a86d60', '589c9957-2325-46c4-bb27-23e2fd505f98', 'PHONE-504-RL-8D9A', 2682, 157, '{"color": "Red", "size": "L"}');
INSERT INTO product_variants (id, product_id, sku, price, stock_quantity, attributes) VALUES ('b5edd36c-4941-49dc-9188-226722271495', '589c9957-2325-46c4-bb27-23e2fd505f98', 'PHONE-504-S1-B5ED', 4366, 174, '{"color": "Silver", "size": "16GB RAM"}');
INSERT INTO product_variants (id, product_id, sku, price, stock_quantity, attributes) VALUES ('7776b83b-ffaa-494d-bf6f-b1f7f8b76fa9', '589c9957-2325-46c4-bb27-23e2fd505f98', 'PHONE-504-B1-7776', 4773, 132, '{"color": "Black", "size": "16GB RAM"}');
INSERT INTO products (id, name, description, category_id) VALUES ('c4e602d2-9de4-4443-95e7-397d66fd0ead', 'Original Bed 295', 'Description for Original Bed 295. Optimized for search and performance test.', '8cdabf56-5544-44ff-a177-dd0a0a4aec9f');
INSERT INTO product_variants (id, product_id, sku, price, stock_quantity, attributes) VALUES ('7bcdae9e-a4fa-4297-afb1-6b0f59d7b611', 'c4e602d2-9de4-4443-95e7-397d66fd0ead', 'BED-295-R1-7BCD', 273, 164, '{"color": "Red", "size": "128GB"}');
INSERT INTO product_variants (id, product_id, sku, price, stock_quantity, attributes) VALUES ('006acd61-15a7-4a97-9cfb-8046df322e24', 'c4e602d2-9de4-4443-95e7-397d66fd0ead', 'BED-295-GL-006A', 2497, 47, '{"color": "Gold", "size": "L"}');
INSERT INTO product_variants (id, product_id, sku, price, stock_quantity, attributes) VALUES ('923682f5-e516-4649-b722-732050907d4c', 'c4e602d2-9de4-4443-95e7-397d66fd0ead', 'BED-295-RS-9236', 951, 102, '{"color": "Red", "size": "S"}');
INSERT INTO products (id, name, description, category_id) VALUES ('c8c2ee4e-c9f1-44af-8054-d53e080d3644', 'Pro Speaker 458', 'Description for Pro Speaker 458. Optimized for search and performance test.', '8cdabf56-5544-44ff-a177-dd0a0a4aec9f');
INSERT INTO product_variants (id, product_id, sku, price, stock_quantity, attributes) VALUES ('1e5da3a5-d430-48b5-baed-3309cbfea15a', 'c8c2ee4e-c9f1-44af-8054-d53e080d3644', 'SPEAKER-458-G8-1E5D', 2587, 96, '{"color": "Gold", "size": "8GB RAM"}');
INSERT INTO product_variants (id, product_id, sku, price, stock_quantity, attributes) VALUES ('eef06f94-410d-4d36-9fb2-ad05607b5687', 'c8c2ee4e-c9f1-44af-8054-d53e080d3644', 'SPEAKER-458-R1-EEF0', 489, 86, '{"color": "Red", "size": "128GB"}');
INSERT INTO product_variants (id, product_id, sku, price, stock_quantity, attributes) VALUES ('ba8ede9b-6477-47e1-acf7-3cf97ec03e3d', 'c8c2ee4e-c9f1-44af-8054-d53e080d3644', 'SPEAKER-458-R6-BA8E', 916, 136, '{"color": "Red", "size": "64GB"}');
INSERT INTO products (id, name, description, category_id) VALUES ('2c5a6ec7-9bdc-4248-9931-4ecc20594497', 'Premium Monitor 991', 'Description for Premium Monitor 991. Optimized for search and performance test.', '8cdabf56-5544-44ff-a177-dd0a0a4aec9f');
INSERT INTO product_variants (id, product_id, sku, price, stock_quantity, attributes) VALUES ('6d4b11af-0a2b-4345-9166-c1bb79bb1586', '2c5a6ec7-9bdc-4248-9931-4ecc20594497', 'MONITOR-991-WX-6D4B', 1900, 18, '{"color": "White", "size": "XXL"}');
INSERT INTO product_variants (id, product_id, sku, price, stock_quantity, attributes) VALUES ('bbde9c47-ac7b-41f6-b7d7-8eddd358a5e9', '2c5a6ec7-9bdc-4248-9931-4ecc20594497', 'MONITOR-991-GL-BBDE', 477, 102, '{"color": "Gold", "size": "L"}');
INSERT INTO product_variants (id, product_id, sku, price, stock_quantity, attributes) VALUES ('6fdd029c-0175-4319-87dd-8407c051f5e8', '2c5a6ec7-9bdc-4248-9931-4ecc20594497', 'MONITOR-991-S1-6FDD', 3373, 195, '{"color": "Silver", "size": "128GB"}');
INSERT INTO products (id, name, description, category_id) VALUES ('82ca4e84-e0e7-4035-aecc-882492d131db', 'Pro Bed 919', 'Description for Pro Bed 919. Optimized for search and performance test.', '8cdabf56-5544-44ff-a177-dd0a0a4aec9f');
INSERT INTO product_variants (id, product_id, sku, price, stock_quantity, attributes) VALUES ('6ca9be78-f460-43fd-8c0a-f59b8677632b', '82ca4e84-e0e7-4035-aecc-882492d131db', 'BED-919-WS-6CA9', 4225, 87, '{"color": "White", "size": "S"}');
INSERT INTO product_variants (id, product_id, sku, price, stock_quantity, attributes) VALUES ('bd9e77cb-6e9f-4a87-84c5-fb91f7558ed2', '82ca4e84-e0e7-4035-aecc-882492d131db', 'BED-919-G1-BD9E', 2257, 198, '{"color": "Gold", "size": "16GB RAM"}');
INSERT INTO product_variants (id, product_id, sku, price, stock_quantity, attributes) VALUES ('37f2c7f2-9f24-44ea-b3f3-940908c2367d', '82ca4e84-e0e7-4035-aecc-882492d131db', 'BED-919-BX-37F2', 3139, 192, '{"color": "Black", "size": "XL"}');
INSERT INTO products (id, name, description, category_id) VALUES ('b9da00bc-3314-4304-9efb-93a59005baa8', 'Pro Shirt 910', 'Description for Pro Shirt 910. Optimized for search and performance test.', '8cdabf56-5544-44ff-a177-dd0a0a4aec9f');
INSERT INTO product_variants (id, product_id, sku, price, stock_quantity, attributes) VALUES ('1b6b80d3-33f7-4317-837e-e1ae57fe9682', 'b9da00bc-3314-4304-9efb-93a59005baa8', 'SHIRT-910-W6-1B6B', 203, 161, '{"color": "White", "size": "64GB"}');
INSERT INTO product_variants (id, product_id, sku, price, stock_quantity, attributes) VALUES ('5e158ae9-bcc4-4bd1-9a83-d4bb7253519e', 'b9da00bc-3314-4304-9efb-93a59005baa8', 'SHIRT-910-SL-5E15', 3295, 34, '{"color": "Silver", "size": "L"}');
INSERT INTO product_variants (id, product_id, sku, price, stock_quantity, attributes) VALUES ('4c9e6d07-5374-4173-a243-3c29a453b435', 'b9da00bc-3314-4304-9efb-93a59005baa8', 'SHIRT-910-BX-4C9E', 1784, 46, '{"color": "Black", "size": "XL"}');
INSERT INTO products (id, name, description, category_id) VALUES ('d9e72707-2e2c-4c8b-9f73-b305dc2f2762', 'Ultra Camera 682', 'Description for Ultra Camera 682. Optimized for search and performance test.', '8cdabf56-5544-44ff-a177-dd0a0a4aec9f');
INSERT INTO product_variants (id, product_id, sku, price, stock_quantity, attributes) VALUES ('fc38427c-55de-4796-a35d-d2821066e967', 'd9e72707-2e2c-4c8b-9f73-b305dc2f2762', 'CAMERA-682-R2-FC38', 857, 110, '{"color": "Red", "size": "256GB"}');
INSERT INTO product_variants (id, product_id, sku, price, stock_quantity, attributes) VALUES ('3c5a52e5-2c09-4b5b-98bd-ffb842c02cd0', 'd9e72707-2e2c-4c8b-9f73-b305dc2f2762', 'CAMERA-682-G8-3C5A', 4354, 98, '{"color": "Green", "size": "8GB RAM"}');
INSERT INTO product_variants (id, product_id, sku, price, stock_quantity, attributes) VALUES ('6421d6ca-89d1-4793-a6de-27cd0a034a28', 'd9e72707-2e2c-4c8b-9f73-b305dc2f2762', 'CAMERA-682-B6-6421', 4952, 143, '{"color": "Blue", "size": "64GB"}');
INSERT INTO products (id, name, description, category_id) VALUES ('da2f6980-d495-417f-9f7b-2f851057ba72', 'Lite Bed 206', 'Description for Lite Bed 206. Optimized for search and performance test.', '8cdabf56-5544-44ff-a177-dd0a0a4aec9f');
INSERT INTO product_variants (id, product_id, sku, price, stock_quantity, attributes) VALUES ('0756e1b8-4448-4e56-8195-0299156c72af', 'da2f6980-d495-417f-9f7b-2f851057ba72', 'BED-206-G8-0756', 3049, 171, '{"color": "Green", "size": "8GB RAM"}');
INSERT INTO product_variants (id, product_id, sku, price, stock_quantity, attributes) VALUES ('84de3e99-5f9c-4073-b016-3db4814d41ae', 'da2f6980-d495-417f-9f7b-2f851057ba72', 'BED-206-RX-84DE', 4427, 81, '{"color": "Red", "size": "XXL"}');
INSERT INTO product_variants (id, product_id, sku, price, stock_quantity, attributes) VALUES ('8fd82818-b57f-4dee-a1eb-c0fa97c4f597', 'da2f6980-d495-417f-9f7b-2f851057ba72', 'BED-206-GX-8FD8', 395, 96, '{"color": "Green", "size": "XL"}');
INSERT INTO products (id, name, description, category_id) VALUES ('0dc42390-7e82-4246-92c4-1ec9b518bb3e', 'Premium Backpack 610', 'Description for Premium Backpack 610. Optimized for search and performance test.', '8cdabf56-5544-44ff-a177-dd0a0a4aec9f');
INSERT INTO product_variants (id, product_id, sku, price, stock_quantity, attributes) VALUES ('df649ea9-2e3e-4212-a0d7-64e99592acb3', '0dc42390-7e82-4246-92c4-1ec9b518bb3e', 'BACKPACK-610-S6-DF64', 442, 134, '{"color": "Silver", "size": "64GB"}');
INSERT INTO product_variants (id, product_id, sku, price, stock_quantity, attributes) VALUES ('d0d36a12-f8dc-44cb-a712-1f03efaf8eae', '0dc42390-7e82-4246-92c4-1ec9b518bb3e', 'BACKPACK-610-R2-D0D3', 3324, 18, '{"color": "Red", "size": "256GB"}');
INSERT INTO product_variants (id, product_id, sku, price, stock_quantity, attributes) VALUES ('29a835f6-4642-4703-ba2d-72474a696869', '0dc42390-7e82-4246-92c4-1ec9b518bb3e', 'BACKPACK-610-GM-29A8', 4581, 189, '{"color": "Green", "size": "M"}');
INSERT INTO products (id, name, description, category_id) VALUES ('c5b748dd-3c7f-4175-a74d-a70494fe60c5', 'Elegant Speaker 632', 'Description for Elegant Speaker 632. Optimized for search and performance test.', '8cdabf56-5544-44ff-a177-dd0a0a4aec9f');
INSERT INTO product_variants (id, product_id, sku, price, stock_quantity, attributes) VALUES ('87159c97-fee2-48fa-8bfd-29f556dcfd57', 'c5b748dd-3c7f-4175-a74d-a70494fe60c5', 'SPEAKER-632-GS-8715', 264, 28, '{"color": "Gold", "size": "S"}');
INSERT INTO product_variants (id, product_id, sku, price, stock_quantity, attributes) VALUES ('212b29ed-e818-47ad-bba5-7afec905a32d', 'c5b748dd-3c7f-4175-a74d-a70494fe60c5', 'SPEAKER-632-GS-212B', 2368, 18, '{"color": "Green", "size": "S"}');
INSERT INTO product_variants (id, product_id, sku, price, stock_quantity, attributes) VALUES ('1c34694c-1d7f-447d-a954-5c996ed7a5db', 'c5b748dd-3c7f-4175-a74d-a70494fe60c5', 'SPEAKER-632-G1-1C34', 3818, 164, '{"color": "Green", "size": "128GB"}');
INSERT INTO products (id, name, description, category_id) VALUES ('98cc9be4-a838-4fa3-9a0e-2b245e92bbbb', 'Elegant Bed 744', 'Description for Elegant Bed 744. Optimized for search and performance test.', '8cdabf56-5544-44ff-a177-dd0a0a4aec9f');
INSERT INTO product_variants (id, product_id, sku, price, stock_quantity, attributes) VALUES ('f82a8878-9e23-4510-9968-79c7e9079ebb', '98cc9be4-a838-4fa3-9a0e-2b245e92bbbb', 'BED-744-BX-F82A', 622, 180, '{"color": "Blue", "size": "XL"}');
INSERT INTO product_variants (id, product_id, sku, price, stock_quantity, attributes) VALUES ('b04f5604-a638-46a6-93f5-fe8cdead69fc', '98cc9be4-a838-4fa3-9a0e-2b245e92bbbb', 'BED-744-G6-B04F', 861, 32, '{"color": "Gold", "size": "64GB"}');
INSERT INTO product_variants (id, product_id, sku, price, stock_quantity, attributes) VALUES ('4494c44d-8718-4b2e-b253-cee7c8f06cbc', '98cc9be4-a838-4fa3-9a0e-2b245e92bbbb', 'BED-744-GL-4494', 3045, 80, '{"color": "Green", "size": "L"}');
INSERT INTO products (id, name, description, category_id) VALUES ('31aed268-2ce8-4f80-aad4-d6f875f2fdae', 'Lite Backpack 888', 'Description for Lite Backpack 888. Optimized for search and performance test.', '8cdabf56-5544-44ff-a177-dd0a0a4aec9f');
INSERT INTO product_variants (id, product_id, sku, price, stock_quantity, attributes) VALUES ('86d39fd4-b1da-42b3-9c36-0b0df7ca2a8c', '31aed268-2ce8-4f80-aad4-d6f875f2fdae', 'BACKPACK-888-B8-86D3', 4494, 69, '{"color": "Blue", "size": "8GB RAM"}');
INSERT INTO product_variants (id, product_id, sku, price, stock_quantity, attributes) VALUES ('559a72c2-1d12-4990-8a08-9e606d5b4ef7', '31aed268-2ce8-4f80-aad4-d6f875f2fdae', 'BACKPACK-888-RL-559A', 3508, 177, '{"color": "Red", "size": "L"}');
INSERT INTO product_variants (id, product_id, sku, price, stock_quantity, attributes) VALUES ('1da4b5f8-abbd-4b38-9db7-937ec6900feb', '31aed268-2ce8-4f80-aad4-d6f875f2fdae', 'BACKPACK-888-RX-1DA4', 281, 40, '{"color": "Red", "size": "XXL"}');
INSERT INTO products (id, name, description, category_id) VALUES ('6e63783c-7edb-43d2-92ec-b1defa7c432c', 'Pro Table 375', 'Description for Pro Table 375. Optimized for search and performance test.', '8cdabf56-5544-44ff-a177-dd0a0a4aec9f');
INSERT INTO product_variants (id, product_id, sku, price, stock_quantity, attributes) VALUES ('9be8ec87-eb40-4e20-98d5-1b72311c2fd5', '6e63783c-7edb-43d2-92ec-b1defa7c432c', 'TABLE-375-RM-9BE8', 2472, 192, '{"color": "Red", "size": "M"}');
INSERT INTO product_variants (id, product_id, sku, price, stock_quantity, attributes) VALUES ('c3061ff2-37bf-42cc-a971-5337ee0414dc', '6e63783c-7edb-43d2-92ec-b1defa7c432c', 'TABLE-375-W1-C306', 3971, 136, '{"color": "White", "size": "128GB"}');
INSERT INTO product_variants (id, product_id, sku, price, stock_quantity, attributes) VALUES ('c126944a-cd98-4c9f-897b-4a9d2675bd6c', '6e63783c-7edb-43d2-92ec-b1defa7c432c', 'TABLE-375-S1-C126', 2200, 159, '{"color": "Silver", "size": "128GB"}');
INSERT INTO products (id, name, description, category_id) VALUES ('6923b699-1b86-4479-bfc7-f4512c2f7561', 'Ultra Backpack 227', 'Description for Ultra Backpack 227. Optimized for search and performance test.', '8cdabf56-5544-44ff-a177-dd0a0a4aec9f');
INSERT INTO product_variants (id, product_id, sku, price, stock_quantity, attributes) VALUES ('4ee65c9d-1800-43d9-b6d7-eea782d1e209', '6923b699-1b86-4479-bfc7-f4512c2f7561', 'BACKPACK-227-GL-4EE6', 1019, 107, '{"color": "Gold", "size": "L"}');
INSERT INTO product_variants (id, product_id, sku, price, stock_quantity, attributes) VALUES ('c9791e99-6ae6-461c-8082-42db5682ff01', '6923b699-1b86-4479-bfc7-f4512c2f7561', 'BACKPACK-227-G6-C979', 2541, 51, '{"color": "Gold", "size": "64GB"}');
INSERT INTO product_variants (id, product_id, sku, price, stock_quantity, attributes) VALUES ('bfcbb268-dbb6-483a-bfd6-b85cc68921b9', '6923b699-1b86-4479-bfc7-f4512c2f7561', 'BACKPACK-227-G1-BFCB', 557, 152, '{"color": "Gold", "size": "16GB RAM"}');
INSERT INTO products (id, name, description, category_id) VALUES ('98e1a153-93df-41d9-b28b-f9c3f6f0b622', 'Original Laptop 600', 'Description for Original Laptop 600. Optimized for search and performance test.', '8cdabf56-5544-44ff-a177-dd0a0a4aec9f');
INSERT INTO product_variants (id, product_id, sku, price, stock_quantity, attributes) VALUES ('19bf3c55-ea12-4566-9955-d14b785dfb23', '98e1a153-93df-41d9-b28b-f9c3f6f0b622', 'LAPTOP-600-S1-19BF', 122, 10, '{"color": "Silver", "size": "128GB"}');
INSERT INTO product_variants (id, product_id, sku, price, stock_quantity, attributes) VALUES ('4901ebee-bd39-4469-9674-2553c6835d55', '98e1a153-93df-41d9-b28b-f9c3f6f0b622', 'LAPTOP-600-B8-4901', 2087, 127, '{"color": "Blue", "size": "8GB RAM"}');
INSERT INTO product_variants (id, product_id, sku, price, stock_quantity, attributes) VALUES ('f102bf8d-c7e3-45d1-9e8b-a5648a9f66d2', '98e1a153-93df-41d9-b28b-f9c3f6f0b622', 'LAPTOP-600-GM-F102', 1817, 123, '{"color": "Gold", "size": "M"}');
INSERT INTO products (id, name, description, category_id) VALUES ('c4bd6ebf-09cb-448c-b87e-b880fed4d071', 'Premium Bed 138', 'Description for Premium Bed 138. Optimized for search and performance test.', '8cdabf56-5544-44ff-a177-dd0a0a4aec9f');
INSERT INTO product_variants (id, product_id, sku, price, stock_quantity, attributes) VALUES ('e884dd06-f887-47e8-9817-fc832b62773d', 'c4bd6ebf-09cb-448c-b87e-b880fed4d071', 'BED-138-B6-E884', 3115, 121, '{"color": "Black", "size": "64GB"}');
INSERT INTO product_variants (id, product_id, sku, price, stock_quantity, attributes) VALUES ('c409c776-e601-4529-a998-947de33b55d5', 'c4bd6ebf-09cb-448c-b87e-b880fed4d071', 'BED-138-BL-C409', 1357, 135, '{"color": "Blue", "size": "L"}');
INSERT INTO product_variants (id, product_id, sku, price, stock_quantity, attributes) VALUES ('f1d791ca-23da-4e1e-a6d0-cd4cb94fa6f9', 'c4bd6ebf-09cb-448c-b87e-b880fed4d071', 'BED-138-B6-F1D7', 798, 196, '{"color": "Blue", "size": "64GB"}');
INSERT INTO products (id, name, description, category_id) VALUES ('49d0ddfd-9819-4038-97d4-79c902eb8111', 'Pro Dress 337', 'Description for Pro Dress 337. Optimized for search and performance test.', '8cdabf56-5544-44ff-a177-dd0a0a4aec9f');
INSERT INTO product_variants (id, product_id, sku, price, stock_quantity, attributes) VALUES ('19e93440-981c-45b5-86d7-d71e7879b87c', '49d0ddfd-9819-4038-97d4-79c902eb8111', 'DRESS-337-WL-19E9', 3116, 95, '{"color": "White", "size": "L"}');
INSERT INTO product_variants (id, product_id, sku, price, stock_quantity, attributes) VALUES ('ba17c8a4-4e20-4c24-af9b-fb6c14af048b', '49d0ddfd-9819-4038-97d4-79c902eb8111', 'DRESS-337-GX-BA17', 771, 125, '{"color": "Green", "size": "XL"}');
INSERT INTO product_variants (id, product_id, sku, price, stock_quantity, attributes) VALUES ('c3287129-7a6c-4eba-aef0-e9a28bd7e5f3', '49d0ddfd-9819-4038-97d4-79c902eb8111', 'DRESS-337-R2-C328', 2885, 80, '{"color": "Red", "size": "256GB"}');
INSERT INTO products (id, name, description, category_id) VALUES ('9b5d88f3-1239-4ad9-9c00-c546067ef6a4', 'Pro Table 147', 'Description for Pro Table 147. Optimized for search and performance test.', '8cdabf56-5544-44ff-a177-dd0a0a4aec9f');
INSERT INTO product_variants (id, product_id, sku, price, stock_quantity, attributes) VALUES ('f962ea99-7d7e-44b8-8f2e-b93a4a36fb8a', '9b5d88f3-1239-4ad9-9c00-c546067ef6a4', 'TABLE-147-BX-F962', 891, 136, '{"color": "Blue", "size": "XXL"}');
INSERT INTO product_variants (id, product_id, sku, price, stock_quantity, attributes) VALUES ('4d632057-e227-4d10-be86-2b634cfd4644', '9b5d88f3-1239-4ad9-9c00-c546067ef6a4', 'TABLE-147-B1-4D63', 3102, 72, '{"color": "Blue", "size": "128GB"}');
INSERT INTO product_variants (id, product_id, sku, price, stock_quantity, attributes) VALUES ('27212a0b-4a66-4612-ad71-f7c0772e235d', '9b5d88f3-1239-4ad9-9c00-c546067ef6a4', 'TABLE-147-G8-2721', 4705, 86, '{"color": "Green", "size": "8GB RAM"}');
INSERT INTO products (id, name, description, category_id) VALUES ('fd087314-b9d9-4205-944e-1cbcf08bd6fa', 'Ultra Headphones 107', 'Description for Ultra Headphones 107. Optimized for search and performance test.', '8cdabf56-5544-44ff-a177-dd0a0a4aec9f');
INSERT INTO product_variants (id, product_id, sku, price, stock_quantity, attributes) VALUES ('2605cdbc-d4ad-49ae-95d8-03edb98a338b', 'fd087314-b9d9-4205-944e-1cbcf08bd6fa', 'HEADPHONES-107-WM-2605', 4052, 171, '{"color": "White", "size": "M"}');
INSERT INTO product_variants (id, product_id, sku, price, stock_quantity, attributes) VALUES ('b3fecf7b-a8e1-4df9-bed2-b7115c8c7f7a', 'fd087314-b9d9-4205-944e-1cbcf08bd6fa', 'HEADPHONES-107-G1-B3FE', 3136, 105, '{"color": "Green", "size": "16GB RAM"}');
INSERT INTO product_variants (id, product_id, sku, price, stock_quantity, attributes) VALUES ('8a1450d8-1656-4755-8403-d94f6c0d4f21', 'fd087314-b9d9-4205-944e-1cbcf08bd6fa', 'HEADPHONES-107-RX-8A14', 3840, 132, '{"color": "Red", "size": "XL"}');
INSERT INTO products (id, name, description, category_id) VALUES ('a73380bc-4f7d-45ff-bbc7-94458117351e', 'Eco Bed 993', 'Description for Eco Bed 993. Optimized for search and performance test.', '8cdabf56-5544-44ff-a177-dd0a0a4aec9f');
INSERT INTO product_variants (id, product_id, sku, price, stock_quantity, attributes) VALUES ('3bb9b218-bf53-4282-adfc-f10697b58569', 'a73380bc-4f7d-45ff-bbc7-94458117351e', 'BED-993-RS-3BB9', 671, 113, '{"color": "Red", "size": "S"}');
INSERT INTO product_variants (id, product_id, sku, price, stock_quantity, attributes) VALUES ('edd7e6e7-278c-4576-af83-2856a86175d0', 'a73380bc-4f7d-45ff-bbc7-94458117351e', 'BED-993-R8-EDD7', 992, 37, '{"color": "Red", "size": "8GB RAM"}');
INSERT INTO product_variants (id, product_id, sku, price, stock_quantity, attributes) VALUES ('136bdda2-7097-4e3f-9816-eb94164c6d1c', 'a73380bc-4f7d-45ff-bbc7-94458117351e', 'BED-993-WS-136B', 2711, 72, '{"color": "White", "size": "S"}');
INSERT INTO products (id, name, description, category_id) VALUES ('25921d74-021e-4411-a110-ebe8ee26648f', 'Ultra Camera 173', 'Description for Ultra Camera 173. Optimized for search and performance test.', '8cdabf56-5544-44ff-a177-dd0a0a4aec9f');
INSERT INTO product_variants (id, product_id, sku, price, stock_quantity, attributes) VALUES ('d2e47243-c2fa-490f-84d5-e0fc92af985d', '25921d74-021e-4411-a110-ebe8ee26648f', 'CAMERA-173-GX-D2E4', 3142, 111, '{"color": "Green", "size": "XXL"}');
INSERT INTO product_variants (id, product_id, sku, price, stock_quantity, attributes) VALUES ('02d78ca8-380f-4a67-ab32-7633b95e46ee', '25921d74-021e-4411-a110-ebe8ee26648f', 'CAMERA-173-GL-02D7', 3809, 169, '{"color": "Green", "size": "L"}');
INSERT INTO product_variants (id, product_id, sku, price, stock_quantity, attributes) VALUES ('27fed5f2-5eae-4624-b0c4-638e56d41209', '25921d74-021e-4411-a110-ebe8ee26648f', 'CAMERA-173-G8-27FE', 4488, 103, '{"color": "Gold", "size": "8GB RAM"}');
INSERT INTO products (id, name, description, category_id) VALUES ('09ba6bc2-1cbf-40b3-b4a4-a7734bd6bc1f', 'Premium Backpack 433', 'Description for Premium Backpack 433. Optimized for search and performance test.', '8cdabf56-5544-44ff-a177-dd0a0a4aec9f');
INSERT INTO product_variants (id, product_id, sku, price, stock_quantity, attributes) VALUES ('a73c7a1f-5641-4789-bd8e-fc5541728bf0', '09ba6bc2-1cbf-40b3-b4a4-a7734bd6bc1f', 'BACKPACK-433-GL-A73C', 3207, 35, '{"color": "Gold", "size": "L"}');
INSERT INTO product_variants (id, product_id, sku, price, stock_quantity, attributes) VALUES ('ca420bda-64fd-48d0-903c-a2890b9fa3b6', '09ba6bc2-1cbf-40b3-b4a4-a7734bd6bc1f', 'BACKPACK-433-RX-CA42', 3089, 24, '{"color": "Red", "size": "XXL"}');
INSERT INTO product_variants (id, product_id, sku, price, stock_quantity, attributes) VALUES ('2b82e6a4-96ce-4faf-a4ba-45079d9b7e77', '09ba6bc2-1cbf-40b3-b4a4-a7734bd6bc1f', 'BACKPACK-433-W2-2B82', 4939, 127, '{"color": "White", "size": "256GB"}');
INSERT INTO products (id, name, description, category_id) VALUES ('d0833d12-7392-4f73-bbb1-c43d5ec9a7b1', 'Eco Backpack 650', 'Description for Eco Backpack 650. Optimized for search and performance test.', '8cdabf56-5544-44ff-a177-dd0a0a4aec9f');
INSERT INTO product_variants (id, product_id, sku, price, stock_quantity, attributes) VALUES ('b79c6213-5890-469f-a362-e13b3036c30d', 'd0833d12-7392-4f73-bbb1-c43d5ec9a7b1', 'BACKPACK-650-WL-B79C', 4317, 19, '{"color": "White", "size": "L"}');
INSERT INTO product_variants (id, product_id, sku, price, stock_quantity, attributes) VALUES ('0c9c2aaa-6e41-474a-a4db-dec6d4ca71fc', 'd0833d12-7392-4f73-bbb1-c43d5ec9a7b1', 'BACKPACK-650-BS-0C9C', 455, 178, '{"color": "Blue", "size": "S"}');
INSERT INTO product_variants (id, product_id, sku, price, stock_quantity, attributes) VALUES ('992f0339-e962-4a49-82ab-4708059a759d', 'd0833d12-7392-4f73-bbb1-c43d5ec9a7b1', 'BACKPACK-650-B2-992F', 4020, 166, '{"color": "Blue", "size": "256GB"}');
INSERT INTO products (id, name, description, category_id) VALUES ('b177f931-1516-47c4-88e8-07c2cc3f6a0e', 'Elegant Camera 152', 'Description for Elegant Camera 152. Optimized for search and performance test.', '8cdabf56-5544-44ff-a177-dd0a0a4aec9f');
INSERT INTO product_variants (id, product_id, sku, price, stock_quantity, attributes) VALUES ('b8d3070f-0b0a-496b-9755-2c235697b5a8', 'b177f931-1516-47c4-88e8-07c2cc3f6a0e', 'CAMERA-152-B1-B8D3', 1091, 100, '{"color": "Black", "size": "128GB"}');
INSERT INTO product_variants (id, product_id, sku, price, stock_quantity, attributes) VALUES ('1cfcb853-9466-406d-852b-ad098a77a35d', 'b177f931-1516-47c4-88e8-07c2cc3f6a0e', 'CAMERA-152-BX-1CFC', 4462, 19, '{"color": "Black", "size": "XL"}');
INSERT INTO product_variants (id, product_id, sku, price, stock_quantity, attributes) VALUES ('c60faaa9-bf2a-4da9-915b-ab26a0563a5a', 'b177f931-1516-47c4-88e8-07c2cc3f6a0e', 'CAMERA-152-G2-C60F', 4038, 14, '{"color": "Gold", "size": "256GB"}');
INSERT INTO products (id, name, description, category_id) VALUES ('24033471-72de-43fb-a199-461a82ae430c', 'Lite Camera 569', 'Description for Lite Camera 569. Optimized for search and performance test.', '8cdabf56-5544-44ff-a177-dd0a0a4aec9f');
INSERT INTO product_variants (id, product_id, sku, price, stock_quantity, attributes) VALUES ('a9ec5033-bcaf-4a63-8efd-c788ed782013', '24033471-72de-43fb-a199-461a82ae430c', 'CAMERA-569-R8-A9EC', 2666, 178, '{"color": "Red", "size": "8GB RAM"}');
INSERT INTO product_variants (id, product_id, sku, price, stock_quantity, attributes) VALUES ('bb0f51ae-9b1b-476c-a53d-e2c62a0d9809', '24033471-72de-43fb-a199-461a82ae430c', 'CAMERA-569-R8-BB0F', 1798, 109, '{"color": "Red", "size": "8GB RAM"}');
INSERT INTO product_variants (id, product_id, sku, price, stock_quantity, attributes) VALUES ('a5f7a7ec-3c1d-42d9-92e5-5eb797b974e0', '24033471-72de-43fb-a199-461a82ae430c', 'CAMERA-569-R1-A5F7', 442, 48, '{"color": "Red", "size": "128GB"}');
INSERT INTO products (id, name, description, category_id) VALUES ('aba0c307-9f1a-4957-9a4b-72e6304c59e5', 'Lite Laptop 446', 'Description for Lite Laptop 446. Optimized for search and performance test.', '8cdabf56-5544-44ff-a177-dd0a0a4aec9f');
INSERT INTO product_variants (id, product_id, sku, price, stock_quantity, attributes) VALUES ('90794ee9-bdbe-49ba-b383-67bc5a73204c', 'aba0c307-9f1a-4957-9a4b-72e6304c59e5', 'LAPTOP-446-BX-9079', 4253, 59, '{"color": "Black", "size": "XXL"}');
INSERT INTO product_variants (id, product_id, sku, price, stock_quantity, attributes) VALUES ('b19c949d-68aa-4c13-adca-5edd5d7a443c', 'aba0c307-9f1a-4957-9a4b-72e6304c59e5', 'LAPTOP-446-G2-B19C', 2620, 110, '{"color": "Gold", "size": "256GB"}');
INSERT INTO product_variants (id, product_id, sku, price, stock_quantity, attributes) VALUES ('1998994a-803b-4ed4-8078-5d056bcf0915', 'aba0c307-9f1a-4957-9a4b-72e6304c59e5', 'LAPTOP-446-GS-1998', 2073, 83, '{"color": "Green", "size": "S"}');
INSERT INTO products (id, name, description, category_id) VALUES ('7593c8ee-d376-4901-93f9-71814755885f', 'Smart Dress 611', 'Description for Smart Dress 611. Optimized for search and performance test.', '8cdabf56-5544-44ff-a177-dd0a0a4aec9f');
INSERT INTO product_variants (id, product_id, sku, price, stock_quantity, attributes) VALUES ('c2e4dcca-da0c-4907-8d9b-7cebd1afc000', '7593c8ee-d376-4901-93f9-71814755885f', 'DRESS-611-SL-C2E4', 1608, 180, '{"color": "Silver", "size": "L"}');
INSERT INTO product_variants (id, product_id, sku, price, stock_quantity, attributes) VALUES ('9e6ef266-e735-4638-9e93-cf1e9ff218fa', '7593c8ee-d376-4901-93f9-71814755885f', 'DRESS-611-BX-9E6E', 2350, 37, '{"color": "Black", "size": "XXL"}');
INSERT INTO product_variants (id, product_id, sku, price, stock_quantity, attributes) VALUES ('de22ba7e-c9c2-4b69-b0dc-f2f32af8c328', '7593c8ee-d376-4901-93f9-71814755885f', 'DRESS-611-G6-DE22', 168, 115, '{"color": "Gold", "size": "64GB"}');
INSERT INTO products (id, name, description, category_id) VALUES ('514722f1-08a3-469a-b276-9041c48f5305', 'Eco Bed 213', 'Description for Eco Bed 213. Optimized for search and performance test.', '8cdabf56-5544-44ff-a177-dd0a0a4aec9f');
INSERT INTO product_variants (id, product_id, sku, price, stock_quantity, attributes) VALUES ('99a66d28-c67d-489a-8a8a-6a5986be6eaa', '514722f1-08a3-469a-b276-9041c48f5305', 'BED-213-G1-99A6', 2673, 133, '{"color": "Green", "size": "16GB RAM"}');
INSERT INTO product_variants (id, product_id, sku, price, stock_quantity, attributes) VALUES ('b1b8f414-6d9b-45f3-8312-ea66d448a26f', '514722f1-08a3-469a-b276-9041c48f5305', 'BED-213-R8-B1B8', 4975, 74, '{"color": "Red", "size": "8GB RAM"}');
INSERT INTO product_variants (id, product_id, sku, price, stock_quantity, attributes) VALUES ('e8e7ea3e-1d60-4255-8bb0-b6fa2e5a126d', '514722f1-08a3-469a-b276-9041c48f5305', 'BED-213-GS-E8E7', 2085, 196, '{"color": "Gold", "size": "S"}');
INSERT INTO products (id, name, description, category_id) VALUES ('9d1b3441-1883-48c2-946d-23541fbe25b0', 'Original Laptop 938', 'Description for Original Laptop 938. Optimized for search and performance test.', '8cdabf56-5544-44ff-a177-dd0a0a4aec9f');
INSERT INTO product_variants (id, product_id, sku, price, stock_quantity, attributes) VALUES ('311aac57-9471-473e-b74b-411cc649e1f8', '9d1b3441-1883-48c2-946d-23541fbe25b0', 'LAPTOP-938-R1-311A', 2809, 64, '{"color": "Red", "size": "128GB"}');
INSERT INTO product_variants (id, product_id, sku, price, stock_quantity, attributes) VALUES ('bb795833-4f89-4061-9e1a-f46709f46498', '9d1b3441-1883-48c2-946d-23541fbe25b0', 'LAPTOP-938-BM-BB79', 4280, 71, '{"color": "Blue", "size": "M"}');
INSERT INTO product_variants (id, product_id, sku, price, stock_quantity, attributes) VALUES ('e5eceba3-bb99-45ea-a0b0-92c7189e65f0', '9d1b3441-1883-48c2-946d-23541fbe25b0', 'LAPTOP-938-GS-E5EC', 2095, 143, '{"color": "Green", "size": "S"}');
INSERT INTO products (id, name, description, category_id) VALUES ('28433828-9be0-48bb-84b9-8e023a9a957a', 'Pro Headphones 203', 'Description for Pro Headphones 203. Optimized for search and performance test.', '8cdabf56-5544-44ff-a177-dd0a0a4aec9f');
INSERT INTO product_variants (id, product_id, sku, price, stock_quantity, attributes) VALUES ('f0c54a53-94dc-4361-883d-ee912ed3b25f', '28433828-9be0-48bb-84b9-8e023a9a957a', 'HEADPHONES-203-W1-F0C5', 2877, 47, '{"color": "White", "size": "128GB"}');
INSERT INTO product_variants (id, product_id, sku, price, stock_quantity, attributes) VALUES ('047cc3ed-1247-408e-85f4-037db0915f09', '28433828-9be0-48bb-84b9-8e023a9a957a', 'HEADPHONES-203-SL-047C', 1992, 55, '{"color": "Silver", "size": "L"}');
INSERT INTO product_variants (id, product_id, sku, price, stock_quantity, attributes) VALUES ('bf7c0d37-ecc3-439c-b56f-a98023a90ab2', '28433828-9be0-48bb-84b9-8e023a9a957a', 'HEADPHONES-203-SX-BF7C', 3044, 14, '{"color": "Silver", "size": "XXL"}');
INSERT INTO products (id, name, description, category_id) VALUES ('f4a201a6-217d-4f07-9426-5ef0dd078dad', 'Lite Dress 792', 'Description for Lite Dress 792. Optimized for search and performance test.', '8cdabf56-5544-44ff-a177-dd0a0a4aec9f');
INSERT INTO product_variants (id, product_id, sku, price, stock_quantity, attributes) VALUES ('1080f909-2ae2-4ab4-b7fb-fedc0478c5fb', 'f4a201a6-217d-4f07-9426-5ef0dd078dad', 'DRESS-792-B8-1080', 1683, 103, '{"color": "Blue", "size": "8GB RAM"}');
INSERT INTO product_variants (id, product_id, sku, price, stock_quantity, attributes) VALUES ('5c8f3a4a-a687-4f47-8ceb-cea820244a9e', 'f4a201a6-217d-4f07-9426-5ef0dd078dad', 'DRESS-792-B2-5C8F', 3518, 175, '{"color": "Blue", "size": "256GB"}');
INSERT INTO product_variants (id, product_id, sku, price, stock_quantity, attributes) VALUES ('782708e8-5e65-493e-80fe-25f2a704d9fe', 'f4a201a6-217d-4f07-9426-5ef0dd078dad', 'DRESS-792-W1-7827', 527, 34, '{"color": "White", "size": "16GB RAM"}');
INSERT INTO products (id, name, description, category_id) VALUES ('a93868a1-fe5a-49c4-8fc8-73317176c1cd', 'Premium Shirt 268', 'Description for Premium Shirt 268. Optimized for search and performance test.', '8cdabf56-5544-44ff-a177-dd0a0a4aec9f');
INSERT INTO product_variants (id, product_id, sku, price, stock_quantity, attributes) VALUES ('215909f4-ae6c-4f2b-a339-a5d70619d053', 'a93868a1-fe5a-49c4-8fc8-73317176c1cd', 'SHIRT-268-GL-2159', 1903, 126, '{"color": "Gold", "size": "L"}');
INSERT INTO product_variants (id, product_id, sku, price, stock_quantity, attributes) VALUES ('1402fe1a-60cf-41a5-aaec-81e46f41aae7', 'a93868a1-fe5a-49c4-8fc8-73317176c1cd', 'SHIRT-268-G1-1402', 156, 68, '{"color": "Green", "size": "16GB RAM"}');
INSERT INTO product_variants (id, product_id, sku, price, stock_quantity, attributes) VALUES ('9ea6a340-61a0-4a02-bb0a-85d3fcb995b9', 'a93868a1-fe5a-49c4-8fc8-73317176c1cd', 'SHIRT-268-BX-9EA6', 2464, 196, '{"color": "Black", "size": "XL"}');
INSERT INTO products (id, name, description, category_id) VALUES ('86b9db73-75aa-407f-a23e-3f47aaaf6898', 'Pro Bed 876', 'Description for Pro Bed 876. Optimized for search and performance test.', '8cdabf56-5544-44ff-a177-dd0a0a4aec9f');
INSERT INTO product_variants (id, product_id, sku, price, stock_quantity, attributes) VALUES ('44fd7520-81ba-48f6-9d09-5dc030233726', '86b9db73-75aa-407f-a23e-3f47aaaf6898', 'BED-876-SM-44FD', 4496, 16, '{"color": "Silver", "size": "M"}');
INSERT INTO product_variants (id, product_id, sku, price, stock_quantity, attributes) VALUES ('16b523de-ab16-491f-aa2f-92f99d6d43c5', '86b9db73-75aa-407f-a23e-3f47aaaf6898', 'BED-876-R2-16B5', 1216, 68, '{"color": "Red", "size": "256GB"}');
INSERT INTO product_variants (id, product_id, sku, price, stock_quantity, attributes) VALUES ('6252592f-6830-4fdd-805b-4ae8cc130516', '86b9db73-75aa-407f-a23e-3f47aaaf6898', 'BED-876-GS-6252', 1320, 119, '{"color": "Gold", "size": "S"}');
INSERT INTO products (id, name, description, category_id) VALUES ('04592036-3a54-4ddd-bbee-e550b096d0ca', 'Lite Monitor 951', 'Description for Lite Monitor 951. Optimized for search and performance test.', '8cdabf56-5544-44ff-a177-dd0a0a4aec9f');
INSERT INTO product_variants (id, product_id, sku, price, stock_quantity, attributes) VALUES ('b24d7eeb-c31e-4c90-9366-e1aa1d1b9c70', '04592036-3a54-4ddd-bbee-e550b096d0ca', 'MONITOR-951-BS-B24D', 2361, 186, '{"color": "Blue", "size": "S"}');
INSERT INTO product_variants (id, product_id, sku, price, stock_quantity, attributes) VALUES ('1c1f23db-462c-450a-be74-9ee2a2f14c9a', '04592036-3a54-4ddd-bbee-e550b096d0ca', 'MONITOR-951-BX-1C1F', 3721, 188, '{"color": "Blue", "size": "XL"}');
INSERT INTO product_variants (id, product_id, sku, price, stock_quantity, attributes) VALUES ('de107702-da55-4993-9137-775429a79178', '04592036-3a54-4ddd-bbee-e550b096d0ca', 'MONITOR-951-B6-DE10', 2904, 166, '{"color": "Blue", "size": "64GB"}');
INSERT INTO products (id, name, description, category_id) VALUES ('7afe33d7-1673-44fa-93d2-08306fe963bc', 'Pro Monitor 356', 'Description for Pro Monitor 356. Optimized for search and performance test.', '8cdabf56-5544-44ff-a177-dd0a0a4aec9f');
INSERT INTO product_variants (id, product_id, sku, price, stock_quantity, attributes) VALUES ('6277d965-eb5f-426b-a2ba-4aad8d8d19a6', '7afe33d7-1673-44fa-93d2-08306fe963bc', 'MONITOR-356-SL-6277', 3123, 165, '{"color": "Silver", "size": "L"}');
INSERT INTO product_variants (id, product_id, sku, price, stock_quantity, attributes) VALUES ('508717d0-30bc-40d9-ac78-f5f02240441e', '7afe33d7-1673-44fa-93d2-08306fe963bc', 'MONITOR-356-GX-5087', 456, 16, '{"color": "Gold", "size": "XL"}');
INSERT INTO product_variants (id, product_id, sku, price, stock_quantity, attributes) VALUES ('dedeec53-4836-4aa9-bdd0-1550f81244b2', '7afe33d7-1673-44fa-93d2-08306fe963bc', 'MONITOR-356-G1-DEDE', 3802, 138, '{"color": "Gold", "size": "16GB RAM"}');
INSERT INTO products (id, name, description, category_id) VALUES ('cc1bf10a-84e5-4f3b-a874-99e4b2709f48', 'Elegant Monitor 439', 'Description for Elegant Monitor 439. Optimized for search and performance test.', '8cdabf56-5544-44ff-a177-dd0a0a4aec9f');
INSERT INTO product_variants (id, product_id, sku, price, stock_quantity, attributes) VALUES ('8a5a79ff-6376-44e6-ac86-6d1ac506efd2', 'cc1bf10a-84e5-4f3b-a874-99e4b2709f48', 'MONITOR-439-BM-8A5A', 4375, 14, '{"color": "Blue", "size": "M"}');
INSERT INTO product_variants (id, product_id, sku, price, stock_quantity, attributes) VALUES ('5f3e269c-9879-416c-b39b-1c891d8b4b82', 'cc1bf10a-84e5-4f3b-a874-99e4b2709f48', 'MONITOR-439-W1-5F3E', 1814, 121, '{"color": "White", "size": "16GB RAM"}');
INSERT INTO product_variants (id, product_id, sku, price, stock_quantity, attributes) VALUES ('2c42358d-316a-47c0-8d99-abd73f8f7b5b', 'cc1bf10a-84e5-4f3b-a874-99e4b2709f48', 'MONITOR-439-S8-2C42', 4380, 21, '{"color": "Silver", "size": "8GB RAM"}');
INSERT INTO products (id, name, description, category_id) VALUES ('beb1f48e-dadd-47a6-868a-758875f3e045', 'Eco Phone 428', 'Description for Eco Phone 428. Optimized for search and performance test.', '8cdabf56-5544-44ff-a177-dd0a0a4aec9f');
INSERT INTO product_variants (id, product_id, sku, price, stock_quantity, attributes) VALUES ('24bca142-459e-45d5-b642-b7074d102ef9', 'beb1f48e-dadd-47a6-868a-758875f3e045', 'PHONE-428-GM-24BC', 3094, 134, '{"color": "Green", "size": "M"}');
INSERT INTO product_variants (id, product_id, sku, price, stock_quantity, attributes) VALUES ('1d0aa005-9b12-4743-964e-539d96e80d99', 'beb1f48e-dadd-47a6-868a-758875f3e045', 'PHONE-428-G1-1D0A', 4238, 32, '{"color": "Green", "size": "128GB"}');
INSERT INTO product_variants (id, product_id, sku, price, stock_quantity, attributes) VALUES ('af39f6fc-85c9-4e20-ba2c-81d239b946d7', 'beb1f48e-dadd-47a6-868a-758875f3e045', 'PHONE-428-G1-AF39', 2764, 69, '{"color": "Green", "size": "128GB"}');
INSERT INTO products (id, name, description, category_id) VALUES ('28ce7798-e8e1-4807-b655-a77ebd0647ed', 'Original Table 959', 'Description for Original Table 959. Optimized for search and performance test.', '8cdabf56-5544-44ff-a177-dd0a0a4aec9f');
INSERT INTO product_variants (id, product_id, sku, price, stock_quantity, attributes) VALUES ('94050651-9058-4973-b020-e125226015f7', '28ce7798-e8e1-4807-b655-a77ebd0647ed', 'TABLE-959-G8-9405', 105, 61, '{"color": "Gold", "size": "8GB RAM"}');
INSERT INTO product_variants (id, product_id, sku, price, stock_quantity, attributes) VALUES ('4313e258-3b7a-4f3c-be2c-038f9bbeb66b', '28ce7798-e8e1-4807-b655-a77ebd0647ed', 'TABLE-959-RS-4313', 4157, 161, '{"color": "Red", "size": "S"}');
INSERT INTO product_variants (id, product_id, sku, price, stock_quantity, attributes) VALUES ('62713ea6-775d-4ee0-b0c2-ec276731511a', '28ce7798-e8e1-4807-b655-a77ebd0647ed', 'TABLE-959-BM-6271', 4260, 93, '{"color": "Blue", "size": "M"}');
INSERT INTO products (id, name, description, category_id) VALUES ('9aa80f45-c118-42d3-8513-43b9a9575395', 'Premium Backpack 793', 'Description for Premium Backpack 793. Optimized for search and performance test.', '8cdabf56-5544-44ff-a177-dd0a0a4aec9f');
INSERT INTO product_variants (id, product_id, sku, price, stock_quantity, attributes) VALUES ('5274b5f3-b469-4ef1-abb1-463a5e134be3', '9aa80f45-c118-42d3-8513-43b9a9575395', 'BACKPACK-793-WS-5274', 1346, 113, '{"color": "White", "size": "S"}');
INSERT INTO product_variants (id, product_id, sku, price, stock_quantity, attributes) VALUES ('f867c790-6bf6-454c-8c37-247e6db40607', '9aa80f45-c118-42d3-8513-43b9a9575395', 'BACKPACK-793-G8-F867', 3036, 36, '{"color": "Green", "size": "8GB RAM"}');
INSERT INTO product_variants (id, product_id, sku, price, stock_quantity, attributes) VALUES ('5938b7aa-e284-4da2-ae72-9d23c691d003', '9aa80f45-c118-42d3-8513-43b9a9575395', 'BACKPACK-793-G6-5938', 2646, 195, '{"color": "Gold", "size": "64GB"}');
INSERT INTO products (id, name, description, category_id) VALUES ('74b7d5d6-9958-4cd8-b89d-3ea009900034', 'Pro Monitor 978', 'Description for Pro Monitor 978. Optimized for search and performance test.', '8cdabf56-5544-44ff-a177-dd0a0a4aec9f');
INSERT INTO product_variants (id, product_id, sku, price, stock_quantity, attributes) VALUES ('b0393371-cf1f-4989-94a8-d568b90b6534', '74b7d5d6-9958-4cd8-b89d-3ea009900034', 'MONITOR-978-RL-B039', 588, 121, '{"color": "Red", "size": "L"}');
INSERT INTO product_variants (id, product_id, sku, price, stock_quantity, attributes) VALUES ('c539f702-8f83-4546-9df8-9119934e3252', '74b7d5d6-9958-4cd8-b89d-3ea009900034', 'MONITOR-978-W1-C539', 1465, 114, '{"color": "White", "size": "16GB RAM"}');
INSERT INTO product_variants (id, product_id, sku, price, stock_quantity, attributes) VALUES ('3f19a951-1132-4333-815f-db9be65e4b3b', '74b7d5d6-9958-4cd8-b89d-3ea009900034', 'MONITOR-978-G6-3F19', 1581, 63, '{"color": "Gold", "size": "64GB"}');
INSERT INTO products (id, name, description, category_id) VALUES ('b685bb9f-6118-4e46-aa1a-e54e43a87ef0', 'Elegant Table 303', 'Description for Elegant Table 303. Optimized for search and performance test.', '8cdabf56-5544-44ff-a177-dd0a0a4aec9f');
INSERT INTO product_variants (id, product_id, sku, price, stock_quantity, attributes) VALUES ('8955ae1b-9000-4710-ad2a-7feee561f33b', 'b685bb9f-6118-4e46-aa1a-e54e43a87ef0', 'TABLE-303-GX-8955', 1056, 123, '{"color": "Green", "size": "XXL"}');
INSERT INTO product_variants (id, product_id, sku, price, stock_quantity, attributes) VALUES ('9e6cf711-0640-4273-82c5-32b325467f64', 'b685bb9f-6118-4e46-aa1a-e54e43a87ef0', 'TABLE-303-RL-9E6C', 1888, 19, '{"color": "Red", "size": "L"}');
INSERT INTO product_variants (id, product_id, sku, price, stock_quantity, attributes) VALUES ('e12a2cf5-7f65-4ef2-ac60-58610a9153c8', 'b685bb9f-6118-4e46-aa1a-e54e43a87ef0', 'TABLE-303-BS-E12A', 1847, 149, '{"color": "Black", "size": "S"}');
INSERT INTO products (id, name, description, category_id) VALUES ('91f78f2e-77e3-44af-8d32-21aec0134067', 'Premium Table 801', 'Description for Premium Table 801. Optimized for search and performance test.', '8cdabf56-5544-44ff-a177-dd0a0a4aec9f');
INSERT INTO product_variants (id, product_id, sku, price, stock_quantity, attributes) VALUES ('3ce331cd-c781-450b-90c4-d7691681e854', '91f78f2e-77e3-44af-8d32-21aec0134067', 'TABLE-801-SX-3CE3', 2491, 36, '{"color": "Silver", "size": "XXL"}');
INSERT INTO product_variants (id, product_id, sku, price, stock_quantity, attributes) VALUES ('a83a3fd0-298b-4110-b937-4dc48c14956b', '91f78f2e-77e3-44af-8d32-21aec0134067', 'TABLE-801-GS-A83A', 3569, 176, '{"color": "Gold", "size": "S"}');
INSERT INTO product_variants (id, product_id, sku, price, stock_quantity, attributes) VALUES ('3b854bd4-474f-4bba-9f83-5b9930468fe9', '91f78f2e-77e3-44af-8d32-21aec0134067', 'TABLE-801-RX-3B85', 2275, 37, '{"color": "Red", "size": "XXL"}');
INSERT INTO products (id, name, description, category_id) VALUES ('80c24264-39dd-470f-a3c8-47f839851d92', 'Original Headphones 120', 'Description for Original Headphones 120. Optimized for search and performance test.', '8cdabf56-5544-44ff-a177-dd0a0a4aec9f');
INSERT INTO product_variants (id, product_id, sku, price, stock_quantity, attributes) VALUES ('9a708176-cf4f-4a59-8bde-c899e8b01726', '80c24264-39dd-470f-a3c8-47f839851d92', 'HEADPHONES-120-G2-9A70', 1703, 31, '{"color": "Green", "size": "256GB"}');
INSERT INTO product_variants (id, product_id, sku, price, stock_quantity, attributes) VALUES ('4a9c31cc-8a53-49ac-8e46-e23b1543fd61', '80c24264-39dd-470f-a3c8-47f839851d92', 'HEADPHONES-120-G1-4A9C', 1803, 31, '{"color": "Green", "size": "128GB"}');
INSERT INTO product_variants (id, product_id, sku, price, stock_quantity, attributes) VALUES ('da8dc235-69a3-4ed2-ad0c-6753c82ca94f', '80c24264-39dd-470f-a3c8-47f839851d92', 'HEADPHONES-120-B1-DA8D', 4805, 94, '{"color": "Black", "size": "128GB"}');
INSERT INTO products (id, name, description, category_id) VALUES ('767b502c-2295-4b8b-821e-d4ab341eff38', 'Original Shirt 305', 'Description for Original Shirt 305. Optimized for search and performance test.', '8cdabf56-5544-44ff-a177-dd0a0a4aec9f');
INSERT INTO product_variants (id, product_id, sku, price, stock_quantity, attributes) VALUES ('87ca3552-a3e1-4f41-9269-bd1ba411131e', '767b502c-2295-4b8b-821e-d4ab341eff38', 'SHIRT-305-GX-87CA', 4848, 47, '{"color": "Green", "size": "XL"}');
INSERT INTO product_variants (id, product_id, sku, price, stock_quantity, attributes) VALUES ('53f71be5-5d79-43ac-a9b7-efce75b97ca7', '767b502c-2295-4b8b-821e-d4ab341eff38', 'SHIRT-305-SM-53F7', 2205, 71, '{"color": "Silver", "size": "M"}');
INSERT INTO product_variants (id, product_id, sku, price, stock_quantity, attributes) VALUES ('1229455a-9ed5-47fe-9d23-8c7ce5d43369', '767b502c-2295-4b8b-821e-d4ab341eff38', 'SHIRT-305-S6-1229', 3952, 62, '{"color": "Silver", "size": "64GB"}');
INSERT INTO products (id, name, description, category_id) VALUES ('b5a479c0-5db7-446a-8abd-02aa831bd064', 'Lite Table 130', 'Description for Lite Table 130. Optimized for search and performance test.', '8cdabf56-5544-44ff-a177-dd0a0a4aec9f');
INSERT INTO product_variants (id, product_id, sku, price, stock_quantity, attributes) VALUES ('edb80323-ea69-4d1b-bf4c-f2523d30c316', 'b5a479c0-5db7-446a-8abd-02aa831bd064', 'TABLE-130-B1-EDB8', 4036, 60, '{"color": "Blue", "size": "16GB RAM"}');
INSERT INTO product_variants (id, product_id, sku, price, stock_quantity, attributes) VALUES ('a31a58f6-8e2f-4ce2-a0f0-8a19b91d8765', 'b5a479c0-5db7-446a-8abd-02aa831bd064', 'TABLE-130-W1-A31A', 3524, 106, '{"color": "White", "size": "128GB"}');
INSERT INTO product_variants (id, product_id, sku, price, stock_quantity, attributes) VALUES ('a32acc0c-7ef2-413a-8dee-b7cc68b1f9cf', 'b5a479c0-5db7-446a-8abd-02aa831bd064', 'TABLE-130-SX-A32A', 2277, 54, '{"color": "Silver", "size": "XXL"}');
INSERT INTO products (id, name, description, category_id) VALUES ('1a184e26-1b32-4862-ae96-2abdca8be1cc', 'Premium Headphones 292', 'Description for Premium Headphones 292. Optimized for search and performance test.', '8cdabf56-5544-44ff-a177-dd0a0a4aec9f');
INSERT INTO product_variants (id, product_id, sku, price, stock_quantity, attributes) VALUES ('0eb2d0ed-6f70-490f-b641-493203e15102', '1a184e26-1b32-4862-ae96-2abdca8be1cc', 'HEADPHONES-292-SX-0EB2', 2261, 18, '{"color": "Silver", "size": "XL"}');
INSERT INTO product_variants (id, product_id, sku, price, stock_quantity, attributes) VALUES ('00285ccd-861b-4c5e-ac18-8c7c63c32307', '1a184e26-1b32-4862-ae96-2abdca8be1cc', 'HEADPHONES-292-S8-0028', 3453, 171, '{"color": "Silver", "size": "8GB RAM"}');
INSERT INTO product_variants (id, product_id, sku, price, stock_quantity, attributes) VALUES ('b5465ab8-cec4-4e4e-8313-b2ec720dc6ac', '1a184e26-1b32-4862-ae96-2abdca8be1cc', 'HEADPHONES-292-SL-B546', 1832, 177, '{"color": "Silver", "size": "L"}');
INSERT INTO products (id, name, description, category_id) VALUES ('d4dc1550-8e71-4707-b9f0-8e342c68b8f3', 'Pro Table 972', 'Description for Pro Table 972. Optimized for search and performance test.', '8cdabf56-5544-44ff-a177-dd0a0a4aec9f');
INSERT INTO product_variants (id, product_id, sku, price, stock_quantity, attributes) VALUES ('0f7624ea-79a0-40e1-b110-5347b56199c1', 'd4dc1550-8e71-4707-b9f0-8e342c68b8f3', 'TABLE-972-GM-0F76', 1499, 90, '{"color": "Green", "size": "M"}');
INSERT INTO product_variants (id, product_id, sku, price, stock_quantity, attributes) VALUES ('169fd4dc-91c4-4545-be6c-69403cc39256', 'd4dc1550-8e71-4707-b9f0-8e342c68b8f3', 'TABLE-972-SL-169F', 1691, 35, '{"color": "Silver", "size": "L"}');
INSERT INTO product_variants (id, product_id, sku, price, stock_quantity, attributes) VALUES ('add4fd29-3acb-4c56-9d39-ca638a6cd67f', 'd4dc1550-8e71-4707-b9f0-8e342c68b8f3', 'TABLE-972-B6-ADD4', 2607, 66, '{"color": "Blue", "size": "64GB"}');
INSERT INTO products (id, name, description, category_id) VALUES ('68bea888-1e32-4e7c-b250-e11862a519b6', 'Pro Table 653', 'Description for Pro Table 653. Optimized for search and performance test.', '0ae3cdea-dda4-4fcf-a22d-637a10cec819');
INSERT INTO product_variants (id, product_id, sku, price, stock_quantity, attributes) VALUES ('43bc41ed-9ab0-409f-83b1-6c0fea115cb0', '68bea888-1e32-4e7c-b250-e11862a519b6', 'TABLE-653-BL-43BC', 1981, 172, '{"color": "Blue", "size": "L"}');
INSERT INTO product_variants (id, product_id, sku, price, stock_quantity, attributes) VALUES ('56557920-f906-459d-8ae1-5bd3becf4937', '68bea888-1e32-4e7c-b250-e11862a519b6', 'TABLE-653-B1-5655', 4493, 104, '{"color": "Blue", "size": "128GB"}');
INSERT INTO product_variants (id, product_id, sku, price, stock_quantity, attributes) VALUES ('3bf83a56-efdd-40cc-8872-c390d6dfe3f4', '68bea888-1e32-4e7c-b250-e11862a519b6', 'TABLE-653-BL-3BF8', 4934, 39, '{"color": "Black", "size": "L"}');
INSERT INTO products (id, name, description, category_id) VALUES ('312a95b0-b5d2-4ead-9578-6a67a7a10596', 'Pro Laptop 399', 'Description for Pro Laptop 399. Optimized for search and performance test.', '0ae3cdea-dda4-4fcf-a22d-637a10cec819');
INSERT INTO product_variants (id, product_id, sku, price, stock_quantity, attributes) VALUES ('f498f624-a311-41b9-b775-7c742c517324', '312a95b0-b5d2-4ead-9578-6a67a7a10596', 'LAPTOP-399-RM-F498', 3182, 200, '{"color": "Red", "size": "M"}');
INSERT INTO product_variants (id, product_id, sku, price, stock_quantity, attributes) VALUES ('9a156203-6027-4a7a-9366-359fc0dc9cf7', '312a95b0-b5d2-4ead-9578-6a67a7a10596', 'LAPTOP-399-R1-9A15', 3549, 101, '{"color": "Red", "size": "16GB RAM"}');
INSERT INTO product_variants (id, product_id, sku, price, stock_quantity, attributes) VALUES ('dc14b580-f880-427d-8dda-2d33f41e8065', '312a95b0-b5d2-4ead-9578-6a67a7a10596', 'LAPTOP-399-R2-DC14', 449, 114, '{"color": "Red", "size": "256GB"}');
INSERT INTO products (id, name, description, category_id) VALUES ('6fb5de2b-45e2-46ba-a79d-eac3d90d3890', 'Eco Monitor 747', 'Description for Eco Monitor 747. Optimized for search and performance test.', '0ae3cdea-dda4-4fcf-a22d-637a10cec819');
INSERT INTO product_variants (id, product_id, sku, price, stock_quantity, attributes) VALUES ('643938dc-5049-4c80-914f-241374e3660a', '6fb5de2b-45e2-46ba-a79d-eac3d90d3890', 'MONITOR-747-W8-6439', 3595, 108, '{"color": "White", "size": "8GB RAM"}');
INSERT INTO product_variants (id, product_id, sku, price, stock_quantity, attributes) VALUES ('c4010ae7-c4dc-44d8-bc22-b7d9bfc56b5d', '6fb5de2b-45e2-46ba-a79d-eac3d90d3890', 'MONITOR-747-RS-C401', 4233, 57, '{"color": "Red", "size": "S"}');
INSERT INTO product_variants (id, product_id, sku, price, stock_quantity, attributes) VALUES ('019ab6cb-1751-4ee4-a9b7-5bb3d497adbf', '6fb5de2b-45e2-46ba-a79d-eac3d90d3890', 'MONITOR-747-GL-019A', 1778, 39, '{"color": "Gold", "size": "L"}');
INSERT INTO products (id, name, description, category_id) VALUES ('5355e7b9-27a7-4a3f-86db-4ca610b3100f', 'Ultra Backpack 144', 'Description for Ultra Backpack 144. Optimized for search and performance test.', '0ae3cdea-dda4-4fcf-a22d-637a10cec819');
INSERT INTO product_variants (id, product_id, sku, price, stock_quantity, attributes) VALUES ('d90e8e78-0839-4d42-8251-a758714635ee', '5355e7b9-27a7-4a3f-86db-4ca610b3100f', 'BACKPACK-144-BM-D90E', 3900, 28, '{"color": "Blue", "size": "M"}');
INSERT INTO product_variants (id, product_id, sku, price, stock_quantity, attributes) VALUES ('3fbf5ff3-4c53-468c-9ebb-2317bc937285', '5355e7b9-27a7-4a3f-86db-4ca610b3100f', 'BACKPACK-144-SX-3FBF', 191, 61, '{"color": "Silver", "size": "XXL"}');
INSERT INTO product_variants (id, product_id, sku, price, stock_quantity, attributes) VALUES ('f4bffa46-d0e8-4dee-967e-6bee5ce95f86', '5355e7b9-27a7-4a3f-86db-4ca610b3100f', 'BACKPACK-144-B1-F4BF', 348, 119, '{"color": "Black", "size": "128GB"}');
INSERT INTO products (id, name, description, category_id) VALUES ('6d6dd733-ccee-4e7f-af5a-cf2cf28dbd04', 'Lite Monitor 694', 'Description for Lite Monitor 694. Optimized for search and performance test.', '0ae3cdea-dda4-4fcf-a22d-637a10cec819');
INSERT INTO product_variants (id, product_id, sku, price, stock_quantity, attributes) VALUES ('283a649a-0b01-4d3f-b8c7-5fd9135f6bff', '6d6dd733-ccee-4e7f-af5a-cf2cf28dbd04', 'MONITOR-694-S8-283A', 3832, 169, '{"color": "Silver", "size": "8GB RAM"}');
INSERT INTO product_variants (id, product_id, sku, price, stock_quantity, attributes) VALUES ('b450f59f-1a4d-48cb-baaa-28020456a5e1', '6d6dd733-ccee-4e7f-af5a-cf2cf28dbd04', 'MONITOR-694-WM-B450', 4918, 178, '{"color": "White", "size": "M"}');
INSERT INTO product_variants (id, product_id, sku, price, stock_quantity, attributes) VALUES ('c5e32f85-7da7-41c7-a626-2e6babf5f84d', '6d6dd733-ccee-4e7f-af5a-cf2cf28dbd04', 'MONITOR-694-W2-C5E3', 4271, 109, '{"color": "White", "size": "256GB"}');
INSERT INTO products (id, name, description, category_id) VALUES ('01e3e862-28a1-4024-8c10-5add4fb0d689', 'Elegant Backpack 582', 'Description for Elegant Backpack 582. Optimized for search and performance test.', '0ae3cdea-dda4-4fcf-a22d-637a10cec819');
INSERT INTO product_variants (id, product_id, sku, price, stock_quantity, attributes) VALUES ('226ab25e-d708-4f98-89f0-350470171467', '01e3e862-28a1-4024-8c10-5add4fb0d689', 'BACKPACK-582-G1-226A', 3131, 122, '{"color": "Green", "size": "16GB RAM"}');
INSERT INTO product_variants (id, product_id, sku, price, stock_quantity, attributes) VALUES ('47ea1c24-7118-4f3f-bc73-40633de31400', '01e3e862-28a1-4024-8c10-5add4fb0d689', 'BACKPACK-582-G6-47EA', 3525, 25, '{"color": "Gold", "size": "64GB"}');
INSERT INTO product_variants (id, product_id, sku, price, stock_quantity, attributes) VALUES ('a58e7aa3-0255-4d4f-b204-6ba5da31c803', '01e3e862-28a1-4024-8c10-5add4fb0d689', 'BACKPACK-582-B1-A58E', 2439, 62, '{"color": "Blue", "size": "128GB"}');
INSERT INTO products (id, name, description, category_id) VALUES ('9164a9e8-f7b9-4b73-9b3c-bc046dfd5c14', 'Premium Phone 971', 'Description for Premium Phone 971. Optimized for search and performance test.', '0ae3cdea-dda4-4fcf-a22d-637a10cec819');
INSERT INTO product_variants (id, product_id, sku, price, stock_quantity, attributes) VALUES ('f7dea176-25bf-4577-8641-3712200ba10d', '9164a9e8-f7b9-4b73-9b3c-bc046dfd5c14', 'PHONE-971-BM-F7DE', 3510, 133, '{"color": "Black", "size": "M"}');
INSERT INTO product_variants (id, product_id, sku, price, stock_quantity, attributes) VALUES ('e15234ff-a745-4f98-b0b9-e6083854e593', '9164a9e8-f7b9-4b73-9b3c-bc046dfd5c14', 'PHONE-971-W1-E152', 3242, 80, '{"color": "White", "size": "128GB"}');
INSERT INTO product_variants (id, product_id, sku, price, stock_quantity, attributes) VALUES ('13e84da8-c571-4eec-ad2b-9683598eef4e', '9164a9e8-f7b9-4b73-9b3c-bc046dfd5c14', 'PHONE-971-WX-13E8', 2831, 103, '{"color": "White", "size": "XL"}');
INSERT INTO products (id, name, description, category_id) VALUES ('c92a8a6f-0082-48b0-a207-ac3ae4e931fe', 'Lite Laptop 964', 'Description for Lite Laptop 964. Optimized for search and performance test.', '0ae3cdea-dda4-4fcf-a22d-637a10cec819');
INSERT INTO product_variants (id, product_id, sku, price, stock_quantity, attributes) VALUES ('3b8ff364-19d6-479e-a66e-b9f8571b9619', 'c92a8a6f-0082-48b0-a207-ac3ae4e931fe', 'LAPTOP-964-GX-3B8F', 1489, 65, '{"color": "Green", "size": "XXL"}');
INSERT INTO product_variants (id, product_id, sku, price, stock_quantity, attributes) VALUES ('c0d2664f-1c43-41c0-9b3f-61ed7dd2ebe9', 'c92a8a6f-0082-48b0-a207-ac3ae4e931fe', 'LAPTOP-964-R8-C0D2', 1091, 29, '{"color": "Red", "size": "8GB RAM"}');
INSERT INTO product_variants (id, product_id, sku, price, stock_quantity, attributes) VALUES ('080c3c60-24db-440f-80e6-1cfe57ee02da', 'c92a8a6f-0082-48b0-a207-ac3ae4e931fe', 'LAPTOP-964-BX-080C', 4929, 36, '{"color": "Blue", "size": "XL"}');
INSERT INTO products (id, name, description, category_id) VALUES ('328544e2-b6c4-4bae-9146-e64676f42a72', 'Pro Laptop 315', 'Description for Pro Laptop 315. Optimized for search and performance test.', '0ae3cdea-dda4-4fcf-a22d-637a10cec819');
INSERT INTO product_variants (id, product_id, sku, price, stock_quantity, attributes) VALUES ('aa75d177-faf0-4be4-8958-ba4867119c58', '328544e2-b6c4-4bae-9146-e64676f42a72', 'LAPTOP-315-GL-AA75', 2666, 156, '{"color": "Green", "size": "L"}');
INSERT INTO product_variants (id, product_id, sku, price, stock_quantity, attributes) VALUES ('6a544cce-fa75-4924-aa7b-69ce0dcfe106', '328544e2-b6c4-4bae-9146-e64676f42a72', 'LAPTOP-315-BS-6A54', 1784, 169, '{"color": "Blue", "size": "S"}');
INSERT INTO product_variants (id, product_id, sku, price, stock_quantity, attributes) VALUES ('c84c6287-c6b3-4c4e-9ad1-3d7381a6f59d', '328544e2-b6c4-4bae-9146-e64676f42a72', 'LAPTOP-315-B1-C84C', 3970, 86, '{"color": "Blue", "size": "128GB"}');
INSERT INTO products (id, name, description, category_id) VALUES ('acd3a722-feee-4126-b900-c63c8f52c557', 'Lite Speaker 388', 'Description for Lite Speaker 388. Optimized for search and performance test.', '0ae3cdea-dda4-4fcf-a22d-637a10cec819');
INSERT INTO product_variants (id, product_id, sku, price, stock_quantity, attributes) VALUES ('95afb688-47eb-456d-ba4f-bb51eb12676f', 'acd3a722-feee-4126-b900-c63c8f52c557', 'SPEAKER-388-G1-95AF', 4344, 86, '{"color": "Gold", "size": "128GB"}');
INSERT INTO product_variants (id, product_id, sku, price, stock_quantity, attributes) VALUES ('3e570024-8e57-4060-9c7a-1157e0563b70', 'acd3a722-feee-4126-b900-c63c8f52c557', 'SPEAKER-388-GS-3E57', 3530, 20, '{"color": "Green", "size": "S"}');
INSERT INTO product_variants (id, product_id, sku, price, stock_quantity, attributes) VALUES ('bc68bfda-b0a4-4a71-8da1-988e238068b0', 'acd3a722-feee-4126-b900-c63c8f52c557', 'SPEAKER-388-GS-BC68', 3431, 87, '{"color": "Green", "size": "S"}');
INSERT INTO products (id, name, description, category_id) VALUES ('83a4ac29-6fcf-47ca-a592-59e53182c0fe', 'Smart Monitor 228', 'Description for Smart Monitor 228. Optimized for search and performance test.', '0ae3cdea-dda4-4fcf-a22d-637a10cec819');
INSERT INTO product_variants (id, product_id, sku, price, stock_quantity, attributes) VALUES ('617f2a98-98cc-4d9d-834b-39a31154fdc9', '83a4ac29-6fcf-47ca-a592-59e53182c0fe', 'MONITOR-228-G6-617F', 982, 129, '{"color": "Gold", "size": "64GB"}');
INSERT INTO product_variants (id, product_id, sku, price, stock_quantity, attributes) VALUES ('26ff3f8b-a9f1-49d3-8c26-2624cf9cbb95', '83a4ac29-6fcf-47ca-a592-59e53182c0fe', 'MONITOR-228-R1-26FF', 3327, 143, '{"color": "Red", "size": "16GB RAM"}');
INSERT INTO product_variants (id, product_id, sku, price, stock_quantity, attributes) VALUES ('98afbe06-5def-42b1-a4e9-65a56975c8bf', '83a4ac29-6fcf-47ca-a592-59e53182c0fe', 'MONITOR-228-BM-98AF', 2542, 155, '{"color": "Blue", "size": "M"}');
INSERT INTO products (id, name, description, category_id) VALUES ('1d544c6e-c80a-42b7-b36d-46da8d76c87e', 'Smart Shirt 569', 'Description for Smart Shirt 569. Optimized for search and performance test.', '0ae3cdea-dda4-4fcf-a22d-637a10cec819');
INSERT INTO product_variants (id, product_id, sku, price, stock_quantity, attributes) VALUES ('7d17dfe8-2184-4795-8a4e-44a3345c3f4c', '1d544c6e-c80a-42b7-b36d-46da8d76c87e', 'SHIRT-569-BX-7D17', 2317, 45, '{"color": "Blue", "size": "XL"}');
INSERT INTO product_variants (id, product_id, sku, price, stock_quantity, attributes) VALUES ('443832cf-a67a-4d79-80cf-4a179b68f0e3', '1d544c6e-c80a-42b7-b36d-46da8d76c87e', 'SHIRT-569-W8-4438', 4697, 19, '{"color": "White", "size": "8GB RAM"}');
INSERT INTO product_variants (id, product_id, sku, price, stock_quantity, attributes) VALUES ('ced570d6-00b9-4895-ad35-a67b5b67abd7', '1d544c6e-c80a-42b7-b36d-46da8d76c87e', 'SHIRT-569-BX-CED5', 3646, 94, '{"color": "Blue", "size": "XL"}');
INSERT INTO products (id, name, description, category_id) VALUES ('7e09c7be-4729-4513-8b81-fb1be4116802', 'Pro Monitor 761', 'Description for Pro Monitor 761. Optimized for search and performance test.', '0ae3cdea-dda4-4fcf-a22d-637a10cec819');
INSERT INTO product_variants (id, product_id, sku, price, stock_quantity, attributes) VALUES ('a3fe1541-5a20-4131-9425-71fcb3380b73', '7e09c7be-4729-4513-8b81-fb1be4116802', 'MONITOR-761-W8-A3FE', 807, 123, '{"color": "White", "size": "8GB RAM"}');
INSERT INTO product_variants (id, product_id, sku, price, stock_quantity, attributes) VALUES ('30b560a8-740a-4ce0-bcfe-24872ea4243b', '7e09c7be-4729-4513-8b81-fb1be4116802', 'MONITOR-761-S2-30B5', 4832, 146, '{"color": "Silver", "size": "256GB"}');
INSERT INTO product_variants (id, product_id, sku, price, stock_quantity, attributes) VALUES ('8c29f2c2-f096-4737-ba6c-19fb302ada5b', '7e09c7be-4729-4513-8b81-fb1be4116802', 'MONITOR-761-W1-8C29', 3544, 122, '{"color": "White", "size": "128GB"}');
INSERT INTO products (id, name, description, category_id) VALUES ('d9ff7aa0-58fd-4ede-97dd-b5d80fa0815a', 'Premium Dress 605', 'Description for Premium Dress 605. Optimized for search and performance test.', '0ae3cdea-dda4-4fcf-a22d-637a10cec819');
INSERT INTO product_variants (id, product_id, sku, price, stock_quantity, attributes) VALUES ('03d3e757-7d73-4821-9312-0cf50363333b', 'd9ff7aa0-58fd-4ede-97dd-b5d80fa0815a', 'DRESS-605-GX-03D3', 4879, 134, '{"color": "Green", "size": "XL"}');
INSERT INTO product_variants (id, product_id, sku, price, stock_quantity, attributes) VALUES ('bf2e37e4-7df8-47d2-83fe-703e65187b96', 'd9ff7aa0-58fd-4ede-97dd-b5d80fa0815a', 'DRESS-605-B1-BF2E', 4073, 118, '{"color": "Black", "size": "16GB RAM"}');
INSERT INTO product_variants (id, product_id, sku, price, stock_quantity, attributes) VALUES ('bb77c718-6e80-4e82-81c3-ea47f210a659', 'd9ff7aa0-58fd-4ede-97dd-b5d80fa0815a', 'DRESS-605-GX-BB77', 1932, 35, '{"color": "Gold", "size": "XXL"}');
INSERT INTO products (id, name, description, category_id) VALUES ('51dac1f6-2844-471a-80c2-7c0df9a7ebd4', 'Eco Shirt 135', 'Description for Eco Shirt 135. Optimized for search and performance test.', '0ae3cdea-dda4-4fcf-a22d-637a10cec819');
INSERT INTO product_variants (id, product_id, sku, price, stock_quantity, attributes) VALUES ('4c4931e4-8313-442e-b0f8-e16444608f2a', '51dac1f6-2844-471a-80c2-7c0df9a7ebd4', 'SHIRT-135-G6-4C49', 4531, 76, '{"color": "Green", "size": "64GB"}');
INSERT INTO product_variants (id, product_id, sku, price, stock_quantity, attributes) VALUES ('72e894b3-d416-480b-9c6b-71fe32b1123d', '51dac1f6-2844-471a-80c2-7c0df9a7ebd4', 'SHIRT-135-B6-72E8', 2617, 124, '{"color": "Blue", "size": "64GB"}');
INSERT INTO product_variants (id, product_id, sku, price, stock_quantity, attributes) VALUES ('5b8f499b-991b-4c56-bd15-0322b28c68e3', '51dac1f6-2844-471a-80c2-7c0df9a7ebd4', 'SHIRT-135-BM-5B8F', 2766, 111, '{"color": "Blue", "size": "M"}');
INSERT INTO products (id, name, description, category_id) VALUES ('5d805022-d6c0-4028-b7e6-fd38f15eca30', 'Eco Monitor 756', 'Description for Eco Monitor 756. Optimized for search and performance test.', '0ae3cdea-dda4-4fcf-a22d-637a10cec819');
INSERT INTO product_variants (id, product_id, sku, price, stock_quantity, attributes) VALUES ('e1a460b7-435e-4eeb-80f3-871b541f99d2', '5d805022-d6c0-4028-b7e6-fd38f15eca30', 'MONITOR-756-B6-E1A4', 3835, 140, '{"color": "Black", "size": "64GB"}');
INSERT INTO product_variants (id, product_id, sku, price, stock_quantity, attributes) VALUES ('f3568de2-a5f6-4730-ad73-99205fba3695', '5d805022-d6c0-4028-b7e6-fd38f15eca30', 'MONITOR-756-B2-F356', 4635, 92, '{"color": "Black", "size": "256GB"}');
INSERT INTO product_variants (id, product_id, sku, price, stock_quantity, attributes) VALUES ('2f5cd2f7-427e-4a2e-a7ad-509a999f5505', '5d805022-d6c0-4028-b7e6-fd38f15eca30', 'MONITOR-756-RL-2F5C', 1442, 105, '{"color": "Red", "size": "L"}');
INSERT INTO products (id, name, description, category_id) VALUES ('5e558e3b-608d-4685-b0f4-61533402b1c4', 'Lite Table 662', 'Description for Lite Table 662. Optimized for search and performance test.', '0ae3cdea-dda4-4fcf-a22d-637a10cec819');
INSERT INTO product_variants (id, product_id, sku, price, stock_quantity, attributes) VALUES ('d190cbec-df30-45d4-abab-f449ed914df9', '5e558e3b-608d-4685-b0f4-61533402b1c4', 'TABLE-662-BS-D190', 3060, 17, '{"color": "Blue", "size": "S"}');
INSERT INTO product_variants (id, product_id, sku, price, stock_quantity, attributes) VALUES ('98db85f2-e522-48e5-83cc-d2beef83a3dd', '5e558e3b-608d-4685-b0f4-61533402b1c4', 'TABLE-662-BS-98DB', 2153, 141, '{"color": "Black", "size": "S"}');
INSERT INTO product_variants (id, product_id, sku, price, stock_quantity, attributes) VALUES ('e28e4b2e-3f66-408d-b888-3dd987ca5c5b', '5e558e3b-608d-4685-b0f4-61533402b1c4', 'TABLE-662-BS-E28E', 1143, 186, '{"color": "Black", "size": "S"}');
INSERT INTO products (id, name, description, category_id) VALUES ('a4759710-48fc-4304-8ee5-40013e4cf0f7', 'Pro Phone 933', 'Description for Pro Phone 933. Optimized for search and performance test.', '0ae3cdea-dda4-4fcf-a22d-637a10cec819');
INSERT INTO product_variants (id, product_id, sku, price, stock_quantity, attributes) VALUES ('07e5f995-7545-4d22-ada0-c5e8b587b230', 'a4759710-48fc-4304-8ee5-40013e4cf0f7', 'PHONE-933-WX-07E5', 3510, 65, '{"color": "White", "size": "XL"}');
INSERT INTO product_variants (id, product_id, sku, price, stock_quantity, attributes) VALUES ('20dbce38-13ba-4f95-a88b-c146f174e683', 'a4759710-48fc-4304-8ee5-40013e4cf0f7', 'PHONE-933-R1-20DB', 4682, 83, '{"color": "Red", "size": "16GB RAM"}');
INSERT INTO product_variants (id, product_id, sku, price, stock_quantity, attributes) VALUES ('e3defc21-d57d-4539-af6e-e68a09f9b544', 'a4759710-48fc-4304-8ee5-40013e4cf0f7', 'PHONE-933-R6-E3DE', 3569, 37, '{"color": "Red", "size": "64GB"}');
INSERT INTO products (id, name, description, category_id) VALUES ('cebed617-04d7-4958-980e-a4097dc18155', 'Elegant Laptop 513', 'Description for Elegant Laptop 513. Optimized for search and performance test.', '0ae3cdea-dda4-4fcf-a22d-637a10cec819');
INSERT INTO product_variants (id, product_id, sku, price, stock_quantity, attributes) VALUES ('90f2226b-f1e1-415c-99d8-37922928cd8e', 'cebed617-04d7-4958-980e-a4097dc18155', 'LAPTOP-513-R1-90F2', 714, 114, '{"color": "Red", "size": "16GB RAM"}');
INSERT INTO product_variants (id, product_id, sku, price, stock_quantity, attributes) VALUES ('7719edd8-971b-4548-9b02-359b1e8b1ee8', 'cebed617-04d7-4958-980e-a4097dc18155', 'LAPTOP-513-GL-7719', 2882, 129, '{"color": "Gold", "size": "L"}');
INSERT INTO product_variants (id, product_id, sku, price, stock_quantity, attributes) VALUES ('732cc027-1819-4fab-a559-6e85fc2e934b', 'cebed617-04d7-4958-980e-a4097dc18155', 'LAPTOP-513-R8-732C', 806, 126, '{"color": "Red", "size": "8GB RAM"}');
INSERT INTO products (id, name, description, category_id) VALUES ('fbde3f5d-e3fb-4128-9184-8b7878e040cd', 'Original Laptop 347', 'Description for Original Laptop 347. Optimized for search and performance test.', '0ae3cdea-dda4-4fcf-a22d-637a10cec819');
INSERT INTO product_variants (id, product_id, sku, price, stock_quantity, attributes) VALUES ('117fe2d6-b0b2-4852-920d-30e68a810db5', 'fbde3f5d-e3fb-4128-9184-8b7878e040cd', 'LAPTOP-347-SM-117F', 4502, 192, '{"color": "Silver", "size": "M"}');
INSERT INTO product_variants (id, product_id, sku, price, stock_quantity, attributes) VALUES ('4285de37-a1bc-45cd-bbc9-001b4d724822', 'fbde3f5d-e3fb-4128-9184-8b7878e040cd', 'LAPTOP-347-WX-4285', 2837, 106, '{"color": "White", "size": "XXL"}');
INSERT INTO product_variants (id, product_id, sku, price, stock_quantity, attributes) VALUES ('812ecc9d-fa10-43cf-83ba-f442753dbeef', 'fbde3f5d-e3fb-4128-9184-8b7878e040cd', 'LAPTOP-347-B8-812E', 4671, 192, '{"color": "Blue", "size": "8GB RAM"}');
INSERT INTO products (id, name, description, category_id) VALUES ('c82c1764-0dfa-45a4-bd49-0a9ebe211168', 'Elegant Dress 442', 'Description for Elegant Dress 442. Optimized for search and performance test.', '0ae3cdea-dda4-4fcf-a22d-637a10cec819');
INSERT INTO product_variants (id, product_id, sku, price, stock_quantity, attributes) VALUES ('acc475ae-99fc-4a34-a1b6-d6ec660a4525', 'c82c1764-0dfa-45a4-bd49-0a9ebe211168', 'DRESS-442-SS-ACC4', 877, 51, '{"color": "Silver", "size": "S"}');
INSERT INTO product_variants (id, product_id, sku, price, stock_quantity, attributes) VALUES ('ea4dfd07-c8ad-41e6-a186-5d26fc05f534', 'c82c1764-0dfa-45a4-bd49-0a9ebe211168', 'DRESS-442-G1-EA4D', 3179, 134, '{"color": "Gold", "size": "16GB RAM"}');
INSERT INTO product_variants (id, product_id, sku, price, stock_quantity, attributes) VALUES ('da996400-1646-4460-9570-5c508c1f3ba0', 'c82c1764-0dfa-45a4-bd49-0a9ebe211168', 'DRESS-442-W1-DA99', 2691, 149, '{"color": "White", "size": "128GB"}');
INSERT INTO products (id, name, description, category_id) VALUES ('41720e54-0b10-430c-8b9d-88fe0a66b800', 'Eco Shirt 138', 'Description for Eco Shirt 138. Optimized for search and performance test.', '0ae3cdea-dda4-4fcf-a22d-637a10cec819');
INSERT INTO product_variants (id, product_id, sku, price, stock_quantity, attributes) VALUES ('558184e6-f240-4e21-9aa2-2e9a72497575', '41720e54-0b10-430c-8b9d-88fe0a66b800', 'SHIRT-138-GM-5581', 858, 193, '{"color": "Green", "size": "M"}');
INSERT INTO product_variants (id, product_id, sku, price, stock_quantity, attributes) VALUES ('8ff4b421-ea38-4ccc-b162-87a5b1895c3b', '41720e54-0b10-430c-8b9d-88fe0a66b800', 'SHIRT-138-B2-8FF4', 4066, 80, '{"color": "Black", "size": "256GB"}');
INSERT INTO product_variants (id, product_id, sku, price, stock_quantity, attributes) VALUES ('72a8901c-1d44-4251-8c23-6b1adf6268cd', '41720e54-0b10-430c-8b9d-88fe0a66b800', 'SHIRT-138-B1-72A8', 2987, 54, '{"color": "Black", "size": "16GB RAM"}');
INSERT INTO products (id, name, description, category_id) VALUES ('7c124d72-0773-4089-ba62-634043f7ffeb', 'Elegant Backpack 862', 'Description for Elegant Backpack 862. Optimized for search and performance test.', '0ae3cdea-dda4-4fcf-a22d-637a10cec819');
INSERT INTO product_variants (id, product_id, sku, price, stock_quantity, attributes) VALUES ('9b83e8ad-0a27-44e6-98d2-2ad5d2ed7f01', '7c124d72-0773-4089-ba62-634043f7ffeb', 'BACKPACK-862-BM-9B83', 115, 112, '{"color": "Blue", "size": "M"}');
INSERT INTO product_variants (id, product_id, sku, price, stock_quantity, attributes) VALUES ('ff0fdcf8-51aa-4133-b82f-c67ea22fc391', '7c124d72-0773-4089-ba62-634043f7ffeb', 'BACKPACK-862-SL-FF0F', 4807, 130, '{"color": "Silver", "size": "L"}');
INSERT INTO product_variants (id, product_id, sku, price, stock_quantity, attributes) VALUES ('9d46063d-2b44-4c69-bcf1-8419b7a8a04c', '7c124d72-0773-4089-ba62-634043f7ffeb', 'BACKPACK-862-RL-9D46', 485, 86, '{"color": "Red", "size": "L"}');
INSERT INTO products (id, name, description, category_id) VALUES ('66cf69e9-5b78-4f4f-b43d-4054c9d6da7f', 'Smart Dress 941', 'Description for Smart Dress 941. Optimized for search and performance test.', '0ae3cdea-dda4-4fcf-a22d-637a10cec819');
INSERT INTO product_variants (id, product_id, sku, price, stock_quantity, attributes) VALUES ('0911da5d-a39f-4ac2-9ca2-3fd175477ce3', '66cf69e9-5b78-4f4f-b43d-4054c9d6da7f', 'DRESS-941-GL-0911', 4747, 175, '{"color": "Green", "size": "L"}');
INSERT INTO product_variants (id, product_id, sku, price, stock_quantity, attributes) VALUES ('527d3cb5-c9d5-4643-ac09-b4647ee2d2d1', '66cf69e9-5b78-4f4f-b43d-4054c9d6da7f', 'DRESS-941-GS-527D', 2566, 55, '{"color": "Green", "size": "S"}');
INSERT INTO product_variants (id, product_id, sku, price, stock_quantity, attributes) VALUES ('04d315b3-407a-48f2-b149-8e3a007058e2', '66cf69e9-5b78-4f4f-b43d-4054c9d6da7f', 'DRESS-941-S8-04D3', 4344, 154, '{"color": "Silver", "size": "8GB RAM"}');
INSERT INTO products (id, name, description, category_id) VALUES ('65758fc5-f491-4573-85ac-b97e4e0f43fc', 'Premium Backpack 657', 'Description for Premium Backpack 657. Optimized for search and performance test.', '0ae3cdea-dda4-4fcf-a22d-637a10cec819');
INSERT INTO product_variants (id, product_id, sku, price, stock_quantity, attributes) VALUES ('4afb968c-331f-4f4a-9f0e-104f53a869d7', '65758fc5-f491-4573-85ac-b97e4e0f43fc', 'BACKPACK-657-RX-4AFB', 1345, 151, '{"color": "Red", "size": "XL"}');
INSERT INTO product_variants (id, product_id, sku, price, stock_quantity, attributes) VALUES ('9f59915f-9b56-43bb-b338-17949662ca98', '65758fc5-f491-4573-85ac-b97e4e0f43fc', 'BACKPACK-657-BS-9F59', 4552, 164, '{"color": "Black", "size": "S"}');
INSERT INTO product_variants (id, product_id, sku, price, stock_quantity, attributes) VALUES ('78311059-d864-4de6-a240-8adaa7cd5b60', '65758fc5-f491-4573-85ac-b97e4e0f43fc', 'BACKPACK-657-GX-7831', 395, 115, '{"color": "Green", "size": "XXL"}');
INSERT INTO products (id, name, description, category_id) VALUES ('90e9fa9e-5932-45b9-8afc-c7a65a1e380d', 'Smart Dress 760', 'Description for Smart Dress 760. Optimized for search and performance test.', '0ae3cdea-dda4-4fcf-a22d-637a10cec819');
INSERT INTO product_variants (id, product_id, sku, price, stock_quantity, attributes) VALUES ('76bd74b8-0fb4-45c6-a9d7-2da01ba5e2ae', '90e9fa9e-5932-45b9-8afc-c7a65a1e380d', 'DRESS-760-R2-76BD', 404, 155, '{"color": "Red", "size": "256GB"}');
INSERT INTO product_variants (id, product_id, sku, price, stock_quantity, attributes) VALUES ('a792e135-4b80-4626-aa40-6dffc3489631', '90e9fa9e-5932-45b9-8afc-c7a65a1e380d', 'DRESS-760-GS-A792', 2286, 98, '{"color": "Gold", "size": "S"}');
INSERT INTO product_variants (id, product_id, sku, price, stock_quantity, attributes) VALUES ('f35ef883-95eb-4a24-b84c-4d6812416d0d', '90e9fa9e-5932-45b9-8afc-c7a65a1e380d', 'DRESS-760-GX-F35E', 3754, 21, '{"color": "Gold", "size": "XL"}');
INSERT INTO products (id, name, description, category_id) VALUES ('35be8f74-007a-48db-94e0-260cf8685823', 'Original Camera 957', 'Description for Original Camera 957. Optimized for search and performance test.', '0ae3cdea-dda4-4fcf-a22d-637a10cec819');
INSERT INTO product_variants (id, product_id, sku, price, stock_quantity, attributes) VALUES ('3baa7e50-2e30-486e-9e99-ba360eb09408', '35be8f74-007a-48db-94e0-260cf8685823', 'CAMERA-957-RM-3BAA', 4902, 59, '{"color": "Red", "size": "M"}');
INSERT INTO product_variants (id, product_id, sku, price, stock_quantity, attributes) VALUES ('88d13063-bb1f-426c-aa3e-daba33a548d1', '35be8f74-007a-48db-94e0-260cf8685823', 'CAMERA-957-G6-88D1', 1422, 159, '{"color": "Gold", "size": "64GB"}');
INSERT INTO product_variants (id, product_id, sku, price, stock_quantity, attributes) VALUES ('790b503b-c27c-4df5-8c21-d40c05e72a8a', '35be8f74-007a-48db-94e0-260cf8685823', 'CAMERA-957-BX-790B', 2996, 78, '{"color": "Blue", "size": "XXL"}');
INSERT INTO products (id, name, description, category_id) VALUES ('65b949f5-f364-4c2e-b9a6-719baff2de48', 'Pro Laptop 475', 'Description for Pro Laptop 475. Optimized for search and performance test.', '0ae3cdea-dda4-4fcf-a22d-637a10cec819');
INSERT INTO product_variants (id, product_id, sku, price, stock_quantity, attributes) VALUES ('8afb6ee8-dad3-4c12-a4df-c3b12ccad9f0', '65b949f5-f364-4c2e-b9a6-719baff2de48', 'LAPTOP-475-SM-8AFB', 790, 177, '{"color": "Silver", "size": "M"}');
INSERT INTO product_variants (id, product_id, sku, price, stock_quantity, attributes) VALUES ('998510ae-989d-46e4-bce7-c125ee3b37dd', '65b949f5-f364-4c2e-b9a6-719baff2de48', 'LAPTOP-475-B1-9985', 2752, 165, '{"color": "Blue", "size": "16GB RAM"}');
INSERT INTO product_variants (id, product_id, sku, price, stock_quantity, attributes) VALUES ('6d9b6b8f-903f-4498-bdac-922b3a2674ed', '65b949f5-f364-4c2e-b9a6-719baff2de48', 'LAPTOP-475-GM-6D9B', 1587, 16, '{"color": "Green", "size": "M"}');
INSERT INTO products (id, name, description, category_id) VALUES ('c945ac3e-2e10-4304-a8f8-b124bd8079bf', 'Lite Phone 473', 'Description for Lite Phone 473. Optimized for search and performance test.', '0ae3cdea-dda4-4fcf-a22d-637a10cec819');
INSERT INTO product_variants (id, product_id, sku, price, stock_quantity, attributes) VALUES ('21a32dfe-6f21-410d-8134-db0fac0cdcdb', 'c945ac3e-2e10-4304-a8f8-b124bd8079bf', 'PHONE-473-BL-21A3', 3716, 183, '{"color": "Black", "size": "L"}');
INSERT INTO product_variants (id, product_id, sku, price, stock_quantity, attributes) VALUES ('5e5fb13d-f077-4006-904a-eed1ab9bf1f5', 'c945ac3e-2e10-4304-a8f8-b124bd8079bf', 'PHONE-473-GX-5E5F', 1218, 159, '{"color": "Green", "size": "XXL"}');
INSERT INTO product_variants (id, product_id, sku, price, stock_quantity, attributes) VALUES ('6985c8c1-7277-45d9-bd7f-b5e1c8379bab', 'c945ac3e-2e10-4304-a8f8-b124bd8079bf', 'PHONE-473-B1-6985', 2863, 108, '{"color": "Blue", "size": "16GB RAM"}');
INSERT INTO products (id, name, description, category_id) VALUES ('e0741179-f4a5-4b36-a4a7-e59223370a80', 'Lite Speaker 430', 'Description for Lite Speaker 430. Optimized for search and performance test.', '0ae3cdea-dda4-4fcf-a22d-637a10cec819');
INSERT INTO product_variants (id, product_id, sku, price, stock_quantity, attributes) VALUES ('42e733f2-3888-4ab5-8d64-5d5a12edc3ed', 'e0741179-f4a5-4b36-a4a7-e59223370a80', 'SPEAKER-430-GS-42E7', 1848, 158, '{"color": "Green", "size": "S"}');
INSERT INTO product_variants (id, product_id, sku, price, stock_quantity, attributes) VALUES ('dde846ca-d04a-4484-8dad-42264b24c0d1', 'e0741179-f4a5-4b36-a4a7-e59223370a80', 'SPEAKER-430-G1-DDE8', 3961, 58, '{"color": "Gold", "size": "16GB RAM"}');
INSERT INTO product_variants (id, product_id, sku, price, stock_quantity, attributes) VALUES ('19aa36db-ed77-4679-9630-5e6dfd70ab95', 'e0741179-f4a5-4b36-a4a7-e59223370a80', 'SPEAKER-430-GX-19AA', 2714, 56, '{"color": "Green", "size": "XXL"}');
INSERT INTO products (id, name, description, category_id) VALUES ('837f9478-fc49-4f63-a451-2e292b2b58be', 'Eco Shirt 983', 'Description for Eco Shirt 983. Optimized for search and performance test.', '0ae3cdea-dda4-4fcf-a22d-637a10cec819');
INSERT INTO product_variants (id, product_id, sku, price, stock_quantity, attributes) VALUES ('a8529c9d-ff02-43de-bcfb-b845483b2e27', '837f9478-fc49-4f63-a451-2e292b2b58be', 'SHIRT-983-BM-A852', 3413, 10, '{"color": "Blue", "size": "M"}');
INSERT INTO product_variants (id, product_id, sku, price, stock_quantity, attributes) VALUES ('49246c29-0381-42dc-aa2e-d7768a744150', '837f9478-fc49-4f63-a451-2e292b2b58be', 'SHIRT-983-R2-4924', 2598, 43, '{"color": "Red", "size": "256GB"}');
INSERT INTO product_variants (id, product_id, sku, price, stock_quantity, attributes) VALUES ('103e2a6d-abf7-42b5-8d13-c071e46cc72b', '837f9478-fc49-4f63-a451-2e292b2b58be', 'SHIRT-983-GM-103E', 2947, 29, '{"color": "Gold", "size": "M"}');
INSERT INTO products (id, name, description, category_id) VALUES ('9043fa82-dd2d-4d01-9703-f3a91047c434', 'Elegant Shirt 133', 'Description for Elegant Shirt 133. Optimized for search and performance test.', '0ae3cdea-dda4-4fcf-a22d-637a10cec819');
INSERT INTO product_variants (id, product_id, sku, price, stock_quantity, attributes) VALUES ('566c6517-fa02-4e41-8501-065110fb32ad', '9043fa82-dd2d-4d01-9703-f3a91047c434', 'SHIRT-133-GS-566C', 3483, 112, '{"color": "Green", "size": "S"}');
INSERT INTO product_variants (id, product_id, sku, price, stock_quantity, attributes) VALUES ('fe824721-d6ec-4ecd-b33e-8f355635338f', '9043fa82-dd2d-4d01-9703-f3a91047c434', 'SHIRT-133-SL-FE82', 4771, 97, '{"color": "Silver", "size": "L"}');
INSERT INTO product_variants (id, product_id, sku, price, stock_quantity, attributes) VALUES ('e51ec774-519a-4a2b-927e-d2a8a03c8756', '9043fa82-dd2d-4d01-9703-f3a91047c434', 'SHIRT-133-SX-E51E', 3175, 83, '{"color": "Silver", "size": "XL"}');
INSERT INTO products (id, name, description, category_id) VALUES ('4f5f9bfb-1471-45b1-abba-5e7458dd496f', 'Original Phone 713', 'Description for Original Phone 713. Optimized for search and performance test.', '0ae3cdea-dda4-4fcf-a22d-637a10cec819');
INSERT INTO product_variants (id, product_id, sku, price, stock_quantity, attributes) VALUES ('516f8919-8f5a-49d8-abab-d119c9bd6260', '4f5f9bfb-1471-45b1-abba-5e7458dd496f', 'PHONE-713-SS-516F', 4731, 100, '{"color": "Silver", "size": "S"}');
INSERT INTO product_variants (id, product_id, sku, price, stock_quantity, attributes) VALUES ('622aabd9-4363-40e5-bd09-7c52286dfb10', '4f5f9bfb-1471-45b1-abba-5e7458dd496f', 'PHONE-713-BX-622A', 1825, 86, '{"color": "Blue", "size": "XL"}');
INSERT INTO product_variants (id, product_id, sku, price, stock_quantity, attributes) VALUES ('b082de4d-db62-485c-9057-a558988b5b27', '4f5f9bfb-1471-45b1-abba-5e7458dd496f', 'PHONE-713-SS-B082', 2171, 145, '{"color": "Silver", "size": "S"}');
INSERT INTO products (id, name, description, category_id) VALUES ('7e10a0c5-254b-4fcd-ada7-74f2ebae2581', 'Elegant Table 319', 'Description for Elegant Table 319. Optimized for search and performance test.', '0ae3cdea-dda4-4fcf-a22d-637a10cec819');
INSERT INTO product_variants (id, product_id, sku, price, stock_quantity, attributes) VALUES ('2247a952-3df9-428b-a652-2b6f0a8da488', '7e10a0c5-254b-4fcd-ada7-74f2ebae2581', 'TABLE-319-GL-2247', 2487, 138, '{"color": "Gold", "size": "L"}');
INSERT INTO product_variants (id, product_id, sku, price, stock_quantity, attributes) VALUES ('13b85e87-02cc-4377-b083-7406671b67ef', '7e10a0c5-254b-4fcd-ada7-74f2ebae2581', 'TABLE-319-G6-13B8', 3185, 176, '{"color": "Green", "size": "64GB"}');
INSERT INTO product_variants (id, product_id, sku, price, stock_quantity, attributes) VALUES ('c4d7451f-5eb7-4f21-b646-ffa12c553a55', '7e10a0c5-254b-4fcd-ada7-74f2ebae2581', 'TABLE-319-G1-C4D7', 1359, 25, '{"color": "Gold", "size": "128GB"}');
INSERT INTO products (id, name, description, category_id) VALUES ('701dac00-973a-4fc0-a3e3-2023ddbc3149', 'Ultra Bed 279', 'Description for Ultra Bed 279. Optimized for search and performance test.', '0ae3cdea-dda4-4fcf-a22d-637a10cec819');
INSERT INTO product_variants (id, product_id, sku, price, stock_quantity, attributes) VALUES ('82fa7d26-bf89-4cfb-a4c0-c58392836a1c', '701dac00-973a-4fc0-a3e3-2023ddbc3149', 'BED-279-S8-82FA', 3670, 75, '{"color": "Silver", "size": "8GB RAM"}');
INSERT INTO product_variants (id, product_id, sku, price, stock_quantity, attributes) VALUES ('496a1c94-5a8b-4969-8df0-92c81fe84cf3', '701dac00-973a-4fc0-a3e3-2023ddbc3149', 'BED-279-WS-496A', 3891, 50, '{"color": "White", "size": "S"}');
INSERT INTO product_variants (id, product_id, sku, price, stock_quantity, attributes) VALUES ('feec5eed-9abb-40c4-8f55-c5717cf9939d', '701dac00-973a-4fc0-a3e3-2023ddbc3149', 'BED-279-GX-FEEC', 3993, 87, '{"color": "Green", "size": "XXL"}');
INSERT INTO products (id, name, description, category_id) VALUES ('eb4b0ab6-3017-43ba-b71a-d29fe39b02e7', 'Eco Camera 918', 'Description for Eco Camera 918. Optimized for search and performance test.', '0ae3cdea-dda4-4fcf-a22d-637a10cec819');
INSERT INTO product_variants (id, product_id, sku, price, stock_quantity, attributes) VALUES ('25f732b2-05d2-4bbd-9de3-014384059481', 'eb4b0ab6-3017-43ba-b71a-d29fe39b02e7', 'CAMERA-918-BX-25F7', 2821, 69, '{"color": "Black", "size": "XXL"}');
INSERT INTO product_variants (id, product_id, sku, price, stock_quantity, attributes) VALUES ('6e92068e-fd85-4fd5-9454-964ca955e128', 'eb4b0ab6-3017-43ba-b71a-d29fe39b02e7', 'CAMERA-918-B1-6E92', 587, 141, '{"color": "Black", "size": "128GB"}');
INSERT INTO product_variants (id, product_id, sku, price, stock_quantity, attributes) VALUES ('2b8b6e28-ba82-4555-8734-e50ae8d0c2a4', 'eb4b0ab6-3017-43ba-b71a-d29fe39b02e7', 'CAMERA-918-WL-2B8B', 4524, 80, '{"color": "White", "size": "L"}');
INSERT INTO products (id, name, description, category_id) VALUES ('e1c968ac-64aa-4eb5-8f39-d6c6253727a9', 'Premium Camera 607', 'Description for Premium Camera 607. Optimized for search and performance test.', '0ae3cdea-dda4-4fcf-a22d-637a10cec819');
INSERT INTO product_variants (id, product_id, sku, price, stock_quantity, attributes) VALUES ('899efba9-5f50-4c2e-bfb1-58bea3919e87', 'e1c968ac-64aa-4eb5-8f39-d6c6253727a9', 'CAMERA-607-G8-899E', 1809, 189, '{"color": "Green", "size": "8GB RAM"}');
INSERT INTO product_variants (id, product_id, sku, price, stock_quantity, attributes) VALUES ('2d7f2cec-8f0e-4c4b-bbb8-b5094d5ee88f', 'e1c968ac-64aa-4eb5-8f39-d6c6253727a9', 'CAMERA-607-R1-2D7F', 2406, 168, '{"color": "Red", "size": "128GB"}');
INSERT INTO product_variants (id, product_id, sku, price, stock_quantity, attributes) VALUES ('95a02263-c88f-4921-a0f3-521f5bbf34d7', 'e1c968ac-64aa-4eb5-8f39-d6c6253727a9', 'CAMERA-607-S2-95A0', 3202, 27, '{"color": "Silver", "size": "256GB"}');
INSERT INTO products (id, name, description, category_id) VALUES ('36417a23-330a-44ab-8672-b264dbe05536', 'Eco Table 452', 'Description for Eco Table 452. Optimized for search and performance test.', '0ae3cdea-dda4-4fcf-a22d-637a10cec819');
INSERT INTO product_variants (id, product_id, sku, price, stock_quantity, attributes) VALUES ('ad49630c-09f5-41aa-89b3-18bba3a7b583', '36417a23-330a-44ab-8672-b264dbe05536', 'TABLE-452-BS-AD49', 4525, 72, '{"color": "Black", "size": "S"}');
INSERT INTO product_variants (id, product_id, sku, price, stock_quantity, attributes) VALUES ('9a59acdb-ba20-46e9-bdf4-8d09864e3c9d', '36417a23-330a-44ab-8672-b264dbe05536', 'TABLE-452-S2-9A59', 590, 30, '{"color": "Silver", "size": "256GB"}');
INSERT INTO product_variants (id, product_id, sku, price, stock_quantity, attributes) VALUES ('f2a8ad8a-5f2c-4c1c-9042-40cbf3080fc9', '36417a23-330a-44ab-8672-b264dbe05536', 'TABLE-452-BS-F2A8', 4406, 145, '{"color": "Blue", "size": "S"}');
INSERT INTO products (id, name, description, category_id) VALUES ('f7edebe4-7e3f-4daa-a481-efd824cc8bcf', 'Ultra Table 833', 'Description for Ultra Table 833. Optimized for search and performance test.', '0ae3cdea-dda4-4fcf-a22d-637a10cec819');
INSERT INTO product_variants (id, product_id, sku, price, stock_quantity, attributes) VALUES ('04167f59-493d-4b23-adc8-b2d622b585a3', 'f7edebe4-7e3f-4daa-a481-efd824cc8bcf', 'TABLE-833-SX-0416', 4027, 139, '{"color": "Silver", "size": "XXL"}');
INSERT INTO product_variants (id, product_id, sku, price, stock_quantity, attributes) VALUES ('ef124220-1da7-4616-b671-9f706b1feb5a', 'f7edebe4-7e3f-4daa-a481-efd824cc8bcf', 'TABLE-833-G1-EF12', 208, 122, '{"color": "Gold", "size": "128GB"}');
INSERT INTO product_variants (id, product_id, sku, price, stock_quantity, attributes) VALUES ('79418087-53e4-4e0a-a2e3-4515220071bb', 'f7edebe4-7e3f-4daa-a481-efd824cc8bcf', 'TABLE-833-G1-7941', 1705, 134, '{"color": "Green", "size": "16GB RAM"}');
INSERT INTO products (id, name, description, category_id) VALUES ('23381b1c-91b4-4ca5-8094-baf5bfc58533', 'Lite Backpack 680', 'Description for Lite Backpack 680. Optimized for search and performance test.', '0ae3cdea-dda4-4fcf-a22d-637a10cec819');
INSERT INTO product_variants (id, product_id, sku, price, stock_quantity, attributes) VALUES ('372414ec-2f71-435b-b7d3-bb94df14a51a', '23381b1c-91b4-4ca5-8094-baf5bfc58533', 'BACKPACK-680-BX-3724', 3388, 128, '{"color": "Black", "size": "XXL"}');
INSERT INTO product_variants (id, product_id, sku, price, stock_quantity, attributes) VALUES ('70c0f11f-f957-49d7-9989-4e1d044d8e3b', '23381b1c-91b4-4ca5-8094-baf5bfc58533', 'BACKPACK-680-WS-70C0', 4435, 189, '{"color": "White", "size": "S"}');
INSERT INTO product_variants (id, product_id, sku, price, stock_quantity, attributes) VALUES ('3d4ae854-a556-4925-8f7b-27b158854297', '23381b1c-91b4-4ca5-8094-baf5bfc58533', 'BACKPACK-680-RS-3D4A', 1948, 127, '{"color": "Red", "size": "S"}');
INSERT INTO products (id, name, description, category_id) VALUES ('146d4b35-c47c-4385-b6fd-cd35ed359bed', 'Ultra Table 556', 'Description for Ultra Table 556. Optimized for search and performance test.', '0ae3cdea-dda4-4fcf-a22d-637a10cec819');
INSERT INTO product_variants (id, product_id, sku, price, stock_quantity, attributes) VALUES ('ea627bbe-0f3f-4900-8686-a9e7662a1a5a', '146d4b35-c47c-4385-b6fd-cd35ed359bed', 'TABLE-556-S1-EA62', 2724, 166, '{"color": "Silver", "size": "128GB"}');
INSERT INTO product_variants (id, product_id, sku, price, stock_quantity, attributes) VALUES ('f4d19a2c-a68a-410b-957e-3c586ee13fee', '146d4b35-c47c-4385-b6fd-cd35ed359bed', 'TABLE-556-G1-F4D1', 404, 54, '{"color": "Green", "size": "128GB"}');
INSERT INTO product_variants (id, product_id, sku, price, stock_quantity, attributes) VALUES ('2369f387-73d4-40aa-9a98-3a3135ff1238', '146d4b35-c47c-4385-b6fd-cd35ed359bed', 'TABLE-556-BL-2369', 4873, 129, '{"color": "Blue", "size": "L"}');
INSERT INTO products (id, name, description, category_id) VALUES ('8330e011-9aae-4268-a6aa-bfbe24224abf', 'Elegant Camera 154', 'Description for Elegant Camera 154. Optimized for search and performance test.', '0ae3cdea-dda4-4fcf-a22d-637a10cec819');
INSERT INTO product_variants (id, product_id, sku, price, stock_quantity, attributes) VALUES ('d2bd228b-6636-4ab1-9494-04bb16758798', '8330e011-9aae-4268-a6aa-bfbe24224abf', 'CAMERA-154-B1-D2BD', 4734, 105, '{"color": "Black", "size": "128GB"}');
INSERT INTO product_variants (id, product_id, sku, price, stock_quantity, attributes) VALUES ('c3dbe333-2dc6-4926-855a-428f3ca12903', '8330e011-9aae-4268-a6aa-bfbe24224abf', 'CAMERA-154-S1-C3DB', 4151, 179, '{"color": "Silver", "size": "128GB"}');
INSERT INTO product_variants (id, product_id, sku, price, stock_quantity, attributes) VALUES ('84e0ac1c-4477-4698-b897-ad1940e332a1', '8330e011-9aae-4268-a6aa-bfbe24224abf', 'CAMERA-154-BS-84E0', 3261, 52, '{"color": "Black", "size": "S"}');
INSERT INTO products (id, name, description, category_id) VALUES ('44303ab0-f151-4edd-a38a-4225e4aee3ed', 'Smart Camera 115', 'Description for Smart Camera 115. Optimized for search and performance test.', '0ae3cdea-dda4-4fcf-a22d-637a10cec819');
INSERT INTO product_variants (id, product_id, sku, price, stock_quantity, attributes) VALUES ('135eabd5-7601-4b52-b8f9-80f76d107b57', '44303ab0-f151-4edd-a38a-4225e4aee3ed', 'CAMERA-115-WL-135E', 4604, 146, '{"color": "White", "size": "L"}');
INSERT INTO product_variants (id, product_id, sku, price, stock_quantity, attributes) VALUES ('bf881c30-247c-4c9d-9163-78d30240757e', '44303ab0-f151-4edd-a38a-4225e4aee3ed', 'CAMERA-115-R1-BF88', 2393, 100, '{"color": "Red", "size": "16GB RAM"}');
INSERT INTO product_variants (id, product_id, sku, price, stock_quantity, attributes) VALUES ('b608f976-b33b-48e3-ba41-2cb56968a055', '44303ab0-f151-4edd-a38a-4225e4aee3ed', 'CAMERA-115-B8-B608', 3213, 77, '{"color": "Blue", "size": "8GB RAM"}');
INSERT INTO products (id, name, description, category_id) VALUES ('02ed8de7-17c2-48c7-9314-70064ef69882', 'Ultra Laptop 415', 'Description for Ultra Laptop 415. Optimized for search and performance test.', '0ae3cdea-dda4-4fcf-a22d-637a10cec819');
INSERT INTO product_variants (id, product_id, sku, price, stock_quantity, attributes) VALUES ('56bf89ee-9139-411e-976c-bc555e0cbcd1', '02ed8de7-17c2-48c7-9314-70064ef69882', 'LAPTOP-415-GX-56BF', 1836, 25, '{"color": "Green", "size": "XXL"}');
INSERT INTO product_variants (id, product_id, sku, price, stock_quantity, attributes) VALUES ('1b5fce66-e8a8-42f2-be1d-3b1c4c156a7a', '02ed8de7-17c2-48c7-9314-70064ef69882', 'LAPTOP-415-RL-1B5F', 4439, 28, '{"color": "Red", "size": "L"}');
INSERT INTO product_variants (id, product_id, sku, price, stock_quantity, attributes) VALUES ('349cf060-bdff-420d-9678-ab423c56149e', '02ed8de7-17c2-48c7-9314-70064ef69882', 'LAPTOP-415-S1-349C', 4690, 80, '{"color": "Silver", "size": "16GB RAM"}');
INSERT INTO products (id, name, description, category_id) VALUES ('bf8ae056-97d4-459b-a5ef-5a21f1752b42', 'Lite Phone 423', 'Description for Lite Phone 423. Optimized for search and performance test.', '0ae3cdea-dda4-4fcf-a22d-637a10cec819');
INSERT INTO product_variants (id, product_id, sku, price, stock_quantity, attributes) VALUES ('8d7a8bcb-6b5b-4474-bac1-23f3d41e7164', 'bf8ae056-97d4-459b-a5ef-5a21f1752b42', 'PHONE-423-B2-8D7A', 887, 11, '{"color": "Black", "size": "256GB"}');
INSERT INTO product_variants (id, product_id, sku, price, stock_quantity, attributes) VALUES ('9ad4abfa-61e1-49b6-9b5d-3808160f69b2', 'bf8ae056-97d4-459b-a5ef-5a21f1752b42', 'PHONE-423-G2-9AD4', 4116, 139, '{"color": "Green", "size": "256GB"}');
INSERT INTO product_variants (id, product_id, sku, price, stock_quantity, attributes) VALUES ('577bea2e-c724-4bb1-8c16-fa216a60551d', 'bf8ae056-97d4-459b-a5ef-5a21f1752b42', 'PHONE-423-BX-577B', 3521, 29, '{"color": "Blue", "size": "XL"}');
INSERT INTO products (id, name, description, category_id) VALUES ('5eb76a9c-93f0-47b2-938b-68f61211f6c7', 'Pro Laptop 972', 'Description for Pro Laptop 972. Optimized for search and performance test.', '0ae3cdea-dda4-4fcf-a22d-637a10cec819');
INSERT INTO product_variants (id, product_id, sku, price, stock_quantity, attributes) VALUES ('541f5d13-4e23-41c4-84e8-061c1b6e2b11', '5eb76a9c-93f0-47b2-938b-68f61211f6c7', 'LAPTOP-972-B6-541F', 4154, 181, '{"color": "Black", "size": "64GB"}');
INSERT INTO product_variants (id, product_id, sku, price, stock_quantity, attributes) VALUES ('db7b0cdc-91e4-4dee-b0fc-bc949c656e34', '5eb76a9c-93f0-47b2-938b-68f61211f6c7', 'LAPTOP-972-RX-DB7B', 310, 35, '{"color": "Red", "size": "XL"}');
INSERT INTO product_variants (id, product_id, sku, price, stock_quantity, attributes) VALUES ('428b2889-b112-4e22-8433-2a0605ba6ae8', '5eb76a9c-93f0-47b2-938b-68f61211f6c7', 'LAPTOP-972-GS-428B', 4071, 81, '{"color": "Gold", "size": "S"}');
INSERT INTO products (id, name, description, category_id) VALUES ('8dfe8329-85da-4393-8e80-40a8dfbeded5', 'Premium Camera 754', 'Description for Premium Camera 754. Optimized for search and performance test.', '0ae3cdea-dda4-4fcf-a22d-637a10cec819');
INSERT INTO product_variants (id, product_id, sku, price, stock_quantity, attributes) VALUES ('570ade0e-7323-4ba6-9804-dad5a38cd421', '8dfe8329-85da-4393-8e80-40a8dfbeded5', 'CAMERA-754-B6-570A', 1766, 95, '{"color": "Black", "size": "64GB"}');
INSERT INTO product_variants (id, product_id, sku, price, stock_quantity, attributes) VALUES ('36567c37-4e3e-48e3-996e-51dc0317894e', '8dfe8329-85da-4393-8e80-40a8dfbeded5', 'CAMERA-754-R1-3656', 4042, 77, '{"color": "Red", "size": "16GB RAM"}');
INSERT INTO product_variants (id, product_id, sku, price, stock_quantity, attributes) VALUES ('5921bad2-7c57-4b75-b00c-591946729c0f', '8dfe8329-85da-4393-8e80-40a8dfbeded5', 'CAMERA-754-S1-5921', 3456, 104, '{"color": "Silver", "size": "128GB"}');
INSERT INTO products (id, name, description, category_id) VALUES ('966ddd6e-62e8-41ea-8c3d-7c6c563b5b65', 'Elegant Monitor 899', 'Description for Elegant Monitor 899. Optimized for search and performance test.', '0ae3cdea-dda4-4fcf-a22d-637a10cec819');
INSERT INTO product_variants (id, product_id, sku, price, stock_quantity, attributes) VALUES ('2d5b43f3-9083-4e03-885c-5034cff43f1b', '966ddd6e-62e8-41ea-8c3d-7c6c563b5b65', 'MONITOR-899-SX-2D5B', 4789, 112, '{"color": "Silver", "size": "XL"}');
INSERT INTO product_variants (id, product_id, sku, price, stock_quantity, attributes) VALUES ('039f1c3f-4c92-419a-a607-a7cbf5fda6a6', '966ddd6e-62e8-41ea-8c3d-7c6c563b5b65', 'MONITOR-899-R1-039F', 4182, 29, '{"color": "Red", "size": "128GB"}');
INSERT INTO product_variants (id, product_id, sku, price, stock_quantity, attributes) VALUES ('6200b7e4-6944-4ee4-b06e-b06888cff76c', '966ddd6e-62e8-41ea-8c3d-7c6c563b5b65', 'MONITOR-899-GS-6200', 202, 60, '{"color": "Green", "size": "S"}');
INSERT INTO products (id, name, description, category_id) VALUES ('2254173d-25b4-4897-b978-0ce56d5290c2', 'Pro Camera 262', 'Description for Pro Camera 262. Optimized for search and performance test.', '0ae3cdea-dda4-4fcf-a22d-637a10cec819');
INSERT INTO product_variants (id, product_id, sku, price, stock_quantity, attributes) VALUES ('bd8a3e5b-5a2f-40d3-9edd-9c5d2d2f83f0', '2254173d-25b4-4897-b978-0ce56d5290c2', 'CAMERA-262-W1-BD8A', 657, 57, '{"color": "White", "size": "128GB"}');
INSERT INTO product_variants (id, product_id, sku, price, stock_quantity, attributes) VALUES ('4289752c-bae3-45aa-aac1-81c74b0ca2f5', '2254173d-25b4-4897-b978-0ce56d5290c2', 'CAMERA-262-B8-4289', 2582, 171, '{"color": "Blue", "size": "8GB RAM"}');
INSERT INTO product_variants (id, product_id, sku, price, stock_quantity, attributes) VALUES ('30b064df-c888-46a3-aa34-764f9278f6e1', '2254173d-25b4-4897-b978-0ce56d5290c2', 'CAMERA-262-G8-30B0', 2344, 173, '{"color": "Gold", "size": "8GB RAM"}');
INSERT INTO products (id, name, description, category_id) VALUES ('b233775a-84ba-452b-8167-db4065281e5a', 'Smart Speaker 962', 'Description for Smart Speaker 962. Optimized for search and performance test.', '0ae3cdea-dda4-4fcf-a22d-637a10cec819');
INSERT INTO product_variants (id, product_id, sku, price, stock_quantity, attributes) VALUES ('c23d18b9-ee74-4817-9177-788a0d030422', 'b233775a-84ba-452b-8167-db4065281e5a', 'SPEAKER-962-B2-C23D', 2169, 83, '{"color": "Blue", "size": "256GB"}');
INSERT INTO product_variants (id, product_id, sku, price, stock_quantity, attributes) VALUES ('510f609f-de67-434d-8e1e-982c0dba8bff', 'b233775a-84ba-452b-8167-db4065281e5a', 'SPEAKER-962-G1-510F', 2902, 186, '{"color": "Green", "size": "16GB RAM"}');
INSERT INTO product_variants (id, product_id, sku, price, stock_quantity, attributes) VALUES ('68441c71-c7fd-4b8a-900d-d03f8c6e442c', 'b233775a-84ba-452b-8167-db4065281e5a', 'SPEAKER-962-BX-6844', 3328, 102, '{"color": "Black", "size": "XXL"}');
INSERT INTO products (id, name, description, category_id) VALUES ('28b636b0-a1c4-4fa4-bb84-023d925081a1', 'Eco Laptop 129', 'Description for Eco Laptop 129. Optimized for search and performance test.', '5c02924e-38f1-4625-b994-55da1cdf3e73');
INSERT INTO product_variants (id, product_id, sku, price, stock_quantity, attributes) VALUES ('f5e0a36f-9b8a-4dc9-bf29-aa85bfb6bea4', '28b636b0-a1c4-4fa4-bb84-023d925081a1', 'LAPTOP-129-GS-F5E0', 975, 65, '{"color": "Green", "size": "S"}');
INSERT INTO product_variants (id, product_id, sku, price, stock_quantity, attributes) VALUES ('878db0c8-c74b-4acf-9fee-bce3e72e0611', '28b636b0-a1c4-4fa4-bb84-023d925081a1', 'LAPTOP-129-B8-878D', 2098, 35, '{"color": "Black", "size": "8GB RAM"}');
INSERT INTO product_variants (id, product_id, sku, price, stock_quantity, attributes) VALUES ('9fbdd893-e18f-478d-83ca-9d91964443eb', '28b636b0-a1c4-4fa4-bb84-023d925081a1', 'LAPTOP-129-GX-9FBD', 2593, 175, '{"color": "Green", "size": "XL"}');
INSERT INTO products (id, name, description, category_id) VALUES ('aa5dcdcd-2aae-4037-bb8a-010f8cacedc7', 'Pro Dress 431', 'Description for Pro Dress 431. Optimized for search and performance test.', '5c02924e-38f1-4625-b994-55da1cdf3e73');
INSERT INTO product_variants (id, product_id, sku, price, stock_quantity, attributes) VALUES ('70a3f1c3-7e81-4fd6-9602-bff273e95cd5', 'aa5dcdcd-2aae-4037-bb8a-010f8cacedc7', 'DRESS-431-SX-70A3', 382, 131, '{"color": "Silver", "size": "XXL"}');
INSERT INTO product_variants (id, product_id, sku, price, stock_quantity, attributes) VALUES ('a26aea1a-ca99-4c26-b653-9dd6a15e5e67', 'aa5dcdcd-2aae-4037-bb8a-010f8cacedc7', 'DRESS-431-SM-A26A', 2757, 87, '{"color": "Silver", "size": "M"}');
INSERT INTO product_variants (id, product_id, sku, price, stock_quantity, attributes) VALUES ('0d507f24-a5c5-4124-8416-3e88fc3b410e', 'aa5dcdcd-2aae-4037-bb8a-010f8cacedc7', 'DRESS-431-B2-0D50', 2597, 92, '{"color": "Black", "size": "256GB"}');
INSERT INTO products (id, name, description, category_id) VALUES ('76164af5-5d9e-465e-9479-43d08c0affbe', 'Lite Phone 867', 'Description for Lite Phone 867. Optimized for search and performance test.', '5c02924e-38f1-4625-b994-55da1cdf3e73');
INSERT INTO product_variants (id, product_id, sku, price, stock_quantity, attributes) VALUES ('b6bde82f-b994-4453-8252-60860309f25b', '76164af5-5d9e-465e-9479-43d08c0affbe', 'PHONE-867-GX-B6BD', 471, 18, '{"color": "Gold", "size": "XXL"}');
INSERT INTO product_variants (id, product_id, sku, price, stock_quantity, attributes) VALUES ('276dd2fe-f7d8-4b0a-90cd-a4ea97e2ad84', '76164af5-5d9e-465e-9479-43d08c0affbe', 'PHONE-867-G2-276D', 2612, 44, '{"color": "Gold", "size": "256GB"}');
INSERT INTO product_variants (id, product_id, sku, price, stock_quantity, attributes) VALUES ('c69517c7-09a7-460a-b32e-9eedc5618227', '76164af5-5d9e-465e-9479-43d08c0affbe', 'PHONE-867-S8-C695', 3819, 62, '{"color": "Silver", "size": "8GB RAM"}');
INSERT INTO products (id, name, description, category_id) VALUES ('d221e79f-59f8-4407-a31f-7dab2cdd03d0', 'Original Table 495', 'Description for Original Table 495. Optimized for search and performance test.', '5c02924e-38f1-4625-b994-55da1cdf3e73');
INSERT INTO product_variants (id, product_id, sku, price, stock_quantity, attributes) VALUES ('38ff3525-c53b-4700-a433-9d7e03c5ce67', 'd221e79f-59f8-4407-a31f-7dab2cdd03d0', 'TABLE-495-GX-38FF', 2461, 110, '{"color": "Gold", "size": "XL"}');
INSERT INTO product_variants (id, product_id, sku, price, stock_quantity, attributes) VALUES ('5ba809c4-ab40-4b8e-8dc9-d1c48b723089', 'd221e79f-59f8-4407-a31f-7dab2cdd03d0', 'TABLE-495-B2-5BA8', 1829, 50, '{"color": "Black", "size": "256GB"}');
INSERT INTO product_variants (id, product_id, sku, price, stock_quantity, attributes) VALUES ('33688332-2630-460b-87d8-dbd32d55b530', 'd221e79f-59f8-4407-a31f-7dab2cdd03d0', 'TABLE-495-G1-3368', 856, 13, '{"color": "Green", "size": "128GB"}');
INSERT INTO products (id, name, description, category_id) VALUES ('d76ba6d2-890d-4422-9533-9dd122fdf743', 'Smart Headphones 600', 'Description for Smart Headphones 600. Optimized for search and performance test.', '5c02924e-38f1-4625-b994-55da1cdf3e73');
INSERT INTO product_variants (id, product_id, sku, price, stock_quantity, attributes) VALUES ('390a84cc-cf67-4d42-b06d-6b301fd3a90b', 'd76ba6d2-890d-4422-9533-9dd122fdf743', 'HEADPHONES-600-WL-390A', 1524, 16, '{"color": "White", "size": "L"}');
INSERT INTO product_variants (id, product_id, sku, price, stock_quantity, attributes) VALUES ('94a8b5bb-f1bf-4b6d-a766-bc2e9d1c5cd6', 'd76ba6d2-890d-4422-9533-9dd122fdf743', 'HEADPHONES-600-S6-94A8', 3300, 123, '{"color": "Silver", "size": "64GB"}');
INSERT INTO product_variants (id, product_id, sku, price, stock_quantity, attributes) VALUES ('645159b8-58aa-4105-a083-6518db80154c', 'd76ba6d2-890d-4422-9533-9dd122fdf743', 'HEADPHONES-600-BX-6451', 4373, 57, '{"color": "Blue", "size": "XL"}');
INSERT INTO products (id, name, description, category_id) VALUES ('68849009-e5a7-41f8-bcfc-86788137c1e3', 'Eco Camera 122', 'Description for Eco Camera 122. Optimized for search and performance test.', '5c02924e-38f1-4625-b994-55da1cdf3e73');
INSERT INTO product_variants (id, product_id, sku, price, stock_quantity, attributes) VALUES ('1ca2c877-2149-4924-96bc-54aec446f9ed', '68849009-e5a7-41f8-bcfc-86788137c1e3', 'CAMERA-122-SX-1CA2', 2194, 173, '{"color": "Silver", "size": "XXL"}');
INSERT INTO product_variants (id, product_id, sku, price, stock_quantity, attributes) VALUES ('d5252506-7617-4d0d-8856-8dab5d14dae8', '68849009-e5a7-41f8-bcfc-86788137c1e3', 'CAMERA-122-BM-D525', 4577, 14, '{"color": "Blue", "size": "M"}');
INSERT INTO product_variants (id, product_id, sku, price, stock_quantity, attributes) VALUES ('3659760a-596d-46c4-8080-eba1d4d53655', '68849009-e5a7-41f8-bcfc-86788137c1e3', 'CAMERA-122-BX-3659', 2820, 179, '{"color": "Black", "size": "XXL"}');
INSERT INTO products (id, name, description, category_id) VALUES ('21858a2c-f246-42c5-90db-f2d4b70d7a9b', 'Eco Monitor 606', 'Description for Eco Monitor 606. Optimized for search and performance test.', '5c02924e-38f1-4625-b994-55da1cdf3e73');
INSERT INTO product_variants (id, product_id, sku, price, stock_quantity, attributes) VALUES ('b03c2329-85b5-4a8b-9712-8734579936cf', '21858a2c-f246-42c5-90db-f2d4b70d7a9b', 'MONITOR-606-SX-B03C', 274, 164, '{"color": "Silver", "size": "XL"}');
INSERT INTO product_variants (id, product_id, sku, price, stock_quantity, attributes) VALUES ('2e9e56f2-9538-4bba-bbcf-e913c7856e75', '21858a2c-f246-42c5-90db-f2d4b70d7a9b', 'MONITOR-606-G6-2E9E', 2422, 180, '{"color": "Gold", "size": "64GB"}');
INSERT INTO product_variants (id, product_id, sku, price, stock_quantity, attributes) VALUES ('bd2dfa21-6ad9-4f33-8087-47a7b976679b', '21858a2c-f246-42c5-90db-f2d4b70d7a9b', 'MONITOR-606-G6-BD2D', 1520, 92, '{"color": "Gold", "size": "64GB"}');
INSERT INTO products (id, name, description, category_id) VALUES ('432f8119-212c-462d-af1d-6384e6cf9978', 'Ultra Shirt 111', 'Description for Ultra Shirt 111. Optimized for search and performance test.', '5c02924e-38f1-4625-b994-55da1cdf3e73');
INSERT INTO product_variants (id, product_id, sku, price, stock_quantity, attributes) VALUES ('7f27e218-2059-427e-ba30-209b441005ab', '432f8119-212c-462d-af1d-6384e6cf9978', 'SHIRT-111-G8-7F27', 4207, 154, '{"color": "Gold", "size": "8GB RAM"}');
INSERT INTO product_variants (id, product_id, sku, price, stock_quantity, attributes) VALUES ('dbf1c1e6-7be3-4649-bb44-d35e5bf31fbe', '432f8119-212c-462d-af1d-6384e6cf9978', 'SHIRT-111-RM-DBF1', 2202, 104, '{"color": "Red", "size": "M"}');
INSERT INTO product_variants (id, product_id, sku, price, stock_quantity, attributes) VALUES ('987b69c7-9856-4104-9cea-70829dfafe7a', '432f8119-212c-462d-af1d-6384e6cf9978', 'SHIRT-111-G1-987B', 1751, 21, '{"color": "Gold", "size": "16GB RAM"}');
INSERT INTO products (id, name, description, category_id) VALUES ('ad733636-586f-4fe4-9725-f060c63b9b61', 'Ultra Camera 203', 'Description for Ultra Camera 203. Optimized for search and performance test.', '5c02924e-38f1-4625-b994-55da1cdf3e73');
INSERT INTO product_variants (id, product_id, sku, price, stock_quantity, attributes) VALUES ('58c52f1f-dd20-48e7-a5b4-9b541a27d183', 'ad733636-586f-4fe4-9725-f060c63b9b61', 'CAMERA-203-RX-58C5', 3435, 81, '{"color": "Red", "size": "XXL"}');
INSERT INTO product_variants (id, product_id, sku, price, stock_quantity, attributes) VALUES ('0d47337a-31a6-42d4-b7ad-df0bc68be19a', 'ad733636-586f-4fe4-9725-f060c63b9b61', 'CAMERA-203-GX-0D47', 2976, 173, '{"color": "Gold", "size": "XL"}');
INSERT INTO product_variants (id, product_id, sku, price, stock_quantity, attributes) VALUES ('741e2711-e835-4f76-ad95-2809b0d95ccc', 'ad733636-586f-4fe4-9725-f060c63b9b61', 'CAMERA-203-B6-741E', 1749, 195, '{"color": "Black", "size": "64GB"}');
INSERT INTO products (id, name, description, category_id) VALUES ('6bc84a52-b7c7-45e3-8b72-b0093658846e', 'Pro Dress 570', 'Description for Pro Dress 570. Optimized for search and performance test.', '5c02924e-38f1-4625-b994-55da1cdf3e73');
INSERT INTO product_variants (id, product_id, sku, price, stock_quantity, attributes) VALUES ('8bd3a5a9-4f84-4533-8bbe-572bf2443529', '6bc84a52-b7c7-45e3-8b72-b0093658846e', 'DRESS-570-B1-8BD3', 2228, 25, '{"color": "Black", "size": "128GB"}');
INSERT INTO product_variants (id, product_id, sku, price, stock_quantity, attributes) VALUES ('3906f3cb-f356-492b-84e0-e80efe13d32a', '6bc84a52-b7c7-45e3-8b72-b0093658846e', 'DRESS-570-SL-3906', 4229, 22, '{"color": "Silver", "size": "L"}');
INSERT INTO product_variants (id, product_id, sku, price, stock_quantity, attributes) VALUES ('edd6befd-ba5b-4cad-af9e-57705b5ab9ac', '6bc84a52-b7c7-45e3-8b72-b0093658846e', 'DRESS-570-GS-EDD6', 2592, 122, '{"color": "Gold", "size": "S"}');
INSERT INTO products (id, name, description, category_id) VALUES ('f1659a83-4121-4470-a3b3-b5b2d13b6083', 'Ultra Phone 615', 'Description for Ultra Phone 615. Optimized for search and performance test.', '5c02924e-38f1-4625-b994-55da1cdf3e73');
INSERT INTO product_variants (id, product_id, sku, price, stock_quantity, attributes) VALUES ('ad469d25-35d6-4763-bae3-d65a2a0c7f25', 'f1659a83-4121-4470-a3b3-b5b2d13b6083', 'PHONE-615-RX-AD46', 4635, 105, '{"color": "Red", "size": "XXL"}');
INSERT INTO product_variants (id, product_id, sku, price, stock_quantity, attributes) VALUES ('0ef51011-dba4-4fcb-94f6-acc2f925cefd', 'f1659a83-4121-4470-a3b3-b5b2d13b6083', 'PHONE-615-BL-0EF5', 4842, 32, '{"color": "Blue", "size": "L"}');
INSERT INTO product_variants (id, product_id, sku, price, stock_quantity, attributes) VALUES ('838be824-c541-48dd-8591-9d08b4f33cd1', 'f1659a83-4121-4470-a3b3-b5b2d13b6083', 'PHONE-615-BL-838B', 527, 36, '{"color": "Black", "size": "L"}');
INSERT INTO products (id, name, description, category_id) VALUES ('29aa03d9-5193-4f93-804c-6de3c0e56263', 'Pro Laptop 237', 'Description for Pro Laptop 237. Optimized for search and performance test.', '5c02924e-38f1-4625-b994-55da1cdf3e73');
INSERT INTO product_variants (id, product_id, sku, price, stock_quantity, attributes) VALUES ('f5963cb1-9bda-4975-a237-d3045767720d', '29aa03d9-5193-4f93-804c-6de3c0e56263', 'LAPTOP-237-G1-F596', 4875, 194, '{"color": "Gold", "size": "16GB RAM"}');
INSERT INTO product_variants (id, product_id, sku, price, stock_quantity, attributes) VALUES ('24d700a8-27ae-43a7-8587-ae975ced521e', '29aa03d9-5193-4f93-804c-6de3c0e56263', 'LAPTOP-237-W1-24D7', 4782, 46, '{"color": "White", "size": "16GB RAM"}');
INSERT INTO product_variants (id, product_id, sku, price, stock_quantity, attributes) VALUES ('85873f4b-e6c2-4a12-abe5-85a7f9ede238', '29aa03d9-5193-4f93-804c-6de3c0e56263', 'LAPTOP-237-BX-8587', 4714, 89, '{"color": "Black", "size": "XXL"}');
INSERT INTO products (id, name, description, category_id) VALUES ('a87a44b2-93bb-4712-b6f5-12f27819626b', 'Ultra Monitor 797', 'Description for Ultra Monitor 797. Optimized for search and performance test.', '5c02924e-38f1-4625-b994-55da1cdf3e73');
INSERT INTO product_variants (id, product_id, sku, price, stock_quantity, attributes) VALUES ('424bc752-c7fd-4c7f-963e-721826209518', 'a87a44b2-93bb-4712-b6f5-12f27819626b', 'MONITOR-797-S1-424B', 3506, 29, '{"color": "Silver", "size": "16GB RAM"}');
INSERT INTO product_variants (id, product_id, sku, price, stock_quantity, attributes) VALUES ('9656a7b4-180f-41be-8aab-7684aa8dc086', 'a87a44b2-93bb-4712-b6f5-12f27819626b', 'MONITOR-797-S2-9656', 2434, 92, '{"color": "Silver", "size": "256GB"}');
INSERT INTO product_variants (id, product_id, sku, price, stock_quantity, attributes) VALUES ('ca7dec18-4828-4d76-a932-a57544066df2', 'a87a44b2-93bb-4712-b6f5-12f27819626b', 'MONITOR-797-G2-CA7D', 3874, 115, '{"color": "Gold", "size": "256GB"}');
INSERT INTO products (id, name, description, category_id) VALUES ('b4834d97-7a21-424a-a1d0-21bf230baaa0', 'Premium Bed 503', 'Description for Premium Bed 503. Optimized for search and performance test.', '5c02924e-38f1-4625-b994-55da1cdf3e73');
INSERT INTO product_variants (id, product_id, sku, price, stock_quantity, attributes) VALUES ('6b0d30e4-a171-4f04-9ac5-2eaffac1f068', 'b4834d97-7a21-424a-a1d0-21bf230baaa0', 'BED-503-S6-6B0D', 2895, 98, '{"color": "Silver", "size": "64GB"}');
INSERT INTO product_variants (id, product_id, sku, price, stock_quantity, attributes) VALUES ('3bfb6320-f0f5-4096-91ba-7e252c51c0d6', 'b4834d97-7a21-424a-a1d0-21bf230baaa0', 'BED-503-RL-3BFB', 2762, 105, '{"color": "Red", "size": "L"}');
INSERT INTO product_variants (id, product_id, sku, price, stock_quantity, attributes) VALUES ('7fcad141-4783-4e37-80bb-7b4b62d4405d', 'b4834d97-7a21-424a-a1d0-21bf230baaa0', 'BED-503-G8-7FCA', 621, 111, '{"color": "Green", "size": "8GB RAM"}');
INSERT INTO products (id, name, description, category_id) VALUES ('571665de-766e-4e9f-9696-71c8258ec49d', 'Original Camera 342', 'Description for Original Camera 342. Optimized for search and performance test.', '5c02924e-38f1-4625-b994-55da1cdf3e73');
INSERT INTO product_variants (id, product_id, sku, price, stock_quantity, attributes) VALUES ('28db04fe-fda1-45cb-83ee-74ccd51e5774', '571665de-766e-4e9f-9696-71c8258ec49d', 'CAMERA-342-GM-28DB', 1679, 90, '{"color": "Gold", "size": "M"}');
INSERT INTO product_variants (id, product_id, sku, price, stock_quantity, attributes) VALUES ('094683b8-a34f-4683-beb9-6b58c0f582d3', '571665de-766e-4e9f-9696-71c8258ec49d', 'CAMERA-342-G2-0946', 2317, 180, '{"color": "Gold", "size": "256GB"}');
INSERT INTO product_variants (id, product_id, sku, price, stock_quantity, attributes) VALUES ('0fd3f15b-f1e5-429b-ba3e-23b06a8b7aee', '571665de-766e-4e9f-9696-71c8258ec49d', 'CAMERA-342-SX-0FD3', 4346, 61, '{"color": "Silver", "size": "XL"}');
INSERT INTO products (id, name, description, category_id) VALUES ('2fa7a8d1-7576-469f-8fda-b724941e0fee', 'Eco Dress 293', 'Description for Eco Dress 293. Optimized for search and performance test.', '5c02924e-38f1-4625-b994-55da1cdf3e73');
INSERT INTO product_variants (id, product_id, sku, price, stock_quantity, attributes) VALUES ('cf19bc57-166b-4bf4-8de8-2663fc3afd7b', '2fa7a8d1-7576-469f-8fda-b724941e0fee', 'DRESS-293-RS-CF19', 2560, 165, '{"color": "Red", "size": "S"}');
INSERT INTO product_variants (id, product_id, sku, price, stock_quantity, attributes) VALUES ('b212da4c-267c-4669-bebb-b7f8eb88ac2b', '2fa7a8d1-7576-469f-8fda-b724941e0fee', 'DRESS-293-WL-B212', 1017, 105, '{"color": "White", "size": "L"}');
INSERT INTO product_variants (id, product_id, sku, price, stock_quantity, attributes) VALUES ('ce78f34a-ee88-4887-b588-c988a9a6cef3', '2fa7a8d1-7576-469f-8fda-b724941e0fee', 'DRESS-293-SM-CE78', 3268, 63, '{"color": "Silver", "size": "M"}');
INSERT INTO products (id, name, description, category_id) VALUES ('66537ba3-d450-4451-a525-4b00ae1ac86b', 'Pro Monitor 420', 'Description for Pro Monitor 420. Optimized for search and performance test.', '5c02924e-38f1-4625-b994-55da1cdf3e73');
INSERT INTO product_variants (id, product_id, sku, price, stock_quantity, attributes) VALUES ('40fa8509-3815-43e5-aadf-a3ff0ddc2747', '66537ba3-d450-4451-a525-4b00ae1ac86b', 'MONITOR-420-G2-40FA', 2348, 18, '{"color": "Gold", "size": "256GB"}');
INSERT INTO product_variants (id, product_id, sku, price, stock_quantity, attributes) VALUES ('ec762452-7428-47a3-aec0-9c322d32db32', '66537ba3-d450-4451-a525-4b00ae1ac86b', 'MONITOR-420-WS-EC76', 4793, 65, '{"color": "White", "size": "S"}');
INSERT INTO product_variants (id, product_id, sku, price, stock_quantity, attributes) VALUES ('58db026c-f48d-4f2b-b0c7-582a32476db8', '66537ba3-d450-4451-a525-4b00ae1ac86b', 'MONITOR-420-WM-58DB', 3043, 170, '{"color": "White", "size": "M"}');
INSERT INTO products (id, name, description, category_id) VALUES ('3fbdd478-c2c0-4181-9e9f-6dce1657c190', 'Pro Monitor 299', 'Description for Pro Monitor 299. Optimized for search and performance test.', '5c02924e-38f1-4625-b994-55da1cdf3e73');
INSERT INTO product_variants (id, product_id, sku, price, stock_quantity, attributes) VALUES ('b1d315fb-43ac-4768-8695-139ec0fe7c8b', '3fbdd478-c2c0-4181-9e9f-6dce1657c190', 'MONITOR-299-W2-B1D3', 621, 50, '{"color": "White", "size": "256GB"}');
INSERT INTO product_variants (id, product_id, sku, price, stock_quantity, attributes) VALUES ('d21ba00a-547e-459d-94d2-0493e284e4ab', '3fbdd478-c2c0-4181-9e9f-6dce1657c190', 'MONITOR-299-BL-D21B', 1746, 111, '{"color": "Blue", "size": "L"}');
INSERT INTO product_variants (id, product_id, sku, price, stock_quantity, attributes) VALUES ('8d048b9d-14bb-4370-ac04-a3ef65a3a3f1', '3fbdd478-c2c0-4181-9e9f-6dce1657c190', 'MONITOR-299-GM-8D04', 2188, 81, '{"color": "Gold", "size": "M"}');
INSERT INTO products (id, name, description, category_id) VALUES ('4e80b668-2125-4b67-bd93-5fd0f222db69', 'Original Camera 613', 'Description for Original Camera 613. Optimized for search and performance test.', '5c02924e-38f1-4625-b994-55da1cdf3e73');
INSERT INTO product_variants (id, product_id, sku, price, stock_quantity, attributes) VALUES ('fc57eb7b-e409-4ee9-adaf-fd01f75a1a8c', '4e80b668-2125-4b67-bd93-5fd0f222db69', 'CAMERA-613-S1-FC57', 1160, 172, '{"color": "Silver", "size": "128GB"}');
INSERT INTO product_variants (id, product_id, sku, price, stock_quantity, attributes) VALUES ('de7f4fbf-4327-462c-914f-f1e63d4f9380', '4e80b668-2125-4b67-bd93-5fd0f222db69', 'CAMERA-613-S8-DE7F', 3850, 184, '{"color": "Silver", "size": "8GB RAM"}');
INSERT INTO product_variants (id, product_id, sku, price, stock_quantity, attributes) VALUES ('1b8f55e2-a890-4928-95d2-0fb902503373', '4e80b668-2125-4b67-bd93-5fd0f222db69', 'CAMERA-613-R2-1B8F', 4559, 64, '{"color": "Red", "size": "256GB"}');
INSERT INTO products (id, name, description, category_id) VALUES ('4e820cd0-0d20-4109-873d-8d0153f141b2', 'Lite Backpack 933', 'Description for Lite Backpack 933. Optimized for search and performance test.', '5c02924e-38f1-4625-b994-55da1cdf3e73');
INSERT INTO product_variants (id, product_id, sku, price, stock_quantity, attributes) VALUES ('72e43d71-0994-4a1f-be4b-11c6c2188b51', '4e820cd0-0d20-4109-873d-8d0153f141b2', 'BACKPACK-933-BL-72E4', 2992, 160, '{"color": "Black", "size": "L"}');
INSERT INTO product_variants (id, product_id, sku, price, stock_quantity, attributes) VALUES ('4b2dee05-25d4-40d7-b2da-1f6aa62c44cb', '4e820cd0-0d20-4109-873d-8d0153f141b2', 'BACKPACK-933-GS-4B2D', 2563, 52, '{"color": "Gold", "size": "S"}');
INSERT INTO product_variants (id, product_id, sku, price, stock_quantity, attributes) VALUES ('8b468f13-58e5-481a-972b-9f77ece54d66', '4e820cd0-0d20-4109-873d-8d0153f141b2', 'BACKPACK-933-BX-8B46', 4225, 195, '{"color": "Blue", "size": "XXL"}');
INSERT INTO products (id, name, description, category_id) VALUES ('8a9c8659-b265-4ebf-8465-71da7a47721b', 'Ultra Backpack 783', 'Description for Ultra Backpack 783. Optimized for search and performance test.', '5c02924e-38f1-4625-b994-55da1cdf3e73');
INSERT INTO product_variants (id, product_id, sku, price, stock_quantity, attributes) VALUES ('eac7e45d-5d66-40b0-851f-e650ef53958a', '8a9c8659-b265-4ebf-8465-71da7a47721b', 'BACKPACK-783-GX-EAC7', 1974, 68, '{"color": "Gold", "size": "XL"}');
INSERT INTO product_variants (id, product_id, sku, price, stock_quantity, attributes) VALUES ('65966262-79be-43cd-963a-0bd30bd22570', '8a9c8659-b265-4ebf-8465-71da7a47721b', 'BACKPACK-783-SX-6596', 4968, 134, '{"color": "Silver", "size": "XL"}');
INSERT INTO product_variants (id, product_id, sku, price, stock_quantity, attributes) VALUES ('8ba5fb35-3313-4730-93b6-bd3a86e42ea3', '8a9c8659-b265-4ebf-8465-71da7a47721b', 'BACKPACK-783-BS-8BA5', 3272, 26, '{"color": "Black", "size": "S"}');
INSERT INTO products (id, name, description, category_id) VALUES ('998b00a0-d696-4fa3-93cf-44153d6ac617', 'Pro Dress 542', 'Description for Pro Dress 542. Optimized for search and performance test.', '5c02924e-38f1-4625-b994-55da1cdf3e73');
INSERT INTO product_variants (id, product_id, sku, price, stock_quantity, attributes) VALUES ('efd146e8-31c7-418d-b870-9470c3662d91', '998b00a0-d696-4fa3-93cf-44153d6ac617', 'DRESS-542-RM-EFD1', 4149, 69, '{"color": "Red", "size": "M"}');
INSERT INTO product_variants (id, product_id, sku, price, stock_quantity, attributes) VALUES ('7df64f46-d359-400f-b677-2cd86f5b1fc2', '998b00a0-d696-4fa3-93cf-44153d6ac617', 'DRESS-542-WM-7DF6', 228, 73, '{"color": "White", "size": "M"}');
INSERT INTO product_variants (id, product_id, sku, price, stock_quantity, attributes) VALUES ('e51dadad-3a7c-4e04-b074-14cbf1c99439', '998b00a0-d696-4fa3-93cf-44153d6ac617', 'DRESS-542-G1-E51D', 1239, 170, '{"color": "Gold", "size": "16GB RAM"}');
INSERT INTO products (id, name, description, category_id) VALUES ('d1bea057-e08e-459c-8ee3-d9014ee2002d', 'Original Backpack 824', 'Description for Original Backpack 824. Optimized for search and performance test.', '5c02924e-38f1-4625-b994-55da1cdf3e73');
INSERT INTO product_variants (id, product_id, sku, price, stock_quantity, attributes) VALUES ('1a203397-4f2b-41f8-aadb-e01dcdb6fc8d', 'd1bea057-e08e-459c-8ee3-d9014ee2002d', 'BACKPACK-824-RX-1A20', 1003, 111, '{"color": "Red", "size": "XXL"}');
INSERT INTO product_variants (id, product_id, sku, price, stock_quantity, attributes) VALUES ('d32d925e-db70-4e8f-8769-6593c0c91659', 'd1bea057-e08e-459c-8ee3-d9014ee2002d', 'BACKPACK-824-W1-D32D', 3090, 156, '{"color": "White", "size": "128GB"}');
INSERT INTO product_variants (id, product_id, sku, price, stock_quantity, attributes) VALUES ('c77f020f-6c63-4474-8356-d6a6282c288a', 'd1bea057-e08e-459c-8ee3-d9014ee2002d', 'BACKPACK-824-SS-C77F', 3277, 173, '{"color": "Silver", "size": "S"}');
INSERT INTO products (id, name, description, category_id) VALUES ('2231bfee-ba97-4434-8a84-404f21f6bbbf', 'Original Speaker 574', 'Description for Original Speaker 574. Optimized for search and performance test.', '5c02924e-38f1-4625-b994-55da1cdf3e73');
INSERT INTO product_variants (id, product_id, sku, price, stock_quantity, attributes) VALUES ('6d8a5857-0b07-4a5f-9b72-52ed6cd70579', '2231bfee-ba97-4434-8a84-404f21f6bbbf', 'SPEAKER-574-SM-6D8A', 3579, 102, '{"color": "Silver", "size": "M"}');
INSERT INTO product_variants (id, product_id, sku, price, stock_quantity, attributes) VALUES ('14d4b53c-90dc-4cf4-91cd-1e455d6074be', '2231bfee-ba97-4434-8a84-404f21f6bbbf', 'SPEAKER-574-R2-14D4', 622, 17, '{"color": "Red", "size": "256GB"}');
INSERT INTO product_variants (id, product_id, sku, price, stock_quantity, attributes) VALUES ('a376a9a9-d1e2-4731-bf06-8dfa03fd30ea', '2231bfee-ba97-4434-8a84-404f21f6bbbf', 'SPEAKER-574-B1-A376', 4918, 136, '{"color": "Blue", "size": "128GB"}');
INSERT INTO products (id, name, description, category_id) VALUES ('889fc3af-d053-4358-8e51-18fa2e8be956', 'Ultra Dress 873', 'Description for Ultra Dress 873. Optimized for search and performance test.', '5c02924e-38f1-4625-b994-55da1cdf3e73');
INSERT INTO product_variants (id, product_id, sku, price, stock_quantity, attributes) VALUES ('e4c44cf2-fdde-43ab-9b51-a8300b255b70', '889fc3af-d053-4358-8e51-18fa2e8be956', 'DRESS-873-BM-E4C4', 1392, 87, '{"color": "Black", "size": "M"}');
INSERT INTO product_variants (id, product_id, sku, price, stock_quantity, attributes) VALUES ('19ef8699-adf5-41e7-8e2c-3edd4ac8333d', '889fc3af-d053-4358-8e51-18fa2e8be956', 'DRESS-873-G6-19EF', 4028, 120, '{"color": "Gold", "size": "64GB"}');
INSERT INTO product_variants (id, product_id, sku, price, stock_quantity, attributes) VALUES ('6afc7d44-2485-45c2-ae2d-4f4de6d94bed', '889fc3af-d053-4358-8e51-18fa2e8be956', 'DRESS-873-B6-6AFC', 641, 114, '{"color": "Black", "size": "64GB"}');
INSERT INTO products (id, name, description, category_id) VALUES ('fd508e29-020c-4d6c-9cac-faf599914c47', 'Premium Shirt 978', 'Description for Premium Shirt 978. Optimized for search and performance test.', '5c02924e-38f1-4625-b994-55da1cdf3e73');
INSERT INTO product_variants (id, product_id, sku, price, stock_quantity, attributes) VALUES ('9d37169e-f83f-47b4-b8f2-df9c06b6dc6e', 'fd508e29-020c-4d6c-9cac-faf599914c47', 'SHIRT-978-R1-9D37', 1650, 157, '{"color": "Red", "size": "16GB RAM"}');
INSERT INTO product_variants (id, product_id, sku, price, stock_quantity, attributes) VALUES ('9fdd9bc9-2c18-4569-afb1-2a88ded74d92', 'fd508e29-020c-4d6c-9cac-faf599914c47', 'SHIRT-978-BX-9FDD', 4580, 149, '{"color": "Blue", "size": "XXL"}');
INSERT INTO product_variants (id, product_id, sku, price, stock_quantity, attributes) VALUES ('4b989e07-037d-4368-9130-0cb5b0ec4a8a', 'fd508e29-020c-4d6c-9cac-faf599914c47', 'SHIRT-978-R1-4B98', 3306, 73, '{"color": "Red", "size": "16GB RAM"}');
INSERT INTO products (id, name, description, category_id) VALUES ('0cb68d2b-02f8-40b6-ab16-57da23c83037', 'Ultra Phone 218', 'Description for Ultra Phone 218. Optimized for search and performance test.', '5c02924e-38f1-4625-b994-55da1cdf3e73');
INSERT INTO product_variants (id, product_id, sku, price, stock_quantity, attributes) VALUES ('8e74afd3-c6d6-4999-a174-91f6af9b3786', '0cb68d2b-02f8-40b6-ab16-57da23c83037', 'PHONE-218-R2-8E74', 642, 191, '{"color": "Red", "size": "256GB"}');
INSERT INTO product_variants (id, product_id, sku, price, stock_quantity, attributes) VALUES ('2d38ff8c-6e98-4fc0-8a93-14544a4c26aa', '0cb68d2b-02f8-40b6-ab16-57da23c83037', 'PHONE-218-B6-2D38', 3560, 193, '{"color": "Blue", "size": "64GB"}');
INSERT INTO product_variants (id, product_id, sku, price, stock_quantity, attributes) VALUES ('4f4710a9-a752-438c-b7a9-0a40434915a8', '0cb68d2b-02f8-40b6-ab16-57da23c83037', 'PHONE-218-BM-4F47', 1348, 67, '{"color": "Black", "size": "M"}');
INSERT INTO products (id, name, description, category_id) VALUES ('db7c27c2-78e4-4acf-8d94-8ae412382fe9', 'Original Camera 198', 'Description for Original Camera 198. Optimized for search and performance test.', '5c02924e-38f1-4625-b994-55da1cdf3e73');
INSERT INTO product_variants (id, product_id, sku, price, stock_quantity, attributes) VALUES ('5a54c029-6e5a-46fe-be98-77f07921546d', 'db7c27c2-78e4-4acf-8d94-8ae412382fe9', 'CAMERA-198-RS-5A54', 1410, 140, '{"color": "Red", "size": "S"}');
INSERT INTO product_variants (id, product_id, sku, price, stock_quantity, attributes) VALUES ('b09b494e-01b1-4c6f-9447-0df8bbf6fcb3', 'db7c27c2-78e4-4acf-8d94-8ae412382fe9', 'CAMERA-198-WS-B09B', 2921, 102, '{"color": "White", "size": "S"}');
INSERT INTO product_variants (id, product_id, sku, price, stock_quantity, attributes) VALUES ('5df9ed9d-2ccf-40a3-9b42-7b9aa7ec7cbf', 'db7c27c2-78e4-4acf-8d94-8ae412382fe9', 'CAMERA-198-BM-5DF9', 3056, 88, '{"color": "Black", "size": "M"}');
INSERT INTO products (id, name, description, category_id) VALUES ('6b6c4b67-e009-4e31-b884-867310cec68a', 'Eco Bed 634', 'Description for Eco Bed 634. Optimized for search and performance test.', '5c02924e-38f1-4625-b994-55da1cdf3e73');
INSERT INTO product_variants (id, product_id, sku, price, stock_quantity, attributes) VALUES ('7c6a114b-0d6a-4d9f-a112-9ee5f3706020', '6b6c4b67-e009-4e31-b884-867310cec68a', 'BED-634-BL-7C6A', 2710, 127, '{"color": "Black", "size": "L"}');
INSERT INTO product_variants (id, product_id, sku, price, stock_quantity, attributes) VALUES ('2ff7aeba-8780-4fdd-bbe6-9b86cbeaa2c6', '6b6c4b67-e009-4e31-b884-867310cec68a', 'BED-634-S2-2FF7', 1125, 73, '{"color": "Silver", "size": "256GB"}');
INSERT INTO product_variants (id, product_id, sku, price, stock_quantity, attributes) VALUES ('0ddb8ea0-5025-4a37-82f6-404bd56df1b2', '6b6c4b67-e009-4e31-b884-867310cec68a', 'BED-634-SX-0DDB', 4027, 176, '{"color": "Silver", "size": "XXL"}');
INSERT INTO products (id, name, description, category_id) VALUES ('4129d61b-8531-4490-a3d4-f8c9727a75e2', 'Eco Speaker 386', 'Description for Eco Speaker 386. Optimized for search and performance test.', '5c02924e-38f1-4625-b994-55da1cdf3e73');
INSERT INTO product_variants (id, product_id, sku, price, stock_quantity, attributes) VALUES ('6669ffc6-2325-424d-a6f2-9b3e7c7d4804', '4129d61b-8531-4490-a3d4-f8c9727a75e2', 'SPEAKER-386-R1-6669', 2687, 17, '{"color": "Red", "size": "16GB RAM"}');
INSERT INTO product_variants (id, product_id, sku, price, stock_quantity, attributes) VALUES ('127ef413-6a2c-4047-9eb1-bc3aa4fca5da', '4129d61b-8531-4490-a3d4-f8c9727a75e2', 'SPEAKER-386-W2-127E', 3982, 193, '{"color": "White", "size": "256GB"}');
INSERT INTO product_variants (id, product_id, sku, price, stock_quantity, attributes) VALUES ('907b6908-5032-4f25-a39e-74d4c36475cc', '4129d61b-8531-4490-a3d4-f8c9727a75e2', 'SPEAKER-386-W1-907B', 3739, 121, '{"color": "White", "size": "128GB"}');
INSERT INTO products (id, name, description, category_id) VALUES ('2d8edf82-a51a-46d2-abfd-a3f40a0d70c0', 'Ultra Backpack 157', 'Description for Ultra Backpack 157. Optimized for search and performance test.', '5c02924e-38f1-4625-b994-55da1cdf3e73');
INSERT INTO product_variants (id, product_id, sku, price, stock_quantity, attributes) VALUES ('00a9250a-dcf4-4cf9-b664-6cd17ac7feeb', '2d8edf82-a51a-46d2-abfd-a3f40a0d70c0', 'BACKPACK-157-G6-00A9', 4055, 106, '{"color": "Gold", "size": "64GB"}');
INSERT INTO product_variants (id, product_id, sku, price, stock_quantity, attributes) VALUES ('a7f20fdf-50e8-4c87-9336-8b5bf1bef976', '2d8edf82-a51a-46d2-abfd-a3f40a0d70c0', 'BACKPACK-157-BS-A7F2', 576, 191, '{"color": "Black", "size": "S"}');
INSERT INTO product_variants (id, product_id, sku, price, stock_quantity, attributes) VALUES ('b285fbf9-c9ee-44ab-846c-bba5dd681373', '2d8edf82-a51a-46d2-abfd-a3f40a0d70c0', 'BACKPACK-157-BX-B285', 2119, 178, '{"color": "Blue", "size": "XL"}');
INSERT INTO products (id, name, description, category_id) VALUES ('af5be0d8-a77a-4ff1-8716-8af16d31778f', 'Ultra Bed 379', 'Description for Ultra Bed 379. Optimized for search and performance test.', '5c02924e-38f1-4625-b994-55da1cdf3e73');
INSERT INTO product_variants (id, product_id, sku, price, stock_quantity, attributes) VALUES ('dd1b76cb-3fa7-46e6-81df-86af1fb481ad', 'af5be0d8-a77a-4ff1-8716-8af16d31778f', 'BED-379-SM-DD1B', 3937, 28, '{"color": "Silver", "size": "M"}');
INSERT INTO product_variants (id, product_id, sku, price, stock_quantity, attributes) VALUES ('a34f3e42-7575-4175-a255-4a16b5f04a98', 'af5be0d8-a77a-4ff1-8716-8af16d31778f', 'BED-379-S1-A34F', 181, 89, '{"color": "Silver", "size": "16GB RAM"}');
INSERT INTO product_variants (id, product_id, sku, price, stock_quantity, attributes) VALUES ('ac22b902-67c6-4c9c-b287-c21315b8876b', 'af5be0d8-a77a-4ff1-8716-8af16d31778f', 'BED-379-GX-AC22', 2851, 97, '{"color": "Green", "size": "XL"}');
INSERT INTO products (id, name, description, category_id) VALUES ('f608f5fb-777f-4bc6-b0b8-a9b208a04e43', 'Premium Laptop 721', 'Description for Premium Laptop 721. Optimized for search and performance test.', '5c02924e-38f1-4625-b994-55da1cdf3e73');
INSERT INTO product_variants (id, product_id, sku, price, stock_quantity, attributes) VALUES ('49e86fa3-b670-4f66-bcd1-e8968513a55c', 'f608f5fb-777f-4bc6-b0b8-a9b208a04e43', 'LAPTOP-721-SX-49E8', 2952, 41, '{"color": "Silver", "size": "XL"}');
INSERT INTO product_variants (id, product_id, sku, price, stock_quantity, attributes) VALUES ('2ef997b3-766a-4bf0-afc2-8b0d39f8b16b', 'f608f5fb-777f-4bc6-b0b8-a9b208a04e43', 'LAPTOP-721-WX-2EF9', 4063, 131, '{"color": "White", "size": "XXL"}');
INSERT INTO product_variants (id, product_id, sku, price, stock_quantity, attributes) VALUES ('f5799434-b10a-4484-9a15-3ef4dd81f1b3', 'f608f5fb-777f-4bc6-b0b8-a9b208a04e43', 'LAPTOP-721-B8-F579', 4722, 92, '{"color": "Blue", "size": "8GB RAM"}');
INSERT INTO products (id, name, description, category_id) VALUES ('3434ab85-d488-4cc5-a270-ffa03bb8604c', 'Ultra Speaker 468', 'Description for Ultra Speaker 468. Optimized for search and performance test.', '5c02924e-38f1-4625-b994-55da1cdf3e73');
INSERT INTO product_variants (id, product_id, sku, price, stock_quantity, attributes) VALUES ('5b906ecd-37ef-46b7-853e-2005904351e5', '3434ab85-d488-4cc5-a270-ffa03bb8604c', 'SPEAKER-468-SM-5B90', 3342, 159, '{"color": "Silver", "size": "M"}');
INSERT INTO product_variants (id, product_id, sku, price, stock_quantity, attributes) VALUES ('88128357-52c9-4551-a073-b22ee896cd01', '3434ab85-d488-4cc5-a270-ffa03bb8604c', 'SPEAKER-468-R6-8812', 2648, 11, '{"color": "Red", "size": "64GB"}');
INSERT INTO product_variants (id, product_id, sku, price, stock_quantity, attributes) VALUES ('a5eae1e0-acef-4b03-9e88-42f905140ad7', '3434ab85-d488-4cc5-a270-ffa03bb8604c', 'SPEAKER-468-WS-A5EA', 1079, 42, '{"color": "White", "size": "S"}');
INSERT INTO products (id, name, description, category_id) VALUES ('d3b68cb9-7c54-4947-b415-bfcdd8336407', 'Eco Laptop 704', 'Description for Eco Laptop 704. Optimized for search and performance test.', '5c02924e-38f1-4625-b994-55da1cdf3e73');
INSERT INTO product_variants (id, product_id, sku, price, stock_quantity, attributes) VALUES ('25118a83-0a22-4574-9c2d-f0ec644da875', 'd3b68cb9-7c54-4947-b415-bfcdd8336407', 'LAPTOP-704-R2-2511', 2997, 108, '{"color": "Red", "size": "256GB"}');
INSERT INTO product_variants (id, product_id, sku, price, stock_quantity, attributes) VALUES ('99849cf1-408f-4e09-9a39-00eb21c37918', 'd3b68cb9-7c54-4947-b415-bfcdd8336407', 'LAPTOP-704-R6-9984', 3993, 110, '{"color": "Red", "size": "64GB"}');
INSERT INTO product_variants (id, product_id, sku, price, stock_quantity, attributes) VALUES ('1e49b84b-4aae-4148-98a8-bda90a7abceb', 'd3b68cb9-7c54-4947-b415-bfcdd8336407', 'LAPTOP-704-R1-1E49', 2166, 138, '{"color": "Red", "size": "128GB"}');
INSERT INTO products (id, name, description, category_id) VALUES ('11f2428a-0b83-4b7f-92db-2c81975b7ffa', 'Premium Speaker 958', 'Description for Premium Speaker 958. Optimized for search and performance test.', '5c02924e-38f1-4625-b994-55da1cdf3e73');
INSERT INTO product_variants (id, product_id, sku, price, stock_quantity, attributes) VALUES ('8bb0d8f2-6c17-4d7a-9fb2-a426376b7e1c', '11f2428a-0b83-4b7f-92db-2c81975b7ffa', 'SPEAKER-958-GL-8BB0', 308, 148, '{"color": "Green", "size": "L"}');
INSERT INTO product_variants (id, product_id, sku, price, stock_quantity, attributes) VALUES ('b243bc65-a8d9-4761-b4d3-e68f20b58982', '11f2428a-0b83-4b7f-92db-2c81975b7ffa', 'SPEAKER-958-BX-B243', 1292, 139, '{"color": "Black", "size": "XL"}');
INSERT INTO product_variants (id, product_id, sku, price, stock_quantity, attributes) VALUES ('52a51327-2eb8-4d2b-ae92-79c784e6c615', '11f2428a-0b83-4b7f-92db-2c81975b7ffa', 'SPEAKER-958-GS-52A5', 4832, 68, '{"color": "Gold", "size": "S"}');
INSERT INTO products (id, name, description, category_id) VALUES ('6e01ddd3-8b61-4c85-9337-64dc6ca3d750', 'Ultra Speaker 903', 'Description for Ultra Speaker 903. Optimized for search and performance test.', '5c02924e-38f1-4625-b994-55da1cdf3e73');
INSERT INTO product_variants (id, product_id, sku, price, stock_quantity, attributes) VALUES ('1841aa23-2c88-4ac3-b1e4-15c0e087e42a', '6e01ddd3-8b61-4c85-9337-64dc6ca3d750', 'SPEAKER-903-R8-1841', 4636, 48, '{"color": "Red", "size": "8GB RAM"}');
INSERT INTO product_variants (id, product_id, sku, price, stock_quantity, attributes) VALUES ('8281c996-36ca-46b6-9530-97dd2b66d9c5', '6e01ddd3-8b61-4c85-9337-64dc6ca3d750', 'SPEAKER-903-R6-8281', 1079, 155, '{"color": "Red", "size": "64GB"}');
INSERT INTO product_variants (id, product_id, sku, price, stock_quantity, attributes) VALUES ('4d028aa4-5127-4d41-9368-52724e44b629', '6e01ddd3-8b61-4c85-9337-64dc6ca3d750', 'SPEAKER-903-R1-4D02', 2209, 108, '{"color": "Red", "size": "16GB RAM"}');
INSERT INTO products (id, name, description, category_id) VALUES ('1a4df819-5963-42ef-98c3-aef0ffbf2e6e', 'Elegant Dress 286', 'Description for Elegant Dress 286. Optimized for search and performance test.', '5c02924e-38f1-4625-b994-55da1cdf3e73');
INSERT INTO product_variants (id, product_id, sku, price, stock_quantity, attributes) VALUES ('03694157-f5f7-4307-84e6-a98c5dd23c1a', '1a4df819-5963-42ef-98c3-aef0ffbf2e6e', 'DRESS-286-R1-0369', 2562, 179, '{"color": "Red", "size": "128GB"}');
INSERT INTO product_variants (id, product_id, sku, price, stock_quantity, attributes) VALUES ('a2f9ae69-b5f9-4531-b518-82edcd9430cd', '1a4df819-5963-42ef-98c3-aef0ffbf2e6e', 'DRESS-286-WL-A2F9', 1100, 59, '{"color": "White", "size": "L"}');
INSERT INTO product_variants (id, product_id, sku, price, stock_quantity, attributes) VALUES ('56b33ea2-087d-4e1a-b938-5a9eac6cbfe9', '1a4df819-5963-42ef-98c3-aef0ffbf2e6e', 'DRESS-286-GM-56B3', 2315, 129, '{"color": "Green", "size": "M"}');
INSERT INTO products (id, name, description, category_id) VALUES ('d99dd42f-322f-4246-949f-4f7f37aca88a', 'Ultra Backpack 384', 'Description for Ultra Backpack 384. Optimized for search and performance test.', '5c02924e-38f1-4625-b994-55da1cdf3e73');
INSERT INTO product_variants (id, product_id, sku, price, stock_quantity, attributes) VALUES ('de478f6e-1305-4f5f-ad9b-720673314e25', 'd99dd42f-322f-4246-949f-4f7f37aca88a', 'BACKPACK-384-G1-DE47', 3497, 75, '{"color": "Green", "size": "128GB"}');
INSERT INTO product_variants (id, product_id, sku, price, stock_quantity, attributes) VALUES ('ee153bc3-0096-494c-93a0-5d89571dbb4d', 'd99dd42f-322f-4246-949f-4f7f37aca88a', 'BACKPACK-384-S6-EE15', 1732, 131, '{"color": "Silver", "size": "64GB"}');
INSERT INTO product_variants (id, product_id, sku, price, stock_quantity, attributes) VALUES ('8a373ae6-5141-4ad0-bd2c-0990b0bf92b6', 'd99dd42f-322f-4246-949f-4f7f37aca88a', 'BACKPACK-384-W1-8A37', 3091, 58, '{"color": "White", "size": "16GB RAM"}');
INSERT INTO products (id, name, description, category_id) VALUES ('1db4c437-85c1-4a2e-b82a-e9af166d5e48', 'Smart Backpack 310', 'Description for Smart Backpack 310. Optimized for search and performance test.', '5c02924e-38f1-4625-b994-55da1cdf3e73');
INSERT INTO product_variants (id, product_id, sku, price, stock_quantity, attributes) VALUES ('af4aed51-18a9-466e-919d-26a743b03822', '1db4c437-85c1-4a2e-b82a-e9af166d5e48', 'BACKPACK-310-GS-AF4A', 3724, 93, '{"color": "Green", "size": "S"}');
INSERT INTO product_variants (id, product_id, sku, price, stock_quantity, attributes) VALUES ('fb2eb93b-7ba7-43d1-9114-d6f68fea1f71', '1db4c437-85c1-4a2e-b82a-e9af166d5e48', 'BACKPACK-310-G1-FB2E', 3923, 71, '{"color": "Green", "size": "128GB"}');
INSERT INTO product_variants (id, product_id, sku, price, stock_quantity, attributes) VALUES ('8ba8dc85-93a5-4597-a0c6-0cebdbb9e9d2', '1db4c437-85c1-4a2e-b82a-e9af166d5e48', 'BACKPACK-310-G6-8BA8', 432, 151, '{"color": "Green", "size": "64GB"}');
INSERT INTO products (id, name, description, category_id) VALUES ('678010f7-237a-4dd9-8378-55b0ea08d13a', 'Smart Speaker 559', 'Description for Smart Speaker 559. Optimized for search and performance test.', '5c02924e-38f1-4625-b994-55da1cdf3e73');
INSERT INTO product_variants (id, product_id, sku, price, stock_quantity, attributes) VALUES ('5494d3d1-095e-4cc6-8306-f620d13561b7', '678010f7-237a-4dd9-8378-55b0ea08d13a', 'SPEAKER-559-B1-5494', 1854, 76, '{"color": "Black", "size": "16GB RAM"}');
INSERT INTO product_variants (id, product_id, sku, price, stock_quantity, attributes) VALUES ('883f6146-28c4-406a-9dca-dfb452923264', '678010f7-237a-4dd9-8378-55b0ea08d13a', 'SPEAKER-559-BL-883F', 2067, 28, '{"color": "Blue", "size": "L"}');
INSERT INTO product_variants (id, product_id, sku, price, stock_quantity, attributes) VALUES ('f6b9821f-8571-439e-8860-2c2d92e0e42f', '678010f7-237a-4dd9-8378-55b0ea08d13a', 'SPEAKER-559-SS-F6B9', 2731, 76, '{"color": "Silver", "size": "S"}');
INSERT INTO products (id, name, description, category_id) VALUES ('51c8fb0b-1ec8-4c04-85c3-717762e5ae54', 'Ultra Speaker 939', 'Description for Ultra Speaker 939. Optimized for search and performance test.', '5c02924e-38f1-4625-b994-55da1cdf3e73');
INSERT INTO product_variants (id, product_id, sku, price, stock_quantity, attributes) VALUES ('993f3fd4-3155-42b0-a1d1-8da8dffe8976', '51c8fb0b-1ec8-4c04-85c3-717762e5ae54', 'SPEAKER-939-R6-993F', 2192, 69, '{"color": "Red", "size": "64GB"}');
INSERT INTO product_variants (id, product_id, sku, price, stock_quantity, attributes) VALUES ('de8e2a47-d9db-4ced-bbf6-fbdb3ac95388', '51c8fb0b-1ec8-4c04-85c3-717762e5ae54', 'SPEAKER-939-GX-DE8E', 4229, 79, '{"color": "Gold", "size": "XXL"}');
INSERT INTO product_variants (id, product_id, sku, price, stock_quantity, attributes) VALUES ('f1fd375a-3f70-419d-abe3-7a12734fffeb', '51c8fb0b-1ec8-4c04-85c3-717762e5ae54', 'SPEAKER-939-W2-F1FD', 3522, 96, '{"color": "White", "size": "256GB"}');
INSERT INTO products (id, name, description, category_id) VALUES ('0b15adab-c457-45bc-8325-0cae0134813b', 'Premium Bed 170', 'Description for Premium Bed 170. Optimized for search and performance test.', '5c02924e-38f1-4625-b994-55da1cdf3e73');
INSERT INTO product_variants (id, product_id, sku, price, stock_quantity, attributes) VALUES ('e6a3c486-6605-4a64-a660-d161403cff30', '0b15adab-c457-45bc-8325-0cae0134813b', 'BED-170-R6-E6A3', 124, 72, '{"color": "Red", "size": "64GB"}');
INSERT INTO product_variants (id, product_id, sku, price, stock_quantity, attributes) VALUES ('6d69aecd-9fa1-4dfb-baaf-518ef50d842c', '0b15adab-c457-45bc-8325-0cae0134813b', 'BED-170-B6-6D69', 4312, 30, '{"color": "Blue", "size": "64GB"}');
INSERT INTO product_variants (id, product_id, sku, price, stock_quantity, attributes) VALUES ('0864cb0e-3fb4-4648-b4b7-f80a590f51b6', '0b15adab-c457-45bc-8325-0cae0134813b', 'BED-170-B6-0864', 2840, 156, '{"color": "Blue", "size": "64GB"}');
INSERT INTO products (id, name, description, category_id) VALUES ('ebbc3357-c027-4ac5-8aef-1855b524cf26', 'Premium Laptop 802', 'Description for Premium Laptop 802. Optimized for search and performance test.', '5c02924e-38f1-4625-b994-55da1cdf3e73');
INSERT INTO product_variants (id, product_id, sku, price, stock_quantity, attributes) VALUES ('73aa44f1-e3f3-40cf-8480-183f5368d4f3', 'ebbc3357-c027-4ac5-8aef-1855b524cf26', 'LAPTOP-802-BS-73AA', 2955, 118, '{"color": "Black", "size": "S"}');
INSERT INTO product_variants (id, product_id, sku, price, stock_quantity, attributes) VALUES ('492aee22-cb87-4d2b-b21d-311765f4507e', 'ebbc3357-c027-4ac5-8aef-1855b524cf26', 'LAPTOP-802-W8-492A', 3810, 39, '{"color": "White", "size": "8GB RAM"}');
INSERT INTO product_variants (id, product_id, sku, price, stock_quantity, attributes) VALUES ('908f147b-dbbc-4d22-8b1b-2242cfddd822', 'ebbc3357-c027-4ac5-8aef-1855b524cf26', 'LAPTOP-802-B1-908F', 663, 68, '{"color": "Blue", "size": "128GB"}');
INSERT INTO products (id, name, description, category_id) VALUES ('422873cb-f776-4ec8-a491-851d19390830', 'Premium Camera 525', 'Description for Premium Camera 525. Optimized for search and performance test.', '5c02924e-38f1-4625-b994-55da1cdf3e73');
INSERT INTO product_variants (id, product_id, sku, price, stock_quantity, attributes) VALUES ('06e68463-1694-437a-8db7-9db911dc5b45', '422873cb-f776-4ec8-a491-851d19390830', 'CAMERA-525-BS-06E6', 3512, 150, '{"color": "Black", "size": "S"}');
INSERT INTO product_variants (id, product_id, sku, price, stock_quantity, attributes) VALUES ('4b4d55d8-19c7-4c59-b793-79fa992fa6e7', '422873cb-f776-4ec8-a491-851d19390830', 'CAMERA-525-B8-4B4D', 3924, 179, '{"color": "Blue", "size": "8GB RAM"}');
INSERT INTO product_variants (id, product_id, sku, price, stock_quantity, attributes) VALUES ('59f9c2ad-4f4b-4246-9af8-72449b96418d', '422873cb-f776-4ec8-a491-851d19390830', 'CAMERA-525-RM-59F9', 2099, 125, '{"color": "Red", "size": "M"}');
INSERT INTO products (id, name, description, category_id) VALUES ('4dd861d7-8d2e-49a1-bf6a-9bf3b62d4073', 'Premium Bed 120', 'Description for Premium Bed 120. Optimized for search and performance test.', '5c02924e-38f1-4625-b994-55da1cdf3e73');
INSERT INTO product_variants (id, product_id, sku, price, stock_quantity, attributes) VALUES ('2727f62c-4c98-4799-a714-c9b341417a52', '4dd861d7-8d2e-49a1-bf6a-9bf3b62d4073', 'BED-120-B1-2727', 1676, 48, '{"color": "Blue", "size": "16GB RAM"}');
INSERT INTO product_variants (id, product_id, sku, price, stock_quantity, attributes) VALUES ('4910eba8-0fc5-4230-83f5-7c0f6758f293', '4dd861d7-8d2e-49a1-bf6a-9bf3b62d4073', 'BED-120-S8-4910', 4962, 84, '{"color": "Silver", "size": "8GB RAM"}');
INSERT INTO product_variants (id, product_id, sku, price, stock_quantity, attributes) VALUES ('da5e83c5-26a6-4286-b9b7-918695a3a0da', '4dd861d7-8d2e-49a1-bf6a-9bf3b62d4073', 'BED-120-G8-DA5E', 494, 92, '{"color": "Green", "size": "8GB RAM"}');
INSERT INTO products (id, name, description, category_id) VALUES ('9f16c99d-2235-4baa-af3e-7f6c6508ebbb', 'Lite Phone 778', 'Description for Lite Phone 778. Optimized for search and performance test.', '5c02924e-38f1-4625-b994-55da1cdf3e73');
INSERT INTO product_variants (id, product_id, sku, price, stock_quantity, attributes) VALUES ('a2d748b7-5f51-4f7f-8e2d-948f13923211', '9f16c99d-2235-4baa-af3e-7f6c6508ebbb', 'PHONE-778-B1-A2D7', 2775, 76, '{"color": "Black", "size": "128GB"}');
INSERT INTO product_variants (id, product_id, sku, price, stock_quantity, attributes) VALUES ('3e4bdc57-434d-4c46-8408-70898369b4c7', '9f16c99d-2235-4baa-af3e-7f6c6508ebbb', 'PHONE-778-G2-3E4B', 2613, 133, '{"color": "Green", "size": "256GB"}');
INSERT INTO product_variants (id, product_id, sku, price, stock_quantity, attributes) VALUES ('29c1f302-209a-4e9f-89d0-334ef3fb2dba', '9f16c99d-2235-4baa-af3e-7f6c6508ebbb', 'PHONE-778-G1-29C1', 1893, 44, '{"color": "Green", "size": "16GB RAM"}');
INSERT INTO products (id, name, description, category_id) VALUES ('d9d30cfe-160c-4109-9500-8439a1d1c9db', 'Original Headphones 654', 'Description for Original Headphones 654. Optimized for search and performance test.', '5c02924e-38f1-4625-b994-55da1cdf3e73');
INSERT INTO product_variants (id, product_id, sku, price, stock_quantity, attributes) VALUES ('fb571330-5245-49e4-a2d2-eb6ca05d13b1', 'd9d30cfe-160c-4109-9500-8439a1d1c9db', 'HEADPHONES-654-G1-FB57', 4373, 47, '{"color": "Gold", "size": "128GB"}');
INSERT INTO product_variants (id, product_id, sku, price, stock_quantity, attributes) VALUES ('176ba6b4-6490-42bc-b8c4-5a2c26ee144d', 'd9d30cfe-160c-4109-9500-8439a1d1c9db', 'HEADPHONES-654-S1-176B', 1994, 73, '{"color": "Silver", "size": "128GB"}');
INSERT INTO product_variants (id, product_id, sku, price, stock_quantity, attributes) VALUES ('971b3807-1169-41f8-adf9-49683516f184', 'd9d30cfe-160c-4109-9500-8439a1d1c9db', 'HEADPHONES-654-RL-971B', 2195, 88, '{"color": "Red", "size": "L"}');
INSERT INTO products (id, name, description, category_id) VALUES ('07160c53-9224-4f6c-b904-7175a3842e5c', 'Eco Backpack 628', 'Description for Eco Backpack 628. Optimized for search and performance test.', '5c02924e-38f1-4625-b994-55da1cdf3e73');
INSERT INTO product_variants (id, product_id, sku, price, stock_quantity, attributes) VALUES ('a5d85db7-d9b3-41c3-8e77-af0e34867eb4', '07160c53-9224-4f6c-b904-7175a3842e5c', 'BACKPACK-628-GS-A5D8', 3048, 29, '{"color": "Green", "size": "S"}');
INSERT INTO product_variants (id, product_id, sku, price, stock_quantity, attributes) VALUES ('94f0b162-fe9d-4b16-bc4e-befbb74b56ac', '07160c53-9224-4f6c-b904-7175a3842e5c', 'BACKPACK-628-S1-94F0', 2275, 55, '{"color": "Silver", "size": "16GB RAM"}');
INSERT INTO product_variants (id, product_id, sku, price, stock_quantity, attributes) VALUES ('76f4ac0c-9161-4149-bc83-3798d773985e', '07160c53-9224-4f6c-b904-7175a3842e5c', 'BACKPACK-628-G1-76F4', 3841, 119, '{"color": "Green", "size": "128GB"}');
INSERT INTO products (id, name, description, category_id) VALUES ('1176afe5-0b04-41c3-b0b7-0c5df429d764', 'Premium Monitor 178', 'Description for Premium Monitor 178. Optimized for search and performance test.', '5c02924e-38f1-4625-b994-55da1cdf3e73');
INSERT INTO product_variants (id, product_id, sku, price, stock_quantity, attributes) VALUES ('cea2fa05-680c-406f-85db-733b0b19e2b4', '1176afe5-0b04-41c3-b0b7-0c5df429d764', 'MONITOR-178-S1-CEA2', 3186, 173, '{"color": "Silver", "size": "16GB RAM"}');
INSERT INTO product_variants (id, product_id, sku, price, stock_quantity, attributes) VALUES ('6fda0671-063f-427d-b40c-ec9fcce9b0b8', '1176afe5-0b04-41c3-b0b7-0c5df429d764', 'MONITOR-178-BS-6FDA', 2615, 79, '{"color": "Blue", "size": "S"}');
INSERT INTO product_variants (id, product_id, sku, price, stock_quantity, attributes) VALUES ('ec89b36b-d523-4534-9956-a55ca51df344', '1176afe5-0b04-41c3-b0b7-0c5df429d764', 'MONITOR-178-W6-EC89', 2254, 101, '{"color": "White", "size": "64GB"}');
INSERT INTO products (id, name, description, category_id) VALUES ('23b820ca-6761-4453-a928-9fa920b5fd3c', 'Smart Dress 628', 'Description for Smart Dress 628. Optimized for search and performance test.', '9f7c29ed-6c6f-4c35-b4ce-8b1d9d27ca81');
INSERT INTO product_variants (id, product_id, sku, price, stock_quantity, attributes) VALUES ('602c21c7-78a8-40c3-abd9-52c671855fc0', '23b820ca-6761-4453-a928-9fa920b5fd3c', 'DRESS-628-G6-602C', 4384, 115, '{"color": "Green", "size": "64GB"}');
INSERT INTO product_variants (id, product_id, sku, price, stock_quantity, attributes) VALUES ('7421baa7-77fe-4020-8728-efb9a6bd87c0', '23b820ca-6761-4453-a928-9fa920b5fd3c', 'DRESS-628-WX-7421', 3142, 189, '{"color": "White", "size": "XL"}');
INSERT INTO product_variants (id, product_id, sku, price, stock_quantity, attributes) VALUES ('1b0153e1-9248-4804-9f39-db049d5a781e', '23b820ca-6761-4453-a928-9fa920b5fd3c', 'DRESS-628-GM-1B01', 4289, 152, '{"color": "Green", "size": "M"}');
INSERT INTO products (id, name, description, category_id) VALUES ('69868363-fc0d-46a0-a658-c18defe9c1de', 'Original Laptop 731', 'Description for Original Laptop 731. Optimized for search and performance test.', '9f7c29ed-6c6f-4c35-b4ce-8b1d9d27ca81');
INSERT INTO product_variants (id, product_id, sku, price, stock_quantity, attributes) VALUES ('263c0582-ecfb-4466-bf8c-6a0c9e456fef', '69868363-fc0d-46a0-a658-c18defe9c1de', 'LAPTOP-731-BL-263C', 3764, 151, '{"color": "Black", "size": "L"}');
INSERT INTO product_variants (id, product_id, sku, price, stock_quantity, attributes) VALUES ('2fe3a4ac-8253-4bf5-9155-3542296abe7a', '69868363-fc0d-46a0-a658-c18defe9c1de', 'LAPTOP-731-GM-2FE3', 424, 111, '{"color": "Green", "size": "M"}');
INSERT INTO product_variants (id, product_id, sku, price, stock_quantity, attributes) VALUES ('b97ef8ec-dfaf-4331-8a94-a32e154fbb68', '69868363-fc0d-46a0-a658-c18defe9c1de', 'LAPTOP-731-BM-B97E', 403, 95, '{"color": "Blue", "size": "M"}');
INSERT INTO products (id, name, description, category_id) VALUES ('e4b98733-4bbc-4f37-a957-31d04f058c2c', 'Pro Bed 268', 'Description for Pro Bed 268. Optimized for search and performance test.', '9f7c29ed-6c6f-4c35-b4ce-8b1d9d27ca81');
INSERT INTO product_variants (id, product_id, sku, price, stock_quantity, attributes) VALUES ('a2dbade8-082b-4128-be57-288299072d56', 'e4b98733-4bbc-4f37-a957-31d04f058c2c', 'BED-268-B6-A2DB', 4434, 135, '{"color": "Blue", "size": "64GB"}');
INSERT INTO product_variants (id, product_id, sku, price, stock_quantity, attributes) VALUES ('79d63175-98ce-4c23-8fad-4bb504a5a996', 'e4b98733-4bbc-4f37-a957-31d04f058c2c', 'BED-268-G1-79D6', 4527, 116, '{"color": "Gold", "size": "16GB RAM"}');
INSERT INTO product_variants (id, product_id, sku, price, stock_quantity, attributes) VALUES ('0bab43a5-e519-4176-8b13-ca0657e5e197', 'e4b98733-4bbc-4f37-a957-31d04f058c2c', 'BED-268-B6-0BAB', 4093, 47, '{"color": "Black", "size": "64GB"}');
INSERT INTO products (id, name, description, category_id) VALUES ('bd9c2d18-b661-4d98-867e-0fa2c6a96144', 'Original Speaker 944', 'Description for Original Speaker 944. Optimized for search and performance test.', '9f7c29ed-6c6f-4c35-b4ce-8b1d9d27ca81');
INSERT INTO product_variants (id, product_id, sku, price, stock_quantity, attributes) VALUES ('2c1413e2-8939-4aed-a140-0bb2ebd1525d', 'bd9c2d18-b661-4d98-867e-0fa2c6a96144', 'SPEAKER-944-GX-2C14', 4156, 22, '{"color": "Gold", "size": "XL"}');
INSERT INTO product_variants (id, product_id, sku, price, stock_quantity, attributes) VALUES ('b8535251-8641-4793-958f-5c1aa9a3c80b', 'bd9c2d18-b661-4d98-867e-0fa2c6a96144', 'SPEAKER-944-GX-B853', 3942, 29, '{"color": "Gold", "size": "XL"}');
INSERT INTO product_variants (id, product_id, sku, price, stock_quantity, attributes) VALUES ('ec2db91c-9bfb-4700-acbd-74fb5398b1fa', 'bd9c2d18-b661-4d98-867e-0fa2c6a96144', 'SPEAKER-944-BM-EC2D', 3565, 163, '{"color": "Blue", "size": "M"}');
INSERT INTO products (id, name, description, category_id) VALUES ('7e411cac-8373-4c7c-9bd6-6e749ad396d7', 'Pro Shirt 807', 'Description for Pro Shirt 807. Optimized for search and performance test.', '9f7c29ed-6c6f-4c35-b4ce-8b1d9d27ca81');
INSERT INTO product_variants (id, product_id, sku, price, stock_quantity, attributes) VALUES ('c763e461-e0d4-463a-8efa-207ad9c5a8d4', '7e411cac-8373-4c7c-9bd6-6e749ad396d7', 'SHIRT-807-SX-C763', 1934, 79, '{"color": "Silver", "size": "XXL"}');
INSERT INTO product_variants (id, product_id, sku, price, stock_quantity, attributes) VALUES ('49613671-e48b-45a5-b738-9ad128144900', '7e411cac-8373-4c7c-9bd6-6e749ad396d7', 'SHIRT-807-BS-4961', 572, 25, '{"color": "Blue", "size": "S"}');
INSERT INTO product_variants (id, product_id, sku, price, stock_quantity, attributes) VALUES ('11984277-66cb-4cd1-a3df-c0b7a24ef640', '7e411cac-8373-4c7c-9bd6-6e749ad396d7', 'SHIRT-807-GL-1198', 3580, 191, '{"color": "Gold", "size": "L"}');
INSERT INTO products (id, name, description, category_id) VALUES ('82369c6e-1942-480f-8d22-fc1bb698f579', 'Lite Camera 495', 'Description for Lite Camera 495. Optimized for search and performance test.', '9f7c29ed-6c6f-4c35-b4ce-8b1d9d27ca81');
INSERT INTO product_variants (id, product_id, sku, price, stock_quantity, attributes) VALUES ('833b8d40-ca89-44ae-bbdb-22a5613ed691', '82369c6e-1942-480f-8d22-fc1bb698f579', 'CAMERA-495-GX-833B', 3996, 68, '{"color": "Green", "size": "XL"}');
INSERT INTO product_variants (id, product_id, sku, price, stock_quantity, attributes) VALUES ('c096e3c5-0c34-4e9b-b632-760f38f58a85', '82369c6e-1942-480f-8d22-fc1bb698f579', 'CAMERA-495-SL-C096', 2972, 71, '{"color": "Silver", "size": "L"}');
INSERT INTO product_variants (id, product_id, sku, price, stock_quantity, attributes) VALUES ('65a4307f-bb03-4cbd-af26-363af22d03c1', '82369c6e-1942-480f-8d22-fc1bb698f579', 'CAMERA-495-G8-65A4', 308, 177, '{"color": "Green", "size": "8GB RAM"}');
INSERT INTO products (id, name, description, category_id) VALUES ('c296dc54-ec90-4aa9-aa3c-d744ad37b124', 'Eco Table 632', 'Description for Eco Table 632. Optimized for search and performance test.', '9f7c29ed-6c6f-4c35-b4ce-8b1d9d27ca81');
INSERT INTO product_variants (id, product_id, sku, price, stock_quantity, attributes) VALUES ('e8339b5b-b91c-43ce-b3fe-2d6eee472b13', 'c296dc54-ec90-4aa9-aa3c-d744ad37b124', 'TABLE-632-W6-E833', 1500, 58, '{"color": "White", "size": "64GB"}');
INSERT INTO product_variants (id, product_id, sku, price, stock_quantity, attributes) VALUES ('c68cc5fb-45a0-418e-aed3-3354ed78e9d7', 'c296dc54-ec90-4aa9-aa3c-d744ad37b124', 'TABLE-632-SM-C68C', 4456, 95, '{"color": "Silver", "size": "M"}');
INSERT INTO product_variants (id, product_id, sku, price, stock_quantity, attributes) VALUES ('2c374711-e809-4a7f-8206-4662c1501c81', 'c296dc54-ec90-4aa9-aa3c-d744ad37b124', 'TABLE-632-B1-2C37', 1533, 128, '{"color": "Black", "size": "16GB RAM"}');
INSERT INTO products (id, name, description, category_id) VALUES ('4bd46c7e-1ee3-437b-b501-d3c1ec898f1e', 'Elegant Headphones 352', 'Description for Elegant Headphones 352. Optimized for search and performance test.', '9f7c29ed-6c6f-4c35-b4ce-8b1d9d27ca81');
INSERT INTO product_variants (id, product_id, sku, price, stock_quantity, attributes) VALUES ('7855f65c-74d0-46b0-82e8-9e708f0d8d1e', '4bd46c7e-1ee3-437b-b501-d3c1ec898f1e', 'HEADPHONES-352-S8-7855', 1792, 85, '{"color": "Silver", "size": "8GB RAM"}');
INSERT INTO product_variants (id, product_id, sku, price, stock_quantity, attributes) VALUES ('dc9be63d-ca2f-46a0-adc1-d999403afbbb', '4bd46c7e-1ee3-437b-b501-d3c1ec898f1e', 'HEADPHONES-352-W1-DC9B', 143, 159, '{"color": "White", "size": "16GB RAM"}');
INSERT INTO product_variants (id, product_id, sku, price, stock_quantity, attributes) VALUES ('6062a812-7a45-4ee3-ac01-aa7c692e84ec', '4bd46c7e-1ee3-437b-b501-d3c1ec898f1e', 'HEADPHONES-352-G8-6062', 3611, 55, '{"color": "Green", "size": "8GB RAM"}');
INSERT INTO products (id, name, description, category_id) VALUES ('72a1022c-7b0e-4eeb-8621-dbf64989f30d', 'Elegant Laptop 283', 'Description for Elegant Laptop 283. Optimized for search and performance test.', '9f7c29ed-6c6f-4c35-b4ce-8b1d9d27ca81');
INSERT INTO product_variants (id, product_id, sku, price, stock_quantity, attributes) VALUES ('63667894-9c56-4124-a31c-f167b058f3b2', '72a1022c-7b0e-4eeb-8621-dbf64989f30d', 'LAPTOP-283-R8-6366', 153, 135, '{"color": "Red", "size": "8GB RAM"}');
INSERT INTO product_variants (id, product_id, sku, price, stock_quantity, attributes) VALUES ('3073c22c-bdad-477f-92bf-311dcb5ce644', '72a1022c-7b0e-4eeb-8621-dbf64989f30d', 'LAPTOP-283-GX-3073', 3079, 24, '{"color": "Gold", "size": "XXL"}');
INSERT INTO product_variants (id, product_id, sku, price, stock_quantity, attributes) VALUES ('3de4cb14-7035-446d-8d29-1da242c2ea11', '72a1022c-7b0e-4eeb-8621-dbf64989f30d', 'LAPTOP-283-BX-3DE4', 3287, 63, '{"color": "Blue", "size": "XL"}');
INSERT INTO products (id, name, description, category_id) VALUES ('d9f8787a-8f9b-4830-ae87-3ed015b3dfed', 'Elegant Dress 789', 'Description for Elegant Dress 789. Optimized for search and performance test.', '9f7c29ed-6c6f-4c35-b4ce-8b1d9d27ca81');
INSERT INTO product_variants (id, product_id, sku, price, stock_quantity, attributes) VALUES ('f6eab226-4b0a-4541-b51d-482e186e8a02', 'd9f8787a-8f9b-4830-ae87-3ed015b3dfed', 'DRESS-789-G2-F6EA', 2692, 43, '{"color": "Gold", "size": "256GB"}');
INSERT INTO product_variants (id, product_id, sku, price, stock_quantity, attributes) VALUES ('7241c9b1-cd38-41e6-9c11-6efcb7e61908', 'd9f8787a-8f9b-4830-ae87-3ed015b3dfed', 'DRESS-789-BS-7241', 114, 107, '{"color": "Blue", "size": "S"}');
INSERT INTO product_variants (id, product_id, sku, price, stock_quantity, attributes) VALUES ('f7068ae9-3239-446c-9639-08996ce5c941', 'd9f8787a-8f9b-4830-ae87-3ed015b3dfed', 'DRESS-789-GM-F706', 3692, 138, '{"color": "Gold", "size": "M"}');
INSERT INTO products (id, name, description, category_id) VALUES ('673958df-5d76-4942-beca-fb4f8df68149', 'Pro Laptop 761', 'Description for Pro Laptop 761. Optimized for search and performance test.', '9f7c29ed-6c6f-4c35-b4ce-8b1d9d27ca81');
INSERT INTO product_variants (id, product_id, sku, price, stock_quantity, attributes) VALUES ('0d1abee0-c012-4d5b-8e60-414eb60313c3', '673958df-5d76-4942-beca-fb4f8df68149', 'LAPTOP-761-SM-0D1A', 3104, 63, '{"color": "Silver", "size": "M"}');
INSERT INTO product_variants (id, product_id, sku, price, stock_quantity, attributes) VALUES ('df5cc181-541f-4afb-9585-31faa8864b64', '673958df-5d76-4942-beca-fb4f8df68149', 'LAPTOP-761-R1-DF5C', 4891, 24, '{"color": "Red", "size": "16GB RAM"}');
INSERT INTO product_variants (id, product_id, sku, price, stock_quantity, attributes) VALUES ('805549c1-54c7-412b-8b7e-f2ac3b30a92f', '673958df-5d76-4942-beca-fb4f8df68149', 'LAPTOP-761-WX-8055', 3460, 174, '{"color": "White", "size": "XL"}');
INSERT INTO products (id, name, description, category_id) VALUES ('d7064bb7-2f0a-43f7-adcf-5e6c5da3e8ac', 'Original Dress 889', 'Description for Original Dress 889. Optimized for search and performance test.', '9f7c29ed-6c6f-4c35-b4ce-8b1d9d27ca81');
INSERT INTO product_variants (id, product_id, sku, price, stock_quantity, attributes) VALUES ('e52e313c-6d83-4cb3-a3fc-c37ec5df48ff', 'd7064bb7-2f0a-43f7-adcf-5e6c5da3e8ac', 'DRESS-889-WX-E52E', 628, 144, '{"color": "White", "size": "XXL"}');
INSERT INTO product_variants (id, product_id, sku, price, stock_quantity, attributes) VALUES ('25e95823-2177-4d8d-a753-a294e1a7143f', 'd7064bb7-2f0a-43f7-adcf-5e6c5da3e8ac', 'DRESS-889-WL-25E9', 564, 54, '{"color": "White", "size": "L"}');
INSERT INTO product_variants (id, product_id, sku, price, stock_quantity, attributes) VALUES ('26ba7855-8803-4ffb-b051-5e6e3a1de6c8', 'd7064bb7-2f0a-43f7-adcf-5e6c5da3e8ac', 'DRESS-889-B1-26BA', 1561, 165, '{"color": "Blue", "size": "16GB RAM"}');
INSERT INTO products (id, name, description, category_id) VALUES ('739d412b-8dd7-4447-a5b7-5c4eb6e76f0f', 'Pro Speaker 659', 'Description for Pro Speaker 659. Optimized for search and performance test.', '9f7c29ed-6c6f-4c35-b4ce-8b1d9d27ca81');
INSERT INTO product_variants (id, product_id, sku, price, stock_quantity, attributes) VALUES ('9a734427-19da-4507-bcf1-bb3d447dc1f1', '739d412b-8dd7-4447-a5b7-5c4eb6e76f0f', 'SPEAKER-659-BX-9A73', 228, 97, '{"color": "Black", "size": "XL"}');
INSERT INTO product_variants (id, product_id, sku, price, stock_quantity, attributes) VALUES ('9618609a-801a-4111-acbc-576b73b738c7', '739d412b-8dd7-4447-a5b7-5c4eb6e76f0f', 'SPEAKER-659-SX-9618', 3708, 66, '{"color": "Silver", "size": "XL"}');
INSERT INTO product_variants (id, product_id, sku, price, stock_quantity, attributes) VALUES ('df929c02-f40d-4f99-9533-0e3b09060519', '739d412b-8dd7-4447-a5b7-5c4eb6e76f0f', 'SPEAKER-659-GL-DF92', 4050, 38, '{"color": "Gold", "size": "L"}');
INSERT INTO products (id, name, description, category_id) VALUES ('0a412e36-006a-41f8-a698-624b268dad41', 'Premium Shirt 464', 'Description for Premium Shirt 464. Optimized for search and performance test.', '9f7c29ed-6c6f-4c35-b4ce-8b1d9d27ca81');
INSERT INTO product_variants (id, product_id, sku, price, stock_quantity, attributes) VALUES ('fa296f49-08c7-4130-971a-e49cfc2b3247', '0a412e36-006a-41f8-a698-624b268dad41', 'SHIRT-464-RS-FA29', 3570, 54, '{"color": "Red", "size": "S"}');
INSERT INTO product_variants (id, product_id, sku, price, stock_quantity, attributes) VALUES ('b20fa0fe-1eb3-4313-ab42-aae7083d7b82', '0a412e36-006a-41f8-a698-624b268dad41', 'SHIRT-464-B1-B20F', 3769, 81, '{"color": "Black", "size": "16GB RAM"}');
INSERT INTO product_variants (id, product_id, sku, price, stock_quantity, attributes) VALUES ('4663fdbb-e24b-4edb-beec-db0a932cbb4a', '0a412e36-006a-41f8-a698-624b268dad41', 'SHIRT-464-RL-4663', 1919, 128, '{"color": "Red", "size": "L"}');
INSERT INTO products (id, name, description, category_id) VALUES ('c4e6a7ba-bec8-4733-ad84-eb7f76a86d58', 'Original Camera 647', 'Description for Original Camera 647. Optimized for search and performance test.', '9f7c29ed-6c6f-4c35-b4ce-8b1d9d27ca81');
INSERT INTO product_variants (id, product_id, sku, price, stock_quantity, attributes) VALUES ('719be455-b88d-498c-8d47-d63dad33aadc', 'c4e6a7ba-bec8-4733-ad84-eb7f76a86d58', 'CAMERA-647-BM-719B', 4127, 141, '{"color": "Blue", "size": "M"}');
INSERT INTO product_variants (id, product_id, sku, price, stock_quantity, attributes) VALUES ('22f68874-91ca-400f-a9c8-73d418bf7f9f', 'c4e6a7ba-bec8-4733-ad84-eb7f76a86d58', 'CAMERA-647-B6-22F6', 2366, 56, '{"color": "Blue", "size": "64GB"}');
INSERT INTO product_variants (id, product_id, sku, price, stock_quantity, attributes) VALUES ('0531a5fd-4e8a-40cd-8004-0b443d9dbec2', 'c4e6a7ba-bec8-4733-ad84-eb7f76a86d58', 'CAMERA-647-GX-0531', 4958, 192, '{"color": "Gold", "size": "XL"}');
INSERT INTO products (id, name, description, category_id) VALUES ('2763d442-e94a-480b-a53c-13553eb5d1d1', 'Original Dress 324', 'Description for Original Dress 324. Optimized for search and performance test.', '9f7c29ed-6c6f-4c35-b4ce-8b1d9d27ca81');
INSERT INTO product_variants (id, product_id, sku, price, stock_quantity, attributes) VALUES ('1ea4ce8b-8c9b-46cc-a596-5a8b58facf40', '2763d442-e94a-480b-a53c-13553eb5d1d1', 'DRESS-324-WM-1EA4', 1975, 135, '{"color": "White", "size": "M"}');
INSERT INTO product_variants (id, product_id, sku, price, stock_quantity, attributes) VALUES ('08593b2d-1a64-4239-9a13-e00e8fce63f9', '2763d442-e94a-480b-a53c-13553eb5d1d1', 'DRESS-324-GM-0859', 3037, 164, '{"color": "Green", "size": "M"}');
INSERT INTO product_variants (id, product_id, sku, price, stock_quantity, attributes) VALUES ('3c407c96-db74-4204-bd19-bb3f12452fdc', '2763d442-e94a-480b-a53c-13553eb5d1d1', 'DRESS-324-WX-3C40', 1591, 49, '{"color": "White", "size": "XXL"}');
INSERT INTO products (id, name, description, category_id) VALUES ('fdb2672c-1a83-4598-b2af-3172c332fe8b', 'Smart Headphones 740', 'Description for Smart Headphones 740. Optimized for search and performance test.', '9f7c29ed-6c6f-4c35-b4ce-8b1d9d27ca81');
INSERT INTO product_variants (id, product_id, sku, price, stock_quantity, attributes) VALUES ('53afd834-e549-4f40-9dc6-cb4d5ce718bf', 'fdb2672c-1a83-4598-b2af-3172c332fe8b', 'HEADPHONES-740-WM-53AF', 2443, 166, '{"color": "White", "size": "M"}');
INSERT INTO product_variants (id, product_id, sku, price, stock_quantity, attributes) VALUES ('32b3e1de-a854-4d58-a01f-3b6d39954082', 'fdb2672c-1a83-4598-b2af-3172c332fe8b', 'HEADPHONES-740-B6-32B3', 2924, 161, '{"color": "Black", "size": "64GB"}');
INSERT INTO product_variants (id, product_id, sku, price, stock_quantity, attributes) VALUES ('9cd7d682-ec5a-4627-9088-ef17575b1767', 'fdb2672c-1a83-4598-b2af-3172c332fe8b', 'HEADPHONES-740-RS-9CD7', 4955, 166, '{"color": "Red", "size": "S"}');
INSERT INTO products (id, name, description, category_id) VALUES ('37fd5b1b-740c-4caa-9891-3815499d9180', 'Eco Shirt 366', 'Description for Eco Shirt 366. Optimized for search and performance test.', '9f7c29ed-6c6f-4c35-b4ce-8b1d9d27ca81');
INSERT INTO product_variants (id, product_id, sku, price, stock_quantity, attributes) VALUES ('dc3781dc-1f4e-44eb-9115-8e2c0503688d', '37fd5b1b-740c-4caa-9891-3815499d9180', 'SHIRT-366-WL-DC37', 3219, 138, '{"color": "White", "size": "L"}');
INSERT INTO product_variants (id, product_id, sku, price, stock_quantity, attributes) VALUES ('d834640b-6d80-456f-8033-758415dea071', '37fd5b1b-740c-4caa-9891-3815499d9180', 'SHIRT-366-S2-D834', 1509, 21, '{"color": "Silver", "size": "256GB"}');
INSERT INTO product_variants (id, product_id, sku, price, stock_quantity, attributes) VALUES ('e84173a4-7065-49eb-9ed4-709cb913dc6e', '37fd5b1b-740c-4caa-9891-3815499d9180', 'SHIRT-366-R8-E841', 4757, 182, '{"color": "Red", "size": "8GB RAM"}');
INSERT INTO products (id, name, description, category_id) VALUES ('5b7fdb0d-6e3a-495c-a871-2f2e12206efc', 'Premium Dress 316', 'Description for Premium Dress 316. Optimized for search and performance test.', '9f7c29ed-6c6f-4c35-b4ce-8b1d9d27ca81');
INSERT INTO product_variants (id, product_id, sku, price, stock_quantity, attributes) VALUES ('27725391-3269-430d-bf32-7218e3a4ff1f', '5b7fdb0d-6e3a-495c-a871-2f2e12206efc', 'DRESS-316-W6-2772', 1106, 54, '{"color": "White", "size": "64GB"}');
INSERT INTO product_variants (id, product_id, sku, price, stock_quantity, attributes) VALUES ('ac6f55e1-21a9-425f-8765-1d4f9f86598e', '5b7fdb0d-6e3a-495c-a871-2f2e12206efc', 'DRESS-316-SS-AC6F', 3468, 148, '{"color": "Silver", "size": "S"}');
INSERT INTO product_variants (id, product_id, sku, price, stock_quantity, attributes) VALUES ('1ab06b30-db54-426f-b26e-2241e476b0f8', '5b7fdb0d-6e3a-495c-a871-2f2e12206efc', 'DRESS-316-G8-1AB0', 689, 54, '{"color": "Green", "size": "8GB RAM"}');
INSERT INTO products (id, name, description, category_id) VALUES ('3245e2e2-5e4e-47e7-8e10-180b5397a064', 'Ultra Dress 538', 'Description for Ultra Dress 538. Optimized for search and performance test.', '9f7c29ed-6c6f-4c35-b4ce-8b1d9d27ca81');
INSERT INTO product_variants (id, product_id, sku, price, stock_quantity, attributes) VALUES ('be091cdc-07b8-4436-a83e-b04983738d79', '3245e2e2-5e4e-47e7-8e10-180b5397a064', 'DRESS-538-R6-BE09', 3645, 44, '{"color": "Red", "size": "64GB"}');
INSERT INTO product_variants (id, product_id, sku, price, stock_quantity, attributes) VALUES ('9735354f-4490-4c16-9aae-197e2be855ad', '3245e2e2-5e4e-47e7-8e10-180b5397a064', 'DRESS-538-W2-9735', 1718, 32, '{"color": "White", "size": "256GB"}');
INSERT INTO product_variants (id, product_id, sku, price, stock_quantity, attributes) VALUES ('7ff14463-64b8-43b3-b046-30eb7b3c1d44', '3245e2e2-5e4e-47e7-8e10-180b5397a064', 'DRESS-538-B1-7FF1', 1521, 53, '{"color": "Black", "size": "16GB RAM"}');
INSERT INTO products (id, name, description, category_id) VALUES ('afd4acbc-fe3b-47d5-b2fa-a59eccc899e2', 'Lite Laptop 621', 'Description for Lite Laptop 621. Optimized for search and performance test.', '9f7c29ed-6c6f-4c35-b4ce-8b1d9d27ca81');
INSERT INTO product_variants (id, product_id, sku, price, stock_quantity, attributes) VALUES ('227724e3-223a-4287-9b0c-d6d37688d8d5', 'afd4acbc-fe3b-47d5-b2fa-a59eccc899e2', 'LAPTOP-621-S1-2277', 4472, 144, '{"color": "Silver", "size": "16GB RAM"}');
INSERT INTO product_variants (id, product_id, sku, price, stock_quantity, attributes) VALUES ('682ff34f-e2cd-4139-a2d1-e7cf7c022d00', 'afd4acbc-fe3b-47d5-b2fa-a59eccc899e2', 'LAPTOP-621-GL-682F', 4527, 54, '{"color": "Green", "size": "L"}');
INSERT INTO product_variants (id, product_id, sku, price, stock_quantity, attributes) VALUES ('eced259a-b99b-4894-b7af-acb45f97767e', 'afd4acbc-fe3b-47d5-b2fa-a59eccc899e2', 'LAPTOP-621-R6-ECED', 2894, 68, '{"color": "Red", "size": "64GB"}');
INSERT INTO products (id, name, description, category_id) VALUES ('3e66e6d7-0e5e-4572-81ef-9ffbbfd48771', 'Ultra Laptop 651', 'Description for Ultra Laptop 651. Optimized for search and performance test.', '9f7c29ed-6c6f-4c35-b4ce-8b1d9d27ca81');
INSERT INTO product_variants (id, product_id, sku, price, stock_quantity, attributes) VALUES ('2a69d6b3-9450-4f40-8305-e68a765582e5', '3e66e6d7-0e5e-4572-81ef-9ffbbfd48771', 'LAPTOP-651-GL-2A69', 693, 95, '{"color": "Green", "size": "L"}');
INSERT INTO product_variants (id, product_id, sku, price, stock_quantity, attributes) VALUES ('1049966d-b51c-455f-be4e-5791d36678bf', '3e66e6d7-0e5e-4572-81ef-9ffbbfd48771', 'LAPTOP-651-B1-1049', 3623, 101, '{"color": "Black", "size": "128GB"}');
INSERT INTO product_variants (id, product_id, sku, price, stock_quantity, attributes) VALUES ('aae97ab7-27a3-4a29-8c0a-9027f533d79d', '3e66e6d7-0e5e-4572-81ef-9ffbbfd48771', 'LAPTOP-651-WS-AAE9', 2112, 181, '{"color": "White", "size": "S"}');
INSERT INTO products (id, name, description, category_id) VALUES ('aeead157-44cb-48de-9481-5e68e6f5c574', 'Eco Laptop 596', 'Description for Eco Laptop 596. Optimized for search and performance test.', '9f7c29ed-6c6f-4c35-b4ce-8b1d9d27ca81');
INSERT INTO product_variants (id, product_id, sku, price, stock_quantity, attributes) VALUES ('707732b3-2902-4f97-8f45-6aaff773cad7', 'aeead157-44cb-48de-9481-5e68e6f5c574', 'LAPTOP-596-R8-7077', 4651, 81, '{"color": "Red", "size": "8GB RAM"}');
INSERT INTO product_variants (id, product_id, sku, price, stock_quantity, attributes) VALUES ('461d7b5f-61ec-4964-ac12-6e58f79bc94b', 'aeead157-44cb-48de-9481-5e68e6f5c574', 'LAPTOP-596-G6-461D', 985, 148, '{"color": "Green", "size": "64GB"}');
INSERT INTO product_variants (id, product_id, sku, price, stock_quantity, attributes) VALUES ('20145999-a0a9-4aff-8364-317773db2056', 'aeead157-44cb-48de-9481-5e68e6f5c574', 'LAPTOP-596-GX-2014', 1647, 74, '{"color": "Green", "size": "XXL"}');
INSERT INTO products (id, name, description, category_id) VALUES ('321dd1a4-0bad-4e11-8a0e-f13824150e02', 'Ultra Laptop 710', 'Description for Ultra Laptop 710. Optimized for search and performance test.', '9f7c29ed-6c6f-4c35-b4ce-8b1d9d27ca81');
INSERT INTO product_variants (id, product_id, sku, price, stock_quantity, attributes) VALUES ('808035da-2c9a-4a38-b26c-4b5a3a5f26df', '321dd1a4-0bad-4e11-8a0e-f13824150e02', 'LAPTOP-710-R8-8080', 2346, 25, '{"color": "Red", "size": "8GB RAM"}');
INSERT INTO product_variants (id, product_id, sku, price, stock_quantity, attributes) VALUES ('4175812c-8de3-48e2-bfa0-0cdc560816a6', '321dd1a4-0bad-4e11-8a0e-f13824150e02', 'LAPTOP-710-BM-4175', 2136, 45, '{"color": "Blue", "size": "M"}');
INSERT INTO product_variants (id, product_id, sku, price, stock_quantity, attributes) VALUES ('facc4fa3-171d-45af-9a0a-81270abc87b0', '321dd1a4-0bad-4e11-8a0e-f13824150e02', 'LAPTOP-710-S2-FACC', 4731, 52, '{"color": "Silver", "size": "256GB"}');
INSERT INTO products (id, name, description, category_id) VALUES ('2c183ae9-e7d1-482f-a89d-11296a0038cc', 'Elegant Shirt 467', 'Description for Elegant Shirt 467. Optimized for search and performance test.', '9f7c29ed-6c6f-4c35-b4ce-8b1d9d27ca81');
INSERT INTO product_variants (id, product_id, sku, price, stock_quantity, attributes) VALUES ('f9aac83e-9f76-40d7-acae-6b5f032f5c9d', '2c183ae9-e7d1-482f-a89d-11296a0038cc', 'SHIRT-467-BM-F9AA', 2573, 176, '{"color": "Black", "size": "M"}');
INSERT INTO product_variants (id, product_id, sku, price, stock_quantity, attributes) VALUES ('87de5cf7-bd54-4fb7-ab76-a3fd945154ab', '2c183ae9-e7d1-482f-a89d-11296a0038cc', 'SHIRT-467-B1-87DE', 2066, 130, '{"color": "Blue", "size": "128GB"}');
INSERT INTO product_variants (id, product_id, sku, price, stock_quantity, attributes) VALUES ('230ba699-6bd2-467d-a7fd-03f09adebde1', '2c183ae9-e7d1-482f-a89d-11296a0038cc', 'SHIRT-467-BL-230B', 1499, 176, '{"color": "Blue", "size": "L"}');
INSERT INTO products (id, name, description, category_id) VALUES ('8d693383-5127-4f1e-b2a9-53d72973291c', 'Elegant Backpack 410', 'Description for Elegant Backpack 410. Optimized for search and performance test.', '9f7c29ed-6c6f-4c35-b4ce-8b1d9d27ca81');
INSERT INTO product_variants (id, product_id, sku, price, stock_quantity, attributes) VALUES ('2279a0a8-0925-4cbd-bcc8-ee0dde6a17f2', '8d693383-5127-4f1e-b2a9-53d72973291c', 'BACKPACK-410-W6-2279', 790, 191, '{"color": "White", "size": "64GB"}');
INSERT INTO product_variants (id, product_id, sku, price, stock_quantity, attributes) VALUES ('9c200d43-c734-410b-ba98-2bfc9985df36', '8d693383-5127-4f1e-b2a9-53d72973291c', 'BACKPACK-410-G2-9C20', 1471, 24, '{"color": "Green", "size": "256GB"}');
INSERT INTO product_variants (id, product_id, sku, price, stock_quantity, attributes) VALUES ('6cfcb838-271a-447c-bc3e-3ce5a0421d18', '8d693383-5127-4f1e-b2a9-53d72973291c', 'BACKPACK-410-B2-6CFC', 4372, 10, '{"color": "Blue", "size": "256GB"}');
INSERT INTO products (id, name, description, category_id) VALUES ('f278b886-2e48-486d-8f32-e0f8123e8a42', 'Smart Phone 199', 'Description for Smart Phone 199. Optimized for search and performance test.', '9f7c29ed-6c6f-4c35-b4ce-8b1d9d27ca81');
INSERT INTO product_variants (id, product_id, sku, price, stock_quantity, attributes) VALUES ('70d62864-2302-460d-87ad-29b7127f0327', 'f278b886-2e48-486d-8f32-e0f8123e8a42', 'PHONE-199-GL-70D6', 4494, 67, '{"color": "Green", "size": "L"}');
INSERT INTO product_variants (id, product_id, sku, price, stock_quantity, attributes) VALUES ('ef86a4c5-7f12-45d9-a7ec-50d9b25e64f1', 'f278b886-2e48-486d-8f32-e0f8123e8a42', 'PHONE-199-GS-EF86', 380, 154, '{"color": "Gold", "size": "S"}');
INSERT INTO product_variants (id, product_id, sku, price, stock_quantity, attributes) VALUES ('e386317d-af88-4055-b7c0-ef35383a44f6', 'f278b886-2e48-486d-8f32-e0f8123e8a42', 'PHONE-199-SM-E386', 1220, 199, '{"color": "Silver", "size": "M"}');
INSERT INTO products (id, name, description, category_id) VALUES ('8f29ab6c-dce3-4111-b718-d67d031c1cef', 'Pro Backpack 577', 'Description for Pro Backpack 577. Optimized for search and performance test.', '9f7c29ed-6c6f-4c35-b4ce-8b1d9d27ca81');
INSERT INTO product_variants (id, product_id, sku, price, stock_quantity, attributes) VALUES ('82a5e493-cdaa-48c5-8cb9-8b382b2c7f10', '8f29ab6c-dce3-4111-b718-d67d031c1cef', 'BACKPACK-577-G1-82A5', 4652, 84, '{"color": "Gold", "size": "128GB"}');
INSERT INTO product_variants (id, product_id, sku, price, stock_quantity, attributes) VALUES ('324b76ca-e5cc-4c9f-9b47-4a0e24ce7f31', '8f29ab6c-dce3-4111-b718-d67d031c1cef', 'BACKPACK-577-BS-324B', 1406, 150, '{"color": "Black", "size": "S"}');
INSERT INTO product_variants (id, product_id, sku, price, stock_quantity, attributes) VALUES ('9702cc39-85b7-489c-b6a7-dc1339887b3c', '8f29ab6c-dce3-4111-b718-d67d031c1cef', 'BACKPACK-577-G8-9702', 694, 48, '{"color": "Gold", "size": "8GB RAM"}');
INSERT INTO products (id, name, description, category_id) VALUES ('09de536b-028a-4528-9ef8-4e7cd19af6e5', 'Eco Dress 754', 'Description for Eco Dress 754. Optimized for search and performance test.', '9f7c29ed-6c6f-4c35-b4ce-8b1d9d27ca81');
INSERT INTO product_variants (id, product_id, sku, price, stock_quantity, attributes) VALUES ('ac8fe5ae-65e3-4ac7-85ad-84a1baf564a5', '09de536b-028a-4528-9ef8-4e7cd19af6e5', 'DRESS-754-G2-AC8F', 2115, 96, '{"color": "Green", "size": "256GB"}');
INSERT INTO product_variants (id, product_id, sku, price, stock_quantity, attributes) VALUES ('c8ec3910-7b5a-44bf-beca-c485bab4ab8b', '09de536b-028a-4528-9ef8-4e7cd19af6e5', 'DRESS-754-BM-C8EC', 2232, 39, '{"color": "Blue", "size": "M"}');
INSERT INTO product_variants (id, product_id, sku, price, stock_quantity, attributes) VALUES ('dc1fa867-c4c0-4b28-9d1d-e9e28238b0d9', '09de536b-028a-4528-9ef8-4e7cd19af6e5', 'DRESS-754-GL-DC1F', 4007, 85, '{"color": "Gold", "size": "L"}');
INSERT INTO products (id, name, description, category_id) VALUES ('d20a6a28-fbb4-49fc-be35-293e02503676', 'Eco Headphones 741', 'Description for Eco Headphones 741. Optimized for search and performance test.', '9f7c29ed-6c6f-4c35-b4ce-8b1d9d27ca81');
INSERT INTO product_variants (id, product_id, sku, price, stock_quantity, attributes) VALUES ('4f0063a2-38c7-4a11-b0d9-a1c562c9e9c5', 'd20a6a28-fbb4-49fc-be35-293e02503676', 'HEADPHONES-741-S1-4F00', 4112, 167, '{"color": "Silver", "size": "128GB"}');
INSERT INTO product_variants (id, product_id, sku, price, stock_quantity, attributes) VALUES ('3a386ebe-32df-40c6-b6a0-d23716afd6d8', 'd20a6a28-fbb4-49fc-be35-293e02503676', 'HEADPHONES-741-R2-3A38', 3064, 154, '{"color": "Red", "size": "256GB"}');
INSERT INTO product_variants (id, product_id, sku, price, stock_quantity, attributes) VALUES ('4eacaac9-06b6-421d-968d-c7c952f208ac', 'd20a6a28-fbb4-49fc-be35-293e02503676', 'HEADPHONES-741-RS-4EAC', 3597, 176, '{"color": "Red", "size": "S"}');
INSERT INTO products (id, name, description, category_id) VALUES ('466514f9-6971-42a9-8ca8-3d260f3aad82', 'Eco Speaker 566', 'Description for Eco Speaker 566. Optimized for search and performance test.', '9f7c29ed-6c6f-4c35-b4ce-8b1d9d27ca81');
INSERT INTO product_variants (id, product_id, sku, price, stock_quantity, attributes) VALUES ('64a1ce4c-b718-4ca3-bea0-36fbfc2f87ae', '466514f9-6971-42a9-8ca8-3d260f3aad82', 'SPEAKER-566-W8-64A1', 2710, 156, '{"color": "White", "size": "8GB RAM"}');
INSERT INTO product_variants (id, product_id, sku, price, stock_quantity, attributes) VALUES ('357f63dc-ce7a-4c58-8403-83af8ac8fc8c', '466514f9-6971-42a9-8ca8-3d260f3aad82', 'SPEAKER-566-B6-357F', 3923, 127, '{"color": "Black", "size": "64GB"}');
INSERT INTO product_variants (id, product_id, sku, price, stock_quantity, attributes) VALUES ('419e93a5-6c25-4b35-8e7d-1d64272e1a0d', '466514f9-6971-42a9-8ca8-3d260f3aad82', 'SPEAKER-566-S1-419E', 4457, 121, '{"color": "Silver", "size": "16GB RAM"}');
INSERT INTO products (id, name, description, category_id) VALUES ('63930818-f9cf-4717-982d-0d34300ac209', 'Ultra Dress 763', 'Description for Ultra Dress 763. Optimized for search and performance test.', '9f7c29ed-6c6f-4c35-b4ce-8b1d9d27ca81');
INSERT INTO product_variants (id, product_id, sku, price, stock_quantity, attributes) VALUES ('414ecd2f-ab84-4f4f-aa56-d84d76ad7c43', '63930818-f9cf-4717-982d-0d34300ac209', 'DRESS-763-B8-414E', 4931, 113, '{"color": "Blue", "size": "8GB RAM"}');
INSERT INTO product_variants (id, product_id, sku, price, stock_quantity, attributes) VALUES ('aee2d7a9-596c-4386-88eb-88d8797808d0', '63930818-f9cf-4717-982d-0d34300ac209', 'DRESS-763-GM-AEE2', 4345, 99, '{"color": "Gold", "size": "M"}');
INSERT INTO product_variants (id, product_id, sku, price, stock_quantity, attributes) VALUES ('462ffcf6-9ad9-4074-abc0-7527925b7c6b', '63930818-f9cf-4717-982d-0d34300ac209', 'DRESS-763-G8-462F', 3643, 152, '{"color": "Green", "size": "8GB RAM"}');
INSERT INTO products (id, name, description, category_id) VALUES ('c3d7c8fa-27f0-4b37-9f42-9072bdaaa686', 'Ultra Monitor 178', 'Description for Ultra Monitor 178. Optimized for search and performance test.', '9f7c29ed-6c6f-4c35-b4ce-8b1d9d27ca81');
INSERT INTO product_variants (id, product_id, sku, price, stock_quantity, attributes) VALUES ('838223f5-a755-43f8-b450-5b500d01946e', 'c3d7c8fa-27f0-4b37-9f42-9072bdaaa686', 'MONITOR-178-R1-8382', 558, 153, '{"color": "Red", "size": "16GB RAM"}');
INSERT INTO product_variants (id, product_id, sku, price, stock_quantity, attributes) VALUES ('13c692d0-b707-4570-ba81-44a117d7819d', 'c3d7c8fa-27f0-4b37-9f42-9072bdaaa686', 'MONITOR-178-S1-13C6', 3907, 195, '{"color": "Silver", "size": "16GB RAM"}');
INSERT INTO product_variants (id, product_id, sku, price, stock_quantity, attributes) VALUES ('c2159b4b-9799-411e-82ce-7a933a00c8d9', 'c3d7c8fa-27f0-4b37-9f42-9072bdaaa686', 'MONITOR-178-G8-C215', 2922, 200, '{"color": "Gold", "size": "8GB RAM"}');
INSERT INTO products (id, name, description, category_id) VALUES ('6e24edc5-aa04-44b2-84c3-a2e2b1622b2d', 'Premium Shirt 635', 'Description for Premium Shirt 635. Optimized for search and performance test.', '9f7c29ed-6c6f-4c35-b4ce-8b1d9d27ca81');
INSERT INTO product_variants (id, product_id, sku, price, stock_quantity, attributes) VALUES ('0c6dcbba-5a6d-4c34-be46-a2b96d4c73c9', '6e24edc5-aa04-44b2-84c3-a2e2b1622b2d', 'SHIRT-635-W2-0C6D', 3899, 124, '{"color": "White", "size": "256GB"}');
INSERT INTO product_variants (id, product_id, sku, price, stock_quantity, attributes) VALUES ('20ec2104-e267-4f51-b1d0-471d723bb50f', '6e24edc5-aa04-44b2-84c3-a2e2b1622b2d', 'SHIRT-635-G6-20EC', 4156, 51, '{"color": "Green", "size": "64GB"}');
INSERT INTO product_variants (id, product_id, sku, price, stock_quantity, attributes) VALUES ('f73b2aa3-656b-43c8-a3ec-c7011448d9e4', '6e24edc5-aa04-44b2-84c3-a2e2b1622b2d', 'SHIRT-635-RX-F73B', 4690, 175, '{"color": "Red", "size": "XL"}');
INSERT INTO products (id, name, description, category_id) VALUES ('07aa08de-99d5-4234-8eb1-d8a84e7ec61e', 'Smart Dress 234', 'Description for Smart Dress 234. Optimized for search and performance test.', '9f7c29ed-6c6f-4c35-b4ce-8b1d9d27ca81');
INSERT INTO product_variants (id, product_id, sku, price, stock_quantity, attributes) VALUES ('01d2e9df-e8ad-438a-a431-e0e114d5035e', '07aa08de-99d5-4234-8eb1-d8a84e7ec61e', 'DRESS-234-S6-01D2', 1299, 175, '{"color": "Silver", "size": "64GB"}');
INSERT INTO product_variants (id, product_id, sku, price, stock_quantity, attributes) VALUES ('f812918d-a622-4e7a-9ad8-4a083448154f', '07aa08de-99d5-4234-8eb1-d8a84e7ec61e', 'DRESS-234-B8-F812', 1645, 41, '{"color": "Blue", "size": "8GB RAM"}');
INSERT INTO product_variants (id, product_id, sku, price, stock_quantity, attributes) VALUES ('53d942da-fdfa-4fd8-8540-bfe9a8266ff0', '07aa08de-99d5-4234-8eb1-d8a84e7ec61e', 'DRESS-234-W6-53D9', 1913, 27, '{"color": "White", "size": "64GB"}');
INSERT INTO products (id, name, description, category_id) VALUES ('85b47503-b984-4f5d-b598-ed1e7c2e965e', 'Ultra Phone 301', 'Description for Ultra Phone 301. Optimized for search and performance test.', '9f7c29ed-6c6f-4c35-b4ce-8b1d9d27ca81');
INSERT INTO product_variants (id, product_id, sku, price, stock_quantity, attributes) VALUES ('aa35f1d2-5ba4-4630-98cb-4247b5b2a363', '85b47503-b984-4f5d-b598-ed1e7c2e965e', 'PHONE-301-G2-AA35', 3150, 47, '{"color": "Green", "size": "256GB"}');
INSERT INTO product_variants (id, product_id, sku, price, stock_quantity, attributes) VALUES ('1daba7dc-5632-46ed-8463-e77167fba1fa', '85b47503-b984-4f5d-b598-ed1e7c2e965e', 'PHONE-301-SX-1DAB', 2050, 178, '{"color": "Silver", "size": "XL"}');
INSERT INTO product_variants (id, product_id, sku, price, stock_quantity, attributes) VALUES ('539d63f5-ea37-438c-a27d-878b24fc9eec', '85b47503-b984-4f5d-b598-ed1e7c2e965e', 'PHONE-301-W2-539D', 1208, 33, '{"color": "White", "size": "256GB"}');
INSERT INTO products (id, name, description, category_id) VALUES ('6601277f-a619-42cb-a613-cbebc361e586', 'Original Camera 348', 'Description for Original Camera 348. Optimized for search and performance test.', '9f7c29ed-6c6f-4c35-b4ce-8b1d9d27ca81');
INSERT INTO product_variants (id, product_id, sku, price, stock_quantity, attributes) VALUES ('7b940749-c3a8-498d-8be8-83b67a4b3d31', '6601277f-a619-42cb-a613-cbebc361e586', 'CAMERA-348-W1-7B94', 628, 67, '{"color": "White", "size": "128GB"}');
INSERT INTO product_variants (id, product_id, sku, price, stock_quantity, attributes) VALUES ('578dd4c4-f52e-4f9c-aa2e-473b5246333e', '6601277f-a619-42cb-a613-cbebc361e586', 'CAMERA-348-B2-578D', 4695, 134, '{"color": "Blue", "size": "256GB"}');
INSERT INTO product_variants (id, product_id, sku, price, stock_quantity, attributes) VALUES ('1132ddbe-e74b-443d-89f6-bdf698711097', '6601277f-a619-42cb-a613-cbebc361e586', 'CAMERA-348-RM-1132', 4141, 70, '{"color": "Red", "size": "M"}');
INSERT INTO products (id, name, description, category_id) VALUES ('3cc702a7-a47c-4c35-8b28-9062a9c452a3', 'Lite Headphones 578', 'Description for Lite Headphones 578. Optimized for search and performance test.', '9f7c29ed-6c6f-4c35-b4ce-8b1d9d27ca81');
INSERT INTO product_variants (id, product_id, sku, price, stock_quantity, attributes) VALUES ('b574904f-c846-4417-b8d3-305d5af377de', '3cc702a7-a47c-4c35-8b28-9062a9c452a3', 'HEADPHONES-578-BS-B574', 2989, 147, '{"color": "Blue", "size": "S"}');
INSERT INTO product_variants (id, product_id, sku, price, stock_quantity, attributes) VALUES ('0278aff7-a5ff-4b7c-b28e-81810f15e51f', '3cc702a7-a47c-4c35-8b28-9062a9c452a3', 'HEADPHONES-578-W1-0278', 1901, 123, '{"color": "White", "size": "16GB RAM"}');
INSERT INTO product_variants (id, product_id, sku, price, stock_quantity, attributes) VALUES ('7a5a5f27-ac81-4ca1-8326-bdad1479f4b4', '3cc702a7-a47c-4c35-8b28-9062a9c452a3', 'HEADPHONES-578-GX-7A5A', 526, 134, '{"color": "Gold", "size": "XXL"}');
INSERT INTO products (id, name, description, category_id) VALUES ('1e835c45-7ebc-447f-95cd-d6e4a4db17ee', 'Original Table 267', 'Description for Original Table 267. Optimized for search and performance test.', '9f7c29ed-6c6f-4c35-b4ce-8b1d9d27ca81');
INSERT INTO product_variants (id, product_id, sku, price, stock_quantity, attributes) VALUES ('a13cdac4-cfcb-45b9-84ec-b1a7a190d627', '1e835c45-7ebc-447f-95cd-d6e4a4db17ee', 'TABLE-267-GL-A13C', 4098, 112, '{"color": "Gold", "size": "L"}');
INSERT INTO product_variants (id, product_id, sku, price, stock_quantity, attributes) VALUES ('0e95f646-1c27-4ed7-a0f5-48d60482451f', '1e835c45-7ebc-447f-95cd-d6e4a4db17ee', 'TABLE-267-R2-0E95', 125, 45, '{"color": "Red", "size": "256GB"}');
INSERT INTO product_variants (id, product_id, sku, price, stock_quantity, attributes) VALUES ('8e190acf-525a-4452-9230-ba7c2d2c04b3', '1e835c45-7ebc-447f-95cd-d6e4a4db17ee', 'TABLE-267-BM-8E19', 2243, 196, '{"color": "Blue", "size": "M"}');
INSERT INTO products (id, name, description, category_id) VALUES ('cda50eed-ff65-4b49-9e42-86657600660d', 'Lite Camera 959', 'Description for Lite Camera 959. Optimized for search and performance test.', '9f7c29ed-6c6f-4c35-b4ce-8b1d9d27ca81');
INSERT INTO product_variants (id, product_id, sku, price, stock_quantity, attributes) VALUES ('5fe695ba-ea9c-475b-a36b-882304ab4b83', 'cda50eed-ff65-4b49-9e42-86657600660d', 'CAMERA-959-BL-5FE6', 4129, 183, '{"color": "Black", "size": "L"}');
INSERT INTO product_variants (id, product_id, sku, price, stock_quantity, attributes) VALUES ('98a21e8b-8bab-45ab-9f0f-54482db7d89c', 'cda50eed-ff65-4b49-9e42-86657600660d', 'CAMERA-959-G2-98A2', 2203, 165, '{"color": "Gold", "size": "256GB"}');
INSERT INTO product_variants (id, product_id, sku, price, stock_quantity, attributes) VALUES ('bf6c61e7-33b7-42d4-80ba-b2c3dd594b8d', 'cda50eed-ff65-4b49-9e42-86657600660d', 'CAMERA-959-R8-BF6C', 2372, 57, '{"color": "Red", "size": "8GB RAM"}');
INSERT INTO products (id, name, description, category_id) VALUES ('1d6c7f89-73e4-42ae-b71b-7add3173d60b', 'Eco Phone 239', 'Description for Eco Phone 239. Optimized for search and performance test.', '9f7c29ed-6c6f-4c35-b4ce-8b1d9d27ca81');
INSERT INTO product_variants (id, product_id, sku, price, stock_quantity, attributes) VALUES ('a646dc43-5f58-46fd-89fd-e7767b58d1ba', '1d6c7f89-73e4-42ae-b71b-7add3173d60b', 'PHONE-239-S2-A646', 3497, 134, '{"color": "Silver", "size": "256GB"}');
INSERT INTO product_variants (id, product_id, sku, price, stock_quantity, attributes) VALUES ('bc22dce4-79d9-4e58-954d-443f9bcb53a6', '1d6c7f89-73e4-42ae-b71b-7add3173d60b', 'PHONE-239-G8-BC22', 1140, 74, '{"color": "Gold", "size": "8GB RAM"}');
INSERT INTO product_variants (id, product_id, sku, price, stock_quantity, attributes) VALUES ('53f39f57-6950-4163-8efb-0fe4c1285e03', '1d6c7f89-73e4-42ae-b71b-7add3173d60b', 'PHONE-239-BX-53F3', 396, 48, '{"color": "Blue", "size": "XXL"}');
INSERT INTO products (id, name, description, category_id) VALUES ('eaa5092d-397b-4f83-aa49-452ae3613794', 'Ultra Backpack 527', 'Description for Ultra Backpack 527. Optimized for search and performance test.', '9f7c29ed-6c6f-4c35-b4ce-8b1d9d27ca81');
INSERT INTO product_variants (id, product_id, sku, price, stock_quantity, attributes) VALUES ('b1d21e91-447d-4587-908e-a12d67875fb8', 'eaa5092d-397b-4f83-aa49-452ae3613794', 'BACKPACK-527-BX-B1D2', 290, 11, '{"color": "Blue", "size": "XXL"}');
INSERT INTO product_variants (id, product_id, sku, price, stock_quantity, attributes) VALUES ('a53730cd-00f5-4d0a-849d-5c6223e91569', 'eaa5092d-397b-4f83-aa49-452ae3613794', 'BACKPACK-527-GX-A537', 4855, 146, '{"color": "Gold", "size": "XXL"}');
INSERT INTO product_variants (id, product_id, sku, price, stock_quantity, attributes) VALUES ('0148679c-f2db-49e3-94b3-ed20592b217f', 'eaa5092d-397b-4f83-aa49-452ae3613794', 'BACKPACK-527-G8-0148', 4351, 112, '{"color": "Gold", "size": "8GB RAM"}');
INSERT INTO products (id, name, description, category_id) VALUES ('d20c5545-ca13-4f26-b438-1f174a4302f0', 'Ultra Camera 620', 'Description for Ultra Camera 620. Optimized for search and performance test.', '9f7c29ed-6c6f-4c35-b4ce-8b1d9d27ca81');
INSERT INTO product_variants (id, product_id, sku, price, stock_quantity, attributes) VALUES ('735b2b03-e6a3-44a5-b71f-7adcd0f6fd87', 'd20c5545-ca13-4f26-b438-1f174a4302f0', 'CAMERA-620-GS-735B', 4394, 165, '{"color": "Green", "size": "S"}');
INSERT INTO product_variants (id, product_id, sku, price, stock_quantity, attributes) VALUES ('1894c878-1b82-43d4-9109-a8112386dfa8', 'd20c5545-ca13-4f26-b438-1f174a4302f0', 'CAMERA-620-BL-1894', 3314, 142, '{"color": "Blue", "size": "L"}');
INSERT INTO product_variants (id, product_id, sku, price, stock_quantity, attributes) VALUES ('4d4f4b9d-3d73-4fa1-bb5c-c850d35fa863', 'd20c5545-ca13-4f26-b438-1f174a4302f0', 'CAMERA-620-RS-4D4F', 4098, 134, '{"color": "Red", "size": "S"}');
INSERT INTO products (id, name, description, category_id) VALUES ('7edf5471-4bd5-4abf-9a70-aa8e9b1d8104', 'Eco Monitor 563', 'Description for Eco Monitor 563. Optimized for search and performance test.', '9f7c29ed-6c6f-4c35-b4ce-8b1d9d27ca81');
INSERT INTO product_variants (id, product_id, sku, price, stock_quantity, attributes) VALUES ('2968266a-3692-4a3d-a1eb-a79d7783c70b', '7edf5471-4bd5-4abf-9a70-aa8e9b1d8104', 'MONITOR-563-G2-2968', 2868, 76, '{"color": "Gold", "size": "256GB"}');
INSERT INTO product_variants (id, product_id, sku, price, stock_quantity, attributes) VALUES ('40acf2ed-2318-4139-bd94-4fa54e073161', '7edf5471-4bd5-4abf-9a70-aa8e9b1d8104', 'MONITOR-563-S1-40AC', 1854, 194, '{"color": "Silver", "size": "128GB"}');
INSERT INTO product_variants (id, product_id, sku, price, stock_quantity, attributes) VALUES ('f3820244-47f8-4722-902d-0ba347964486', '7edf5471-4bd5-4abf-9a70-aa8e9b1d8104', 'MONITOR-563-R1-F382', 2779, 186, '{"color": "Red", "size": "16GB RAM"}');
INSERT INTO products (id, name, description, category_id) VALUES ('a96e5d8f-2ff4-43af-b9f6-c5be20b904c8', 'Ultra Bed 937', 'Description for Ultra Bed 937. Optimized for search and performance test.', '9f7c29ed-6c6f-4c35-b4ce-8b1d9d27ca81');
INSERT INTO product_variants (id, product_id, sku, price, stock_quantity, attributes) VALUES ('6831418b-bd27-4820-8094-239707e04d4e', 'a96e5d8f-2ff4-43af-b9f6-c5be20b904c8', 'BED-937-G6-6831', 627, 186, '{"color": "Green", "size": "64GB"}');
INSERT INTO product_variants (id, product_id, sku, price, stock_quantity, attributes) VALUES ('125165f6-acb8-4c87-9328-604078816db4', 'a96e5d8f-2ff4-43af-b9f6-c5be20b904c8', 'BED-937-W2-1251', 3222, 196, '{"color": "White", "size": "256GB"}');
INSERT INTO product_variants (id, product_id, sku, price, stock_quantity, attributes) VALUES ('215a8470-3073-400b-912d-20eb106b6e4b', 'a96e5d8f-2ff4-43af-b9f6-c5be20b904c8', 'BED-937-R1-215A', 241, 194, '{"color": "Red", "size": "128GB"}');
INSERT INTO products (id, name, description, category_id) VALUES ('565ec9c3-580d-4a50-943b-79c90876a2f7', 'Eco Dress 163', 'Description for Eco Dress 163. Optimized for search and performance test.', '9f7c29ed-6c6f-4c35-b4ce-8b1d9d27ca81');
INSERT INTO product_variants (id, product_id, sku, price, stock_quantity, attributes) VALUES ('6a3d9e07-bdd5-44c0-8144-e26df6924f1e', '565ec9c3-580d-4a50-943b-79c90876a2f7', 'DRESS-163-B6-6A3D', 4262, 191, '{"color": "Blue", "size": "64GB"}');
INSERT INTO product_variants (id, product_id, sku, price, stock_quantity, attributes) VALUES ('4f84bce4-5a01-428b-99f3-526aa042980c', '565ec9c3-580d-4a50-943b-79c90876a2f7', 'DRESS-163-B2-4F84', 4505, 118, '{"color": "Blue", "size": "256GB"}');
INSERT INTO product_variants (id, product_id, sku, price, stock_quantity, attributes) VALUES ('173a39cf-d2b5-4149-8b8c-a8e448966992', '565ec9c3-580d-4a50-943b-79c90876a2f7', 'DRESS-163-BS-173A', 1622, 39, '{"color": "Blue", "size": "S"}');
INSERT INTO products (id, name, description, category_id) VALUES ('21a440cb-058a-4b33-9461-12897792b0a3', 'Pro Laptop 257', 'Description for Pro Laptop 257. Optimized for search and performance test.', '9f7c29ed-6c6f-4c35-b4ce-8b1d9d27ca81');
INSERT INTO product_variants (id, product_id, sku, price, stock_quantity, attributes) VALUES ('5239dcb6-34b7-458a-93c9-5f722c19efaf', '21a440cb-058a-4b33-9461-12897792b0a3', 'LAPTOP-257-G1-5239', 1568, 88, '{"color": "Gold", "size": "128GB"}');
INSERT INTO product_variants (id, product_id, sku, price, stock_quantity, attributes) VALUES ('b8f40665-1f21-4494-ae39-ec288d9df3ae', '21a440cb-058a-4b33-9461-12897792b0a3', 'LAPTOP-257-WL-B8F4', 838, 112, '{"color": "White", "size": "L"}');
INSERT INTO product_variants (id, product_id, sku, price, stock_quantity, attributes) VALUES ('09cc9c28-aeed-4ae3-bc9c-e89251da0f37', '21a440cb-058a-4b33-9461-12897792b0a3', 'LAPTOP-257-BX-09CC', 1915, 22, '{"color": "Black", "size": "XXL"}');
INSERT INTO products (id, name, description, category_id) VALUES ('a33088a0-f95c-408e-a75e-99a670aa94c2', 'Pro Bed 998', 'Description for Pro Bed 998. Optimized for search and performance test.', '9f7c29ed-6c6f-4c35-b4ce-8b1d9d27ca81');
INSERT INTO product_variants (id, product_id, sku, price, stock_quantity, attributes) VALUES ('74c377cd-4f0f-4255-aab2-a3f442e3f54a', 'a33088a0-f95c-408e-a75e-99a670aa94c2', 'BED-998-GS-74C3', 2760, 174, '{"color": "Gold", "size": "S"}');
INSERT INTO product_variants (id, product_id, sku, price, stock_quantity, attributes) VALUES ('a7ebcb0b-f29f-4003-9324-a6d399d6c322', 'a33088a0-f95c-408e-a75e-99a670aa94c2', 'BED-998-B1-A7EB', 4472, 76, '{"color": "Blue", "size": "16GB RAM"}');
INSERT INTO product_variants (id, product_id, sku, price, stock_quantity, attributes) VALUES ('212d1e68-dda6-4bd3-bb9c-d7357bdd3820', 'a33088a0-f95c-408e-a75e-99a670aa94c2', 'BED-998-SX-212D', 2871, 164, '{"color": "Silver", "size": "XL"}');
INSERT INTO products (id, name, description, category_id) VALUES ('d2d4e08a-dc9b-4362-9df7-ba92a9733045', 'Elegant Laptop 197', 'Description for Elegant Laptop 197. Optimized for search and performance test.', '9f7c29ed-6c6f-4c35-b4ce-8b1d9d27ca81');
INSERT INTO product_variants (id, product_id, sku, price, stock_quantity, attributes) VALUES ('b7dcff35-b4aa-4f92-a045-2fd1ce8eb812', 'd2d4e08a-dc9b-4362-9df7-ba92a9733045', 'LAPTOP-197-WS-B7DC', 3809, 150, '{"color": "White", "size": "S"}');
INSERT INTO product_variants (id, product_id, sku, price, stock_quantity, attributes) VALUES ('22099eb6-033b-4c36-92cc-e75b6c628d4a', 'd2d4e08a-dc9b-4362-9df7-ba92a9733045', 'LAPTOP-197-SL-2209', 3666, 179, '{"color": "Silver", "size": "L"}');
INSERT INTO product_variants (id, product_id, sku, price, stock_quantity, attributes) VALUES ('38492bbb-9a9a-49f6-b370-6f6acecffe1c', 'd2d4e08a-dc9b-4362-9df7-ba92a9733045', 'LAPTOP-197-G1-3849', 526, 59, '{"color": "Gold", "size": "16GB RAM"}');
INSERT INTO products (id, name, description, category_id) VALUES ('ef2d5fb8-7f89-4629-a988-882bc14f8a21', 'Lite Backpack 515', 'Description for Lite Backpack 515. Optimized for search and performance test.', '9f7c29ed-6c6f-4c35-b4ce-8b1d9d27ca81');
INSERT INTO product_variants (id, product_id, sku, price, stock_quantity, attributes) VALUES ('d08b5fe3-9a7b-47b4-9561-97426beed8dc', 'ef2d5fb8-7f89-4629-a988-882bc14f8a21', 'BACKPACK-515-RS-D08B', 1073, 27, '{"color": "Red", "size": "S"}');
INSERT INTO product_variants (id, product_id, sku, price, stock_quantity, attributes) VALUES ('62051092-ab0a-4fb3-b72c-fb989235fae9', 'ef2d5fb8-7f89-4629-a988-882bc14f8a21', 'BACKPACK-515-WM-6205', 2672, 63, '{"color": "White", "size": "M"}');
INSERT INTO product_variants (id, product_id, sku, price, stock_quantity, attributes) VALUES ('4df6408c-be9d-4190-ad12-2f02e5626d70', 'ef2d5fb8-7f89-4629-a988-882bc14f8a21', 'BACKPACK-515-RL-4DF6', 3120, 124, '{"color": "Red", "size": "L"}');
INSERT INTO products (id, name, description, category_id) VALUES ('d39f7df4-102e-466e-a0a4-cc4ffe659afd', 'Premium Headphones 685', 'Description for Premium Headphones 685. Optimized for search and performance test.', '81618c8d-0faf-4b6c-8302-39a1734d9450');
INSERT INTO product_variants (id, product_id, sku, price, stock_quantity, attributes) VALUES ('0e1da864-576b-4115-bd51-e3c595bb5320', 'd39f7df4-102e-466e-a0a4-cc4ffe659afd', 'HEADPHONES-685-BM-0E1D', 3914, 192, '{"color": "Black", "size": "M"}');
INSERT INTO product_variants (id, product_id, sku, price, stock_quantity, attributes) VALUES ('7ee26f84-f74f-4c11-8bdd-d600661e5c69', 'd39f7df4-102e-466e-a0a4-cc4ffe659afd', 'HEADPHONES-685-GX-7EE2', 4836, 92, '{"color": "Green", "size": "XXL"}');
INSERT INTO product_variants (id, product_id, sku, price, stock_quantity, attributes) VALUES ('f055a224-ec4b-41b3-9eb5-4350a4a3efbc', 'd39f7df4-102e-466e-a0a4-cc4ffe659afd', 'HEADPHONES-685-W1-F055', 983, 68, '{"color": "White", "size": "128GB"}');
INSERT INTO products (id, name, description, category_id) VALUES ('feae19d5-25ef-45fc-ad01-2bbad6dfc75d', 'Original Phone 725', 'Description for Original Phone 725. Optimized for search and performance test.', '81618c8d-0faf-4b6c-8302-39a1734d9450');
INSERT INTO product_variants (id, product_id, sku, price, stock_quantity, attributes) VALUES ('9a77788e-99b6-4554-ae1d-62304f6bdd07', 'feae19d5-25ef-45fc-ad01-2bbad6dfc75d', 'PHONE-725-GL-9A77', 1349, 50, '{"color": "Green", "size": "L"}');
INSERT INTO product_variants (id, product_id, sku, price, stock_quantity, attributes) VALUES ('39c7d329-9103-4bbf-befc-778cf9d9a0ed', 'feae19d5-25ef-45fc-ad01-2bbad6dfc75d', 'PHONE-725-W8-39C7', 1808, 52, '{"color": "White", "size": "8GB RAM"}');
INSERT INTO product_variants (id, product_id, sku, price, stock_quantity, attributes) VALUES ('0975e229-986e-4242-92f9-a17ee3551853', 'feae19d5-25ef-45fc-ad01-2bbad6dfc75d', 'PHONE-725-G1-0975', 1926, 128, '{"color": "Green", "size": "128GB"}');
INSERT INTO products (id, name, description, category_id) VALUES ('8f64338c-43f7-4348-b9d3-6eb064b03e21', 'Smart Table 792', 'Description for Smart Table 792. Optimized for search and performance test.', '81618c8d-0faf-4b6c-8302-39a1734d9450');
INSERT INTO product_variants (id, product_id, sku, price, stock_quantity, attributes) VALUES ('4b041d16-9efa-4275-93f8-72c5226d1917', '8f64338c-43f7-4348-b9d3-6eb064b03e21', 'TABLE-792-R6-4B04', 2341, 36, '{"color": "Red", "size": "64GB"}');
INSERT INTO product_variants (id, product_id, sku, price, stock_quantity, attributes) VALUES ('7e620d85-c985-42ae-965f-77ad0f00bb02', '8f64338c-43f7-4348-b9d3-6eb064b03e21', 'TABLE-792-BM-7E62', 1897, 149, '{"color": "Black", "size": "M"}');
INSERT INTO product_variants (id, product_id, sku, price, stock_quantity, attributes) VALUES ('3de731e3-6cde-452c-ac19-b0c9061ed79d', '8f64338c-43f7-4348-b9d3-6eb064b03e21', 'TABLE-792-G1-3DE7', 2734, 30, '{"color": "Green", "size": "128GB"}');
INSERT INTO products (id, name, description, category_id) VALUES ('1b88c36d-5e5f-459b-9fbf-cdee3e97bb10', 'Original Camera 470', 'Description for Original Camera 470. Optimized for search and performance test.', '81618c8d-0faf-4b6c-8302-39a1734d9450');
INSERT INTO product_variants (id, product_id, sku, price, stock_quantity, attributes) VALUES ('a881d016-4d4e-44b7-99a8-0aed1df49230', '1b88c36d-5e5f-459b-9fbf-cdee3e97bb10', 'CAMERA-470-WM-A881', 446, 145, '{"color": "White", "size": "M"}');
INSERT INTO product_variants (id, product_id, sku, price, stock_quantity, attributes) VALUES ('30e9c9bb-cfba-47cf-8ebb-08dc689b46a0', '1b88c36d-5e5f-459b-9fbf-cdee3e97bb10', 'CAMERA-470-B6-30E9', 2200, 170, '{"color": "Blue", "size": "64GB"}');
INSERT INTO product_variants (id, product_id, sku, price, stock_quantity, attributes) VALUES ('6b0909a9-930f-40dd-9fcf-8a134e07d57f', '1b88c36d-5e5f-459b-9fbf-cdee3e97bb10', 'CAMERA-470-RS-6B09', 1715, 137, '{"color": "Red", "size": "S"}');
INSERT INTO products (id, name, description, category_id) VALUES ('22d518d1-e9fc-4e0e-8b77-383490ca04e6', 'Ultra Laptop 126', 'Description for Ultra Laptop 126. Optimized for search and performance test.', '81618c8d-0faf-4b6c-8302-39a1734d9450');
INSERT INTO product_variants (id, product_id, sku, price, stock_quantity, attributes) VALUES ('fb57dd16-20c9-40aa-b269-d3604873a847', '22d518d1-e9fc-4e0e-8b77-383490ca04e6', 'LAPTOP-126-W2-FB57', 2005, 34, '{"color": "White", "size": "256GB"}');
INSERT INTO product_variants (id, product_id, sku, price, stock_quantity, attributes) VALUES ('5c83ef7f-c020-473b-abeb-8660b3909b6c', '22d518d1-e9fc-4e0e-8b77-383490ca04e6', 'LAPTOP-126-G8-5C83', 3728, 94, '{"color": "Green", "size": "8GB RAM"}');
INSERT INTO product_variants (id, product_id, sku, price, stock_quantity, attributes) VALUES ('d584bc5f-3dcd-447a-bb3d-5ed1ae47c080', '22d518d1-e9fc-4e0e-8b77-383490ca04e6', 'LAPTOP-126-WL-D584', 3114, 89, '{"color": "White", "size": "L"}');
INSERT INTO products (id, name, description, category_id) VALUES ('d24c9e06-0629-4061-b05e-46b1e745010b', 'Original Phone 829', 'Description for Original Phone 829. Optimized for search and performance test.', '81618c8d-0faf-4b6c-8302-39a1734d9450');
INSERT INTO product_variants (id, product_id, sku, price, stock_quantity, attributes) VALUES ('82f4f054-a81a-40f6-9b1f-1e94717f27ae', 'd24c9e06-0629-4061-b05e-46b1e745010b', 'PHONE-829-SX-82F4', 2929, 103, '{"color": "Silver", "size": "XXL"}');
INSERT INTO product_variants (id, product_id, sku, price, stock_quantity, attributes) VALUES ('caf3ab1d-3d96-49f8-8b07-3483683ea41e', 'd24c9e06-0629-4061-b05e-46b1e745010b', 'PHONE-829-B8-CAF3', 1239, 198, '{"color": "Black", "size": "8GB RAM"}');
INSERT INTO product_variants (id, product_id, sku, price, stock_quantity, attributes) VALUES ('c14d83d0-3bcc-41e2-8f4e-f55fd0020a98', 'd24c9e06-0629-4061-b05e-46b1e745010b', 'PHONE-829-R8-C14D', 3836, 95, '{"color": "Red", "size": "8GB RAM"}');
INSERT INTO products (id, name, description, category_id) VALUES ('800151a1-ba26-4a17-b64a-ddd9f63f4871', 'Lite Shirt 595', 'Description for Lite Shirt 595. Optimized for search and performance test.', '81618c8d-0faf-4b6c-8302-39a1734d9450');
INSERT INTO product_variants (id, product_id, sku, price, stock_quantity, attributes) VALUES ('56acb586-56be-46c5-8eb0-0846670c5384', '800151a1-ba26-4a17-b64a-ddd9f63f4871', 'SHIRT-595-WX-56AC', 4202, 137, '{"color": "White", "size": "XL"}');
INSERT INTO product_variants (id, product_id, sku, price, stock_quantity, attributes) VALUES ('ad0a85d9-8aa6-4aba-87f1-c1377f5f5689', '800151a1-ba26-4a17-b64a-ddd9f63f4871', 'SHIRT-595-G1-AD0A', 3439, 10, '{"color": "Green", "size": "128GB"}');
INSERT INTO product_variants (id, product_id, sku, price, stock_quantity, attributes) VALUES ('55785ba5-8e30-411f-bbb5-099179a08ab9', '800151a1-ba26-4a17-b64a-ddd9f63f4871', 'SHIRT-595-BL-5578', 140, 165, '{"color": "Blue", "size": "L"}');
INSERT INTO products (id, name, description, category_id) VALUES ('51e9c159-7ca9-4024-a79f-423d08052d60', 'Pro Headphones 106', 'Description for Pro Headphones 106. Optimized for search and performance test.', '81618c8d-0faf-4b6c-8302-39a1734d9450');
INSERT INTO product_variants (id, product_id, sku, price, stock_quantity, attributes) VALUES ('ac4365c4-4e2e-4aa7-9fb1-c1b157103a79', '51e9c159-7ca9-4024-a79f-423d08052d60', 'HEADPHONES-106-R8-AC43', 2001, 170, '{"color": "Red", "size": "8GB RAM"}');
INSERT INTO product_variants (id, product_id, sku, price, stock_quantity, attributes) VALUES ('08a2ecef-e08f-4ada-a91b-044f982e64ee', '51e9c159-7ca9-4024-a79f-423d08052d60', 'HEADPHONES-106-S2-08A2', 2442, 143, '{"color": "Silver", "size": "256GB"}');
INSERT INTO product_variants (id, product_id, sku, price, stock_quantity, attributes) VALUES ('ffeeb4b0-d925-4c84-956d-16671a746a7f', '51e9c159-7ca9-4024-a79f-423d08052d60', 'HEADPHONES-106-GX-FFEE', 1767, 132, '{"color": "Green", "size": "XXL"}');
INSERT INTO products (id, name, description, category_id) VALUES ('2268b0a8-2fdf-463a-9cd3-2ac3257eb5bc', 'Ultra Backpack 298', 'Description for Ultra Backpack 298. Optimized for search and performance test.', '81618c8d-0faf-4b6c-8302-39a1734d9450');
INSERT INTO product_variants (id, product_id, sku, price, stock_quantity, attributes) VALUES ('53a7367e-6e19-4eb6-9429-5e6e54629247', '2268b0a8-2fdf-463a-9cd3-2ac3257eb5bc', 'BACKPACK-298-G6-53A7', 2762, 137, '{"color": "Green", "size": "64GB"}');
INSERT INTO product_variants (id, product_id, sku, price, stock_quantity, attributes) VALUES ('4c60f903-1f58-4b1b-8e36-03c24d351ff3', '2268b0a8-2fdf-463a-9cd3-2ac3257eb5bc', 'BACKPACK-298-RX-4C60', 1123, 11, '{"color": "Red", "size": "XXL"}');
INSERT INTO product_variants (id, product_id, sku, price, stock_quantity, attributes) VALUES ('4e1db844-02f1-440d-ba43-17b3f55dbbc0', '2268b0a8-2fdf-463a-9cd3-2ac3257eb5bc', 'BACKPACK-298-BS-4E1D', 1549, 166, '{"color": "Blue", "size": "S"}');
INSERT INTO products (id, name, description, category_id) VALUES ('3bd7eab4-58b3-4720-b6ee-52db8b40a7cb', 'Premium Speaker 550', 'Description for Premium Speaker 550. Optimized for search and performance test.', '81618c8d-0faf-4b6c-8302-39a1734d9450');
INSERT INTO product_variants (id, product_id, sku, price, stock_quantity, attributes) VALUES ('09918477-20d2-4e04-832e-cd321c0144df', '3bd7eab4-58b3-4720-b6ee-52db8b40a7cb', 'SPEAKER-550-B1-0991', 4992, 63, '{"color": "Black", "size": "16GB RAM"}');
INSERT INTO product_variants (id, product_id, sku, price, stock_quantity, attributes) VALUES ('e11e178d-0f83-4de1-9c3f-1ff89b1bee9e', '3bd7eab4-58b3-4720-b6ee-52db8b40a7cb', 'SPEAKER-550-BL-E11E', 1472, 196, '{"color": "Black", "size": "L"}');
INSERT INTO product_variants (id, product_id, sku, price, stock_quantity, attributes) VALUES ('b6978ff5-774e-4828-9a15-06cf96fe4f75', '3bd7eab4-58b3-4720-b6ee-52db8b40a7cb', 'SPEAKER-550-R1-B697', 3768, 176, '{"color": "Red", "size": "128GB"}');
INSERT INTO products (id, name, description, category_id) VALUES ('18a127f4-8974-486d-9c22-4f766412a063', 'Original Camera 876', 'Description for Original Camera 876. Optimized for search and performance test.', '81618c8d-0faf-4b6c-8302-39a1734d9450');
INSERT INTO product_variants (id, product_id, sku, price, stock_quantity, attributes) VALUES ('5fa9e981-2ab1-47e4-8330-a184149ba46e', '18a127f4-8974-486d-9c22-4f766412a063', 'CAMERA-876-SL-5FA9', 1386, 186, '{"color": "Silver", "size": "L"}');
INSERT INTO product_variants (id, product_id, sku, price, stock_quantity, attributes) VALUES ('1f22c656-bd42-404a-932d-bf9338f195a6', '18a127f4-8974-486d-9c22-4f766412a063', 'CAMERA-876-W2-1F22', 2606, 17, '{"color": "White", "size": "256GB"}');
INSERT INTO product_variants (id, product_id, sku, price, stock_quantity, attributes) VALUES ('176afef5-551b-4714-a98e-184a78cc5c4e', '18a127f4-8974-486d-9c22-4f766412a063', 'CAMERA-876-RX-176A', 3923, 138, '{"color": "Red", "size": "XXL"}');
INSERT INTO products (id, name, description, category_id) VALUES ('b5bd30f8-8e4d-4116-98f9-0261f59238c8', 'Original Monitor 814', 'Description for Original Monitor 814. Optimized for search and performance test.', '81618c8d-0faf-4b6c-8302-39a1734d9450');
INSERT INTO product_variants (id, product_id, sku, price, stock_quantity, attributes) VALUES ('d8f0a5c7-ab53-4a70-8025-b662f65b0825', 'b5bd30f8-8e4d-4116-98f9-0261f59238c8', 'MONITOR-814-G2-D8F0', 2750, 12, '{"color": "Gold", "size": "256GB"}');
INSERT INTO product_variants (id, product_id, sku, price, stock_quantity, attributes) VALUES ('b38da1db-56bf-4e87-af7d-444f0336cba9', 'b5bd30f8-8e4d-4116-98f9-0261f59238c8', 'MONITOR-814-B2-B38D', 1045, 192, '{"color": "Blue", "size": "256GB"}');
INSERT INTO product_variants (id, product_id, sku, price, stock_quantity, attributes) VALUES ('462bee21-5643-4a08-8614-afc7b753a0b4', 'b5bd30f8-8e4d-4116-98f9-0261f59238c8', 'MONITOR-814-SX-462B', 2036, 58, '{"color": "Silver", "size": "XL"}');
INSERT INTO products (id, name, description, category_id) VALUES ('70b2ab54-116b-43c9-af40-8efab452b6a9', 'Smart Laptop 277', 'Description for Smart Laptop 277. Optimized for search and performance test.', '81618c8d-0faf-4b6c-8302-39a1734d9450');
INSERT INTO product_variants (id, product_id, sku, price, stock_quantity, attributes) VALUES ('aea09b0d-273b-4ab2-9e83-28faa4854383', '70b2ab54-116b-43c9-af40-8efab452b6a9', 'LAPTOP-277-WL-AEA0', 2879, 82, '{"color": "White", "size": "L"}');
INSERT INTO product_variants (id, product_id, sku, price, stock_quantity, attributes) VALUES ('4cfb883b-49f3-406c-a7f4-b223b694ef84', '70b2ab54-116b-43c9-af40-8efab452b6a9', 'LAPTOP-277-S8-4CFB', 2309, 155, '{"color": "Silver", "size": "8GB RAM"}');
INSERT INTO product_variants (id, product_id, sku, price, stock_quantity, attributes) VALUES ('24032c73-e060-4ef2-bf75-5a68488d1b4e', '70b2ab54-116b-43c9-af40-8efab452b6a9', 'LAPTOP-277-GX-2403', 170, 13, '{"color": "Gold", "size": "XL"}');
INSERT INTO products (id, name, description, category_id) VALUES ('9b63a13c-f6b5-4372-b0bb-f82353774733', 'Eco Speaker 911', 'Description for Eco Speaker 911. Optimized for search and performance test.', '81618c8d-0faf-4b6c-8302-39a1734d9450');
INSERT INTO product_variants (id, product_id, sku, price, stock_quantity, attributes) VALUES ('2d3036e9-2e63-4cc7-b99b-3a980b2d5b2b', '9b63a13c-f6b5-4372-b0bb-f82353774733', 'SPEAKER-911-BL-2D30', 1225, 88, '{"color": "Black", "size": "L"}');
INSERT INTO product_variants (id, product_id, sku, price, stock_quantity, attributes) VALUES ('5f8eeb96-c122-4481-bc2c-b97e0b7c241b', '9b63a13c-f6b5-4372-b0bb-f82353774733', 'SPEAKER-911-G1-5F8E', 816, 137, '{"color": "Gold", "size": "128GB"}');
INSERT INTO product_variants (id, product_id, sku, price, stock_quantity, attributes) VALUES ('24588f60-7e9c-4ce4-8d34-e7046dc12bd8', '9b63a13c-f6b5-4372-b0bb-f82353774733', 'SPEAKER-911-S2-2458', 4090, 15, '{"color": "Silver", "size": "256GB"}');
INSERT INTO products (id, name, description, category_id) VALUES ('64dccac5-0864-4ace-b60f-2ff23c5cdf2b', 'Smart Backpack 431', 'Description for Smart Backpack 431. Optimized for search and performance test.', '81618c8d-0faf-4b6c-8302-39a1734d9450');
INSERT INTO product_variants (id, product_id, sku, price, stock_quantity, attributes) VALUES ('de3ffffb-bf54-4541-8438-7652d5f65e01', '64dccac5-0864-4ace-b60f-2ff23c5cdf2b', 'BACKPACK-431-RM-DE3F', 2688, 76, '{"color": "Red", "size": "M"}');
INSERT INTO product_variants (id, product_id, sku, price, stock_quantity, attributes) VALUES ('9c28be4d-fb78-454a-9f17-5c6cf6e7abb4', '64dccac5-0864-4ace-b60f-2ff23c5cdf2b', 'BACKPACK-431-B1-9C28', 3904, 148, '{"color": "Black", "size": "128GB"}');
INSERT INTO product_variants (id, product_id, sku, price, stock_quantity, attributes) VALUES ('9ca877ea-e5ce-4832-b18b-a7d56e16a53d', '64dccac5-0864-4ace-b60f-2ff23c5cdf2b', 'BACKPACK-431-RS-9CA8', 352, 138, '{"color": "Red", "size": "S"}');
INSERT INTO products (id, name, description, category_id) VALUES ('04ef08e1-0538-46dd-ae56-9e07317b990c', 'Original Shirt 683', 'Description for Original Shirt 683. Optimized for search and performance test.', '81618c8d-0faf-4b6c-8302-39a1734d9450');
INSERT INTO product_variants (id, product_id, sku, price, stock_quantity, attributes) VALUES ('5717d9c8-d9e7-4fec-b9a2-b16a36f6cd81', '04ef08e1-0538-46dd-ae56-9e07317b990c', 'SHIRT-683-BS-5717', 4736, 108, '{"color": "Blue", "size": "S"}');
INSERT INTO product_variants (id, product_id, sku, price, stock_quantity, attributes) VALUES ('d1cb60c7-faf0-4a1a-a13f-c6cd147cd1f7', '04ef08e1-0538-46dd-ae56-9e07317b990c', 'SHIRT-683-W6-D1CB', 2132, 96, '{"color": "White", "size": "64GB"}');
INSERT INTO product_variants (id, product_id, sku, price, stock_quantity, attributes) VALUES ('761ee14c-481b-49c6-bd71-db6d276c609d', '04ef08e1-0538-46dd-ae56-9e07317b990c', 'SHIRT-683-R8-761E', 2531, 189, '{"color": "Red", "size": "8GB RAM"}');
INSERT INTO products (id, name, description, category_id) VALUES ('986106de-10bb-4b0d-8954-89a0f8f148fa', 'Elegant Bed 824', 'Description for Elegant Bed 824. Optimized for search and performance test.', '81618c8d-0faf-4b6c-8302-39a1734d9450');
INSERT INTO product_variants (id, product_id, sku, price, stock_quantity, attributes) VALUES ('b0da112d-7112-4af3-8d89-b7af8e8cc97e', '986106de-10bb-4b0d-8954-89a0f8f148fa', 'BED-824-BS-B0DA', 1079, 110, '{"color": "Black", "size": "S"}');
INSERT INTO product_variants (id, product_id, sku, price, stock_quantity, attributes) VALUES ('1d5c8784-2a11-4805-accb-8d534cc3f1c9', '986106de-10bb-4b0d-8954-89a0f8f148fa', 'BED-824-BX-1D5C', 2569, 77, '{"color": "Blue", "size": "XXL"}');
INSERT INTO product_variants (id, product_id, sku, price, stock_quantity, attributes) VALUES ('0d3f7add-7f5c-454e-943e-b23bd1bd0e9e', '986106de-10bb-4b0d-8954-89a0f8f148fa', 'BED-824-WX-0D3F', 205, 168, '{"color": "White", "size": "XL"}');
INSERT INTO products (id, name, description, category_id) VALUES ('d710f07f-24ce-46c9-b70e-b1caba3ccd07', 'Eco Dress 947', 'Description for Eco Dress 947. Optimized for search and performance test.', '81618c8d-0faf-4b6c-8302-39a1734d9450');
INSERT INTO product_variants (id, product_id, sku, price, stock_quantity, attributes) VALUES ('e6305a6c-75bd-4737-a02f-254681b40360', 'd710f07f-24ce-46c9-b70e-b1caba3ccd07', 'DRESS-947-B1-E630', 2717, 33, '{"color": "Blue", "size": "16GB RAM"}');
INSERT INTO product_variants (id, product_id, sku, price, stock_quantity, attributes) VALUES ('510beafc-1082-456a-a905-3aba09ffb372', 'd710f07f-24ce-46c9-b70e-b1caba3ccd07', 'DRESS-947-RX-510B', 1300, 129, '{"color": "Red", "size": "XXL"}');
INSERT INTO product_variants (id, product_id, sku, price, stock_quantity, attributes) VALUES ('e3fb9d8d-006d-4520-9f23-13248d8858c4', 'd710f07f-24ce-46c9-b70e-b1caba3ccd07', 'DRESS-947-B2-E3FB', 2969, 167, '{"color": "Blue", "size": "256GB"}');
INSERT INTO products (id, name, description, category_id) VALUES ('6c626ef8-4e50-4915-a13d-3ab2093d5501', 'Smart Laptop 969', 'Description for Smart Laptop 969. Optimized for search and performance test.', '81618c8d-0faf-4b6c-8302-39a1734d9450');
INSERT INTO product_variants (id, product_id, sku, price, stock_quantity, attributes) VALUES ('f13eee22-c134-4377-abca-c3798bcf6afc', '6c626ef8-4e50-4915-a13d-3ab2093d5501', 'LAPTOP-969-G8-F13E', 1110, 85, '{"color": "Gold", "size": "8GB RAM"}');
INSERT INTO product_variants (id, product_id, sku, price, stock_quantity, attributes) VALUES ('cfd4746e-ccbe-4f2e-bd41-4f9acc44f61e', '6c626ef8-4e50-4915-a13d-3ab2093d5501', 'LAPTOP-969-G1-CFD4', 855, 19, '{"color": "Green", "size": "16GB RAM"}');
INSERT INTO product_variants (id, product_id, sku, price, stock_quantity, attributes) VALUES ('47f67aca-8e74-44b6-8e0b-b0a34bc33483', '6c626ef8-4e50-4915-a13d-3ab2093d5501', 'LAPTOP-969-SX-47F6', 1848, 131, '{"color": "Silver", "size": "XL"}');
INSERT INTO products (id, name, description, category_id) VALUES ('8eed05b8-fc2e-4930-874e-a616d9b70840', 'Smart Backpack 313', 'Description for Smart Backpack 313. Optimized for search and performance test.', '81618c8d-0faf-4b6c-8302-39a1734d9450');
INSERT INTO product_variants (id, product_id, sku, price, stock_quantity, attributes) VALUES ('cf5be289-54f8-41ef-aa30-5b601a69f166', '8eed05b8-fc2e-4930-874e-a616d9b70840', 'BACKPACK-313-B2-CF5B', 2358, 177, '{"color": "Blue", "size": "256GB"}');
INSERT INTO product_variants (id, product_id, sku, price, stock_quantity, attributes) VALUES ('e008b59b-702f-49d0-8e5e-46e15f5f0626', '8eed05b8-fc2e-4930-874e-a616d9b70840', 'BACKPACK-313-S1-E008', 2382, 113, '{"color": "Silver", "size": "16GB RAM"}');
INSERT INTO product_variants (id, product_id, sku, price, stock_quantity, attributes) VALUES ('c47f8afe-23bb-4b81-a47c-b6c84c0589fb', '8eed05b8-fc2e-4930-874e-a616d9b70840', 'BACKPACK-313-W1-C47F', 1935, 199, '{"color": "White", "size": "16GB RAM"}');
INSERT INTO products (id, name, description, category_id) VALUES ('be0c1c6d-fa17-45e6-b2fb-c728a6c096f3', 'Smart Phone 722', 'Description for Smart Phone 722. Optimized for search and performance test.', '81618c8d-0faf-4b6c-8302-39a1734d9450');
INSERT INTO product_variants (id, product_id, sku, price, stock_quantity, attributes) VALUES ('9aaead61-9dff-452f-aa20-30f3483fcdf5', 'be0c1c6d-fa17-45e6-b2fb-c728a6c096f3', 'PHONE-722-B2-9AAE', 4989, 120, '{"color": "Black", "size": "256GB"}');
INSERT INTO product_variants (id, product_id, sku, price, stock_quantity, attributes) VALUES ('18abd26e-be6c-4847-beb6-349759b953eb', 'be0c1c6d-fa17-45e6-b2fb-c728a6c096f3', 'PHONE-722-BL-18AB', 3487, 149, '{"color": "Blue", "size": "L"}');
INSERT INTO product_variants (id, product_id, sku, price, stock_quantity, attributes) VALUES ('db5c20dc-8547-4a84-83af-3cb2a63df901', 'be0c1c6d-fa17-45e6-b2fb-c728a6c096f3', 'PHONE-722-B6-DB5C', 3172, 98, '{"color": "Black", "size": "64GB"}');
INSERT INTO products (id, name, description, category_id) VALUES ('a4083fe7-65f2-474f-a2e2-5570b1282db0', 'Ultra Bed 288', 'Description for Ultra Bed 288. Optimized for search and performance test.', '81618c8d-0faf-4b6c-8302-39a1734d9450');
INSERT INTO product_variants (id, product_id, sku, price, stock_quantity, attributes) VALUES ('44869461-5d0f-4b04-91dd-01346d3ee470', 'a4083fe7-65f2-474f-a2e2-5570b1282db0', 'BED-288-B8-4486', 4357, 50, '{"color": "Blue", "size": "8GB RAM"}');
INSERT INTO product_variants (id, product_id, sku, price, stock_quantity, attributes) VALUES ('da289b6b-8eef-4c6d-9f28-8cbd04078d13', 'a4083fe7-65f2-474f-a2e2-5570b1282db0', 'BED-288-SM-DA28', 3746, 184, '{"color": "Silver", "size": "M"}');
INSERT INTO product_variants (id, product_id, sku, price, stock_quantity, attributes) VALUES ('1effcfa2-4fc8-4d06-ab9d-cf389f66a982', 'a4083fe7-65f2-474f-a2e2-5570b1282db0', 'BED-288-B1-1EFF', 3714, 82, '{"color": "Black", "size": "16GB RAM"}');
INSERT INTO products (id, name, description, category_id) VALUES ('3daa6ba9-350a-469c-89bd-87ccaaf2ede4', 'Lite Bed 583', 'Description for Lite Bed 583. Optimized for search and performance test.', '81618c8d-0faf-4b6c-8302-39a1734d9450');
INSERT INTO product_variants (id, product_id, sku, price, stock_quantity, attributes) VALUES ('40e6d68e-fc46-4495-87fb-b929dfe6aa47', '3daa6ba9-350a-469c-89bd-87ccaaf2ede4', 'BED-583-G1-40E6', 4441, 133, '{"color": "Gold", "size": "128GB"}');
INSERT INTO product_variants (id, product_id, sku, price, stock_quantity, attributes) VALUES ('de2576aa-a024-4bb7-a280-022ced31c961', '3daa6ba9-350a-469c-89bd-87ccaaf2ede4', 'BED-583-B8-DE25', 2657, 49, '{"color": "Black", "size": "8GB RAM"}');
INSERT INTO product_variants (id, product_id, sku, price, stock_quantity, attributes) VALUES ('2b5ac265-bad7-4afa-97a9-b4f63ec7d866', '3daa6ba9-350a-469c-89bd-87ccaaf2ede4', 'BED-583-S6-2B5A', 4347, 52, '{"color": "Silver", "size": "64GB"}');
INSERT INTO products (id, name, description, category_id) VALUES ('37108cd2-26d9-45e9-8e96-9e64c3c77900', 'Eco Phone 668', 'Description for Eco Phone 668. Optimized for search and performance test.', '81618c8d-0faf-4b6c-8302-39a1734d9450');
INSERT INTO product_variants (id, product_id, sku, price, stock_quantity, attributes) VALUES ('659adbc6-a926-44b1-8e0e-2d0bcda70f51', '37108cd2-26d9-45e9-8e96-9e64c3c77900', 'PHONE-668-G1-659A', 1794, 58, '{"color": "Green", "size": "128GB"}');
INSERT INTO product_variants (id, product_id, sku, price, stock_quantity, attributes) VALUES ('14fea2d5-5588-4aab-b7ac-ea6890e841e2', '37108cd2-26d9-45e9-8e96-9e64c3c77900', 'PHONE-668-BX-14FE', 3716, 69, '{"color": "Blue", "size": "XXL"}');
INSERT INTO product_variants (id, product_id, sku, price, stock_quantity, attributes) VALUES ('250bb5a5-735a-4ec7-8dd5-9c72c422d3aa', '37108cd2-26d9-45e9-8e96-9e64c3c77900', 'PHONE-668-GS-250B', 3827, 18, '{"color": "Gold", "size": "S"}');
INSERT INTO products (id, name, description, category_id) VALUES ('8c44a449-5f2d-44e5-b6c7-47df501e7bd4', 'Smart Shirt 977', 'Description for Smart Shirt 977. Optimized for search and performance test.', '81618c8d-0faf-4b6c-8302-39a1734d9450');
INSERT INTO product_variants (id, product_id, sku, price, stock_quantity, attributes) VALUES ('8584deed-f080-44ab-8c8e-5245879fb80a', '8c44a449-5f2d-44e5-b6c7-47df501e7bd4', 'SHIRT-977-B6-8584', 3277, 116, '{"color": "Black", "size": "64GB"}');
INSERT INTO product_variants (id, product_id, sku, price, stock_quantity, attributes) VALUES ('595e59ea-ea84-496f-bc77-9592b5112626', '8c44a449-5f2d-44e5-b6c7-47df501e7bd4', 'SHIRT-977-BS-595E', 3516, 129, '{"color": "Blue", "size": "S"}');
INSERT INTO product_variants (id, product_id, sku, price, stock_quantity, attributes) VALUES ('9343d42d-9f41-4759-b7ed-249e5ff0a352', '8c44a449-5f2d-44e5-b6c7-47df501e7bd4', 'SHIRT-977-B2-9343', 2295, 125, '{"color": "Black", "size": "256GB"}');
INSERT INTO products (id, name, description, category_id) VALUES ('2aed113d-d15f-43e3-913e-c92a49cc40a7', 'Eco Laptop 339', 'Description for Eco Laptop 339. Optimized for search and performance test.', '81618c8d-0faf-4b6c-8302-39a1734d9450');
INSERT INTO product_variants (id, product_id, sku, price, stock_quantity, attributes) VALUES ('2b316bd8-80aa-4855-8906-4a32eafe5c3f', '2aed113d-d15f-43e3-913e-c92a49cc40a7', 'LAPTOP-339-RM-2B31', 4997, 25, '{"color": "Red", "size": "M"}');
INSERT INTO product_variants (id, product_id, sku, price, stock_quantity, attributes) VALUES ('6b41db94-7ffb-4d69-9cea-ea519f8526d3', '2aed113d-d15f-43e3-913e-c92a49cc40a7', 'LAPTOP-339-BX-6B41', 4789, 97, '{"color": "Black", "size": "XXL"}');
INSERT INTO product_variants (id, product_id, sku, price, stock_quantity, attributes) VALUES ('e3f1173d-4a7b-4264-9516-c0780c985a2f', '2aed113d-d15f-43e3-913e-c92a49cc40a7', 'LAPTOP-339-WX-E3F1', 2784, 146, '{"color": "White", "size": "XXL"}');
INSERT INTO products (id, name, description, category_id) VALUES ('674ec2de-fc77-42fa-ae6d-d6204e7de978', 'Premium Speaker 308', 'Description for Premium Speaker 308. Optimized for search and performance test.', '81618c8d-0faf-4b6c-8302-39a1734d9450');
INSERT INTO product_variants (id, product_id, sku, price, stock_quantity, attributes) VALUES ('0b6001e9-9644-4418-8649-601ca9ac61ed', '674ec2de-fc77-42fa-ae6d-d6204e7de978', 'SPEAKER-308-W1-0B60', 3302, 62, '{"color": "White", "size": "128GB"}');
INSERT INTO product_variants (id, product_id, sku, price, stock_quantity, attributes) VALUES ('903c6f11-0963-4c47-833e-aed67c3b97fc', '674ec2de-fc77-42fa-ae6d-d6204e7de978', 'SPEAKER-308-GX-903C', 2971, 94, '{"color": "Green", "size": "XXL"}');
INSERT INTO product_variants (id, product_id, sku, price, stock_quantity, attributes) VALUES ('3f8298c4-4302-4b53-bb8a-0f865227f7fa', '674ec2de-fc77-42fa-ae6d-d6204e7de978', 'SPEAKER-308-B8-3F82', 1468, 159, '{"color": "Black", "size": "8GB RAM"}');
INSERT INTO products (id, name, description, category_id) VALUES ('982a0000-0138-453a-b0af-428314a695c3', 'Elegant Backpack 651', 'Description for Elegant Backpack 651. Optimized for search and performance test.', '81618c8d-0faf-4b6c-8302-39a1734d9450');
INSERT INTO product_variants (id, product_id, sku, price, stock_quantity, attributes) VALUES ('40691e38-5af7-4794-a903-392332b76dc9', '982a0000-0138-453a-b0af-428314a695c3', 'BACKPACK-651-W1-4069', 3626, 194, '{"color": "White", "size": "16GB RAM"}');
INSERT INTO product_variants (id, product_id, sku, price, stock_quantity, attributes) VALUES ('14032888-9493-4fff-a7a7-813ceabc5620', '982a0000-0138-453a-b0af-428314a695c3', 'BACKPACK-651-RM-1403', 3601, 115, '{"color": "Red", "size": "M"}');
INSERT INTO product_variants (id, product_id, sku, price, stock_quantity, attributes) VALUES ('d04fafb6-a62b-4ae4-bf35-e33f6974ee2f', '982a0000-0138-453a-b0af-428314a695c3', 'BACKPACK-651-GX-D04F', 4297, 91, '{"color": "Gold", "size": "XL"}');
INSERT INTO products (id, name, description, category_id) VALUES ('746da9e4-a370-49fb-8310-02ff4895a5d0', 'Lite Bed 922', 'Description for Lite Bed 922. Optimized for search and performance test.', '81618c8d-0faf-4b6c-8302-39a1734d9450');
INSERT INTO product_variants (id, product_id, sku, price, stock_quantity, attributes) VALUES ('39013e45-e2ab-4cf3-aa8e-78032a328e52', '746da9e4-a370-49fb-8310-02ff4895a5d0', 'BED-922-BX-3901', 4462, 180, '{"color": "Black", "size": "XL"}');
INSERT INTO product_variants (id, product_id, sku, price, stock_quantity, attributes) VALUES ('34d85477-b14a-4491-bade-f16604f2578e', '746da9e4-a370-49fb-8310-02ff4895a5d0', 'BED-922-BX-34D8', 617, 62, '{"color": "Blue", "size": "XXL"}');
INSERT INTO product_variants (id, product_id, sku, price, stock_quantity, attributes) VALUES ('449f6900-9acc-4dd0-89d0-b5b773f00518', '746da9e4-a370-49fb-8310-02ff4895a5d0', 'BED-922-GX-449F', 3205, 143, '{"color": "Gold", "size": "XXL"}');
INSERT INTO products (id, name, description, category_id) VALUES ('2fe6d5bf-6247-45f2-9eac-edcbe6f5fa8b', 'Premium Dress 307', 'Description for Premium Dress 307. Optimized for search and performance test.', '81618c8d-0faf-4b6c-8302-39a1734d9450');
INSERT INTO product_variants (id, product_id, sku, price, stock_quantity, attributes) VALUES ('e51bc391-5910-489a-9cb8-4b49439a4659', '2fe6d5bf-6247-45f2-9eac-edcbe6f5fa8b', 'DRESS-307-WL-E51B', 3880, 152, '{"color": "White", "size": "L"}');
INSERT INTO product_variants (id, product_id, sku, price, stock_quantity, attributes) VALUES ('e06070f5-d37f-4c83-b520-b76f5899ea06', '2fe6d5bf-6247-45f2-9eac-edcbe6f5fa8b', 'DRESS-307-B8-E060', 2383, 199, '{"color": "Black", "size": "8GB RAM"}');
INSERT INTO product_variants (id, product_id, sku, price, stock_quantity, attributes) VALUES ('2ccafe2a-b917-4349-b96e-846199c66e57', '2fe6d5bf-6247-45f2-9eac-edcbe6f5fa8b', 'DRESS-307-RM-2CCA', 815, 38, '{"color": "Red", "size": "M"}');
INSERT INTO products (id, name, description, category_id) VALUES ('3acbb879-7144-4254-ba17-08b1123263f3', 'Original Backpack 356', 'Description for Original Backpack 356. Optimized for search and performance test.', '81618c8d-0faf-4b6c-8302-39a1734d9450');
INSERT INTO product_variants (id, product_id, sku, price, stock_quantity, attributes) VALUES ('e6854139-a17c-4904-929d-6ad1cf4e0e35', '3acbb879-7144-4254-ba17-08b1123263f3', 'BACKPACK-356-B8-E685', 1061, 73, '{"color": "Blue", "size": "8GB RAM"}');
INSERT INTO product_variants (id, product_id, sku, price, stock_quantity, attributes) VALUES ('06d19279-85c3-4a50-8892-fac87b8e16ec', '3acbb879-7144-4254-ba17-08b1123263f3', 'BACKPACK-356-RX-06D1', 1779, 107, '{"color": "Red", "size": "XXL"}');
INSERT INTO product_variants (id, product_id, sku, price, stock_quantity, attributes) VALUES ('615f2654-2b6e-485c-b005-75830c2d3f8c', '3acbb879-7144-4254-ba17-08b1123263f3', 'BACKPACK-356-RX-615F', 4837, 134, '{"color": "Red", "size": "XL"}');
INSERT INTO products (id, name, description, category_id) VALUES ('ceafcf0c-03b7-4f98-99d6-b997c081be82', 'Smart Speaker 991', 'Description for Smart Speaker 991. Optimized for search and performance test.', '81618c8d-0faf-4b6c-8302-39a1734d9450');
INSERT INTO product_variants (id, product_id, sku, price, stock_quantity, attributes) VALUES ('f52887f1-a1de-4e4e-8384-9ccb51bed321', 'ceafcf0c-03b7-4f98-99d6-b997c081be82', 'SPEAKER-991-S6-F528', 439, 156, '{"color": "Silver", "size": "64GB"}');
INSERT INTO product_variants (id, product_id, sku, price, stock_quantity, attributes) VALUES ('b6831d17-39d8-4a94-b856-a3d0d3dc044f', 'ceafcf0c-03b7-4f98-99d6-b997c081be82', 'SPEAKER-991-SX-B683', 1970, 86, '{"color": "Silver", "size": "XL"}');
INSERT INTO product_variants (id, product_id, sku, price, stock_quantity, attributes) VALUES ('6ed9938b-1e57-4fc6-ba23-d22f3cc9d818', 'ceafcf0c-03b7-4f98-99d6-b997c081be82', 'SPEAKER-991-WX-6ED9', 305, 184, '{"color": "White", "size": "XXL"}');
INSERT INTO products (id, name, description, category_id) VALUES ('e085f93f-d1ad-42f6-abb2-f43b9890294b', 'Premium Bed 942', 'Description for Premium Bed 942. Optimized for search and performance test.', '81618c8d-0faf-4b6c-8302-39a1734d9450');
INSERT INTO product_variants (id, product_id, sku, price, stock_quantity, attributes) VALUES ('cb907b35-1409-46a1-b521-50149a3b1968', 'e085f93f-d1ad-42f6-abb2-f43b9890294b', 'BED-942-GM-CB90', 3367, 89, '{"color": "Green", "size": "M"}');
INSERT INTO product_variants (id, product_id, sku, price, stock_quantity, attributes) VALUES ('cf066a3d-88de-4909-baac-93573d829b9c', 'e085f93f-d1ad-42f6-abb2-f43b9890294b', 'BED-942-SM-CF06', 4152, 160, '{"color": "Silver", "size": "M"}');
INSERT INTO product_variants (id, product_id, sku, price, stock_quantity, attributes) VALUES ('05286f1d-0e6e-4218-bbf6-262f862a65ca', 'e085f93f-d1ad-42f6-abb2-f43b9890294b', 'BED-942-G1-0528', 4559, 52, '{"color": "Gold", "size": "128GB"}');
INSERT INTO products (id, name, description, category_id) VALUES ('56a7deb0-d309-4f24-b272-ec7f023c228a', 'Elegant Speaker 203', 'Description for Elegant Speaker 203. Optimized for search and performance test.', '81618c8d-0faf-4b6c-8302-39a1734d9450');
INSERT INTO product_variants (id, product_id, sku, price, stock_quantity, attributes) VALUES ('c7cec556-0fda-4a6e-a913-6ba5487c0414', '56a7deb0-d309-4f24-b272-ec7f023c228a', 'SPEAKER-203-BX-C7CE', 3259, 116, '{"color": "Blue", "size": "XL"}');
INSERT INTO product_variants (id, product_id, sku, price, stock_quantity, attributes) VALUES ('a05d757e-282a-4b8f-85fc-a2ddd8fca449', '56a7deb0-d309-4f24-b272-ec7f023c228a', 'SPEAKER-203-G1-A05D', 1079, 65, '{"color": "Gold", "size": "128GB"}');
INSERT INTO product_variants (id, product_id, sku, price, stock_quantity, attributes) VALUES ('84bbbaee-020e-451b-88d6-dbd564a4e4da', '56a7deb0-d309-4f24-b272-ec7f023c228a', 'SPEAKER-203-BS-84BB', 1897, 133, '{"color": "Black", "size": "S"}');
INSERT INTO products (id, name, description, category_id) VALUES ('39c3448a-6ade-4d21-91de-85774b91ee6e', 'Premium Camera 298', 'Description for Premium Camera 298. Optimized for search and performance test.', '81618c8d-0faf-4b6c-8302-39a1734d9450');
INSERT INTO product_variants (id, product_id, sku, price, stock_quantity, attributes) VALUES ('940345dc-67c2-420b-b3ca-dd25011b5474', '39c3448a-6ade-4d21-91de-85774b91ee6e', 'CAMERA-298-S8-9403', 367, 183, '{"color": "Silver", "size": "8GB RAM"}');
INSERT INTO product_variants (id, product_id, sku, price, stock_quantity, attributes) VALUES ('e6a2c432-04f3-4eff-b9d0-3faf131f41da', '39c3448a-6ade-4d21-91de-85774b91ee6e', 'CAMERA-298-BM-E6A2', 2668, 170, '{"color": "Blue", "size": "M"}');
INSERT INTO product_variants (id, product_id, sku, price, stock_quantity, attributes) VALUES ('5d9dc595-9271-4e3c-9492-084efecb403e', '39c3448a-6ade-4d21-91de-85774b91ee6e', 'CAMERA-298-RX-5D9D', 1947, 94, '{"color": "Red", "size": "XL"}');
INSERT INTO products (id, name, description, category_id) VALUES ('608bb127-c05c-4356-b754-19601a174085', 'Original Shirt 668', 'Description for Original Shirt 668. Optimized for search and performance test.', '81618c8d-0faf-4b6c-8302-39a1734d9450');
INSERT INTO product_variants (id, product_id, sku, price, stock_quantity, attributes) VALUES ('aefc8b56-2e3a-4db0-bb1d-7f986ca73860', '608bb127-c05c-4356-b754-19601a174085', 'SHIRT-668-BL-AEFC', 386, 127, '{"color": "Black", "size": "L"}');
INSERT INTO product_variants (id, product_id, sku, price, stock_quantity, attributes) VALUES ('52e2acbc-3dcd-48a5-a7d4-70aa4f4ea7aa', '608bb127-c05c-4356-b754-19601a174085', 'SHIRT-668-B8-52E2', 1222, 160, '{"color": "Blue", "size": "8GB RAM"}');
INSERT INTO product_variants (id, product_id, sku, price, stock_quantity, attributes) VALUES ('7b04bde0-ec9a-479d-9230-bc7f1266f947', '608bb127-c05c-4356-b754-19601a174085', 'SHIRT-668-GS-7B04', 3756, 52, '{"color": "Gold", "size": "S"}');
INSERT INTO products (id, name, description, category_id) VALUES ('6e86d0ee-0e84-413d-8d2e-d9eb1c0f47ff', 'Smart Speaker 400', 'Description for Smart Speaker 400. Optimized for search and performance test.', '81618c8d-0faf-4b6c-8302-39a1734d9450');
INSERT INTO product_variants (id, product_id, sku, price, stock_quantity, attributes) VALUES ('9dd67b8f-1eaf-4f3a-a604-257bbbc6983f', '6e86d0ee-0e84-413d-8d2e-d9eb1c0f47ff', 'SPEAKER-400-S1-9DD6', 1478, 45, '{"color": "Silver", "size": "128GB"}');
INSERT INTO product_variants (id, product_id, sku, price, stock_quantity, attributes) VALUES ('be22bd24-9b2a-478f-854d-80c14666af9a', '6e86d0ee-0e84-413d-8d2e-d9eb1c0f47ff', 'SPEAKER-400-G2-BE22', 418, 11, '{"color": "Green", "size": "256GB"}');
INSERT INTO product_variants (id, product_id, sku, price, stock_quantity, attributes) VALUES ('a8dd9e1a-f7f6-4803-b172-4b9a2790525f', '6e86d0ee-0e84-413d-8d2e-d9eb1c0f47ff', 'SPEAKER-400-B2-A8DD', 3901, 69, '{"color": "Black", "size": "256GB"}');
INSERT INTO products (id, name, description, category_id) VALUES ('f750ad61-390d-4d3f-bce7-02a555c9d730', 'Eco Camera 570', 'Description for Eco Camera 570. Optimized for search and performance test.', '81618c8d-0faf-4b6c-8302-39a1734d9450');
INSERT INTO product_variants (id, product_id, sku, price, stock_quantity, attributes) VALUES ('5d67581b-2c0e-4fb9-9be1-1e1af556b996', 'f750ad61-390d-4d3f-bce7-02a555c9d730', 'CAMERA-570-B1-5D67', 3030, 111, '{"color": "Black", "size": "16GB RAM"}');
INSERT INTO product_variants (id, product_id, sku, price, stock_quantity, attributes) VALUES ('bd85913e-68dc-4abc-90fa-b5c65a4dbb04', 'f750ad61-390d-4d3f-bce7-02a555c9d730', 'CAMERA-570-GX-BD85', 802, 168, '{"color": "Green", "size": "XXL"}');
INSERT INTO product_variants (id, product_id, sku, price, stock_quantity, attributes) VALUES ('0b276ec4-6dd9-47d9-8a4f-1e3b958bd046', 'f750ad61-390d-4d3f-bce7-02a555c9d730', 'CAMERA-570-B8-0B27', 1489, 89, '{"color": "Black", "size": "8GB RAM"}');
INSERT INTO products (id, name, description, category_id) VALUES ('2b0ece10-9dcc-4d6e-899a-f3e7e9b12b20', 'Lite Camera 724', 'Description for Lite Camera 724. Optimized for search and performance test.', '81618c8d-0faf-4b6c-8302-39a1734d9450');
INSERT INTO product_variants (id, product_id, sku, price, stock_quantity, attributes) VALUES ('88c07173-2e4f-4293-80d8-48531496b248', '2b0ece10-9dcc-4d6e-899a-f3e7e9b12b20', 'CAMERA-724-BM-88C0', 3352, 93, '{"color": "Blue", "size": "M"}');
INSERT INTO product_variants (id, product_id, sku, price, stock_quantity, attributes) VALUES ('2b80fbc8-40c3-42a0-baf3-b930396cd9dd', '2b0ece10-9dcc-4d6e-899a-f3e7e9b12b20', 'CAMERA-724-W2-2B80', 296, 112, '{"color": "White", "size": "256GB"}');
INSERT INTO product_variants (id, product_id, sku, price, stock_quantity, attributes) VALUES ('a2dfe2c9-5a70-4df8-91d5-91fa04431dd4', '2b0ece10-9dcc-4d6e-899a-f3e7e9b12b20', 'CAMERA-724-R1-A2DF', 2482, 170, '{"color": "Red", "size": "128GB"}');
INSERT INTO products (id, name, description, category_id) VALUES ('bd4af9d7-d64e-491b-8492-cecd0e14a6c8', 'Eco Bed 337', 'Description for Eco Bed 337. Optimized for search and performance test.', '81618c8d-0faf-4b6c-8302-39a1734d9450');
INSERT INTO product_variants (id, product_id, sku, price, stock_quantity, attributes) VALUES ('a128de46-836e-4e07-8df5-d912c844bbc6', 'bd4af9d7-d64e-491b-8492-cecd0e14a6c8', 'BED-337-SS-A128', 3481, 30, '{"color": "Silver", "size": "S"}');
INSERT INTO product_variants (id, product_id, sku, price, stock_quantity, attributes) VALUES ('83360c9d-2b24-4255-9507-f88a656ed095', 'bd4af9d7-d64e-491b-8492-cecd0e14a6c8', 'BED-337-B1-8336', 699, 68, '{"color": "Blue", "size": "16GB RAM"}');
INSERT INTO product_variants (id, product_id, sku, price, stock_quantity, attributes) VALUES ('95666c7d-68de-41e8-b61e-602d878ddb5a', 'bd4af9d7-d64e-491b-8492-cecd0e14a6c8', 'BED-337-SX-9566', 422, 131, '{"color": "Silver", "size": "XL"}');
INSERT INTO products (id, name, description, category_id) VALUES ('961e8176-de7a-4ee5-b19a-e3524b59502f', 'Lite Table 428', 'Description for Lite Table 428. Optimized for search and performance test.', '81618c8d-0faf-4b6c-8302-39a1734d9450');
INSERT INTO product_variants (id, product_id, sku, price, stock_quantity, attributes) VALUES ('114e59a3-39a3-4289-88bd-fde2cc38017e', '961e8176-de7a-4ee5-b19a-e3524b59502f', 'TABLE-428-G1-114E', 4102, 153, '{"color": "Green", "size": "16GB RAM"}');
INSERT INTO product_variants (id, product_id, sku, price, stock_quantity, attributes) VALUES ('062f31d7-d6cc-4d41-8059-5a0e409e34a7', '961e8176-de7a-4ee5-b19a-e3524b59502f', 'TABLE-428-W1-062F', 4093, 31, '{"color": "White", "size": "16GB RAM"}');
INSERT INTO product_variants (id, product_id, sku, price, stock_quantity, attributes) VALUES ('6d95f524-604e-4e12-9b2e-c4793333231b', '961e8176-de7a-4ee5-b19a-e3524b59502f', 'TABLE-428-BS-6D95', 2571, 194, '{"color": "Blue", "size": "S"}');
INSERT INTO products (id, name, description, category_id) VALUES ('b005fe34-a7c1-41d2-a06b-1449add2db11', 'Lite Shirt 664', 'Description for Lite Shirt 664. Optimized for search and performance test.', '81618c8d-0faf-4b6c-8302-39a1734d9450');
INSERT INTO product_variants (id, product_id, sku, price, stock_quantity, attributes) VALUES ('c73b36d6-cc65-4f24-898a-c4f8acf88ddb', 'b005fe34-a7c1-41d2-a06b-1449add2db11', 'SHIRT-664-B6-C73B', 3956, 48, '{"color": "Blue", "size": "64GB"}');
INSERT INTO product_variants (id, product_id, sku, price, stock_quantity, attributes) VALUES ('eb3edc3d-18af-436d-a197-8a07fb9efe30', 'b005fe34-a7c1-41d2-a06b-1449add2db11', 'SHIRT-664-SL-EB3E', 4253, 125, '{"color": "Silver", "size": "L"}');
INSERT INTO product_variants (id, product_id, sku, price, stock_quantity, attributes) VALUES ('0f96c802-9305-4e57-b8fc-71538b51be18', 'b005fe34-a7c1-41d2-a06b-1449add2db11', 'SHIRT-664-BS-0F96', 2832, 148, '{"color": "Blue", "size": "S"}');
INSERT INTO products (id, name, description, category_id) VALUES ('9384d162-aa9f-4229-8421-fd14344603a1', 'Original Phone 414', 'Description for Original Phone 414. Optimized for search and performance test.', '81618c8d-0faf-4b6c-8302-39a1734d9450');
INSERT INTO product_variants (id, product_id, sku, price, stock_quantity, attributes) VALUES ('a58d2109-3fab-42ba-a598-85073084586c', '9384d162-aa9f-4229-8421-fd14344603a1', 'PHONE-414-WX-A58D', 4301, 200, '{"color": "White", "size": "XL"}');
INSERT INTO product_variants (id, product_id, sku, price, stock_quantity, attributes) VALUES ('aac2b51d-7ab6-4dbf-9fb2-dde7efcc0a7e', '9384d162-aa9f-4229-8421-fd14344603a1', 'PHONE-414-G2-AAC2', 2494, 71, '{"color": "Green", "size": "256GB"}');
INSERT INTO product_variants (id, product_id, sku, price, stock_quantity, attributes) VALUES ('24c5430e-e03b-45a8-be98-71a536a7c238', '9384d162-aa9f-4229-8421-fd14344603a1', 'PHONE-414-BX-24C5', 4651, 46, '{"color": "Blue", "size": "XXL"}');
INSERT INTO products (id, name, description, category_id) VALUES ('a1efff0f-b57e-4012-ac31-9d827392c71a', 'Smart Bed 785', 'Description for Smart Bed 785. Optimized for search and performance test.', '81618c8d-0faf-4b6c-8302-39a1734d9450');
INSERT INTO product_variants (id, product_id, sku, price, stock_quantity, attributes) VALUES ('f582cf97-072c-452f-873f-4c526d7bcf4f', 'a1efff0f-b57e-4012-ac31-9d827392c71a', 'BED-785-B6-F582', 258, 133, '{"color": "Black", "size": "64GB"}');
INSERT INTO product_variants (id, product_id, sku, price, stock_quantity, attributes) VALUES ('b2d7d67f-4cda-4240-83c9-86984a983a6e', 'a1efff0f-b57e-4012-ac31-9d827392c71a', 'BED-785-W1-B2D7', 567, 26, '{"color": "White", "size": "16GB RAM"}');
INSERT INTO product_variants (id, product_id, sku, price, stock_quantity, attributes) VALUES ('00e55952-7f3c-4c3a-a7a7-ecd67bacbedd', 'a1efff0f-b57e-4012-ac31-9d827392c71a', 'BED-785-B1-00E5', 4060, 28, '{"color": "Blue", "size": "16GB RAM"}');
INSERT INTO products (id, name, description, category_id) VALUES ('f7ed0bcb-816f-4398-a661-e3489ed6d491', 'Eco Camera 367', 'Description for Eco Camera 367. Optimized for search and performance test.', '81618c8d-0faf-4b6c-8302-39a1734d9450');
INSERT INTO product_variants (id, product_id, sku, price, stock_quantity, attributes) VALUES ('c2828988-a172-4a71-a0c8-e9dc28f16db2', 'f7ed0bcb-816f-4398-a661-e3489ed6d491', 'CAMERA-367-WM-C282', 1974, 164, '{"color": "White", "size": "M"}');
INSERT INTO product_variants (id, product_id, sku, price, stock_quantity, attributes) VALUES ('5da9c8af-1050-4331-b8ac-17f6f2474d2d', 'f7ed0bcb-816f-4398-a661-e3489ed6d491', 'CAMERA-367-BX-5DA9', 4410, 115, '{"color": "Blue", "size": "XL"}');
INSERT INTO product_variants (id, product_id, sku, price, stock_quantity, attributes) VALUES ('f8ef4bee-6fae-4854-8934-724e30d8542d', 'f7ed0bcb-816f-4398-a661-e3489ed6d491', 'CAMERA-367-SX-F8EF', 2011, 10, '{"color": "Silver", "size": "XXL"}');
INSERT INTO products (id, name, description, category_id) VALUES ('d4659ec8-a38c-48bb-9cdc-ffe4ac742d53', 'Premium Camera 524', 'Description for Premium Camera 524. Optimized for search and performance test.', '81618c8d-0faf-4b6c-8302-39a1734d9450');
INSERT INTO product_variants (id, product_id, sku, price, stock_quantity, attributes) VALUES ('3235639c-8d1c-4d45-a41d-24667633e696', 'd4659ec8-a38c-48bb-9cdc-ffe4ac742d53', 'CAMERA-524-B6-3235', 2920, 138, '{"color": "Blue", "size": "64GB"}');
INSERT INTO product_variants (id, product_id, sku, price, stock_quantity, attributes) VALUES ('57055a5d-7d2b-445b-8fd2-bc4c09b72d7d', 'd4659ec8-a38c-48bb-9cdc-ffe4ac742d53', 'CAMERA-524-BS-5705', 141, 36, '{"color": "Black", "size": "S"}');
INSERT INTO product_variants (id, product_id, sku, price, stock_quantity, attributes) VALUES ('bcfbe07d-93f1-496d-a005-5140eced351b', 'd4659ec8-a38c-48bb-9cdc-ffe4ac742d53', 'CAMERA-524-S6-BCFB', 2412, 120, '{"color": "Silver", "size": "64GB"}');
INSERT INTO products (id, name, description, category_id) VALUES ('b55ea776-f903-4ae4-92cc-c48458a6bfb6', 'Smart Speaker 234', 'Description for Smart Speaker 234. Optimized for search and performance test.', '81618c8d-0faf-4b6c-8302-39a1734d9450');
INSERT INTO product_variants (id, product_id, sku, price, stock_quantity, attributes) VALUES ('311e4d08-e9ac-4063-a372-773b37efbba8', 'b55ea776-f903-4ae4-92cc-c48458a6bfb6', 'SPEAKER-234-S8-311E', 1354, 168, '{"color": "Silver", "size": "8GB RAM"}');
INSERT INTO product_variants (id, product_id, sku, price, stock_quantity, attributes) VALUES ('5ef1bd7f-d509-44b5-b390-5f0bed08eec5', 'b55ea776-f903-4ae4-92cc-c48458a6bfb6', 'SPEAKER-234-R6-5EF1', 1321, 71, '{"color": "Red", "size": "64GB"}');
INSERT INTO product_variants (id, product_id, sku, price, stock_quantity, attributes) VALUES ('0880d95e-88b9-4d0f-adc3-40c6b0d380d5', 'b55ea776-f903-4ae4-92cc-c48458a6bfb6', 'SPEAKER-234-B1-0880', 1765, 65, '{"color": "Black", "size": "128GB"}');
INSERT INTO products (id, name, description, category_id) VALUES ('ba89d961-d2f9-46ba-a25a-a26fed79d012', 'Pro Headphones 385', 'Description for Pro Headphones 385. Optimized for search and performance test.', '81618c8d-0faf-4b6c-8302-39a1734d9450');
INSERT INTO product_variants (id, product_id, sku, price, stock_quantity, attributes) VALUES ('441660a3-7c24-40e7-852c-990fd70b3bdf', 'ba89d961-d2f9-46ba-a25a-a26fed79d012', 'HEADPHONES-385-RS-4416', 3648, 166, '{"color": "Red", "size": "S"}');
INSERT INTO product_variants (id, product_id, sku, price, stock_quantity, attributes) VALUES ('1fcdd036-29f5-4045-b16b-16b20bd46c7e', 'ba89d961-d2f9-46ba-a25a-a26fed79d012', 'HEADPHONES-385-SS-1FCD', 2413, 192, '{"color": "Silver", "size": "S"}');
INSERT INTO product_variants (id, product_id, sku, price, stock_quantity, attributes) VALUES ('05cdc72e-4da5-459a-af76-380a77a1c806', 'ba89d961-d2f9-46ba-a25a-a26fed79d012', 'HEADPHONES-385-SL-05CD', 1331, 49, '{"color": "Silver", "size": "L"}');
INSERT INTO products (id, name, description, category_id) VALUES ('2f70a564-2d4b-4728-a6a3-bf141735209d', 'Original Phone 859', 'Description for Original Phone 859. Optimized for search and performance test.', '81618c8d-0faf-4b6c-8302-39a1734d9450');
INSERT INTO product_variants (id, product_id, sku, price, stock_quantity, attributes) VALUES ('4701f23e-5e6f-4809-9a80-c921698d46f6', '2f70a564-2d4b-4728-a6a3-bf141735209d', 'PHONE-859-S2-4701', 3075, 172, '{"color": "Silver", "size": "256GB"}');
INSERT INTO product_variants (id, product_id, sku, price, stock_quantity, attributes) VALUES ('488a26aa-1fc9-4826-8c89-e1634e60c567', '2f70a564-2d4b-4728-a6a3-bf141735209d', 'PHONE-859-B2-488A', 4705, 176, '{"color": "Black", "size": "256GB"}');
INSERT INTO product_variants (id, product_id, sku, price, stock_quantity, attributes) VALUES ('eea5e8ad-2aea-47c1-8c54-67d161632ae3', '2f70a564-2d4b-4728-a6a3-bf141735209d', 'PHONE-859-R1-EEA5', 3933, 87, '{"color": "Red", "size": "128GB"}');
INSERT INTO products (id, name, description, category_id) VALUES ('dd5aeb57-9458-445f-a9fc-2608fa0da002', 'Lite Camera 875', 'Description for Lite Camera 875. Optimized for search and performance test.', '81618c8d-0faf-4b6c-8302-39a1734d9450');
INSERT INTO product_variants (id, product_id, sku, price, stock_quantity, attributes) VALUES ('a57e5a20-61bc-4d6f-ad83-d2cd5e7f98ea', 'dd5aeb57-9458-445f-a9fc-2608fa0da002', 'CAMERA-875-BX-A57E', 1083, 179, '{"color": "Blue", "size": "XXL"}');
INSERT INTO product_variants (id, product_id, sku, price, stock_quantity, attributes) VALUES ('1fa139a0-78d3-41fd-9da8-727473166caf', 'dd5aeb57-9458-445f-a9fc-2608fa0da002', 'CAMERA-875-R8-1FA1', 1148, 105, '{"color": "Red", "size": "8GB RAM"}');
INSERT INTO product_variants (id, product_id, sku, price, stock_quantity, attributes) VALUES ('234c58e7-a5f8-4340-8610-ae7ddb73e925', 'dd5aeb57-9458-445f-a9fc-2608fa0da002', 'CAMERA-875-S6-234C', 3262, 190, '{"color": "Silver", "size": "64GB"}');
INSERT INTO products (id, name, description, category_id) VALUES ('c426a72b-7bc4-4f2e-881b-340bbbf2e987', 'Premium Dress 708', 'Description for Premium Dress 708. Optimized for search and performance test.', '935a202a-f408-4a2d-8d4d-3744285c4d33');
INSERT INTO product_variants (id, product_id, sku, price, stock_quantity, attributes) VALUES ('626eeb60-c76d-4405-98a3-9e3ae18a95f6', 'c426a72b-7bc4-4f2e-881b-340bbbf2e987', 'DRESS-708-B2-626E', 4679, 47, '{"color": "Blue", "size": "256GB"}');
INSERT INTO product_variants (id, product_id, sku, price, stock_quantity, attributes) VALUES ('a7c79a40-9bec-4754-ac54-ad53040a666a', 'c426a72b-7bc4-4f2e-881b-340bbbf2e987', 'DRESS-708-G2-A7C7', 1139, 93, '{"color": "Gold", "size": "256GB"}');
INSERT INTO product_variants (id, product_id, sku, price, stock_quantity, attributes) VALUES ('bbdadea1-43ab-4095-ab78-dd4b07d05dd3', 'c426a72b-7bc4-4f2e-881b-340bbbf2e987', 'DRESS-708-R2-BBDA', 2463, 71, '{"color": "Red", "size": "256GB"}');
INSERT INTO products (id, name, description, category_id) VALUES ('5a55b1d4-6c32-4790-8f64-180b056b52a5', 'Lite Bed 669', 'Description for Lite Bed 669. Optimized for search and performance test.', '935a202a-f408-4a2d-8d4d-3744285c4d33');
INSERT INTO product_variants (id, product_id, sku, price, stock_quantity, attributes) VALUES ('7f1affc4-6e46-4f6a-807c-aefb518cc330', '5a55b1d4-6c32-4790-8f64-180b056b52a5', 'BED-669-W6-7F1A', 1422, 127, '{"color": "White", "size": "64GB"}');
INSERT INTO product_variants (id, product_id, sku, price, stock_quantity, attributes) VALUES ('984067a4-b3bb-4e2b-bb1c-d457dd1a7d9d', '5a55b1d4-6c32-4790-8f64-180b056b52a5', 'BED-669-BL-9840', 1059, 88, '{"color": "Black", "size": "L"}');
INSERT INTO product_variants (id, product_id, sku, price, stock_quantity, attributes) VALUES ('6edbb962-9e6b-4414-abd1-ccec0c1e5d49', '5a55b1d4-6c32-4790-8f64-180b056b52a5', 'BED-669-RM-6EDB', 4019, 136, '{"color": "Red", "size": "M"}');
INSERT INTO products (id, name, description, category_id) VALUES ('a8b76625-0969-4b94-9190-9eab13ba3843', 'Original Laptop 564', 'Description for Original Laptop 564. Optimized for search and performance test.', '935a202a-f408-4a2d-8d4d-3744285c4d33');
INSERT INTO product_variants (id, product_id, sku, price, stock_quantity, attributes) VALUES ('07e8da23-4233-4209-a856-98b419cc44e3', 'a8b76625-0969-4b94-9190-9eab13ba3843', 'LAPTOP-564-WX-07E8', 1486, 140, '{"color": "White", "size": "XXL"}');
INSERT INTO product_variants (id, product_id, sku, price, stock_quantity, attributes) VALUES ('36b81e36-cbae-4118-bf05-b7381371628a', 'a8b76625-0969-4b94-9190-9eab13ba3843', 'LAPTOP-564-BM-36B8', 4112, 33, '{"color": "Blue", "size": "M"}');
INSERT INTO product_variants (id, product_id, sku, price, stock_quantity, attributes) VALUES ('df787126-2eba-4001-b1cc-6034f203bd31', 'a8b76625-0969-4b94-9190-9eab13ba3843', 'LAPTOP-564-B1-DF78', 1659, 152, '{"color": "Blue", "size": "128GB"}');
INSERT INTO products (id, name, description, category_id) VALUES ('c497625a-1ae1-47bb-b597-b1acd9595fe0', 'Ultra Table 117', 'Description for Ultra Table 117. Optimized for search and performance test.', '935a202a-f408-4a2d-8d4d-3744285c4d33');
INSERT INTO product_variants (id, product_id, sku, price, stock_quantity, attributes) VALUES ('4c4fea23-7c2e-4eb2-b4b6-1250a831fb06', 'c497625a-1ae1-47bb-b597-b1acd9595fe0', 'TABLE-117-S8-4C4F', 439, 131, '{"color": "Silver", "size": "8GB RAM"}');
INSERT INTO product_variants (id, product_id, sku, price, stock_quantity, attributes) VALUES ('6a71368a-e98b-4591-8f84-2b82be619333', 'c497625a-1ae1-47bb-b597-b1acd9595fe0', 'TABLE-117-R8-6A71', 4348, 181, '{"color": "Red", "size": "8GB RAM"}');
INSERT INTO product_variants (id, product_id, sku, price, stock_quantity, attributes) VALUES ('07161223-6105-4936-8ccd-9a61cf66ad50', 'c497625a-1ae1-47bb-b597-b1acd9595fe0', 'TABLE-117-SX-0716', 856, 175, '{"color": "Silver", "size": "XL"}');
INSERT INTO products (id, name, description, category_id) VALUES ('9dbce4bf-aec6-412c-a35e-4b71dfe5aef6', 'Ultra Speaker 610', 'Description for Ultra Speaker 610. Optimized for search and performance test.', '935a202a-f408-4a2d-8d4d-3744285c4d33');
INSERT INTO product_variants (id, product_id, sku, price, stock_quantity, attributes) VALUES ('12a93cff-01d5-4a94-ac51-036a972e7e81', '9dbce4bf-aec6-412c-a35e-4b71dfe5aef6', 'SPEAKER-610-BL-12A9', 2762, 45, '{"color": "Blue", "size": "L"}');
INSERT INTO product_variants (id, product_id, sku, price, stock_quantity, attributes) VALUES ('8fc178ba-393e-4c8d-87b4-fe165bd0ee0c', '9dbce4bf-aec6-412c-a35e-4b71dfe5aef6', 'SPEAKER-610-WL-8FC1', 2731, 189, '{"color": "White", "size": "L"}');
INSERT INTO product_variants (id, product_id, sku, price, stock_quantity, attributes) VALUES ('e8ac4eeb-6097-417d-bc3e-0fac86fb5c38', '9dbce4bf-aec6-412c-a35e-4b71dfe5aef6', 'SPEAKER-610-SS-E8AC', 1479, 29, '{"color": "Silver", "size": "S"}');
INSERT INTO products (id, name, description, category_id) VALUES ('3507b6cb-beb0-4c20-9488-50b1fb935cc6', 'Original Monitor 645', 'Description for Original Monitor 645. Optimized for search and performance test.', '935a202a-f408-4a2d-8d4d-3744285c4d33');
INSERT INTO product_variants (id, product_id, sku, price, stock_quantity, attributes) VALUES ('5791bcb0-0427-4d18-b841-1bf23cf6175d', '3507b6cb-beb0-4c20-9488-50b1fb935cc6', 'MONITOR-645-BM-5791', 469, 161, '{"color": "Blue", "size": "M"}');
INSERT INTO product_variants (id, product_id, sku, price, stock_quantity, attributes) VALUES ('55fcca82-6a14-414f-a641-a274e9f0362d', '3507b6cb-beb0-4c20-9488-50b1fb935cc6', 'MONITOR-645-R1-55FC', 1172, 77, '{"color": "Red", "size": "16GB RAM"}');
INSERT INTO product_variants (id, product_id, sku, price, stock_quantity, attributes) VALUES ('a5c38dd2-beeb-493f-b270-adb6cd6b1af6', '3507b6cb-beb0-4c20-9488-50b1fb935cc6', 'MONITOR-645-G1-A5C3', 383, 140, '{"color": "Gold", "size": "16GB RAM"}');
INSERT INTO products (id, name, description, category_id) VALUES ('5c648f08-1e2c-4a8d-9b16-0389e2ccb92b', 'Premium Laptop 757', 'Description for Premium Laptop 757. Optimized for search and performance test.', '935a202a-f408-4a2d-8d4d-3744285c4d33');
INSERT INTO product_variants (id, product_id, sku, price, stock_quantity, attributes) VALUES ('23416c2c-3116-4337-b98e-963f483bdbf8', '5c648f08-1e2c-4a8d-9b16-0389e2ccb92b', 'LAPTOP-757-SM-2341', 4406, 188, '{"color": "Silver", "size": "M"}');
INSERT INTO product_variants (id, product_id, sku, price, stock_quantity, attributes) VALUES ('e1870346-e65d-420f-b8a5-3be0aed5a57e', '5c648f08-1e2c-4a8d-9b16-0389e2ccb92b', 'LAPTOP-757-BX-E187', 1894, 137, '{"color": "Blue", "size": "XXL"}');
INSERT INTO product_variants (id, product_id, sku, price, stock_quantity, attributes) VALUES ('d63b10fa-7baf-4d9c-bbf8-891cd907fff3', '5c648f08-1e2c-4a8d-9b16-0389e2ccb92b', 'LAPTOP-757-S2-D63B', 4456, 31, '{"color": "Silver", "size": "256GB"}');
INSERT INTO products (id, name, description, category_id) VALUES ('0e71cf2e-826e-4b78-9333-9906186f72d5', 'Smart Headphones 597', 'Description for Smart Headphones 597. Optimized for search and performance test.', '935a202a-f408-4a2d-8d4d-3744285c4d33');
INSERT INTO product_variants (id, product_id, sku, price, stock_quantity, attributes) VALUES ('b0530af5-5f18-4162-9946-d0b95fd68a2e', '0e71cf2e-826e-4b78-9333-9906186f72d5', 'HEADPHONES-597-GM-B053', 396, 177, '{"color": "Green", "size": "M"}');
INSERT INTO product_variants (id, product_id, sku, price, stock_quantity, attributes) VALUES ('a67c7925-d1ed-4ae4-b124-9f176347dfae', '0e71cf2e-826e-4b78-9333-9906186f72d5', 'HEADPHONES-597-G1-A67C', 1327, 55, '{"color": "Green", "size": "16GB RAM"}');
INSERT INTO product_variants (id, product_id, sku, price, stock_quantity, attributes) VALUES ('a65b3286-e874-4374-801d-deee5e5dbc7b', '0e71cf2e-826e-4b78-9333-9906186f72d5', 'HEADPHONES-597-BM-A65B', 928, 150, '{"color": "Black", "size": "M"}');
INSERT INTO products (id, name, description, category_id) VALUES ('8c12ab49-e41d-4148-a029-0448f67c5606', 'Premium Speaker 699', 'Description for Premium Speaker 699. Optimized for search and performance test.', '935a202a-f408-4a2d-8d4d-3744285c4d33');
INSERT INTO product_variants (id, product_id, sku, price, stock_quantity, attributes) VALUES ('ae4a8a96-5e83-473c-815e-cd979cb73a2e', '8c12ab49-e41d-4148-a029-0448f67c5606', 'SPEAKER-699-RM-AE4A', 2334, 136, '{"color": "Red", "size": "M"}');
INSERT INTO product_variants (id, product_id, sku, price, stock_quantity, attributes) VALUES ('68639488-0f63-4230-8a09-5a2c7d71e53b', '8c12ab49-e41d-4148-a029-0448f67c5606', 'SPEAKER-699-WX-6863', 977, 196, '{"color": "White", "size": "XL"}');
INSERT INTO product_variants (id, product_id, sku, price, stock_quantity, attributes) VALUES ('33b3b261-5332-4c23-9c95-b919e3ec7a08', '8c12ab49-e41d-4148-a029-0448f67c5606', 'SPEAKER-699-R6-33B3', 2713, 63, '{"color": "Red", "size": "64GB"}');
INSERT INTO products (id, name, description, category_id) VALUES ('2558373f-9106-4d1e-9640-9a2bbe9f4f04', 'Smart Dress 546', 'Description for Smart Dress 546. Optimized for search and performance test.', '935a202a-f408-4a2d-8d4d-3744285c4d33');
INSERT INTO product_variants (id, product_id, sku, price, stock_quantity, attributes) VALUES ('6c8253d6-fdb2-4a6b-9eae-e928bc110f18', '2558373f-9106-4d1e-9640-9a2bbe9f4f04', 'DRESS-546-RL-6C82', 3056, 194, '{"color": "Red", "size": "L"}');
INSERT INTO product_variants (id, product_id, sku, price, stock_quantity, attributes) VALUES ('7de0b498-a1a8-4f1c-8a29-7f6066ad3539', '2558373f-9106-4d1e-9640-9a2bbe9f4f04', 'DRESS-546-R6-7DE0', 470, 182, '{"color": "Red", "size": "64GB"}');
INSERT INTO product_variants (id, product_id, sku, price, stock_quantity, attributes) VALUES ('f88cde72-0de2-4078-a428-5535096d2817', '2558373f-9106-4d1e-9640-9a2bbe9f4f04', 'DRESS-546-SL-F88C', 571, 20, '{"color": "Silver", "size": "L"}');
INSERT INTO products (id, name, description, category_id) VALUES ('af28d803-b8e4-4ea4-a580-f933b6a33d7a', 'Ultra Backpack 634', 'Description for Ultra Backpack 634. Optimized for search and performance test.', '935a202a-f408-4a2d-8d4d-3744285c4d33');
INSERT INTO product_variants (id, product_id, sku, price, stock_quantity, attributes) VALUES ('f71886f4-bbcf-4ee6-b549-23173d17ec4d', 'af28d803-b8e4-4ea4-a580-f933b6a33d7a', 'BACKPACK-634-BL-F718', 537, 35, '{"color": "Blue", "size": "L"}');
INSERT INTO product_variants (id, product_id, sku, price, stock_quantity, attributes) VALUES ('1c1f5f78-89aa-4403-97d8-7348fa5a7f65', 'af28d803-b8e4-4ea4-a580-f933b6a33d7a', 'BACKPACK-634-WX-1C1F', 2666, 99, '{"color": "White", "size": "XL"}');
INSERT INTO product_variants (id, product_id, sku, price, stock_quantity, attributes) VALUES ('3db77033-1300-49ab-9a4f-bed0cb56c77c', 'af28d803-b8e4-4ea4-a580-f933b6a33d7a', 'BACKPACK-634-S6-3DB7', 3420, 62, '{"color": "Silver", "size": "64GB"}');
INSERT INTO products (id, name, description, category_id) VALUES ('7287bed3-986d-41a2-be8e-d99b6a212c0c', 'Eco Headphones 843', 'Description for Eco Headphones 843. Optimized for search and performance test.', '935a202a-f408-4a2d-8d4d-3744285c4d33');
INSERT INTO product_variants (id, product_id, sku, price, stock_quantity, attributes) VALUES ('be8d1c2a-bf88-4043-82cc-e37f1b4798e5', '7287bed3-986d-41a2-be8e-d99b6a212c0c', 'HEADPHONES-843-BX-BE8D', 2088, 111, '{"color": "Black", "size": "XL"}');
INSERT INTO product_variants (id, product_id, sku, price, stock_quantity, attributes) VALUES ('5cb54993-32ee-4110-8ce3-95755972d6bb', '7287bed3-986d-41a2-be8e-d99b6a212c0c', 'HEADPHONES-843-WX-5CB5', 4160, 20, '{"color": "White", "size": "XXL"}');
INSERT INTO product_variants (id, product_id, sku, price, stock_quantity, attributes) VALUES ('068b18fa-e37b-4e7c-9ddc-42043d2de02f', '7287bed3-986d-41a2-be8e-d99b6a212c0c', 'HEADPHONES-843-G1-068B', 3572, 125, '{"color": "Green", "size": "16GB RAM"}');
INSERT INTO products (id, name, description, category_id) VALUES ('ad7e0bf6-c832-4b9b-a4f5-c2061ee526ca', 'Lite Speaker 398', 'Description for Lite Speaker 398. Optimized for search and performance test.', '935a202a-f408-4a2d-8d4d-3744285c4d33');
INSERT INTO product_variants (id, product_id, sku, price, stock_quantity, attributes) VALUES ('c14f6268-2593-4811-812e-43af8ecfa528', 'ad7e0bf6-c832-4b9b-a4f5-c2061ee526ca', 'SPEAKER-398-BX-C14F', 3079, 37, '{"color": "Blue", "size": "XXL"}');
INSERT INTO product_variants (id, product_id, sku, price, stock_quantity, attributes) VALUES ('ba56cc27-b368-4eb0-86d6-617eaea88eb3', 'ad7e0bf6-c832-4b9b-a4f5-c2061ee526ca', 'SPEAKER-398-W6-BA56', 486, 199, '{"color": "White", "size": "64GB"}');
INSERT INTO product_variants (id, product_id, sku, price, stock_quantity, attributes) VALUES ('1980c271-c28d-4270-b0f8-60f94ccf2d52', 'ad7e0bf6-c832-4b9b-a4f5-c2061ee526ca', 'SPEAKER-398-GM-1980', 1286, 145, '{"color": "Green", "size": "M"}');
INSERT INTO products (id, name, description, category_id) VALUES ('706f93ec-b0a0-41ec-a085-0e8fb6db4b73', 'Lite Camera 393', 'Description for Lite Camera 393. Optimized for search and performance test.', '935a202a-f408-4a2d-8d4d-3744285c4d33');
INSERT INTO product_variants (id, product_id, sku, price, stock_quantity, attributes) VALUES ('8dcdd9cf-7cbf-4570-bfd6-7b83f60ffe5a', '706f93ec-b0a0-41ec-a085-0e8fb6db4b73', 'CAMERA-393-B2-8DCD', 1528, 85, '{"color": "Black", "size": "256GB"}');
INSERT INTO product_variants (id, product_id, sku, price, stock_quantity, attributes) VALUES ('17e7dd8a-c05c-4483-8503-01f747907dbf', '706f93ec-b0a0-41ec-a085-0e8fb6db4b73', 'CAMERA-393-G8-17E7', 3832, 150, '{"color": "Gold", "size": "8GB RAM"}');
INSERT INTO product_variants (id, product_id, sku, price, stock_quantity, attributes) VALUES ('0c3a83bf-897e-4cd1-bb25-5a64ce3f14db', '706f93ec-b0a0-41ec-a085-0e8fb6db4b73', 'CAMERA-393-BS-0C3A', 1455, 126, '{"color": "Blue", "size": "S"}');
INSERT INTO products (id, name, description, category_id) VALUES ('2f739a9d-386c-49e4-9a1d-2a4e117916bd', 'Original Headphones 941', 'Description for Original Headphones 941. Optimized for search and performance test.', '935a202a-f408-4a2d-8d4d-3744285c4d33');
INSERT INTO product_variants (id, product_id, sku, price, stock_quantity, attributes) VALUES ('a03806bb-2bd2-4d56-8f3a-8e8b03a94f5c', '2f739a9d-386c-49e4-9a1d-2a4e117916bd', 'HEADPHONES-941-GX-A038', 4265, 37, '{"color": "Green", "size": "XL"}');
INSERT INTO product_variants (id, product_id, sku, price, stock_quantity, attributes) VALUES ('db73ed38-8883-4647-851f-17cb5d2f3898', '2f739a9d-386c-49e4-9a1d-2a4e117916bd', 'HEADPHONES-941-WX-DB73', 1292, 108, '{"color": "White", "size": "XXL"}');
INSERT INTO product_variants (id, product_id, sku, price, stock_quantity, attributes) VALUES ('de55b7a1-3987-4399-89eb-d0962902f81e', '2f739a9d-386c-49e4-9a1d-2a4e117916bd', 'HEADPHONES-941-S2-DE55', 4622, 148, '{"color": "Silver", "size": "256GB"}');
INSERT INTO products (id, name, description, category_id) VALUES ('ea5d224b-cd71-41ad-aa20-2500986df08c', 'Elegant Headphones 250', 'Description for Elegant Headphones 250. Optimized for search and performance test.', '935a202a-f408-4a2d-8d4d-3744285c4d33');
INSERT INTO product_variants (id, product_id, sku, price, stock_quantity, attributes) VALUES ('19356572-a861-4287-8937-425f439faff6', 'ea5d224b-cd71-41ad-aa20-2500986df08c', 'HEADPHONES-250-BM-1935', 1133, 16, '{"color": "Black", "size": "M"}');
INSERT INTO product_variants (id, product_id, sku, price, stock_quantity, attributes) VALUES ('1b9cb704-a609-4dba-bd75-d0ebae578c0b', 'ea5d224b-cd71-41ad-aa20-2500986df08c', 'HEADPHONES-250-WS-1B9C', 885, 174, '{"color": "White", "size": "S"}');
INSERT INTO product_variants (id, product_id, sku, price, stock_quantity, attributes) VALUES ('9a49ed9c-a98e-4642-b3d0-582ef652ff34', 'ea5d224b-cd71-41ad-aa20-2500986df08c', 'HEADPHONES-250-BM-9A49', 3778, 68, '{"color": "Blue", "size": "M"}');
INSERT INTO products (id, name, description, category_id) VALUES ('88a829b7-9114-4d60-951e-75ac94ce9a57', 'Ultra Laptop 814', 'Description for Ultra Laptop 814. Optimized for search and performance test.', '935a202a-f408-4a2d-8d4d-3744285c4d33');
INSERT INTO product_variants (id, product_id, sku, price, stock_quantity, attributes) VALUES ('94e60263-be47-4f1f-ab94-fb7c5abd792b', '88a829b7-9114-4d60-951e-75ac94ce9a57', 'LAPTOP-814-WM-94E6', 4857, 180, '{"color": "White", "size": "M"}');
INSERT INTO product_variants (id, product_id, sku, price, stock_quantity, attributes) VALUES ('d0f29e13-575f-4d78-8b0a-0ca58ada86f4', '88a829b7-9114-4d60-951e-75ac94ce9a57', 'LAPTOP-814-B8-D0F2', 1560, 22, '{"color": "Blue", "size": "8GB RAM"}');
INSERT INTO product_variants (id, product_id, sku, price, stock_quantity, attributes) VALUES ('ae634447-0fe6-4377-bd78-2fdac1f5bd69', '88a829b7-9114-4d60-951e-75ac94ce9a57', 'LAPTOP-814-RM-AE63', 378, 174, '{"color": "Red", "size": "M"}');
INSERT INTO products (id, name, description, category_id) VALUES ('fea801a4-79dc-4d91-89d1-4b297157a76d', 'Smart Shirt 618', 'Description for Smart Shirt 618. Optimized for search and performance test.', '935a202a-f408-4a2d-8d4d-3744285c4d33');
INSERT INTO product_variants (id, product_id, sku, price, stock_quantity, attributes) VALUES ('9ef84517-72ea-4adf-b2e8-8d090f89c4b2', 'fea801a4-79dc-4d91-89d1-4b297157a76d', 'SHIRT-618-G1-9EF8', 2277, 50, '{"color": "Green", "size": "128GB"}');
INSERT INTO product_variants (id, product_id, sku, price, stock_quantity, attributes) VALUES ('c3b8dcb2-9d66-4157-b225-7434972941f4', 'fea801a4-79dc-4d91-89d1-4b297157a76d', 'SHIRT-618-BS-C3B8', 1227, 18, '{"color": "Blue", "size": "S"}');
INSERT INTO product_variants (id, product_id, sku, price, stock_quantity, attributes) VALUES ('7b2ad625-40f2-4824-a5fe-4734199c33db', 'fea801a4-79dc-4d91-89d1-4b297157a76d', 'SHIRT-618-RX-7B2A', 866, 158, '{"color": "Red", "size": "XL"}');
INSERT INTO products (id, name, description, category_id) VALUES ('b9369881-abfb-4bb8-be8f-094db00e8e4f', 'Ultra Phone 455', 'Description for Ultra Phone 455. Optimized for search and performance test.', '935a202a-f408-4a2d-8d4d-3744285c4d33');
INSERT INTO product_variants (id, product_id, sku, price, stock_quantity, attributes) VALUES ('f8b535e3-c301-4a03-aea1-8262cdd70bc4', 'b9369881-abfb-4bb8-be8f-094db00e8e4f', 'PHONE-455-GS-F8B5', 1097, 103, '{"color": "Gold", "size": "S"}');
INSERT INTO product_variants (id, product_id, sku, price, stock_quantity, attributes) VALUES ('ee7e65bf-92b2-4403-bf65-b2b85220a6f2', 'b9369881-abfb-4bb8-be8f-094db00e8e4f', 'PHONE-455-GM-EE7E', 1070, 43, '{"color": "Gold", "size": "M"}');
INSERT INTO product_variants (id, product_id, sku, price, stock_quantity, attributes) VALUES ('043b7e6d-d5d0-423a-b47b-13e6c191cf18', 'b9369881-abfb-4bb8-be8f-094db00e8e4f', 'PHONE-455-WX-043B', 2449, 17, '{"color": "White", "size": "XXL"}');
INSERT INTO products (id, name, description, category_id) VALUES ('8a1e254c-c22b-4df0-b475-2c4106924246', 'Elegant Speaker 497', 'Description for Elegant Speaker 497. Optimized for search and performance test.', '935a202a-f408-4a2d-8d4d-3744285c4d33');
INSERT INTO product_variants (id, product_id, sku, price, stock_quantity, attributes) VALUES ('8489aafb-29b7-416e-a164-9d436a65a432', '8a1e254c-c22b-4df0-b475-2c4106924246', 'SPEAKER-497-G6-8489', 4867, 10, '{"color": "Green", "size": "64GB"}');
INSERT INTO product_variants (id, product_id, sku, price, stock_quantity, attributes) VALUES ('95e9f210-eb65-4c68-8b55-777e685cd1c4', '8a1e254c-c22b-4df0-b475-2c4106924246', 'SPEAKER-497-G6-95E9', 2319, 129, '{"color": "Gold", "size": "64GB"}');
INSERT INTO product_variants (id, product_id, sku, price, stock_quantity, attributes) VALUES ('b3902517-0365-450a-b236-1c8f03c6b5eb', '8a1e254c-c22b-4df0-b475-2c4106924246', 'SPEAKER-497-S1-B390', 3264, 64, '{"color": "Silver", "size": "128GB"}');
INSERT INTO products (id, name, description, category_id) VALUES ('d8eeec15-28e2-465b-a433-a6ad254df74d', 'Original Phone 462', 'Description for Original Phone 462. Optimized for search and performance test.', '935a202a-f408-4a2d-8d4d-3744285c4d33');
INSERT INTO product_variants (id, product_id, sku, price, stock_quantity, attributes) VALUES ('dcc9cbd3-cf48-4f34-a59f-11f8c35acf39', 'd8eeec15-28e2-465b-a433-a6ad254df74d', 'PHONE-462-GL-DCC9', 3033, 75, '{"color": "Green", "size": "L"}');
INSERT INTO product_variants (id, product_id, sku, price, stock_quantity, attributes) VALUES ('0e9a061a-c1ff-402b-baf3-b7ab655f00ca', 'd8eeec15-28e2-465b-a433-a6ad254df74d', 'PHONE-462-BL-0E9A', 1619, 108, '{"color": "Blue", "size": "L"}');
INSERT INTO product_variants (id, product_id, sku, price, stock_quantity, attributes) VALUES ('b111f18c-e503-4611-9529-1e06e4b53abf', 'd8eeec15-28e2-465b-a433-a6ad254df74d', 'PHONE-462-BS-B111', 1141, 42, '{"color": "Black", "size": "S"}');
INSERT INTO products (id, name, description, category_id) VALUES ('9e3b4fb7-277f-4a57-9fd3-633f13f3b00e', 'Pro Bed 124', 'Description for Pro Bed 124. Optimized for search and performance test.', '935a202a-f408-4a2d-8d4d-3744285c4d33');
INSERT INTO product_variants (id, product_id, sku, price, stock_quantity, attributes) VALUES ('b1ff5d5c-6f70-4815-8d71-8a1c315dee7f', '9e3b4fb7-277f-4a57-9fd3-633f13f3b00e', 'BED-124-G1-B1FF', 3621, 161, '{"color": "Gold", "size": "128GB"}');
INSERT INTO product_variants (id, product_id, sku, price, stock_quantity, attributes) VALUES ('05c124eb-ffd4-4433-81a4-6ac11e25c0ce', '9e3b4fb7-277f-4a57-9fd3-633f13f3b00e', 'BED-124-G6-05C1', 625, 160, '{"color": "Gold", "size": "64GB"}');
INSERT INTO product_variants (id, product_id, sku, price, stock_quantity, attributes) VALUES ('ac53e445-0c65-4124-9804-3f6d7b35fc64', '9e3b4fb7-277f-4a57-9fd3-633f13f3b00e', 'BED-124-B8-AC53', 4842, 49, '{"color": "Blue", "size": "8GB RAM"}');
INSERT INTO products (id, name, description, category_id) VALUES ('d9f3ff7b-d8f5-41a5-880b-4ba1169a17e8', 'Premium Speaker 704', 'Description for Premium Speaker 704. Optimized for search and performance test.', '935a202a-f408-4a2d-8d4d-3744285c4d33');
INSERT INTO product_variants (id, product_id, sku, price, stock_quantity, attributes) VALUES ('2877215d-98f8-46a2-9f0e-e25ee17fbe63', 'd9f3ff7b-d8f5-41a5-880b-4ba1169a17e8', 'SPEAKER-704-B2-2877', 1917, 158, '{"color": "Black", "size": "256GB"}');
INSERT INTO product_variants (id, product_id, sku, price, stock_quantity, attributes) VALUES ('2d21d1e6-41ef-4ca7-8fb6-58c922772785', 'd9f3ff7b-d8f5-41a5-880b-4ba1169a17e8', 'SPEAKER-704-W8-2D21', 288, 134, '{"color": "White", "size": "8GB RAM"}');
INSERT INTO product_variants (id, product_id, sku, price, stock_quantity, attributes) VALUES ('d743e868-b249-4d57-86e2-38812be786ba', 'd9f3ff7b-d8f5-41a5-880b-4ba1169a17e8', 'SPEAKER-704-G8-D743', 1521, 169, '{"color": "Gold", "size": "8GB RAM"}');
INSERT INTO products (id, name, description, category_id) VALUES ('4cc04d94-8c58-45a0-b6a2-6757bfae18ea', 'Ultra Bed 526', 'Description for Ultra Bed 526. Optimized for search and performance test.', '935a202a-f408-4a2d-8d4d-3744285c4d33');
INSERT INTO product_variants (id, product_id, sku, price, stock_quantity, attributes) VALUES ('06ce93f1-c4ff-4259-95a3-2c1937d3e8e9', '4cc04d94-8c58-45a0-b6a2-6757bfae18ea', 'BED-526-RX-06CE', 2026, 192, '{"color": "Red", "size": "XXL"}');
INSERT INTO product_variants (id, product_id, sku, price, stock_quantity, attributes) VALUES ('2720fd2a-e3b7-482d-9abb-890f6d3b8a89', '4cc04d94-8c58-45a0-b6a2-6757bfae18ea', 'BED-526-B1-2720', 4498, 171, '{"color": "Black", "size": "16GB RAM"}');
INSERT INTO product_variants (id, product_id, sku, price, stock_quantity, attributes) VALUES ('9a109250-3638-47e9-9ac8-1aed4c340d83', '4cc04d94-8c58-45a0-b6a2-6757bfae18ea', 'BED-526-GS-9A10', 1313, 50, '{"color": "Green", "size": "S"}');
INSERT INTO products (id, name, description, category_id) VALUES ('dd26e244-1908-4816-98df-37691982ae2c', 'Original Table 961', 'Description for Original Table 961. Optimized for search and performance test.', '935a202a-f408-4a2d-8d4d-3744285c4d33');
INSERT INTO product_variants (id, product_id, sku, price, stock_quantity, attributes) VALUES ('f347a7a5-6a01-4c89-8eb7-a59c88e32ec9', 'dd26e244-1908-4816-98df-37691982ae2c', 'TABLE-961-S2-F347', 1465, 194, '{"color": "Silver", "size": "256GB"}');
INSERT INTO product_variants (id, product_id, sku, price, stock_quantity, attributes) VALUES ('21191bbf-8345-4b80-af95-11344818c17a', 'dd26e244-1908-4816-98df-37691982ae2c', 'TABLE-961-WS-2119', 2320, 191, '{"color": "White", "size": "S"}');
INSERT INTO product_variants (id, product_id, sku, price, stock_quantity, attributes) VALUES ('d0cea39a-c085-40f7-8611-5295348a9d38', 'dd26e244-1908-4816-98df-37691982ae2c', 'TABLE-961-B6-D0CE', 2256, 28, '{"color": "Blue", "size": "64GB"}');
INSERT INTO products (id, name, description, category_id) VALUES ('fdc7bf4d-7569-4c28-95e6-4fad2921f882', 'Eco Dress 848', 'Description for Eco Dress 848. Optimized for search and performance test.', '935a202a-f408-4a2d-8d4d-3744285c4d33');
INSERT INTO product_variants (id, product_id, sku, price, stock_quantity, attributes) VALUES ('2903da41-198d-4c21-a0af-161263ac55f7', 'fdc7bf4d-7569-4c28-95e6-4fad2921f882', 'DRESS-848-W6-2903', 3796, 120, '{"color": "White", "size": "64GB"}');
INSERT INTO product_variants (id, product_id, sku, price, stock_quantity, attributes) VALUES ('8244eb8a-ee5e-4cbc-8e03-7d5c2cf0a80c', 'fdc7bf4d-7569-4c28-95e6-4fad2921f882', 'DRESS-848-WL-8244', 931, 120, '{"color": "White", "size": "L"}');
INSERT INTO product_variants (id, product_id, sku, price, stock_quantity, attributes) VALUES ('7840ebbf-92d3-4dab-bd1e-2a5009c970c1', 'fdc7bf4d-7569-4c28-95e6-4fad2921f882', 'DRESS-848-RX-7840', 2780, 175, '{"color": "Red", "size": "XL"}');
INSERT INTO products (id, name, description, category_id) VALUES ('0cdc96dd-06f1-4bd2-8025-8ab729dce18a', 'Ultra Shirt 246', 'Description for Ultra Shirt 246. Optimized for search and performance test.', '935a202a-f408-4a2d-8d4d-3744285c4d33');
INSERT INTO product_variants (id, product_id, sku, price, stock_quantity, attributes) VALUES ('5b1b7f2b-099e-4401-90e1-7aeb46328554', '0cdc96dd-06f1-4bd2-8025-8ab729dce18a', 'SHIRT-246-RX-5B1B', 3245, 100, '{"color": "Red", "size": "XXL"}');
INSERT INTO product_variants (id, product_id, sku, price, stock_quantity, attributes) VALUES ('960ae516-7cb5-448c-83de-39f020b44874', '0cdc96dd-06f1-4bd2-8025-8ab729dce18a', 'SHIRT-246-S6-960A', 2700, 122, '{"color": "Silver", "size": "64GB"}');
INSERT INTO product_variants (id, product_id, sku, price, stock_quantity, attributes) VALUES ('c8604a86-b4e1-42d0-a738-b1c37a2caad4', '0cdc96dd-06f1-4bd2-8025-8ab729dce18a', 'SHIRT-246-B1-C860', 4887, 156, '{"color": "Blue", "size": "16GB RAM"}');
INSERT INTO products (id, name, description, category_id) VALUES ('a08f77a6-fcc5-43e2-a4b1-6f318cc7a1bf', 'Smart Backpack 839', 'Description for Smart Backpack 839. Optimized for search and performance test.', '935a202a-f408-4a2d-8d4d-3744285c4d33');
INSERT INTO product_variants (id, product_id, sku, price, stock_quantity, attributes) VALUES ('4f174459-67df-4baa-8813-280d4f047f35', 'a08f77a6-fcc5-43e2-a4b1-6f318cc7a1bf', 'BACKPACK-839-GL-4F17', 169, 190, '{"color": "Gold", "size": "L"}');
INSERT INTO product_variants (id, product_id, sku, price, stock_quantity, attributes) VALUES ('96fd290a-d819-482d-8bed-6d43ca781664', 'a08f77a6-fcc5-43e2-a4b1-6f318cc7a1bf', 'BACKPACK-839-GX-96FD', 4532, 93, '{"color": "Green", "size": "XL"}');
INSERT INTO product_variants (id, product_id, sku, price, stock_quantity, attributes) VALUES ('9301f1ae-0242-4a90-a740-7110aad3b61e', 'a08f77a6-fcc5-43e2-a4b1-6f318cc7a1bf', 'BACKPACK-839-RX-9301', 2535, 167, '{"color": "Red", "size": "XL"}');
INSERT INTO products (id, name, description, category_id) VALUES ('ad7e6453-a0c2-4065-9111-cab04448727d', 'Elegant Table 717', 'Description for Elegant Table 717. Optimized for search and performance test.', '935a202a-f408-4a2d-8d4d-3744285c4d33');
INSERT INTO product_variants (id, product_id, sku, price, stock_quantity, attributes) VALUES ('26ed8d07-bddf-472c-ad8d-800fce4bdae7', 'ad7e6453-a0c2-4065-9111-cab04448727d', 'TABLE-717-GX-26ED', 2256, 133, '{"color": "Gold", "size": "XL"}');
INSERT INTO product_variants (id, product_id, sku, price, stock_quantity, attributes) VALUES ('a686d83e-db58-4538-a7f1-f4b45fd1eddd', 'ad7e6453-a0c2-4065-9111-cab04448727d', 'TABLE-717-WX-A686', 2356, 20, '{"color": "White", "size": "XXL"}');
INSERT INTO product_variants (id, product_id, sku, price, stock_quantity, attributes) VALUES ('7a8ba0bf-0197-48b9-aaba-b970c8478e94', 'ad7e6453-a0c2-4065-9111-cab04448727d', 'TABLE-717-B6-7A8B', 3852, 88, '{"color": "Black", "size": "64GB"}');
INSERT INTO products (id, name, description, category_id) VALUES ('dd612155-031a-4458-aeec-36bb27965ffc', 'Original Headphones 867', 'Description for Original Headphones 867. Optimized for search and performance test.', '935a202a-f408-4a2d-8d4d-3744285c4d33');
INSERT INTO product_variants (id, product_id, sku, price, stock_quantity, attributes) VALUES ('a55cb1e7-0003-473a-a601-64c3ea662537', 'dd612155-031a-4458-aeec-36bb27965ffc', 'HEADPHONES-867-BX-A55C', 2452, 136, '{"color": "Blue", "size": "XL"}');
INSERT INTO product_variants (id, product_id, sku, price, stock_quantity, attributes) VALUES ('4c8e1b3c-eb12-4530-bc1c-4d6c8895b886', 'dd612155-031a-4458-aeec-36bb27965ffc', 'HEADPHONES-867-GX-4C8E', 1183, 193, '{"color": "Gold", "size": "XXL"}');
INSERT INTO product_variants (id, product_id, sku, price, stock_quantity, attributes) VALUES ('71ba4128-bb84-4f27-92b1-611309c0ba04', 'dd612155-031a-4458-aeec-36bb27965ffc', 'HEADPHONES-867-BL-71BA', 3806, 63, '{"color": "Blue", "size": "L"}');
INSERT INTO products (id, name, description, category_id) VALUES ('14c2e6d5-9e64-42c6-b887-2c6166ccf82c', 'Original Laptop 755', 'Description for Original Laptop 755. Optimized for search and performance test.', '935a202a-f408-4a2d-8d4d-3744285c4d33');
INSERT INTO product_variants (id, product_id, sku, price, stock_quantity, attributes) VALUES ('ff56eb1e-3291-49bd-be5c-3d95dd18d330', '14c2e6d5-9e64-42c6-b887-2c6166ccf82c', 'LAPTOP-755-GL-FF56', 341, 140, '{"color": "Gold", "size": "L"}');
INSERT INTO product_variants (id, product_id, sku, price, stock_quantity, attributes) VALUES ('78d9a609-a041-4208-b2c1-9a1cdd734c43', '14c2e6d5-9e64-42c6-b887-2c6166ccf82c', 'LAPTOP-755-B8-78D9', 468, 24, '{"color": "Black", "size": "8GB RAM"}');
INSERT INTO product_variants (id, product_id, sku, price, stock_quantity, attributes) VALUES ('62970c9b-2dd5-480c-a9d9-c77c3acb9f35', '14c2e6d5-9e64-42c6-b887-2c6166ccf82c', 'LAPTOP-755-BM-6297', 2080, 106, '{"color": "Black", "size": "M"}');
INSERT INTO products (id, name, description, category_id) VALUES ('4beb1a22-7d6c-4913-85ca-6b027941c632', 'Lite Laptop 164', 'Description for Lite Laptop 164. Optimized for search and performance test.', '935a202a-f408-4a2d-8d4d-3744285c4d33');
INSERT INTO product_variants (id, product_id, sku, price, stock_quantity, attributes) VALUES ('4b8ed05c-fb10-43a1-bb30-3897ff40607e', '4beb1a22-7d6c-4913-85ca-6b027941c632', 'LAPTOP-164-BL-4B8E', 895, 82, '{"color": "Blue", "size": "L"}');
INSERT INTO product_variants (id, product_id, sku, price, stock_quantity, attributes) VALUES ('746298fc-972d-46f6-8905-e648deec5bc5', '4beb1a22-7d6c-4913-85ca-6b027941c632', 'LAPTOP-164-GX-7462', 3437, 97, '{"color": "Gold", "size": "XXL"}');
INSERT INTO product_variants (id, product_id, sku, price, stock_quantity, attributes) VALUES ('60182eae-cf69-4d1a-b6cc-d3affd226507', '4beb1a22-7d6c-4913-85ca-6b027941c632', 'LAPTOP-164-RL-6018', 3220, 78, '{"color": "Red", "size": "L"}');
INSERT INTO products (id, name, description, category_id) VALUES ('1174e163-731a-409b-9f9c-9e44a66fdc04', 'Pro Camera 334', 'Description for Pro Camera 334. Optimized for search and performance test.', '935a202a-f408-4a2d-8d4d-3744285c4d33');
INSERT INTO product_variants (id, product_id, sku, price, stock_quantity, attributes) VALUES ('10bc3b7e-d355-4e69-8702-5a3c2a84b06e', '1174e163-731a-409b-9f9c-9e44a66fdc04', 'CAMERA-334-R6-10BC', 3381, 154, '{"color": "Red", "size": "64GB"}');
INSERT INTO product_variants (id, product_id, sku, price, stock_quantity, attributes) VALUES ('d61f27ea-d60f-40b2-b8c0-d5f8fd860d99', '1174e163-731a-409b-9f9c-9e44a66fdc04', 'CAMERA-334-SX-D61F', 4117, 180, '{"color": "Silver", "size": "XL"}');
INSERT INTO product_variants (id, product_id, sku, price, stock_quantity, attributes) VALUES ('73b46c7a-269e-4d2a-addf-9a7c5f5c47b5', '1174e163-731a-409b-9f9c-9e44a66fdc04', 'CAMERA-334-R6-73B4', 4924, 24, '{"color": "Red", "size": "64GB"}');
INSERT INTO products (id, name, description, category_id) VALUES ('3b335f86-e387-4e19-a9ab-53c174d0b5c7', 'Lite Headphones 417', 'Description for Lite Headphones 417. Optimized for search and performance test.', '935a202a-f408-4a2d-8d4d-3744285c4d33');
INSERT INTO product_variants (id, product_id, sku, price, stock_quantity, attributes) VALUES ('f32c56fa-8849-4f85-bb70-080b777f2f39', '3b335f86-e387-4e19-a9ab-53c174d0b5c7', 'HEADPHONES-417-S1-F32C', 3333, 153, '{"color": "Silver", "size": "16GB RAM"}');
INSERT INTO product_variants (id, product_id, sku, price, stock_quantity, attributes) VALUES ('394dce23-7a84-4c39-8ce9-084ff0c73655', '3b335f86-e387-4e19-a9ab-53c174d0b5c7', 'HEADPHONES-417-BM-394D', 1257, 42, '{"color": "Black", "size": "M"}');
INSERT INTO product_variants (id, product_id, sku, price, stock_quantity, attributes) VALUES ('fe2d8136-2c58-4605-8ddb-6bbd56c9911a', '3b335f86-e387-4e19-a9ab-53c174d0b5c7', 'HEADPHONES-417-RM-FE2D', 646, 56, '{"color": "Red", "size": "M"}');
INSERT INTO products (id, name, description, category_id) VALUES ('f596fde7-3ec9-4065-b572-876a08719a86', 'Pro Monitor 974', 'Description for Pro Monitor 974. Optimized for search and performance test.', '935a202a-f408-4a2d-8d4d-3744285c4d33');
INSERT INTO product_variants (id, product_id, sku, price, stock_quantity, attributes) VALUES ('4e09884e-fc6b-4855-a7b8-cd8698dcd268', 'f596fde7-3ec9-4065-b572-876a08719a86', 'MONITOR-974-B1-4E09', 1390, 163, '{"color": "Black", "size": "128GB"}');
INSERT INTO product_variants (id, product_id, sku, price, stock_quantity, attributes) VALUES ('6ebf3fec-a6b9-4e6c-9a11-fcb9b0cef001', 'f596fde7-3ec9-4065-b572-876a08719a86', 'MONITOR-974-GM-6EBF', 4420, 34, '{"color": "Gold", "size": "M"}');
INSERT INTO product_variants (id, product_id, sku, price, stock_quantity, attributes) VALUES ('e1fee000-1916-4077-864a-06afa6349ea9', 'f596fde7-3ec9-4065-b572-876a08719a86', 'MONITOR-974-G1-E1FE', 4779, 40, '{"color": "Green", "size": "128GB"}');
INSERT INTO products (id, name, description, category_id) VALUES ('f6c6405a-2880-4cd1-baf2-34bfc88e881b', 'Elegant Table 425', 'Description for Elegant Table 425. Optimized for search and performance test.', '935a202a-f408-4a2d-8d4d-3744285c4d33');
INSERT INTO product_variants (id, product_id, sku, price, stock_quantity, attributes) VALUES ('916f0a94-425a-40e2-b46f-dfd634dba946', 'f6c6405a-2880-4cd1-baf2-34bfc88e881b', 'TABLE-425-SX-916F', 4778, 64, '{"color": "Silver", "size": "XXL"}');
INSERT INTO product_variants (id, product_id, sku, price, stock_quantity, attributes) VALUES ('fae8eee3-2806-4a0f-bc53-99285ada2597', 'f6c6405a-2880-4cd1-baf2-34bfc88e881b', 'TABLE-425-R1-FAE8', 3506, 72, '{"color": "Red", "size": "128GB"}');
INSERT INTO product_variants (id, product_id, sku, price, stock_quantity, attributes) VALUES ('98fa849f-ad66-40b0-9bd2-0cbc9d75ab1a', 'f6c6405a-2880-4cd1-baf2-34bfc88e881b', 'TABLE-425-W2-98FA', 845, 88, '{"color": "White", "size": "256GB"}');
INSERT INTO products (id, name, description, category_id) VALUES ('06ad87d8-681d-459c-8088-fff4e790207f', 'Pro Dress 943', 'Description for Pro Dress 943. Optimized for search and performance test.', '935a202a-f408-4a2d-8d4d-3744285c4d33');
INSERT INTO product_variants (id, product_id, sku, price, stock_quantity, attributes) VALUES ('ded7c8ad-1b2a-4664-a613-fef4a6a882d7', '06ad87d8-681d-459c-8088-fff4e790207f', 'DRESS-943-W2-DED7', 2778, 31, '{"color": "White", "size": "256GB"}');
INSERT INTO product_variants (id, product_id, sku, price, stock_quantity, attributes) VALUES ('e14857ed-a65b-48d8-bca9-464bb27b8e24', '06ad87d8-681d-459c-8088-fff4e790207f', 'DRESS-943-BX-E148', 2867, 200, '{"color": "Black", "size": "XXL"}');
INSERT INTO product_variants (id, product_id, sku, price, stock_quantity, attributes) VALUES ('2c573b60-cd4b-47dd-b6d6-fb3066ebe62f', '06ad87d8-681d-459c-8088-fff4e790207f', 'DRESS-943-BL-2C57', 2288, 103, '{"color": "Black", "size": "L"}');
INSERT INTO products (id, name, description, category_id) VALUES ('fb14a0b7-59ff-40ed-8acc-4a50d765bf33', 'Pro Table 135', 'Description for Pro Table 135. Optimized for search and performance test.', '935a202a-f408-4a2d-8d4d-3744285c4d33');
INSERT INTO product_variants (id, product_id, sku, price, stock_quantity, attributes) VALUES ('10098d95-815d-4c93-abd1-8d602e801b5f', 'fb14a0b7-59ff-40ed-8acc-4a50d765bf33', 'TABLE-135-WX-1009', 1280, 157, '{"color": "White", "size": "XL"}');
INSERT INTO product_variants (id, product_id, sku, price, stock_quantity, attributes) VALUES ('cd844055-4bc9-4aa7-ab73-cb13d56ee22a', 'fb14a0b7-59ff-40ed-8acc-4a50d765bf33', 'TABLE-135-G8-CD84', 3959, 109, '{"color": "Gold", "size": "8GB RAM"}');
INSERT INTO product_variants (id, product_id, sku, price, stock_quantity, attributes) VALUES ('9147e690-a756-461a-9ce2-6dc1257643bd', 'fb14a0b7-59ff-40ed-8acc-4a50d765bf33', 'TABLE-135-BM-9147', 1617, 47, '{"color": "Blue", "size": "M"}');
INSERT INTO products (id, name, description, category_id) VALUES ('213d0799-4b77-4e67-9ae5-5e5deae5fce4', 'Elegant Laptop 144', 'Description for Elegant Laptop 144. Optimized for search and performance test.', '935a202a-f408-4a2d-8d4d-3744285c4d33');
INSERT INTO product_variants (id, product_id, sku, price, stock_quantity, attributes) VALUES ('dfdf4508-f27f-4766-8f66-5cad6260500f', '213d0799-4b77-4e67-9ae5-5e5deae5fce4', 'LAPTOP-144-R1-DFDF', 1458, 199, '{"color": "Red", "size": "16GB RAM"}');
INSERT INTO product_variants (id, product_id, sku, price, stock_quantity, attributes) VALUES ('fb32a3e6-8528-4198-ba54-60b2a38d54c7', '213d0799-4b77-4e67-9ae5-5e5deae5fce4', 'LAPTOP-144-G2-FB32', 2450, 112, '{"color": "Green", "size": "256GB"}');
INSERT INTO product_variants (id, product_id, sku, price, stock_quantity, attributes) VALUES ('32c835f5-ea62-4ff7-97c5-3b6312a6d9eb', '213d0799-4b77-4e67-9ae5-5e5deae5fce4', 'LAPTOP-144-G6-32C8', 2820, 30, '{"color": "Green", "size": "64GB"}');
INSERT INTO products (id, name, description, category_id) VALUES ('fe16fd6b-9de5-4111-baa0-7d9be49a6bbe', 'Ultra Speaker 671', 'Description for Ultra Speaker 671. Optimized for search and performance test.', '935a202a-f408-4a2d-8d4d-3744285c4d33');
INSERT INTO product_variants (id, product_id, sku, price, stock_quantity, attributes) VALUES ('92065294-89da-45e4-8d09-9eb7553d226e', 'fe16fd6b-9de5-4111-baa0-7d9be49a6bbe', 'SPEAKER-671-BX-9206', 4593, 87, '{"color": "Black", "size": "XL"}');
INSERT INTO product_variants (id, product_id, sku, price, stock_quantity, attributes) VALUES ('f4b87b92-fcc0-4f20-9a17-257f7cf9e56c', 'fe16fd6b-9de5-4111-baa0-7d9be49a6bbe', 'SPEAKER-671-S6-F4B8', 815, 67, '{"color": "Silver", "size": "64GB"}');
INSERT INTO product_variants (id, product_id, sku, price, stock_quantity, attributes) VALUES ('3a754a5c-3ccc-4624-a9d4-85555bd69c4c', 'fe16fd6b-9de5-4111-baa0-7d9be49a6bbe', 'SPEAKER-671-BX-3A75', 3115, 80, '{"color": "Black", "size": "XL"}');
INSERT INTO products (id, name, description, category_id) VALUES ('8b9183dd-6852-4da8-863f-7227e5322d8c', 'Premium Shirt 521', 'Description for Premium Shirt 521. Optimized for search and performance test.', '935a202a-f408-4a2d-8d4d-3744285c4d33');
INSERT INTO product_variants (id, product_id, sku, price, stock_quantity, attributes) VALUES ('d380e3bb-a35a-490e-b9c1-1f6479fb786d', '8b9183dd-6852-4da8-863f-7227e5322d8c', 'SHIRT-521-BM-D380', 4202, 63, '{"color": "Blue", "size": "M"}');
INSERT INTO product_variants (id, product_id, sku, price, stock_quantity, attributes) VALUES ('00077cf2-0f93-4ac8-b9bf-556497ab5a98', '8b9183dd-6852-4da8-863f-7227e5322d8c', 'SHIRT-521-GS-0007', 2403, 159, '{"color": "Green", "size": "S"}');
INSERT INTO product_variants (id, product_id, sku, price, stock_quantity, attributes) VALUES ('372d8395-a040-44e5-8922-7d31c5e2a0b5', '8b9183dd-6852-4da8-863f-7227e5322d8c', 'SHIRT-521-G2-372D', 2259, 47, '{"color": "Green", "size": "256GB"}');
INSERT INTO products (id, name, description, category_id) VALUES ('99e419e7-80c4-4166-bc60-b58daea22f61', 'Pro Bed 571', 'Description for Pro Bed 571. Optimized for search and performance test.', '935a202a-f408-4a2d-8d4d-3744285c4d33');
INSERT INTO product_variants (id, product_id, sku, price, stock_quantity, attributes) VALUES ('4e18e498-b962-4671-a4ad-7b889bccc536', '99e419e7-80c4-4166-bc60-b58daea22f61', 'BED-571-R2-4E18', 2221, 84, '{"color": "Red", "size": "256GB"}');
INSERT INTO product_variants (id, product_id, sku, price, stock_quantity, attributes) VALUES ('b7952b74-f4a9-4fff-9075-cdce9b9f4dc7', '99e419e7-80c4-4166-bc60-b58daea22f61', 'BED-571-G2-B795', 4040, 14, '{"color": "Gold", "size": "256GB"}');
INSERT INTO product_variants (id, product_id, sku, price, stock_quantity, attributes) VALUES ('da893cec-381b-44ad-889c-240b43d22995', '99e419e7-80c4-4166-bc60-b58daea22f61', 'BED-571-G8-DA89', 171, 44, '{"color": "Green", "size": "8GB RAM"}');
INSERT INTO products (id, name, description, category_id) VALUES ('a654c81e-e419-4c63-831b-bbe14624feea', 'Elegant Speaker 969', 'Description for Elegant Speaker 969. Optimized for search and performance test.', '935a202a-f408-4a2d-8d4d-3744285c4d33');
INSERT INTO product_variants (id, product_id, sku, price, stock_quantity, attributes) VALUES ('435de2fb-4928-4850-adb8-c2832c35db08', 'a654c81e-e419-4c63-831b-bbe14624feea', 'SPEAKER-969-G8-435D', 2515, 176, '{"color": "Green", "size": "8GB RAM"}');
INSERT INTO product_variants (id, product_id, sku, price, stock_quantity, attributes) VALUES ('7e030df0-1918-4b23-9408-059bda70b62d', 'a654c81e-e419-4c63-831b-bbe14624feea', 'SPEAKER-969-S1-7E03', 3915, 140, '{"color": "Silver", "size": "16GB RAM"}');
INSERT INTO product_variants (id, product_id, sku, price, stock_quantity, attributes) VALUES ('0b0693d1-2b33-47c7-b493-986167e3a251', 'a654c81e-e419-4c63-831b-bbe14624feea', 'SPEAKER-969-W1-0B06', 1945, 53, '{"color": "White", "size": "16GB RAM"}');
INSERT INTO products (id, name, description, category_id) VALUES ('b591cef5-938d-42aa-8173-0b953b9847a4', 'Premium Camera 504', 'Description for Premium Camera 504. Optimized for search and performance test.', '935a202a-f408-4a2d-8d4d-3744285c4d33');
INSERT INTO product_variants (id, product_id, sku, price, stock_quantity, attributes) VALUES ('769f55a1-51ce-4fa6-a254-2f4343d279e6', 'b591cef5-938d-42aa-8173-0b953b9847a4', 'CAMERA-504-G1-769F', 4152, 186, '{"color": "Green", "size": "16GB RAM"}');
INSERT INTO product_variants (id, product_id, sku, price, stock_quantity, attributes) VALUES ('d56d3702-a2a5-4335-b68f-2ac2bf45bf84', 'b591cef5-938d-42aa-8173-0b953b9847a4', 'CAMERA-504-GX-D56D', 1148, 128, '{"color": "Green", "size": "XXL"}');
INSERT INTO product_variants (id, product_id, sku, price, stock_quantity, attributes) VALUES ('13717eeb-d4f4-45fa-aef5-e37ecef84b3c', 'b591cef5-938d-42aa-8173-0b953b9847a4', 'CAMERA-504-G8-1371', 2116, 125, '{"color": "Green", "size": "8GB RAM"}');
INSERT INTO products (id, name, description, category_id) VALUES ('9a357d9f-071f-4a2c-af42-eb22047cf144', 'Ultra Table 453', 'Description for Ultra Table 453. Optimized for search and performance test.', '935a202a-f408-4a2d-8d4d-3744285c4d33');
INSERT INTO product_variants (id, product_id, sku, price, stock_quantity, attributes) VALUES ('fa17fa13-2fd0-4f1a-bf72-35f2e880d9c6', '9a357d9f-071f-4a2c-af42-eb22047cf144', 'TABLE-453-GL-FA17', 726, 157, '{"color": "Gold", "size": "L"}');
INSERT INTO product_variants (id, product_id, sku, price, stock_quantity, attributes) VALUES ('df7e5d43-eea7-4be1-aa49-8c16d7bf2f55', '9a357d9f-071f-4a2c-af42-eb22047cf144', 'TABLE-453-B2-DF7E', 2432, 163, '{"color": "Blue", "size": "256GB"}');
INSERT INTO product_variants (id, product_id, sku, price, stock_quantity, attributes) VALUES ('d28d423b-6497-4ff7-9a11-eb7a86decafc', '9a357d9f-071f-4a2c-af42-eb22047cf144', 'TABLE-453-B2-D28D', 502, 173, '{"color": "Blue", "size": "256GB"}');
INSERT INTO products (id, name, description, category_id) VALUES ('e59a4402-eefc-4d83-b4c0-94261a39bcd4', 'Elegant Laptop 299', 'Description for Elegant Laptop 299. Optimized for search and performance test.', '935a202a-f408-4a2d-8d4d-3744285c4d33');
INSERT INTO product_variants (id, product_id, sku, price, stock_quantity, attributes) VALUES ('72e2f48c-e7e8-45e6-9a82-2922bbf69257', 'e59a4402-eefc-4d83-b4c0-94261a39bcd4', 'LAPTOP-299-BX-72E2', 605, 60, '{"color": "Blue", "size": "XXL"}');
INSERT INTO product_variants (id, product_id, sku, price, stock_quantity, attributes) VALUES ('1ab11666-72cc-487d-ab77-5353ca2b1a83', 'e59a4402-eefc-4d83-b4c0-94261a39bcd4', 'LAPTOP-299-BS-1AB1', 842, 18, '{"color": "Blue", "size": "S"}');
INSERT INTO product_variants (id, product_id, sku, price, stock_quantity, attributes) VALUES ('51e3a364-bbf4-47a5-896c-9827fad144df', 'e59a4402-eefc-4d83-b4c0-94261a39bcd4', 'LAPTOP-299-GX-51E3', 1058, 173, '{"color": "Green", "size": "XXL"}');
INSERT INTO products (id, name, description, category_id) VALUES ('8c5e1a94-8682-46de-9327-7b21bb1ad710', 'Premium Camera 946', 'Description for Premium Camera 946. Optimized for search and performance test.', '935a202a-f408-4a2d-8d4d-3744285c4d33');
INSERT INTO product_variants (id, product_id, sku, price, stock_quantity, attributes) VALUES ('3e0882b9-f0af-498d-a2af-7f7943126d85', '8c5e1a94-8682-46de-9327-7b21bb1ad710', 'CAMERA-946-WS-3E08', 2845, 35, '{"color": "White", "size": "S"}');
INSERT INTO product_variants (id, product_id, sku, price, stock_quantity, attributes) VALUES ('58eaf21f-9b34-4661-a52a-39f460d0099d', '8c5e1a94-8682-46de-9327-7b21bb1ad710', 'CAMERA-946-GS-58EA', 1699, 157, '{"color": "Gold", "size": "S"}');
INSERT INTO product_variants (id, product_id, sku, price, stock_quantity, attributes) VALUES ('3978983a-6025-41fc-8901-3da6b2f89eb3', '8c5e1a94-8682-46de-9327-7b21bb1ad710', 'CAMERA-946-GX-3978', 4568, 175, '{"color": "Gold", "size": "XXL"}');
INSERT INTO products (id, name, description, category_id) VALUES ('6162e75d-2851-45cf-b749-82a0ae62c5c8', 'Lite Backpack 533', 'Description for Lite Backpack 533. Optimized for search and performance test.', '935a202a-f408-4a2d-8d4d-3744285c4d33');
INSERT INTO product_variants (id, product_id, sku, price, stock_quantity, attributes) VALUES ('d0ea5822-b9ab-4732-892e-789dbbcf8d56', '6162e75d-2851-45cf-b749-82a0ae62c5c8', 'BACKPACK-533-GX-D0EA', 477, 44, '{"color": "Green", "size": "XL"}');
INSERT INTO product_variants (id, product_id, sku, price, stock_quantity, attributes) VALUES ('0e46d6cc-0e82-48ec-b23b-f25f3bbace21', '6162e75d-2851-45cf-b749-82a0ae62c5c8', 'BACKPACK-533-GL-0E46', 4159, 69, '{"color": "Gold", "size": "L"}');
INSERT INTO product_variants (id, product_id, sku, price, stock_quantity, attributes) VALUES ('1525d546-49fa-4f11-afec-ac251d1a2281', '6162e75d-2851-45cf-b749-82a0ae62c5c8', 'BACKPACK-533-BX-1525', 1420, 91, '{"color": "Black", "size": "XXL"}');
INSERT INTO products (id, name, description, category_id) VALUES ('43e045d8-6bf9-4a0d-b0c2-caf0561a30c1', 'Pro Headphones 307', 'Description for Pro Headphones 307. Optimized for search and performance test.', '935a202a-f408-4a2d-8d4d-3744285c4d33');
INSERT INTO product_variants (id, product_id, sku, price, stock_quantity, attributes) VALUES ('6cdfe92a-8d29-4fdf-97f4-f83b679f1857', '43e045d8-6bf9-4a0d-b0c2-caf0561a30c1', 'HEADPHONES-307-BM-6CDF', 3985, 53, '{"color": "Black", "size": "M"}');
INSERT INTO product_variants (id, product_id, sku, price, stock_quantity, attributes) VALUES ('46da58c9-764e-4722-9f46-fe9c6b05198d', '43e045d8-6bf9-4a0d-b0c2-caf0561a30c1', 'HEADPHONES-307-B8-46DA', 506, 157, '{"color": "Black", "size": "8GB RAM"}');
INSERT INTO product_variants (id, product_id, sku, price, stock_quantity, attributes) VALUES ('d55803ca-fc64-4999-986c-43256a036536', '43e045d8-6bf9-4a0d-b0c2-caf0561a30c1', 'HEADPHONES-307-BX-D558', 3332, 164, '{"color": "Blue", "size": "XL"}');
INSERT INTO products (id, name, description, category_id) VALUES ('ea8b166a-2d43-4d60-a927-b19e06dd97b3', 'Eco Bed 953', 'Description for Eco Bed 953. Optimized for search and performance test.', '935a202a-f408-4a2d-8d4d-3744285c4d33');
INSERT INTO product_variants (id, product_id, sku, price, stock_quantity, attributes) VALUES ('7351cbe8-7b09-4b77-a123-bf32a1f067b8', 'ea8b166a-2d43-4d60-a927-b19e06dd97b3', 'BED-953-S1-7351', 3605, 180, '{"color": "Silver", "size": "128GB"}');
INSERT INTO product_variants (id, product_id, sku, price, stock_quantity, attributes) VALUES ('e7b0da02-178b-441c-8bc0-07eb61e20d8e', 'ea8b166a-2d43-4d60-a927-b19e06dd97b3', 'BED-953-WM-E7B0', 131, 134, '{"color": "White", "size": "M"}');
INSERT INTO product_variants (id, product_id, sku, price, stock_quantity, attributes) VALUES ('3576adf1-453c-47ba-a313-01ae2069c346', 'ea8b166a-2d43-4d60-a927-b19e06dd97b3', 'BED-953-BS-3576', 3378, 17, '{"color": "Black", "size": "S"}');
INSERT INTO products (id, name, description, category_id) VALUES ('1094feed-e396-4cad-80fa-88aceecdbf4e', 'Lite Headphones 848', 'Description for Lite Headphones 848. Optimized for search and performance test.', '7fece25f-7c12-47f8-9ab9-d4c2e1d411a1');
INSERT INTO product_variants (id, product_id, sku, price, stock_quantity, attributes) VALUES ('cc11a331-daab-43f9-86ab-2ff16b75c865', '1094feed-e396-4cad-80fa-88aceecdbf4e', 'HEADPHONES-848-GL-CC11', 1371, 193, '{"color": "Green", "size": "L"}');
INSERT INTO product_variants (id, product_id, sku, price, stock_quantity, attributes) VALUES ('381af9e4-d242-4949-903d-4826edffdae2', '1094feed-e396-4cad-80fa-88aceecdbf4e', 'HEADPHONES-848-WM-381A', 4347, 163, '{"color": "White", "size": "M"}');
INSERT INTO product_variants (id, product_id, sku, price, stock_quantity, attributes) VALUES ('e833c75d-9ad1-4f1b-934b-2d4cc50ec0e0', '1094feed-e396-4cad-80fa-88aceecdbf4e', 'HEADPHONES-848-SX-E833', 902, 121, '{"color": "Silver", "size": "XL"}');
INSERT INTO products (id, name, description, category_id) VALUES ('47e3d228-e80c-4e41-8d4e-cc30ff106cad', 'Smart Dress 151', 'Description for Smart Dress 151. Optimized for search and performance test.', '7fece25f-7c12-47f8-9ab9-d4c2e1d411a1');
INSERT INTO product_variants (id, product_id, sku, price, stock_quantity, attributes) VALUES ('f0e0f59b-1ba9-49bd-b126-db623840877d', '47e3d228-e80c-4e41-8d4e-cc30ff106cad', 'DRESS-151-G2-F0E0', 4552, 147, '{"color": "Green", "size": "256GB"}');
INSERT INTO product_variants (id, product_id, sku, price, stock_quantity, attributes) VALUES ('5e4d2997-0250-4898-8687-9d152505cf2f', '47e3d228-e80c-4e41-8d4e-cc30ff106cad', 'DRESS-151-SS-5E4D', 2658, 74, '{"color": "Silver", "size": "S"}');
INSERT INTO product_variants (id, product_id, sku, price, stock_quantity, attributes) VALUES ('d90bb2c6-9be5-4ab2-9923-3b30aae6723f', '47e3d228-e80c-4e41-8d4e-cc30ff106cad', 'DRESS-151-G8-D90B', 2192, 155, '{"color": "Gold", "size": "8GB RAM"}');
INSERT INTO products (id, name, description, category_id) VALUES ('3db9045b-a354-4ca7-b832-76a1fd484633', 'Original Headphones 241', 'Description for Original Headphones 241. Optimized for search and performance test.', '7fece25f-7c12-47f8-9ab9-d4c2e1d411a1');
INSERT INTO product_variants (id, product_id, sku, price, stock_quantity, attributes) VALUES ('5c40de3a-e96f-4ea7-a1a1-104136ac6d2b', '3db9045b-a354-4ca7-b832-76a1fd484633', 'HEADPHONES-241-GX-5C40', 1283, 58, '{"color": "Green", "size": "XXL"}');
INSERT INTO product_variants (id, product_id, sku, price, stock_quantity, attributes) VALUES ('a257402c-a132-47b2-8c94-41b8edf1dad8', '3db9045b-a354-4ca7-b832-76a1fd484633', 'HEADPHONES-241-S2-A257', 3367, 89, '{"color": "Silver", "size": "256GB"}');
INSERT INTO product_variants (id, product_id, sku, price, stock_quantity, attributes) VALUES ('979da281-4fbb-4f8a-953e-ad47459c80ba', '3db9045b-a354-4ca7-b832-76a1fd484633', 'HEADPHONES-241-BX-979D', 2556, 96, '{"color": "Blue", "size": "XXL"}');
INSERT INTO products (id, name, description, category_id) VALUES ('34d07ed6-a091-4e89-813a-0c1e9fc23ea7', 'Smart Dress 224', 'Description for Smart Dress 224. Optimized for search and performance test.', '7fece25f-7c12-47f8-9ab9-d4c2e1d411a1');
INSERT INTO product_variants (id, product_id, sku, price, stock_quantity, attributes) VALUES ('f9f89fd8-c809-4922-8972-7b72b8479075', '34d07ed6-a091-4e89-813a-0c1e9fc23ea7', 'DRESS-224-S8-F9F8', 1990, 88, '{"color": "Silver", "size": "8GB RAM"}');
INSERT INTO product_variants (id, product_id, sku, price, stock_quantity, attributes) VALUES ('795086cb-5b54-41d3-8443-d15023000b8e', '34d07ed6-a091-4e89-813a-0c1e9fc23ea7', 'DRESS-224-B6-7950', 4159, 121, '{"color": "Blue", "size": "64GB"}');
INSERT INTO product_variants (id, product_id, sku, price, stock_quantity, attributes) VALUES ('07c2bf1c-58e1-4f8d-bcd6-da9a1e8d1eeb', '34d07ed6-a091-4e89-813a-0c1e9fc23ea7', 'DRESS-224-GL-07C2', 2240, 102, '{"color": "Gold", "size": "L"}');
INSERT INTO products (id, name, description, category_id) VALUES ('121882f4-e748-4b6c-aecf-b89e5638dbca', 'Elegant Monitor 272', 'Description for Elegant Monitor 272. Optimized for search and performance test.', '7fece25f-7c12-47f8-9ab9-d4c2e1d411a1');
INSERT INTO product_variants (id, product_id, sku, price, stock_quantity, attributes) VALUES ('6237f687-9e95-42a8-8501-5e1a80cac68c', '121882f4-e748-4b6c-aecf-b89e5638dbca', 'MONITOR-272-SL-6237', 1317, 143, '{"color": "Silver", "size": "L"}');
INSERT INTO product_variants (id, product_id, sku, price, stock_quantity, attributes) VALUES ('14de75d3-23d6-4a26-a9a0-ec6cb8639762', '121882f4-e748-4b6c-aecf-b89e5638dbca', 'MONITOR-272-G2-14DE', 4408, 34, '{"color": "Green", "size": "256GB"}');
INSERT INTO product_variants (id, product_id, sku, price, stock_quantity, attributes) VALUES ('2b9390be-4359-49e6-b5eb-e3b585f3463e', '121882f4-e748-4b6c-aecf-b89e5638dbca', 'MONITOR-272-G8-2B93', 911, 46, '{"color": "Green", "size": "8GB RAM"}');
INSERT INTO products (id, name, description, category_id) VALUES ('962dc554-beef-4472-8946-8b9426388e7c', 'Elegant Table 598', 'Description for Elegant Table 598. Optimized for search and performance test.', '7fece25f-7c12-47f8-9ab9-d4c2e1d411a1');
INSERT INTO product_variants (id, product_id, sku, price, stock_quantity, attributes) VALUES ('d96369df-197e-47cc-b4b1-909872a40700', '962dc554-beef-4472-8946-8b9426388e7c', 'TABLE-598-R8-D963', 4653, 182, '{"color": "Red", "size": "8GB RAM"}');
INSERT INTO product_variants (id, product_id, sku, price, stock_quantity, attributes) VALUES ('e6ebed8a-4b18-41fb-a059-80e4b317f85d', '962dc554-beef-4472-8946-8b9426388e7c', 'TABLE-598-GL-E6EB', 2073, 113, '{"color": "Green", "size": "L"}');
INSERT INTO product_variants (id, product_id, sku, price, stock_quantity, attributes) VALUES ('54c7a5ec-1fd8-46c4-ba6d-466b33ea8b40', '962dc554-beef-4472-8946-8b9426388e7c', 'TABLE-598-G6-54C7', 2007, 27, '{"color": "Green", "size": "64GB"}');
INSERT INTO products (id, name, description, category_id) VALUES ('7d7d92a8-d3d9-44a9-906f-6b6ecd711f31', 'Lite Speaker 605', 'Description for Lite Speaker 605. Optimized for search and performance test.', '7fece25f-7c12-47f8-9ab9-d4c2e1d411a1');
INSERT INTO product_variants (id, product_id, sku, price, stock_quantity, attributes) VALUES ('3cf6b77c-20c9-4990-a588-f6d602bf9472', '7d7d92a8-d3d9-44a9-906f-6b6ecd711f31', 'SPEAKER-605-B8-3CF6', 3066, 172, '{"color": "Blue", "size": "8GB RAM"}');
INSERT INTO product_variants (id, product_id, sku, price, stock_quantity, attributes) VALUES ('c34f287c-4ccb-4cc9-aa02-3ef6a406d877', '7d7d92a8-d3d9-44a9-906f-6b6ecd711f31', 'SPEAKER-605-B2-C34F', 1340, 143, '{"color": "Blue", "size": "256GB"}');
INSERT INTO product_variants (id, product_id, sku, price, stock_quantity, attributes) VALUES ('de14de9f-7fb8-4b43-af3f-334020016ce7', '7d7d92a8-d3d9-44a9-906f-6b6ecd711f31', 'SPEAKER-605-S6-DE14', 2875, 63, '{"color": "Silver", "size": "64GB"}');
INSERT INTO products (id, name, description, category_id) VALUES ('051320a1-b911-4558-a4ef-8381bb67edde', 'Original Monitor 277', 'Description for Original Monitor 277. Optimized for search and performance test.', '7fece25f-7c12-47f8-9ab9-d4c2e1d411a1');
INSERT INTO product_variants (id, product_id, sku, price, stock_quantity, attributes) VALUES ('b81e101e-ed88-4410-914f-4b8d58d1defd', '051320a1-b911-4558-a4ef-8381bb67edde', 'MONITOR-277-G2-B81E', 2718, 171, '{"color": "Gold", "size": "256GB"}');
INSERT INTO product_variants (id, product_id, sku, price, stock_quantity, attributes) VALUES ('d9318906-bde8-45fe-999e-c1971b7d0bcf', '051320a1-b911-4558-a4ef-8381bb67edde', 'MONITOR-277-G1-D931', 4852, 99, '{"color": "Gold", "size": "16GB RAM"}');
INSERT INTO product_variants (id, product_id, sku, price, stock_quantity, attributes) VALUES ('2c1ae953-4066-49f7-8203-7d5cdc56ca54', '051320a1-b911-4558-a4ef-8381bb67edde', 'MONITOR-277-S1-2C1A', 4497, 62, '{"color": "Silver", "size": "128GB"}');
INSERT INTO products (id, name, description, category_id) VALUES ('4c896254-cf51-4835-9868-82ff3a763af3', 'Original Headphones 159', 'Description for Original Headphones 159. Optimized for search and performance test.', '7fece25f-7c12-47f8-9ab9-d4c2e1d411a1');
INSERT INTO product_variants (id, product_id, sku, price, stock_quantity, attributes) VALUES ('0afdc199-72b1-4f38-8c65-d302d76a1ab6', '4c896254-cf51-4835-9868-82ff3a763af3', 'HEADPHONES-159-G8-0AFD', 2372, 187, '{"color": "Green", "size": "8GB RAM"}');
INSERT INTO product_variants (id, product_id, sku, price, stock_quantity, attributes) VALUES ('d24d104c-eaf7-4334-87fe-43f7140708e3', '4c896254-cf51-4835-9868-82ff3a763af3', 'HEADPHONES-159-GS-D24D', 4109, 10, '{"color": "Green", "size": "S"}');
INSERT INTO product_variants (id, product_id, sku, price, stock_quantity, attributes) VALUES ('cb167232-66e8-4957-905b-664872f5b150', '4c896254-cf51-4835-9868-82ff3a763af3', 'HEADPHONES-159-BX-CB16', 3117, 56, '{"color": "Blue", "size": "XL"}');
INSERT INTO products (id, name, description, category_id) VALUES ('82ac3f9b-a98d-494b-bd50-e3510ff1a6e6', 'Elegant Table 765', 'Description for Elegant Table 765. Optimized for search and performance test.', '7fece25f-7c12-47f8-9ab9-d4c2e1d411a1');
INSERT INTO product_variants (id, product_id, sku, price, stock_quantity, attributes) VALUES ('9cd6fb7f-f15f-4d5f-ad7b-7555b74de16a', '82ac3f9b-a98d-494b-bd50-e3510ff1a6e6', 'TABLE-765-GM-9CD6', 693, 72, '{"color": "Gold", "size": "M"}');
INSERT INTO product_variants (id, product_id, sku, price, stock_quantity, attributes) VALUES ('ade7e549-345e-4ac2-981c-81e8c52cb3b5', '82ac3f9b-a98d-494b-bd50-e3510ff1a6e6', 'TABLE-765-S6-ADE7', 2901, 141, '{"color": "Silver", "size": "64GB"}');
INSERT INTO product_variants (id, product_id, sku, price, stock_quantity, attributes) VALUES ('8bc55a6c-21c8-4968-bdfc-2fe5eb3ba9c6', '82ac3f9b-a98d-494b-bd50-e3510ff1a6e6', 'TABLE-765-G6-8BC5', 4524, 20, '{"color": "Gold", "size": "64GB"}');
INSERT INTO products (id, name, description, category_id) VALUES ('2e24751d-f374-4c5c-ab81-01aa9cdf7c22', 'Lite Bed 432', 'Description for Lite Bed 432. Optimized for search and performance test.', '7fece25f-7c12-47f8-9ab9-d4c2e1d411a1');
INSERT INTO product_variants (id, product_id, sku, price, stock_quantity, attributes) VALUES ('9164764e-cefa-4f93-8895-69bfe5d6f920', '2e24751d-f374-4c5c-ab81-01aa9cdf7c22', 'BED-432-B8-9164', 634, 42, '{"color": "Blue", "size": "8GB RAM"}');
INSERT INTO product_variants (id, product_id, sku, price, stock_quantity, attributes) VALUES ('2789b6a8-4ac8-40b4-b323-8a15ac154b94', '2e24751d-f374-4c5c-ab81-01aa9cdf7c22', 'BED-432-G1-2789', 2420, 163, '{"color": "Gold", "size": "128GB"}');
INSERT INTO product_variants (id, product_id, sku, price, stock_quantity, attributes) VALUES ('cac93374-60c6-430c-b35c-7c8ea0b93bac', '2e24751d-f374-4c5c-ab81-01aa9cdf7c22', 'BED-432-G1-CAC9', 1052, 131, '{"color": "Green", "size": "128GB"}');
INSERT INTO products (id, name, description, category_id) VALUES ('77682dff-42c4-458e-ba14-37111a24ab5c', 'Premium Speaker 990', 'Description for Premium Speaker 990. Optimized for search and performance test.', '7fece25f-7c12-47f8-9ab9-d4c2e1d411a1');
INSERT INTO product_variants (id, product_id, sku, price, stock_quantity, attributes) VALUES ('3a1f9d47-a2af-4218-bc92-8edf9a2a24ca', '77682dff-42c4-458e-ba14-37111a24ab5c', 'SPEAKER-990-B1-3A1F', 3770, 35, '{"color": "Black", "size": "16GB RAM"}');
INSERT INTO product_variants (id, product_id, sku, price, stock_quantity, attributes) VALUES ('fb9df570-a5f9-4a6b-8782-db1cee126a78', '77682dff-42c4-458e-ba14-37111a24ab5c', 'SPEAKER-990-G6-FB9D', 1791, 62, '{"color": "Gold", "size": "64GB"}');
INSERT INTO product_variants (id, product_id, sku, price, stock_quantity, attributes) VALUES ('5e0bd572-9d7a-45a0-9dcc-4841c1a96b1e', '77682dff-42c4-458e-ba14-37111a24ab5c', 'SPEAKER-990-R2-5E0B', 2420, 14, '{"color": "Red", "size": "256GB"}');
INSERT INTO products (id, name, description, category_id) VALUES ('68fa8279-ee6c-4a9e-8399-cce5f97d4d42', 'Lite Monitor 622', 'Description for Lite Monitor 622. Optimized for search and performance test.', '7fece25f-7c12-47f8-9ab9-d4c2e1d411a1');
INSERT INTO product_variants (id, product_id, sku, price, stock_quantity, attributes) VALUES ('4d6d1e76-95f8-4699-8244-4133ace86e0a', '68fa8279-ee6c-4a9e-8399-cce5f97d4d42', 'MONITOR-622-B6-4D6D', 210, 168, '{"color": "Black", "size": "64GB"}');
INSERT INTO product_variants (id, product_id, sku, price, stock_quantity, attributes) VALUES ('dd80658e-c49a-4d86-9b00-8a9b0fef5675', '68fa8279-ee6c-4a9e-8399-cce5f97d4d42', 'MONITOR-622-B1-DD80', 3272, 58, '{"color": "Blue", "size": "128GB"}');
INSERT INTO product_variants (id, product_id, sku, price, stock_quantity, attributes) VALUES ('093727f4-9a69-4eaa-8e13-074767a36290', '68fa8279-ee6c-4a9e-8399-cce5f97d4d42', 'MONITOR-622-B6-0937', 3026, 84, '{"color": "Blue", "size": "64GB"}');
INSERT INTO products (id, name, description, category_id) VALUES ('1647e167-920f-4bf2-8840-9eba975fa88f', 'Elegant Shirt 925', 'Description for Elegant Shirt 925. Optimized for search and performance test.', '7fece25f-7c12-47f8-9ab9-d4c2e1d411a1');
INSERT INTO product_variants (id, product_id, sku, price, stock_quantity, attributes) VALUES ('a4a08388-d46a-4049-8754-84fa26fde20d', '1647e167-920f-4bf2-8840-9eba975fa88f', 'SHIRT-925-W1-A4A0', 3804, 158, '{"color": "White", "size": "128GB"}');
INSERT INTO product_variants (id, product_id, sku, price, stock_quantity, attributes) VALUES ('2c564c5d-8fdd-48f2-bc64-26a11578c888', '1647e167-920f-4bf2-8840-9eba975fa88f', 'SHIRT-925-BL-2C56', 2346, 118, '{"color": "Blue", "size": "L"}');
INSERT INTO product_variants (id, product_id, sku, price, stock_quantity, attributes) VALUES ('9632c763-4263-4b5f-afdb-11d78179802c', '1647e167-920f-4bf2-8840-9eba975fa88f', 'SHIRT-925-G1-9632', 1089, 58, '{"color": "Gold", "size": "128GB"}');
INSERT INTO products (id, name, description, category_id) VALUES ('fcdaf6f6-6692-416a-92ef-bc59deca4e32', 'Elegant Monitor 351', 'Description for Elegant Monitor 351. Optimized for search and performance test.', '7fece25f-7c12-47f8-9ab9-d4c2e1d411a1');
INSERT INTO product_variants (id, product_id, sku, price, stock_quantity, attributes) VALUES ('e553e406-8e33-419e-914f-a391febc622a', 'fcdaf6f6-6692-416a-92ef-bc59deca4e32', 'MONITOR-351-BL-E553', 1912, 56, '{"color": "Blue", "size": "L"}');
INSERT INTO product_variants (id, product_id, sku, price, stock_quantity, attributes) VALUES ('60858ace-a7ea-4c1b-909b-51b9a2e3cc2a', 'fcdaf6f6-6692-416a-92ef-bc59deca4e32', 'MONITOR-351-G6-6085', 3585, 128, '{"color": "Gold", "size": "64GB"}');
INSERT INTO product_variants (id, product_id, sku, price, stock_quantity, attributes) VALUES ('4ea7bc31-9492-4ce5-a5e8-7c89d8a030dd', 'fcdaf6f6-6692-416a-92ef-bc59deca4e32', 'MONITOR-351-WM-4EA7', 3193, 176, '{"color": "White", "size": "M"}');
INSERT INTO products (id, name, description, category_id) VALUES ('14342fe5-59c2-47d1-a8b9-38991e181ba2', 'Pro Bed 314', 'Description for Pro Bed 314. Optimized for search and performance test.', '7fece25f-7c12-47f8-9ab9-d4c2e1d411a1');
INSERT INTO product_variants (id, product_id, sku, price, stock_quantity, attributes) VALUES ('9f258e8a-c8bc-4c0e-9268-85489c11cee2', '14342fe5-59c2-47d1-a8b9-38991e181ba2', 'BED-314-G6-9F25', 2759, 88, '{"color": "Green", "size": "64GB"}');
INSERT INTO product_variants (id, product_id, sku, price, stock_quantity, attributes) VALUES ('1a69c6be-42d2-4440-84b9-cf0a29778d8b', '14342fe5-59c2-47d1-a8b9-38991e181ba2', 'BED-314-W1-1A69', 3339, 69, '{"color": "White", "size": "128GB"}');
INSERT INTO product_variants (id, product_id, sku, price, stock_quantity, attributes) VALUES ('693e481c-39e6-45ed-a044-3ad0124860a5', '14342fe5-59c2-47d1-a8b9-38991e181ba2', 'BED-314-BX-693E', 1659, 139, '{"color": "Blue", "size": "XXL"}');
INSERT INTO products (id, name, description, category_id) VALUES ('2cb60f71-de24-4e89-b12a-87d2557ca56f', 'Elegant Shirt 749', 'Description for Elegant Shirt 749. Optimized for search and performance test.', '7fece25f-7c12-47f8-9ab9-d4c2e1d411a1');
INSERT INTO product_variants (id, product_id, sku, price, stock_quantity, attributes) VALUES ('21827983-d4b7-4d55-848f-9753db941ff1', '2cb60f71-de24-4e89-b12a-87d2557ca56f', 'SHIRT-749-RS-2182', 4123, 17, '{"color": "Red", "size": "S"}');
INSERT INTO product_variants (id, product_id, sku, price, stock_quantity, attributes) VALUES ('b4adf419-f852-4fd6-8711-e03a4a149075', '2cb60f71-de24-4e89-b12a-87d2557ca56f', 'SHIRT-749-WM-B4AD', 4167, 30, '{"color": "White", "size": "M"}');
INSERT INTO product_variants (id, product_id, sku, price, stock_quantity, attributes) VALUES ('150f1950-bcd8-4142-8a94-58a94338f202', '2cb60f71-de24-4e89-b12a-87d2557ca56f', 'SHIRT-749-R1-150F', 1920, 119, '{"color": "Red", "size": "128GB"}');
INSERT INTO products (id, name, description, category_id) VALUES ('5501137d-bef0-4f44-a603-b5e309365e33', 'Smart Speaker 914', 'Description for Smart Speaker 914. Optimized for search and performance test.', '7fece25f-7c12-47f8-9ab9-d4c2e1d411a1');
INSERT INTO product_variants (id, product_id, sku, price, stock_quantity, attributes) VALUES ('60c149d6-aeb6-484f-9064-c9273099fe0a', '5501137d-bef0-4f44-a603-b5e309365e33', 'SPEAKER-914-BS-60C1', 4393, 18, '{"color": "Black", "size": "S"}');
INSERT INTO product_variants (id, product_id, sku, price, stock_quantity, attributes) VALUES ('dd4127bd-41dd-4df6-b85a-5f4f3b07474b', '5501137d-bef0-4f44-a603-b5e309365e33', 'SPEAKER-914-W1-DD41', 1642, 150, '{"color": "White", "size": "128GB"}');
INSERT INTO product_variants (id, product_id, sku, price, stock_quantity, attributes) VALUES ('b961b39e-ee53-4d7f-a743-0fa34f19df78', '5501137d-bef0-4f44-a603-b5e309365e33', 'SPEAKER-914-BM-B961', 1529, 14, '{"color": "Black", "size": "M"}');
INSERT INTO products (id, name, description, category_id) VALUES ('d970c519-d6c9-47c4-a8d9-dcb2b67e6dac', 'Elegant Backpack 639', 'Description for Elegant Backpack 639. Optimized for search and performance test.', '7fece25f-7c12-47f8-9ab9-d4c2e1d411a1');
INSERT INTO product_variants (id, product_id, sku, price, stock_quantity, attributes) VALUES ('e3a3e061-3de5-42da-86c9-f6d31484d404', 'd970c519-d6c9-47c4-a8d9-dcb2b67e6dac', 'BACKPACK-639-W8-E3A3', 1672, 26, '{"color": "White", "size": "8GB RAM"}');
INSERT INTO product_variants (id, product_id, sku, price, stock_quantity, attributes) VALUES ('725b568e-2326-45ca-8c2a-618ba562f284', 'd970c519-d6c9-47c4-a8d9-dcb2b67e6dac', 'BACKPACK-639-SX-725B', 599, 194, '{"color": "Silver", "size": "XXL"}');
INSERT INTO product_variants (id, product_id, sku, price, stock_quantity, attributes) VALUES ('1f0dcf17-392d-4c58-98d1-400a742ab1be', 'd970c519-d6c9-47c4-a8d9-dcb2b67e6dac', 'BACKPACK-639-W8-1F0D', 4224, 181, '{"color": "White", "size": "8GB RAM"}');
INSERT INTO products (id, name, description, category_id) VALUES ('29bd4298-a56d-4e59-8c66-5764a78c0557', 'Lite Phone 781', 'Description for Lite Phone 781. Optimized for search and performance test.', '7fece25f-7c12-47f8-9ab9-d4c2e1d411a1');
INSERT INTO product_variants (id, product_id, sku, price, stock_quantity, attributes) VALUES ('c1642922-3d2d-4bab-bf8a-ab57f91af5ed', '29bd4298-a56d-4e59-8c66-5764a78c0557', 'PHONE-781-G6-C164', 3140, 189, '{"color": "Green", "size": "64GB"}');
INSERT INTO product_variants (id, product_id, sku, price, stock_quantity, attributes) VALUES ('5b288c1b-dd74-4ea5-814d-bc72717615d2', '29bd4298-a56d-4e59-8c66-5764a78c0557', 'PHONE-781-BX-5B28', 368, 35, '{"color": "Blue", "size": "XXL"}');
INSERT INTO product_variants (id, product_id, sku, price, stock_quantity, attributes) VALUES ('3be8db45-227d-4602-9501-d27fcf17f41e', '29bd4298-a56d-4e59-8c66-5764a78c0557', 'PHONE-781-S2-3BE8', 915, 54, '{"color": "Silver", "size": "256GB"}');
INSERT INTO products (id, name, description, category_id) VALUES ('8580acf0-0846-4dc0-9a00-f7a92efb24d3', 'Original Backpack 480', 'Description for Original Backpack 480. Optimized for search and performance test.', '7fece25f-7c12-47f8-9ab9-d4c2e1d411a1');
INSERT INTO product_variants (id, product_id, sku, price, stock_quantity, attributes) VALUES ('8097f17e-9880-4618-98b2-a1b554676fce', '8580acf0-0846-4dc0-9a00-f7a92efb24d3', 'BACKPACK-480-B1-8097', 853, 151, '{"color": "Blue", "size": "16GB RAM"}');
INSERT INTO product_variants (id, product_id, sku, price, stock_quantity, attributes) VALUES ('00fd1130-e73a-49e8-9861-64b567c81cbd', '8580acf0-0846-4dc0-9a00-f7a92efb24d3', 'BACKPACK-480-GM-00FD', 2104, 45, '{"color": "Gold", "size": "M"}');
INSERT INTO product_variants (id, product_id, sku, price, stock_quantity, attributes) VALUES ('20ba4f1d-4c4a-44d8-bbc7-3e67f8ff5306', '8580acf0-0846-4dc0-9a00-f7a92efb24d3', 'BACKPACK-480-BM-20BA', 2295, 27, '{"color": "Blue", "size": "M"}');
INSERT INTO products (id, name, description, category_id) VALUES ('4edea97c-1c04-46aa-aed2-522ad0abf7f4', 'Ultra Headphones 621', 'Description for Ultra Headphones 621. Optimized for search and performance test.', '7fece25f-7c12-47f8-9ab9-d4c2e1d411a1');
INSERT INTO product_variants (id, product_id, sku, price, stock_quantity, attributes) VALUES ('4d11b646-1169-46f7-bb2c-2ae794d33dec', '4edea97c-1c04-46aa-aed2-522ad0abf7f4', 'HEADPHONES-621-SM-4D11', 716, 52, '{"color": "Silver", "size": "M"}');
INSERT INTO product_variants (id, product_id, sku, price, stock_quantity, attributes) VALUES ('de15cecd-b676-4a79-b3c5-4ca72ac46144', '4edea97c-1c04-46aa-aed2-522ad0abf7f4', 'HEADPHONES-621-R1-DE15', 605, 56, '{"color": "Red", "size": "16GB RAM"}');
INSERT INTO product_variants (id, product_id, sku, price, stock_quantity, attributes) VALUES ('a77efae7-9e06-4494-8453-38047f064f2c', '4edea97c-1c04-46aa-aed2-522ad0abf7f4', 'HEADPHONES-621-RX-A77E', 4464, 62, '{"color": "Red", "size": "XL"}');
INSERT INTO products (id, name, description, category_id) VALUES ('c22f2ccd-099f-4e17-b225-a89182ddc022', 'Smart Table 625', 'Description for Smart Table 625. Optimized for search and performance test.', '7fece25f-7c12-47f8-9ab9-d4c2e1d411a1');
INSERT INTO product_variants (id, product_id, sku, price, stock_quantity, attributes) VALUES ('469a83fc-8131-435a-9581-42db6fbd87fb', 'c22f2ccd-099f-4e17-b225-a89182ddc022', 'TABLE-625-B6-469A', 575, 77, '{"color": "Black", "size": "64GB"}');
INSERT INTO product_variants (id, product_id, sku, price, stock_quantity, attributes) VALUES ('79dd66c7-e296-464d-8e79-4ffb5f81d8ec', 'c22f2ccd-099f-4e17-b225-a89182ddc022', 'TABLE-625-R2-79DD', 3904, 65, '{"color": "Red", "size": "256GB"}');
INSERT INTO product_variants (id, product_id, sku, price, stock_quantity, attributes) VALUES ('b2f003d6-dd68-487a-8523-0f060f2b8b5b', 'c22f2ccd-099f-4e17-b225-a89182ddc022', 'TABLE-625-B1-B2F0', 1655, 71, '{"color": "Blue", "size": "128GB"}');
INSERT INTO products (id, name, description, category_id) VALUES ('6918f067-1ebb-4254-b820-46da75d6078c', 'Original Table 781', 'Description for Original Table 781. Optimized for search and performance test.', '7fece25f-7c12-47f8-9ab9-d4c2e1d411a1');
INSERT INTO product_variants (id, product_id, sku, price, stock_quantity, attributes) VALUES ('ca3ff609-4aca-444e-b62f-bec7029f254f', '6918f067-1ebb-4254-b820-46da75d6078c', 'TABLE-781-R1-CA3F', 3555, 175, '{"color": "Red", "size": "128GB"}');
INSERT INTO product_variants (id, product_id, sku, price, stock_quantity, attributes) VALUES ('cf6a7596-379b-4a65-804d-1f7bb41b3bbf', '6918f067-1ebb-4254-b820-46da75d6078c', 'TABLE-781-B6-CF6A', 2545, 140, '{"color": "Black", "size": "64GB"}');
INSERT INTO product_variants (id, product_id, sku, price, stock_quantity, attributes) VALUES ('ceeced12-ae89-4fa3-a477-2c930afca5c4', '6918f067-1ebb-4254-b820-46da75d6078c', 'TABLE-781-G2-CEEC', 2330, 44, '{"color": "Gold", "size": "256GB"}');
INSERT INTO products (id, name, description, category_id) VALUES ('72c76784-c38b-4c06-98c1-e047645f6ba5', 'Lite Phone 122', 'Description for Lite Phone 122. Optimized for search and performance test.', '7fece25f-7c12-47f8-9ab9-d4c2e1d411a1');
INSERT INTO product_variants (id, product_id, sku, price, stock_quantity, attributes) VALUES ('7d5a84a9-d5b8-47ec-8c53-7eb1bf908b44', '72c76784-c38b-4c06-98c1-e047645f6ba5', 'PHONE-122-BS-7D5A', 1673, 166, '{"color": "Black", "size": "S"}');
INSERT INTO product_variants (id, product_id, sku, price, stock_quantity, attributes) VALUES ('f516a043-5487-454e-9138-2b4305c8bfdc', '72c76784-c38b-4c06-98c1-e047645f6ba5', 'PHONE-122-GX-F516', 2422, 184, '{"color": "Gold", "size": "XL"}');
INSERT INTO product_variants (id, product_id, sku, price, stock_quantity, attributes) VALUES ('c586119b-c863-432f-9fae-a9202047f473', '72c76784-c38b-4c06-98c1-e047645f6ba5', 'PHONE-122-R6-C586', 3976, 99, '{"color": "Red", "size": "64GB"}');
INSERT INTO products (id, name, description, category_id) VALUES ('c6984eef-4576-439a-ab44-e5a9cee91016', 'Smart Table 564', 'Description for Smart Table 564. Optimized for search and performance test.', '7fece25f-7c12-47f8-9ab9-d4c2e1d411a1');
INSERT INTO product_variants (id, product_id, sku, price, stock_quantity, attributes) VALUES ('e75d765b-4567-40de-95bc-eadc0c699966', 'c6984eef-4576-439a-ab44-e5a9cee91016', 'TABLE-564-BS-E75D', 1690, 155, '{"color": "Blue", "size": "S"}');
INSERT INTO product_variants (id, product_id, sku, price, stock_quantity, attributes) VALUES ('6b08cbc5-85d0-4b6a-bc09-3cdd19b8d099', 'c6984eef-4576-439a-ab44-e5a9cee91016', 'TABLE-564-BX-6B08', 3453, 179, '{"color": "Blue", "size": "XXL"}');
INSERT INTO product_variants (id, product_id, sku, price, stock_quantity, attributes) VALUES ('6cb783e2-7ed5-46b5-b3f2-d88c2278fc4f', 'c6984eef-4576-439a-ab44-e5a9cee91016', 'TABLE-564-B1-6CB7', 2197, 192, '{"color": "Black", "size": "128GB"}');
INSERT INTO products (id, name, description, category_id) VALUES ('3844d3d9-412e-4c22-98c9-d33aa78729f3', 'Eco Phone 542', 'Description for Eco Phone 542. Optimized for search and performance test.', '7fece25f-7c12-47f8-9ab9-d4c2e1d411a1');
INSERT INTO product_variants (id, product_id, sku, price, stock_quantity, attributes) VALUES ('8742d863-a187-4488-b60f-38540df08772', '3844d3d9-412e-4c22-98c9-d33aa78729f3', 'PHONE-542-SX-8742', 765, 99, '{"color": "Silver", "size": "XL"}');
INSERT INTO product_variants (id, product_id, sku, price, stock_quantity, attributes) VALUES ('bd3af38e-b255-47a2-9548-351098d0d7a0', '3844d3d9-412e-4c22-98c9-d33aa78729f3', 'PHONE-542-BL-BD3A', 1599, 122, '{"color": "Blue", "size": "L"}');
INSERT INTO product_variants (id, product_id, sku, price, stock_quantity, attributes) VALUES ('177ce1a4-7e0f-42cc-b2db-96941f999e36', '3844d3d9-412e-4c22-98c9-d33aa78729f3', 'PHONE-542-W1-177C', 1534, 174, '{"color": "White", "size": "128GB"}');
INSERT INTO products (id, name, description, category_id) VALUES ('7c914efc-6d71-42f5-8564-1cebd454e1d6', 'Lite Dress 937', 'Description for Lite Dress 937. Optimized for search and performance test.', '7fece25f-7c12-47f8-9ab9-d4c2e1d411a1');
INSERT INTO product_variants (id, product_id, sku, price, stock_quantity, attributes) VALUES ('9b419675-1c0c-4c2b-9da7-2400667f9b87', '7c914efc-6d71-42f5-8564-1cebd454e1d6', 'DRESS-937-BL-9B41', 4613, 16, '{"color": "Black", "size": "L"}');
INSERT INTO product_variants (id, product_id, sku, price, stock_quantity, attributes) VALUES ('bb32795c-83e9-4de6-b3f0-f10d65d0abbb', '7c914efc-6d71-42f5-8564-1cebd454e1d6', 'DRESS-937-G1-BB32', 2813, 168, '{"color": "Green", "size": "128GB"}');
INSERT INTO product_variants (id, product_id, sku, price, stock_quantity, attributes) VALUES ('737b2a43-b4c4-4047-9e5b-8c8d1e166eef', '7c914efc-6d71-42f5-8564-1cebd454e1d6', 'DRESS-937-WS-737B', 539, 196, '{"color": "White", "size": "S"}');
INSERT INTO products (id, name, description, category_id) VALUES ('7c29ca08-6353-44ad-a4f4-b15c7ef7dd95', 'Ultra Speaker 724', 'Description for Ultra Speaker 724. Optimized for search and performance test.', '7fece25f-7c12-47f8-9ab9-d4c2e1d411a1');
INSERT INTO product_variants (id, product_id, sku, price, stock_quantity, attributes) VALUES ('3c27feb9-27f4-40d0-995a-357152d6341c', '7c29ca08-6353-44ad-a4f4-b15c7ef7dd95', 'SPEAKER-724-WX-3C27', 3503, 47, '{"color": "White", "size": "XXL"}');
INSERT INTO product_variants (id, product_id, sku, price, stock_quantity, attributes) VALUES ('0cd48565-67e9-4cb6-8014-c86741b2afff', '7c29ca08-6353-44ad-a4f4-b15c7ef7dd95', 'SPEAKER-724-R2-0CD4', 2184, 84, '{"color": "Red", "size": "256GB"}');
INSERT INTO product_variants (id, product_id, sku, price, stock_quantity, attributes) VALUES ('e733cd04-6195-49af-ba06-892f9bcb3742', '7c29ca08-6353-44ad-a4f4-b15c7ef7dd95', 'SPEAKER-724-RS-E733', 2754, 80, '{"color": "Red", "size": "S"}');
INSERT INTO products (id, name, description, category_id) VALUES ('16c8a2a3-997c-4c76-af8f-d9b50c48a603', 'Original Speaker 272', 'Description for Original Speaker 272. Optimized for search and performance test.', '7fece25f-7c12-47f8-9ab9-d4c2e1d411a1');
INSERT INTO product_variants (id, product_id, sku, price, stock_quantity, attributes) VALUES ('241e5b46-bf50-4443-9e5c-f6fafb7b3b8f', '16c8a2a3-997c-4c76-af8f-d9b50c48a603', 'SPEAKER-272-BX-241E', 3162, 21, '{"color": "Blue", "size": "XL"}');
INSERT INTO product_variants (id, product_id, sku, price, stock_quantity, attributes) VALUES ('24e70c38-8528-4954-9c99-9dd0f81bec97', '16c8a2a3-997c-4c76-af8f-d9b50c48a603', 'SPEAKER-272-B1-24E7', 1447, 122, '{"color": "Blue", "size": "16GB RAM"}');
INSERT INTO product_variants (id, product_id, sku, price, stock_quantity, attributes) VALUES ('d81d09f6-fec3-4ffe-bb81-9da016e75986', '16c8a2a3-997c-4c76-af8f-d9b50c48a603', 'SPEAKER-272-W1-D81D', 454, 118, '{"color": "White", "size": "16GB RAM"}');
INSERT INTO products (id, name, description, category_id) VALUES ('845cbca6-002d-4ed0-9e53-a1d201acf7c1', 'Lite Laptop 728', 'Description for Lite Laptop 728. Optimized for search and performance test.', '7fece25f-7c12-47f8-9ab9-d4c2e1d411a1');
INSERT INTO product_variants (id, product_id, sku, price, stock_quantity, attributes) VALUES ('b6149dc9-8463-4bd7-a432-87e640511cdb', '845cbca6-002d-4ed0-9e53-a1d201acf7c1', 'LAPTOP-728-G1-B614', 4551, 164, '{"color": "Green", "size": "16GB RAM"}');
INSERT INTO product_variants (id, product_id, sku, price, stock_quantity, attributes) VALUES ('96c0b806-2ab5-4481-a9ec-12c78e344d33', '845cbca6-002d-4ed0-9e53-a1d201acf7c1', 'LAPTOP-728-G1-96C0', 3875, 73, '{"color": "Green", "size": "128GB"}');
INSERT INTO product_variants (id, product_id, sku, price, stock_quantity, attributes) VALUES ('5bc71800-7ca5-45cd-8f54-860b8ee24523', '845cbca6-002d-4ed0-9e53-a1d201acf7c1', 'LAPTOP-728-B1-5BC7', 735, 33, '{"color": "Blue", "size": "128GB"}');
INSERT INTO products (id, name, description, category_id) VALUES ('139908e1-5722-438f-b0f2-6a6f1e290432', 'Eco Monitor 352', 'Description for Eco Monitor 352. Optimized for search and performance test.', '7fece25f-7c12-47f8-9ab9-d4c2e1d411a1');
INSERT INTO product_variants (id, product_id, sku, price, stock_quantity, attributes) VALUES ('2f247bc1-91cd-4e4c-88ba-b45c7e0e593b', '139908e1-5722-438f-b0f2-6a6f1e290432', 'MONITOR-352-R1-2F24', 2025, 10, '{"color": "Red", "size": "16GB RAM"}');
INSERT INTO product_variants (id, product_id, sku, price, stock_quantity, attributes) VALUES ('dc6b6a74-88cb-4a8b-bb39-8906c552eaa7', '139908e1-5722-438f-b0f2-6a6f1e290432', 'MONITOR-352-B2-DC6B', 1655, 106, '{"color": "Black", "size": "256GB"}');
INSERT INTO product_variants (id, product_id, sku, price, stock_quantity, attributes) VALUES ('f24bca42-e050-48ab-9dff-afd53686bae2', '139908e1-5722-438f-b0f2-6a6f1e290432', 'MONITOR-352-SL-F24B', 4323, 172, '{"color": "Silver", "size": "L"}');
INSERT INTO products (id, name, description, category_id) VALUES ('8f36618e-edd4-46a7-8677-8380891861b5', 'Original Speaker 673', 'Description for Original Speaker 673. Optimized for search and performance test.', '7fece25f-7c12-47f8-9ab9-d4c2e1d411a1');
INSERT INTO product_variants (id, product_id, sku, price, stock_quantity, attributes) VALUES ('13a4d80c-e955-4ae3-a673-6d43a29c70ca', '8f36618e-edd4-46a7-8677-8380891861b5', 'SPEAKER-673-WX-13A4', 4558, 74, '{"color": "White", "size": "XL"}');
INSERT INTO product_variants (id, product_id, sku, price, stock_quantity, attributes) VALUES ('db6e479d-7c1d-47ae-8cf0-5a8715ff14e2', '8f36618e-edd4-46a7-8677-8380891861b5', 'SPEAKER-673-BM-DB6E', 2611, 40, '{"color": "Black", "size": "M"}');
INSERT INTO product_variants (id, product_id, sku, price, stock_quantity, attributes) VALUES ('6a41b829-c4ee-48fe-828c-8f5741fd3d5b', '8f36618e-edd4-46a7-8677-8380891861b5', 'SPEAKER-673-SS-6A41', 4452, 43, '{"color": "Silver", "size": "S"}');
INSERT INTO products (id, name, description, category_id) VALUES ('b5dc5faf-99cf-4d61-96c2-4bd623330415', 'Lite Backpack 247', 'Description for Lite Backpack 247. Optimized for search and performance test.', '7fece25f-7c12-47f8-9ab9-d4c2e1d411a1');
INSERT INTO product_variants (id, product_id, sku, price, stock_quantity, attributes) VALUES ('2e31f7db-87e2-4935-a172-f273bce0d307', 'b5dc5faf-99cf-4d61-96c2-4bd623330415', 'BACKPACK-247-BS-2E31', 2066, 62, '{"color": "Black", "size": "S"}');
INSERT INTO product_variants (id, product_id, sku, price, stock_quantity, attributes) VALUES ('317bed2c-84eb-4513-abea-235ff4685aab', 'b5dc5faf-99cf-4d61-96c2-4bd623330415', 'BACKPACK-247-GX-317B', 4865, 122, '{"color": "Green", "size": "XXL"}');
INSERT INTO product_variants (id, product_id, sku, price, stock_quantity, attributes) VALUES ('59a4e9eb-d1a7-4ee3-a70b-c3e6122852ac', 'b5dc5faf-99cf-4d61-96c2-4bd623330415', 'BACKPACK-247-GS-59A4', 1039, 111, '{"color": "Gold", "size": "S"}');
INSERT INTO products (id, name, description, category_id) VALUES ('90ce419e-59e9-4167-8456-ce9c6952aea8', 'Ultra Backpack 489', 'Description for Ultra Backpack 489. Optimized for search and performance test.', '7fece25f-7c12-47f8-9ab9-d4c2e1d411a1');
INSERT INTO product_variants (id, product_id, sku, price, stock_quantity, attributes) VALUES ('5e8ea682-3372-4c89-b114-d2f8827e5354', '90ce419e-59e9-4167-8456-ce9c6952aea8', 'BACKPACK-489-W8-5E8E', 4716, 86, '{"color": "White", "size": "8GB RAM"}');
INSERT INTO product_variants (id, product_id, sku, price, stock_quantity, attributes) VALUES ('3b3d6490-1cb1-44a6-8d45-26cb51e34cb4', '90ce419e-59e9-4167-8456-ce9c6952aea8', 'BACKPACK-489-RM-3B3D', 2309, 107, '{"color": "Red", "size": "M"}');
INSERT INTO product_variants (id, product_id, sku, price, stock_quantity, attributes) VALUES ('f77847c9-f0fb-460a-aec6-1c8cd7c9d953', '90ce419e-59e9-4167-8456-ce9c6952aea8', 'BACKPACK-489-G8-F778', 795, 82, '{"color": "Gold", "size": "8GB RAM"}');
INSERT INTO products (id, name, description, category_id) VALUES ('b682170c-d4ce-404d-b99e-861f951a6086', 'Ultra Table 131', 'Description for Ultra Table 131. Optimized for search and performance test.', '7fece25f-7c12-47f8-9ab9-d4c2e1d411a1');
INSERT INTO product_variants (id, product_id, sku, price, stock_quantity, attributes) VALUES ('6e60c598-9966-43f7-810d-54f42cfed53f', 'b682170c-d4ce-404d-b99e-861f951a6086', 'TABLE-131-G1-6E60', 1147, 90, '{"color": "Gold", "size": "128GB"}');
INSERT INTO product_variants (id, product_id, sku, price, stock_quantity, attributes) VALUES ('65f9fe85-06c3-4403-9254-3d93db28a199', 'b682170c-d4ce-404d-b99e-861f951a6086', 'TABLE-131-GS-65F9', 1913, 122, '{"color": "Green", "size": "S"}');
INSERT INTO product_variants (id, product_id, sku, price, stock_quantity, attributes) VALUES ('59ad5077-d32a-419f-a974-d21c05d59759', 'b682170c-d4ce-404d-b99e-861f951a6086', 'TABLE-131-W1-59AD', 1656, 175, '{"color": "White", "size": "16GB RAM"}');
INSERT INTO products (id, name, description, category_id) VALUES ('fe953a1a-3eae-4361-be8f-36b311da3dca', 'Pro Backpack 837', 'Description for Pro Backpack 837. Optimized for search and performance test.', '7fece25f-7c12-47f8-9ab9-d4c2e1d411a1');
INSERT INTO product_variants (id, product_id, sku, price, stock_quantity, attributes) VALUES ('97d88e1d-c60c-43dd-9860-f0d2d7fb080e', 'fe953a1a-3eae-4361-be8f-36b311da3dca', 'BACKPACK-837-W2-97D8', 1940, 51, '{"color": "White", "size": "256GB"}');
INSERT INTO product_variants (id, product_id, sku, price, stock_quantity, attributes) VALUES ('2bcb00a6-6c77-4eef-9a78-b7f7c3782810', 'fe953a1a-3eae-4361-be8f-36b311da3dca', 'BACKPACK-837-B1-2BCB', 1846, 104, '{"color": "Black", "size": "128GB"}');
INSERT INTO product_variants (id, product_id, sku, price, stock_quantity, attributes) VALUES ('ff59c8c8-2909-4f51-968e-bd3509c404e5', 'fe953a1a-3eae-4361-be8f-36b311da3dca', 'BACKPACK-837-W1-FF59', 4917, 25, '{"color": "White", "size": "128GB"}');
INSERT INTO products (id, name, description, category_id) VALUES ('7a800c63-2436-4899-acdf-821a5dc90c87', 'Original Laptop 692', 'Description for Original Laptop 692. Optimized for search and performance test.', '7fece25f-7c12-47f8-9ab9-d4c2e1d411a1');
INSERT INTO product_variants (id, product_id, sku, price, stock_quantity, attributes) VALUES ('61e4d01a-0391-440a-b7d2-6fb338608089', '7a800c63-2436-4899-acdf-821a5dc90c87', 'LAPTOP-692-RM-61E4', 4080, 132, '{"color": "Red", "size": "M"}');
INSERT INTO product_variants (id, product_id, sku, price, stock_quantity, attributes) VALUES ('add148ff-03da-4c0e-80a0-d3bed02bbe20', '7a800c63-2436-4899-acdf-821a5dc90c87', 'LAPTOP-692-BS-ADD1', 4898, 63, '{"color": "Blue", "size": "S"}');
INSERT INTO product_variants (id, product_id, sku, price, stock_quantity, attributes) VALUES ('8bfd93c2-cfbe-4041-bcf3-0015aaceb11f', '7a800c63-2436-4899-acdf-821a5dc90c87', 'LAPTOP-692-B2-8BFD', 4254, 24, '{"color": "Black", "size": "256GB"}');
INSERT INTO products (id, name, description, category_id) VALUES ('a8fb01aa-1f63-4e87-b516-253394f2196f', 'Eco Backpack 934', 'Description for Eco Backpack 934. Optimized for search and performance test.', '7fece25f-7c12-47f8-9ab9-d4c2e1d411a1');
INSERT INTO product_variants (id, product_id, sku, price, stock_quantity, attributes) VALUES ('d4d3afe5-9e54-4ac0-9e93-341da3ea6d34', 'a8fb01aa-1f63-4e87-b516-253394f2196f', 'BACKPACK-934-S6-D4D3', 1020, 91, '{"color": "Silver", "size": "64GB"}');
INSERT INTO product_variants (id, product_id, sku, price, stock_quantity, attributes) VALUES ('3cd443ae-c0c8-4897-b00a-ad65a7a85c5b', 'a8fb01aa-1f63-4e87-b516-253394f2196f', 'BACKPACK-934-GM-3CD4', 4376, 107, '{"color": "Gold", "size": "M"}');
INSERT INTO product_variants (id, product_id, sku, price, stock_quantity, attributes) VALUES ('2c879e6e-0880-40b3-b6b8-6b1c705a8172', 'a8fb01aa-1f63-4e87-b516-253394f2196f', 'BACKPACK-934-R8-2C87', 2577, 131, '{"color": "Red", "size": "8GB RAM"}');
INSERT INTO products (id, name, description, category_id) VALUES ('463d57ae-e6bf-4c0d-960a-e1675edc1de2', 'Ultra Phone 392', 'Description for Ultra Phone 392. Optimized for search and performance test.', '7fece25f-7c12-47f8-9ab9-d4c2e1d411a1');
INSERT INTO product_variants (id, product_id, sku, price, stock_quantity, attributes) VALUES ('eabb8d0a-90d8-438d-8f4c-cdb3928e933d', '463d57ae-e6bf-4c0d-960a-e1675edc1de2', 'PHONE-392-R1-EABB', 4493, 160, '{"color": "Red", "size": "128GB"}');
INSERT INTO product_variants (id, product_id, sku, price, stock_quantity, attributes) VALUES ('7e099ce8-63cd-4d6d-8b65-9cbe7214acdc', '463d57ae-e6bf-4c0d-960a-e1675edc1de2', 'PHONE-392-B2-7E09', 1588, 107, '{"color": "Blue", "size": "256GB"}');
INSERT INTO product_variants (id, product_id, sku, price, stock_quantity, attributes) VALUES ('b09527a2-36d0-4883-b7e7-443e0f95f86d', '463d57ae-e6bf-4c0d-960a-e1675edc1de2', 'PHONE-392-B1-B095', 3650, 172, '{"color": "Black", "size": "16GB RAM"}');
INSERT INTO products (id, name, description, category_id) VALUES ('21f70472-b672-4a70-9722-ac211863e1de', 'Premium Backpack 868', 'Description for Premium Backpack 868. Optimized for search and performance test.', '7fece25f-7c12-47f8-9ab9-d4c2e1d411a1');
INSERT INTO product_variants (id, product_id, sku, price, stock_quantity, attributes) VALUES ('da1c6e2f-e276-43f1-a8be-e6cedfa6939c', '21f70472-b672-4a70-9722-ac211863e1de', 'BACKPACK-868-RL-DA1C', 876, 157, '{"color": "Red", "size": "L"}');
INSERT INTO product_variants (id, product_id, sku, price, stock_quantity, attributes) VALUES ('f9d8bc61-a938-4ea0-b80f-ff4d48110195', '21f70472-b672-4a70-9722-ac211863e1de', 'BACKPACK-868-BL-F9D8', 2565, 96, '{"color": "Blue", "size": "L"}');
INSERT INTO product_variants (id, product_id, sku, price, stock_quantity, attributes) VALUES ('d9378f0a-849e-4ff8-abb7-2af47c7a7b24', '21f70472-b672-4a70-9722-ac211863e1de', 'BACKPACK-868-BL-D937', 4029, 67, '{"color": "Blue", "size": "L"}');
INSERT INTO products (id, name, description, category_id) VALUES ('e212ecc1-0490-475b-beb4-6d8d82b05e3f', 'Elegant Bed 676', 'Description for Elegant Bed 676. Optimized for search and performance test.', '7fece25f-7c12-47f8-9ab9-d4c2e1d411a1');
INSERT INTO product_variants (id, product_id, sku, price, stock_quantity, attributes) VALUES ('24ad69ee-7142-4a85-9111-7576e30b0995', 'e212ecc1-0490-475b-beb4-6d8d82b05e3f', 'BED-676-GL-24AD', 382, 141, '{"color": "Gold", "size": "L"}');
INSERT INTO product_variants (id, product_id, sku, price, stock_quantity, attributes) VALUES ('62841692-0299-4706-b94d-e269b41d3d0e', 'e212ecc1-0490-475b-beb4-6d8d82b05e3f', 'BED-676-GL-6284', 4909, 160, '{"color": "Gold", "size": "L"}');
INSERT INTO product_variants (id, product_id, sku, price, stock_quantity, attributes) VALUES ('35feeb62-d71e-407d-8683-267444090287', 'e212ecc1-0490-475b-beb4-6d8d82b05e3f', 'BED-676-S2-35FE', 1290, 167, '{"color": "Silver", "size": "256GB"}');
INSERT INTO products (id, name, description, category_id) VALUES ('2a161f7f-e0b7-4e8e-a90a-9b60e0c31112', 'Pro Monitor 847', 'Description for Pro Monitor 847. Optimized for search and performance test.', '7fece25f-7c12-47f8-9ab9-d4c2e1d411a1');
INSERT INTO product_variants (id, product_id, sku, price, stock_quantity, attributes) VALUES ('7c4bd20e-f46a-4005-97c9-0cf5504412e3', '2a161f7f-e0b7-4e8e-a90a-9b60e0c31112', 'MONITOR-847-WX-7C4B', 664, 185, '{"color": "White", "size": "XXL"}');
INSERT INTO product_variants (id, product_id, sku, price, stock_quantity, attributes) VALUES ('8bfa93b3-1e57-47a7-9214-86083c572625', '2a161f7f-e0b7-4e8e-a90a-9b60e0c31112', 'MONITOR-847-G8-8BFA', 4589, 141, '{"color": "Green", "size": "8GB RAM"}');
INSERT INTO product_variants (id, product_id, sku, price, stock_quantity, attributes) VALUES ('1a07fb23-d70b-4d86-bccd-9ecbf41e0a30', '2a161f7f-e0b7-4e8e-a90a-9b60e0c31112', 'MONITOR-847-GX-1A07', 431, 13, '{"color": "Gold", "size": "XL"}');
INSERT INTO products (id, name, description, category_id) VALUES ('620c18b7-26c0-4b98-9768-d7ab295ef01f', 'Eco Laptop 405', 'Description for Eco Laptop 405. Optimized for search and performance test.', '7fece25f-7c12-47f8-9ab9-d4c2e1d411a1');
INSERT INTO product_variants (id, product_id, sku, price, stock_quantity, attributes) VALUES ('c26e4785-daa0-4aa7-93ce-aeebcad09335', '620c18b7-26c0-4b98-9768-d7ab295ef01f', 'LAPTOP-405-BX-C26E', 4878, 50, '{"color": "Blue", "size": "XL"}');
INSERT INTO product_variants (id, product_id, sku, price, stock_quantity, attributes) VALUES ('ace1814d-5780-4e9d-a6ff-ca8bc7ebf52a', '620c18b7-26c0-4b98-9768-d7ab295ef01f', 'LAPTOP-405-SS-ACE1', 730, 10, '{"color": "Silver", "size": "S"}');
INSERT INTO product_variants (id, product_id, sku, price, stock_quantity, attributes) VALUES ('b99508d5-61e2-4ec4-8706-7c5c9d382791', '620c18b7-26c0-4b98-9768-d7ab295ef01f', 'LAPTOP-405-WX-B995', 1368, 79, '{"color": "White", "size": "XL"}');
INSERT INTO products (id, name, description, category_id) VALUES ('1e96131e-67dc-4e6b-b023-84cc6d5eb74b', 'Original Bed 519', 'Description for Original Bed 519. Optimized for search and performance test.', '7fece25f-7c12-47f8-9ab9-d4c2e1d411a1');
INSERT INTO product_variants (id, product_id, sku, price, stock_quantity, attributes) VALUES ('f77b95b8-010c-481b-962a-d3ecc5afeba1', '1e96131e-67dc-4e6b-b023-84cc6d5eb74b', 'BED-519-G2-F77B', 2916, 187, '{"color": "Gold", "size": "256GB"}');
INSERT INTO product_variants (id, product_id, sku, price, stock_quantity, attributes) VALUES ('1ee31d6f-79c6-442b-8677-9f99e78796a2', '1e96131e-67dc-4e6b-b023-84cc6d5eb74b', 'BED-519-BS-1EE3', 2752, 152, '{"color": "Blue", "size": "S"}');
INSERT INTO product_variants (id, product_id, sku, price, stock_quantity, attributes) VALUES ('48473621-e127-42d8-b645-a7183a543023', '1e96131e-67dc-4e6b-b023-84cc6d5eb74b', 'BED-519-RX-4847', 247, 171, '{"color": "Red", "size": "XL"}');
INSERT INTO products (id, name, description, category_id) VALUES ('5d0a1c3d-42a2-4958-8613-a67de23a9488', 'Eco Table 227', 'Description for Eco Table 227. Optimized for search and performance test.', '7fece25f-7c12-47f8-9ab9-d4c2e1d411a1');
INSERT INTO product_variants (id, product_id, sku, price, stock_quantity, attributes) VALUES ('41a6fef3-58b9-4478-b541-9f3e58639349', '5d0a1c3d-42a2-4958-8613-a67de23a9488', 'TABLE-227-S6-41A6', 3135, 158, '{"color": "Silver", "size": "64GB"}');
INSERT INTO product_variants (id, product_id, sku, price, stock_quantity, attributes) VALUES ('1dadf6d0-ac7b-4de1-8d37-3962b21c5cfe', '5d0a1c3d-42a2-4958-8613-a67de23a9488', 'TABLE-227-SS-1DAD', 3552, 38, '{"color": "Silver", "size": "S"}');
INSERT INTO product_variants (id, product_id, sku, price, stock_quantity, attributes) VALUES ('0895f01c-9eb2-4cd6-a4a2-e65b6a6b8ca4', '5d0a1c3d-42a2-4958-8613-a67de23a9488', 'TABLE-227-G1-0895', 2225, 149, '{"color": "Green", "size": "16GB RAM"}');
INSERT INTO products (id, name, description, category_id) VALUES ('1f36902c-3cef-44ab-b8dc-f81fa34d805a', 'Pro Table 708', 'Description for Pro Table 708. Optimized for search and performance test.', '7fece25f-7c12-47f8-9ab9-d4c2e1d411a1');
INSERT INTO product_variants (id, product_id, sku, price, stock_quantity, attributes) VALUES ('4d91374e-0879-485a-9930-f2692fd42588', '1f36902c-3cef-44ab-b8dc-f81fa34d805a', 'TABLE-708-GM-4D91', 4480, 22, '{"color": "Gold", "size": "M"}');
INSERT INTO product_variants (id, product_id, sku, price, stock_quantity, attributes) VALUES ('f097203a-5965-440d-87c0-f0de4816f300', '1f36902c-3cef-44ab-b8dc-f81fa34d805a', 'TABLE-708-BM-F097', 1396, 105, '{"color": "Blue", "size": "M"}');
INSERT INTO product_variants (id, product_id, sku, price, stock_quantity, attributes) VALUES ('5bc2391b-8b48-4ec1-aef8-2124da03276e', '1f36902c-3cef-44ab-b8dc-f81fa34d805a', 'TABLE-708-W8-5BC2', 576, 173, '{"color": "White", "size": "8GB RAM"}');
INSERT INTO products (id, name, description, category_id) VALUES ('45f68186-9004-49e4-8361-bd0400f8a4e6', 'Ultra Dress 854', 'Description for Ultra Dress 854. Optimized for search and performance test.', '7fece25f-7c12-47f8-9ab9-d4c2e1d411a1');
INSERT INTO product_variants (id, product_id, sku, price, stock_quantity, attributes) VALUES ('cfedd225-c365-44e6-998f-125cf23ff59a', '45f68186-9004-49e4-8361-bd0400f8a4e6', 'DRESS-854-B1-CFED', 860, 21, '{"color": "Black", "size": "16GB RAM"}');
INSERT INTO product_variants (id, product_id, sku, price, stock_quantity, attributes) VALUES ('a5eea3a7-04b3-41c9-a374-0aaefd7399c4', '45f68186-9004-49e4-8361-bd0400f8a4e6', 'DRESS-854-W1-A5EE', 3344, 147, '{"color": "White", "size": "16GB RAM"}');
INSERT INTO product_variants (id, product_id, sku, price, stock_quantity, attributes) VALUES ('9d033894-218a-4261-8f54-fcecd6e2268b', '45f68186-9004-49e4-8361-bd0400f8a4e6', 'DRESS-854-G2-9D03', 1654, 113, '{"color": "Gold", "size": "256GB"}');
INSERT INTO products (id, name, description, category_id) VALUES ('290467c6-cdca-4c20-830d-e1a299616abd', 'Eco Laptop 377', 'Description for Eco Laptop 377. Optimized for search and performance test.', '7fece25f-7c12-47f8-9ab9-d4c2e1d411a1');
INSERT INTO product_variants (id, product_id, sku, price, stock_quantity, attributes) VALUES ('51395fba-9b05-483a-af48-60f7ad7e1b9a', '290467c6-cdca-4c20-830d-e1a299616abd', 'LAPTOP-377-W1-5139', 1579, 29, '{"color": "White", "size": "128GB"}');
INSERT INTO product_variants (id, product_id, sku, price, stock_quantity, attributes) VALUES ('03645f2f-b65f-4a80-b94c-3f2705432c59', '290467c6-cdca-4c20-830d-e1a299616abd', 'LAPTOP-377-R6-0364', 4910, 147, '{"color": "Red", "size": "64GB"}');
INSERT INTO product_variants (id, product_id, sku, price, stock_quantity, attributes) VALUES ('0c054f3f-00d9-4bba-b75b-449901d922bd', '290467c6-cdca-4c20-830d-e1a299616abd', 'LAPTOP-377-R8-0C05', 1155, 90, '{"color": "Red", "size": "8GB RAM"}');
INSERT INTO products (id, name, description, category_id) VALUES ('0384f921-1a4c-4b45-b355-c0eb42f85fd7', 'Elegant Backpack 675', 'Description for Elegant Backpack 675. Optimized for search and performance test.', '7fece25f-7c12-47f8-9ab9-d4c2e1d411a1');
INSERT INTO product_variants (id, product_id, sku, price, stock_quantity, attributes) VALUES ('abbdcde0-408e-413e-9e57-1629a5676ad3', '0384f921-1a4c-4b45-b355-c0eb42f85fd7', 'BACKPACK-675-B6-ABBD', 1390, 11, '{"color": "Black", "size": "64GB"}');
INSERT INTO product_variants (id, product_id, sku, price, stock_quantity, attributes) VALUES ('5e4ab388-5279-4991-81ce-b685238778dc', '0384f921-1a4c-4b45-b355-c0eb42f85fd7', 'BACKPACK-675-S2-5E4A', 4234, 24, '{"color": "Silver", "size": "256GB"}');
INSERT INTO product_variants (id, product_id, sku, price, stock_quantity, attributes) VALUES ('090e7eb2-0f4d-4c9b-b860-d9a91df595c4', '0384f921-1a4c-4b45-b355-c0eb42f85fd7', 'BACKPACK-675-B1-090E', 4478, 83, '{"color": "Black", "size": "16GB RAM"}');
