-- SEED DATA GENERATED BY PYTHON
TRUNCATE categories, products, product_variants CASCADE;

INSERT INTO categories (id, name, slug) VALUES ('33f9bf27-b204-4e1f-a0c7-d3bd5fc72c0c', 'Electronics', 'electronics');
INSERT INTO categories (id, name, slug) VALUES ('1bc7082b-e84f-4bb2-b788-ded3299495b6', 'Computers', 'computers');
INSERT INTO categories (id, name, slug) VALUES ('499c1077-3964-4748-b214-e46a08e8f397', 'Home Appliances', 'home-appliances');
INSERT INTO categories (id, name, slug) VALUES ('49f58cb4-578e-43cb-b3ab-fee873124daf', 'Smartphones', 'smartphones');
INSERT INTO categories (id, name, slug) VALUES ('9748ca18-881b-4e84-aab5-67e4dfe29c2f', 'Photography', 'photography');
INSERT INTO categories (id, name, slug) VALUES ('0bf7f435-a09e-47aa-8b13-667f0fa09e9f', 'Fashion', 'fashion');
INSERT INTO categories (id, name, slug) VALUES ('bc00b226-be28-4f53-976e-56610bc6e7dc', 'Footwear', 'footwear');
INSERT INTO categories (id, name, slug) VALUES ('0f5094e4-3e8e-4745-beb5-65e4a516ade9', 'Watches', 'watches');
INSERT INTO categories (id, name, slug) VALUES ('ed643e75-8422-4e91-a0b1-5ab3d8cf1f9d', 'Accessories', 'accessories');
INSERT INTO categories (id, name, slug) VALUES ('8ae3249d-85a3-4861-a5ef-76296bc2d6bb', 'Beauty & Care', 'beauty-and-care');
INSERT INTO categories (id, name, slug) VALUES ('2bc2790b-d5f9-4ebe-870c-96c39a5236a0', 'Furniture', 'furniture');
INSERT INTO categories (id, name, slug) VALUES ('246201d0-7f3f-457a-a673-1fc9750bdb53', 'Kitchenware', 'kitchenware');
INSERT INTO categories (id, name, slug) VALUES ('0d8fce97-3d60-49e9-afaa-26a1334098c5', 'Books', 'books');
INSERT INTO categories (id, name, slug) VALUES ('7686d8ea-9d1a-4bd6-b7c5-cef7bd90de7b', 'Toys & Games', 'toys-and-games');
INSERT INTO categories (id, name, slug) VALUES ('96b28be4-f09d-4080-b296-9adb10f904f4', 'SportsGear', 'sportsgear');

INSERT INTO products (id, name, slug, description, category_id) VALUES ('4a472280-74ee-4f72-91df-bb1060c805f7', 'Pro Backpack 435', 'pro-backpack-435-4a4722', 'Description for Pro Backpack 435. Optimized for search and performance test.', '33f9bf27-b204-4e1f-a0c7-d3bd5fc72c0c');
INSERT INTO product_variants (id, product_id, sku, price, stock_quantity, attributes) VALUES ('8424e73b-ee9a-4e79-ba80-2cd62eb3dfd2', '4a472280-74ee-4f72-91df-bb1060c805f7', 'BACKPACK-435-SX-8424', 722, 74, '{"color": "Silver", "size": "XXL"}');
INSERT INTO product_variants (id, product_id, sku, price, stock_quantity, attributes) VALUES ('0f7c9e50-28f9-4b04-81ae-7e077862a05e', '4a472280-74ee-4f72-91df-bb1060c805f7', 'BACKPACK-435-B6-0F7C', 1888, 155, '{"color": "Black", "size": "64GB"}');
INSERT INTO product_variants (id, product_id, sku, price, stock_quantity, attributes) VALUES ('25f0af1e-762d-4eaf-b816-f9bcdb03eab6', '4a472280-74ee-4f72-91df-bb1060c805f7', 'BACKPACK-435-BX-25F0', 712, 165, '{"color": "Blue", "size": "XXL"}');
INSERT INTO products (id, name, slug, description, category_id) VALUES ('41ebf04d-1ea3-458c-aea7-d8e18f23b433', 'Original Headphones 280', 'original-headphones-280-41ebf0', 'Description for Original Headphones 280. Optimized for search and performance test.', '33f9bf27-b204-4e1f-a0c7-d3bd5fc72c0c');
INSERT INTO product_variants (id, product_id, sku, price, stock_quantity, attributes) VALUES ('4b529e38-6f65-436b-a0d0-1298cd9d03a8', '41ebf04d-1ea3-458c-aea7-d8e18f23b433', 'HEADPHONES-280-B8-4B52', 3138, 107, '{"color": "Blue", "size": "8GB RAM"}');
INSERT INTO product_variants (id, product_id, sku, price, stock_quantity, attributes) VALUES ('4e37af60-85bc-46fb-8a50-ba5075f63ccf', '41ebf04d-1ea3-458c-aea7-d8e18f23b433', 'HEADPHONES-280-GX-4E37', 4818, 165, '{"color": "Gold", "size": "XL"}');
INSERT INTO product_variants (id, product_id, sku, price, stock_quantity, attributes) VALUES ('db6fe87d-66da-415a-b412-e83544ba4447', '41ebf04d-1ea3-458c-aea7-d8e18f23b433', 'HEADPHONES-280-G6-DB6F', 1344, 78, '{"color": "Gold", "size": "64GB"}');
INSERT INTO products (id, name, slug, description, category_id) VALUES ('7b5d1e13-9b06-4166-a488-b0171bea4d73', 'Original Camera 431', 'original-camera-431-7b5d1e', 'Description for Original Camera 431. Optimized for search and performance test.', '33f9bf27-b204-4e1f-a0c7-d3bd5fc72c0c');
INSERT INTO product_variants (id, product_id, sku, price, stock_quantity, attributes) VALUES ('9f4c1a76-f2a2-4760-a2e9-d3c47de1b09c', '7b5d1e13-9b06-4166-a488-b0171bea4d73', 'CAMERA-431-W1-9F4C', 3177, 19, '{"color": "White", "size": "128GB"}');
INSERT INTO product_variants (id, product_id, sku, price, stock_quantity, attributes) VALUES ('556b40d7-97b7-4dbf-ade3-1a43f026b0a8', '7b5d1e13-9b06-4166-a488-b0171bea4d73', 'CAMERA-431-SX-556B', 554, 21, '{"color": "Silver", "size": "XXL"}');
INSERT INTO product_variants (id, product_id, sku, price, stock_quantity, attributes) VALUES ('d07a2266-a0ce-463f-b2c5-19ddd7e18c32', '7b5d1e13-9b06-4166-a488-b0171bea4d73', 'CAMERA-431-R6-D07A', 1507, 92, '{"color": "Red", "size": "64GB"}');
INSERT INTO products (id, name, slug, description, category_id) VALUES ('ea908c4a-4a1f-4c1f-83c0-03f8881310fa', 'Eco Table 744', 'eco-table-744-ea908c', 'Description for Eco Table 744. Optimized for search and performance test.', '33f9bf27-b204-4e1f-a0c7-d3bd5fc72c0c');
INSERT INTO product_variants (id, product_id, sku, price, stock_quantity, attributes) VALUES ('efad1be9-5405-419d-946a-2eacc5722387', 'ea908c4a-4a1f-4c1f-83c0-03f8881310fa', 'TABLE-744-GL-EFAD', 2044, 75, '{"color": "Gold", "size": "L"}');
INSERT INTO product_variants (id, product_id, sku, price, stock_quantity, attributes) VALUES ('787264b4-6b7f-458b-9bf5-496ab70e3e75', 'ea908c4a-4a1f-4c1f-83c0-03f8881310fa', 'TABLE-744-GS-7872', 1462, 129, '{"color": "Gold", "size": "S"}');
INSERT INTO product_variants (id, product_id, sku, price, stock_quantity, attributes) VALUES ('5154df4c-abdb-4325-adc9-97ad9d41c300', 'ea908c4a-4a1f-4c1f-83c0-03f8881310fa', 'TABLE-744-WM-5154', 358, 48, '{"color": "White", "size": "M"}');
INSERT INTO products (id, name, slug, description, category_id) VALUES ('262c5130-69f5-4916-a566-6c6ea279c248', 'Smart Monitor 754', 'smart-monitor-754-262c51', 'Description for Smart Monitor 754. Optimized for search and performance test.', '33f9bf27-b204-4e1f-a0c7-d3bd5fc72c0c');
INSERT INTO product_variants (id, product_id, sku, price, stock_quantity, attributes) VALUES ('a5f70e60-b777-4391-95ad-1c3091681e86', '262c5130-69f5-4916-a566-6c6ea279c248', 'MONITOR-754-G8-A5F7', 3254, 28, '{"color": "Green", "size": "8GB RAM"}');
INSERT INTO product_variants (id, product_id, sku, price, stock_quantity, attributes) VALUES ('1e93d604-2d15-4576-9b6b-06c2d3d48fe8', '262c5130-69f5-4916-a566-6c6ea279c248', 'MONITOR-754-SX-1E93', 173, 199, '{"color": "Silver", "size": "XXL"}');
INSERT INTO product_variants (id, product_id, sku, price, stock_quantity, attributes) VALUES ('b0fb216c-9e44-4f1d-94b0-8799f208b3c8', '262c5130-69f5-4916-a566-6c6ea279c248', 'MONITOR-754-B2-B0FB', 3541, 130, '{"color": "Black", "size": "256GB"}');
INSERT INTO products (id, name, slug, description, category_id) VALUES ('48f07667-087f-498f-afe1-acc979e0e477', 'Ultra Backpack 717', 'ultra-backpack-717-48f076', 'Description for Ultra Backpack 717. Optimized for search and performance test.', '33f9bf27-b204-4e1f-a0c7-d3bd5fc72c0c');
INSERT INTO product_variants (id, product_id, sku, price, stock_quantity, attributes) VALUES ('917c9fbc-2d35-49f7-9c78-03299652e354', '48f07667-087f-498f-afe1-acc979e0e477', 'BACKPACK-717-GX-917C', 1894, 181, '{"color": "Green", "size": "XXL"}');
INSERT INTO product_variants (id, product_id, sku, price, stock_quantity, attributes) VALUES ('3b1ca23c-ed33-41dc-b9b6-d4b2da52889d', '48f07667-087f-498f-afe1-acc979e0e477', 'BACKPACK-717-G6-3B1C', 1782, 41, '{"color": "Green", "size": "64GB"}');
INSERT INTO product_variants (id, product_id, sku, price, stock_quantity, attributes) VALUES ('4bd94ab8-28e7-47ed-877e-84528c2a7883', '48f07667-087f-498f-afe1-acc979e0e477', 'BACKPACK-717-W2-4BD9', 1418, 66, '{"color": "White", "size": "256GB"}');
INSERT INTO products (id, name, slug, description, category_id) VALUES ('c3815dab-c328-4d51-bb9d-066a2c61406d', 'Eco Laptop 338', 'eco-laptop-338-c3815d', 'Description for Eco Laptop 338. Optimized for search and performance test.', '33f9bf27-b204-4e1f-a0c7-d3bd5fc72c0c');
INSERT INTO product_variants (id, product_id, sku, price, stock_quantity, attributes) VALUES ('b835dbd5-924b-4d8a-8ffb-e86281361a8e', 'c3815dab-c328-4d51-bb9d-066a2c61406d', 'LAPTOP-338-B1-B835', 1985, 117, '{"color": "Black", "size": "16GB RAM"}');
INSERT INTO product_variants (id, product_id, sku, price, stock_quantity, attributes) VALUES ('ea53f72e-00c1-4359-8a88-4a80937f8e51', 'c3815dab-c328-4d51-bb9d-066a2c61406d', 'LAPTOP-338-B6-EA53', 2447, 191, '{"color": "Black", "size": "64GB"}');
INSERT INTO product_variants (id, product_id, sku, price, stock_quantity, attributes) VALUES ('3c1eb86c-3750-418c-84b9-02c541fba300', 'c3815dab-c328-4d51-bb9d-066a2c61406d', 'LAPTOP-338-G1-3C1E', 3220, 52, '{"color": "Green", "size": "128GB"}');
INSERT INTO products (id, name, slug, description, category_id) VALUES ('b7cc8b2e-6326-47f1-b351-88a45f1fee70', 'Premium Backpack 532', 'premium-backpack-532-b7cc8b', 'Description for Premium Backpack 532. Optimized for search and performance test.', '33f9bf27-b204-4e1f-a0c7-d3bd5fc72c0c');
INSERT INTO product_variants (id, product_id, sku, price, stock_quantity, attributes) VALUES ('08ca523b-1467-44e1-b0f5-902e446e4a6b', 'b7cc8b2e-6326-47f1-b351-88a45f1fee70', 'BACKPACK-532-GX-08CA', 3096, 180, '{"color": "Gold", "size": "XXL"}');
INSERT INTO product_variants (id, product_id, sku, price, stock_quantity, attributes) VALUES ('dfae47a3-89ee-45e8-980b-6d8713a80b24', 'b7cc8b2e-6326-47f1-b351-88a45f1fee70', 'BACKPACK-532-B2-DFAE', 1001, 24, '{"color": "Black", "size": "256GB"}');
INSERT INTO product_variants (id, product_id, sku, price, stock_quantity, attributes) VALUES ('47b2a978-7b23-4783-aff7-045528df3888', 'b7cc8b2e-6326-47f1-b351-88a45f1fee70', 'BACKPACK-532-SM-47B2', 989, 199, '{"color": "Silver", "size": "M"}');
INSERT INTO products (id, name, slug, description, category_id) VALUES ('b39ece3b-c4d4-4e77-b6d5-bf0c512ab0d1', 'Lite Backpack 595', 'lite-backpack-595-b39ece', 'Description for Lite Backpack 595. Optimized for search and performance test.', '33f9bf27-b204-4e1f-a0c7-d3bd5fc72c0c');
INSERT INTO product_variants (id, product_id, sku, price, stock_quantity, attributes) VALUES ('23bce0c6-15c9-4c44-9093-f4666865f703', 'b39ece3b-c4d4-4e77-b6d5-bf0c512ab0d1', 'BACKPACK-595-WL-23BC', 1793, 156, '{"color": "White", "size": "L"}');
INSERT INTO product_variants (id, product_id, sku, price, stock_quantity, attributes) VALUES ('5680f719-9252-4176-b541-b2affa98b540', 'b39ece3b-c4d4-4e77-b6d5-bf0c512ab0d1', 'BACKPACK-595-RL-5680', 4969, 183, '{"color": "Red", "size": "L"}');
INSERT INTO product_variants (id, product_id, sku, price, stock_quantity, attributes) VALUES ('3383e114-5ad1-4da5-b93a-882e0b145335', 'b39ece3b-c4d4-4e77-b6d5-bf0c512ab0d1', 'BACKPACK-595-G8-3383', 2070, 22, '{"color": "Gold", "size": "8GB RAM"}');
INSERT INTO products (id, name, slug, description, category_id) VALUES ('6f78af57-2365-4b3f-be9b-36c3613315f2', 'Lite Backpack 172', 'lite-backpack-172-6f78af', 'Description for Lite Backpack 172. Optimized for search and performance test.', '33f9bf27-b204-4e1f-a0c7-d3bd5fc72c0c');
INSERT INTO product_variants (id, product_id, sku, price, stock_quantity, attributes) VALUES ('36b64126-5c18-4541-a760-7f8051a24b7a', '6f78af57-2365-4b3f-be9b-36c3613315f2', 'BACKPACK-172-RX-36B6', 4765, 146, '{"color": "Red", "size": "XXL"}');
INSERT INTO product_variants (id, product_id, sku, price, stock_quantity, attributes) VALUES ('458f8872-004f-4041-b9ac-6e9aba9d0689', '6f78af57-2365-4b3f-be9b-36c3613315f2', 'BACKPACK-172-WS-458F', 486, 95, '{"color": "White", "size": "S"}');
INSERT INTO product_variants (id, product_id, sku, price, stock_quantity, attributes) VALUES ('58dd60a6-500d-4166-af58-df003c65b5a8', '6f78af57-2365-4b3f-be9b-36c3613315f2', 'BACKPACK-172-G8-58DD', 4851, 178, '{"color": "Gold", "size": "8GB RAM"}');
INSERT INTO products (id, name, slug, description, category_id) VALUES ('d288e52b-b11b-437b-82e3-4e98f63d7f67', 'Original Bed 844', 'original-bed-844-d288e5', 'Description for Original Bed 844. Optimized for search and performance test.', '33f9bf27-b204-4e1f-a0c7-d3bd5fc72c0c');
INSERT INTO product_variants (id, product_id, sku, price, stock_quantity, attributes) VALUES ('2649941f-1f01-4198-8283-875717444e10', 'd288e52b-b11b-437b-82e3-4e98f63d7f67', 'BED-844-RX-2649', 3271, 188, '{"color": "Red", "size": "XXL"}');
INSERT INTO product_variants (id, product_id, sku, price, stock_quantity, attributes) VALUES ('514cc5d2-5e6c-4d66-b042-3a4dd0fe3664', 'd288e52b-b11b-437b-82e3-4e98f63d7f67', 'BED-844-SS-514C', 4598, 153, '{"color": "Silver", "size": "S"}');
INSERT INTO product_variants (id, product_id, sku, price, stock_quantity, attributes) VALUES ('cfed8b04-dace-4cbf-8993-6d80572c3341', 'd288e52b-b11b-437b-82e3-4e98f63d7f67', 'BED-844-R6-CFED', 898, 171, '{"color": "Red", "size": "64GB"}');
INSERT INTO products (id, name, slug, description, category_id) VALUES ('175e101d-e3f9-401c-bc39-2b7f9f73946d', 'Ultra Headphones 975', 'ultra-headphones-975-175e10', 'Description for Ultra Headphones 975. Optimized for search and performance test.', '33f9bf27-b204-4e1f-a0c7-d3bd5fc72c0c');
INSERT INTO product_variants (id, product_id, sku, price, stock_quantity, attributes) VALUES ('6ecd436b-4f6d-420d-95ad-552f3895fa41', '175e101d-e3f9-401c-bc39-2b7f9f73946d', 'HEADPHONES-975-B2-6ECD', 4762, 38, '{"color": "Blue", "size": "256GB"}');
INSERT INTO product_variants (id, product_id, sku, price, stock_quantity, attributes) VALUES ('04edd295-4b88-4afd-8075-ddba6a2e559e', '175e101d-e3f9-401c-bc39-2b7f9f73946d', 'HEADPHONES-975-BM-04ED', 325, 74, '{"color": "Black", "size": "M"}');
INSERT INTO product_variants (id, product_id, sku, price, stock_quantity, attributes) VALUES ('082a1f6d-3d4a-40dc-8846-242e635e1d5f', '175e101d-e3f9-401c-bc39-2b7f9f73946d', 'HEADPHONES-975-R6-082A', 2669, 141, '{"color": "Red", "size": "64GB"}');
INSERT INTO products (id, name, slug, description, category_id) VALUES ('09ad34c5-b6ec-431c-9878-bd2b0280ffcf', 'Elegant Headphones 586', 'elegant-headphones-586-09ad34', 'Description for Elegant Headphones 586. Optimized for search and performance test.', '33f9bf27-b204-4e1f-a0c7-d3bd5fc72c0c');
INSERT INTO product_variants (id, product_id, sku, price, stock_quantity, attributes) VALUES ('0798df7c-4960-4732-8c56-3c9662067a75', '09ad34c5-b6ec-431c-9878-bd2b0280ffcf', 'HEADPHONES-586-GL-0798', 1390, 47, '{"color": "Gold", "size": "L"}');
INSERT INTO product_variants (id, product_id, sku, price, stock_quantity, attributes) VALUES ('6cd62b38-c3c5-41bb-ba69-306a5d08a0b6', '09ad34c5-b6ec-431c-9878-bd2b0280ffcf', 'HEADPHONES-586-G1-6CD6', 4879, 132, '{"color": "Green", "size": "16GB RAM"}');
INSERT INTO product_variants (id, product_id, sku, price, stock_quantity, attributes) VALUES ('dbc55e6e-60e5-4090-8f88-42e326f8129e', '09ad34c5-b6ec-431c-9878-bd2b0280ffcf', 'HEADPHONES-586-R1-DBC5', 2004, 25, '{"color": "Red", "size": "16GB RAM"}');
INSERT INTO products (id, name, slug, description, category_id) VALUES ('4d552821-b39b-4581-a5e2-6bb2773c8b8d', 'Elegant Laptop 133', 'elegant-laptop-133-4d5528', 'Description for Elegant Laptop 133. Optimized for search and performance test.', '33f9bf27-b204-4e1f-a0c7-d3bd5fc72c0c');
INSERT INTO product_variants (id, product_id, sku, price, stock_quantity, attributes) VALUES ('745ee458-469a-4c81-b5af-153767e8a9e2', '4d552821-b39b-4581-a5e2-6bb2773c8b8d', 'LAPTOP-133-W1-745E', 4565, 82, '{"color": "White", "size": "128GB"}');
INSERT INTO product_variants (id, product_id, sku, price, stock_quantity, attributes) VALUES ('0da25981-770e-4829-86c9-683fd8aa4088', '4d552821-b39b-4581-a5e2-6bb2773c8b8d', 'LAPTOP-133-BX-0DA2', 2673, 145, '{"color": "Black", "size": "XXL"}');
INSERT INTO product_variants (id, product_id, sku, price, stock_quantity, attributes) VALUES ('c3277d1f-a271-466c-b4e9-744cf70db960', '4d552821-b39b-4581-a5e2-6bb2773c8b8d', 'LAPTOP-133-BX-C327', 3604, 114, '{"color": "Blue", "size": "XXL"}');
INSERT INTO products (id, name, slug, description, category_id) VALUES ('7b130c08-0e63-469a-8795-668f905b7ec8', 'Smart Camera 301', 'smart-camera-301-7b130c', 'Description for Smart Camera 301. Optimized for search and performance test.', '33f9bf27-b204-4e1f-a0c7-d3bd5fc72c0c');
INSERT INTO product_variants (id, product_id, sku, price, stock_quantity, attributes) VALUES ('1f031b5f-27c7-4bee-828d-05ec17e10128', '7b130c08-0e63-469a-8795-668f905b7ec8', 'CAMERA-301-WX-1F03', 2983, 138, '{"color": "White", "size": "XL"}');
INSERT INTO product_variants (id, product_id, sku, price, stock_quantity, attributes) VALUES ('8edc1df7-a652-435e-ab2f-014a9b843663', '7b130c08-0e63-469a-8795-668f905b7ec8', 'CAMERA-301-RS-8EDC', 3598, 141, '{"color": "Red", "size": "S"}');
INSERT INTO product_variants (id, product_id, sku, price, stock_quantity, attributes) VALUES ('d07acf22-2fa4-4e87-b5d0-e67a0f959d8b', '7b130c08-0e63-469a-8795-668f905b7ec8', 'CAMERA-301-BL-D07A', 589, 128, '{"color": "Blue", "size": "L"}');
INSERT INTO products (id, name, slug, description, category_id) VALUES ('ba943190-e01b-490a-8191-870c696db486', 'Original Shirt 993', 'original-shirt-993-ba9431', 'Description for Original Shirt 993. Optimized for search and performance test.', '33f9bf27-b204-4e1f-a0c7-d3bd5fc72c0c');
INSERT INTO product_variants (id, product_id, sku, price, stock_quantity, attributes) VALUES ('36a070a1-17c0-415d-9106-1523abe59d63', 'ba943190-e01b-490a-8191-870c696db486', 'SHIRT-993-GL-36A0', 1501, 46, '{"color": "Green", "size": "L"}');
INSERT INTO product_variants (id, product_id, sku, price, stock_quantity, attributes) VALUES ('47c1fd95-46e4-4f3a-8df5-0b2035127cfc', 'ba943190-e01b-490a-8191-870c696db486', 'SHIRT-993-W2-47C1', 2966, 162, '{"color": "White", "size": "256GB"}');
INSERT INTO product_variants (id, product_id, sku, price, stock_quantity, attributes) VALUES ('9b6010d4-6c2e-4abe-b3dd-9eff790b777b', 'ba943190-e01b-490a-8191-870c696db486', 'SHIRT-993-BS-9B60', 1261, 142, '{"color": "Blue", "size": "S"}');
INSERT INTO products (id, name, slug, description, category_id) VALUES ('58119f21-9bb6-4cff-a405-020b56bc2b05', 'Eco Backpack 339', 'eco-backpack-339-58119f', 'Description for Eco Backpack 339. Optimized for search and performance test.', '33f9bf27-b204-4e1f-a0c7-d3bd5fc72c0c');
INSERT INTO product_variants (id, product_id, sku, price, stock_quantity, attributes) VALUES ('517c54b0-70bc-4f52-9543-887844a966a2', '58119f21-9bb6-4cff-a405-020b56bc2b05', 'BACKPACK-339-B1-517C', 754, 70, '{"color": "Blue", "size": "16GB RAM"}');
INSERT INTO product_variants (id, product_id, sku, price, stock_quantity, attributes) VALUES ('0612394a-7f93-4d10-8345-6c15380c1e65', '58119f21-9bb6-4cff-a405-020b56bc2b05', 'BACKPACK-339-S8-0612', 1558, 55, '{"color": "Silver", "size": "8GB RAM"}');
INSERT INTO product_variants (id, product_id, sku, price, stock_quantity, attributes) VALUES ('fb61b321-cfcf-4e1d-84b6-105aa7decc70', '58119f21-9bb6-4cff-a405-020b56bc2b05', 'BACKPACK-339-B6-FB61', 3533, 127, '{"color": "Blue", "size": "64GB"}');
INSERT INTO products (id, name, slug, description, category_id) VALUES ('e2f854a2-7887-47e9-90a1-e7fe4e5d81d2', 'Elegant Camera 729', 'elegant-camera-729-e2f854', 'Description for Elegant Camera 729. Optimized for search and performance test.', '33f9bf27-b204-4e1f-a0c7-d3bd5fc72c0c');
INSERT INTO product_variants (id, product_id, sku, price, stock_quantity, attributes) VALUES ('207b6a7b-16ac-46fa-ab0d-ea34d772fb67', 'e2f854a2-7887-47e9-90a1-e7fe4e5d81d2', 'CAMERA-729-G8-207B', 829, 68, '{"color": "Gold", "size": "8GB RAM"}');
INSERT INTO product_variants (id, product_id, sku, price, stock_quantity, attributes) VALUES ('30488f6d-0946-4366-88fa-8b50ba8dae94', 'e2f854a2-7887-47e9-90a1-e7fe4e5d81d2', 'CAMERA-729-WM-3048', 229, 184, '{"color": "White", "size": "M"}');
INSERT INTO product_variants (id, product_id, sku, price, stock_quantity, attributes) VALUES ('1ea14c7c-8d84-41b0-a254-96f973e9b024', 'e2f854a2-7887-47e9-90a1-e7fe4e5d81d2', 'CAMERA-729-RL-1EA1', 2463, 124, '{"color": "Red", "size": "L"}');
INSERT INTO products (id, name, slug, description, category_id) VALUES ('bf17fd07-9ca9-4640-829c-50bdb0565a05', 'Pro Monitor 830', 'pro-monitor-830-bf17fd', 'Description for Pro Monitor 830. Optimized for search and performance test.', '33f9bf27-b204-4e1f-a0c7-d3bd5fc72c0c');
INSERT INTO product_variants (id, product_id, sku, price, stock_quantity, attributes) VALUES ('e3d119aa-2fc5-4fc7-aa4c-bf8043be13a0', 'bf17fd07-9ca9-4640-829c-50bdb0565a05', 'MONITOR-830-GM-E3D1', 839, 83, '{"color": "Green", "size": "M"}');
INSERT INTO product_variants (id, product_id, sku, price, stock_quantity, attributes) VALUES ('ca01d612-d10a-4176-bce1-90060fd9d70e', 'bf17fd07-9ca9-4640-829c-50bdb0565a05', 'MONITOR-830-GM-CA01', 4643, 111, '{"color": "Green", "size": "M"}');
INSERT INTO product_variants (id, product_id, sku, price, stock_quantity, attributes) VALUES ('2b6a04eb-035c-4b4f-862c-ddbffaf7be49', 'bf17fd07-9ca9-4640-829c-50bdb0565a05', 'MONITOR-830-SM-2B6A', 968, 190, '{"color": "Silver", "size": "M"}');
INSERT INTO products (id, name, slug, description, category_id) VALUES ('9b968f50-6894-467b-a028-cb7291edc54c', 'Elegant Dress 459', 'elegant-dress-459-9b968f', 'Description for Elegant Dress 459. Optimized for search and performance test.', '33f9bf27-b204-4e1f-a0c7-d3bd5fc72c0c');
INSERT INTO product_variants (id, product_id, sku, price, stock_quantity, attributes) VALUES ('9536d19f-b7cd-4a15-b974-ce46b3ea1b9f', '9b968f50-6894-467b-a028-cb7291edc54c', 'DRESS-459-B8-9536', 245, 45, '{"color": "Black", "size": "8GB RAM"}');
INSERT INTO product_variants (id, product_id, sku, price, stock_quantity, attributes) VALUES ('1605e956-8168-42dd-bc48-41a266633c44', '9b968f50-6894-467b-a028-cb7291edc54c', 'DRESS-459-GX-1605', 3854, 164, '{"color": "Green", "size": "XL"}');
INSERT INTO product_variants (id, product_id, sku, price, stock_quantity, attributes) VALUES ('174bfd81-8fda-49be-9b13-2f808e09b7b5', '9b968f50-6894-467b-a028-cb7291edc54c', 'DRESS-459-B1-174B', 3105, 189, '{"color": "Black", "size": "128GB"}');
INSERT INTO products (id, name, slug, description, category_id) VALUES ('a99e2c98-7e8d-4cca-bd12-44f32d684e33', 'Premium Monitor 986', 'premium-monitor-986-a99e2c', 'Description for Premium Monitor 986. Optimized for search and performance test.', '33f9bf27-b204-4e1f-a0c7-d3bd5fc72c0c');
INSERT INTO product_variants (id, product_id, sku, price, stock_quantity, attributes) VALUES ('3a7144bd-2a19-40fd-a859-42bdf09e900f', 'a99e2c98-7e8d-4cca-bd12-44f32d684e33', 'MONITOR-986-R1-3A71', 292, 146, '{"color": "Red", "size": "128GB"}');
INSERT INTO product_variants (id, product_id, sku, price, stock_quantity, attributes) VALUES ('147c493b-21ef-4e3b-a3ef-7575663f521a', 'a99e2c98-7e8d-4cca-bd12-44f32d684e33', 'MONITOR-986-WS-147C', 2384, 26, '{"color": "White", "size": "S"}');
INSERT INTO product_variants (id, product_id, sku, price, stock_quantity, attributes) VALUES ('f6ef390d-6190-46f4-a78c-2cecd2868788', 'a99e2c98-7e8d-4cca-bd12-44f32d684e33', 'MONITOR-986-BM-F6EF', 867, 196, '{"color": "Blue", "size": "M"}');
INSERT INTO products (id, name, slug, description, category_id) VALUES ('2244b7fa-afc8-4728-9d3e-be367e801fa8', 'Pro Bed 785', 'pro-bed-785-2244b7', 'Description for Pro Bed 785. Optimized for search and performance test.', '33f9bf27-b204-4e1f-a0c7-d3bd5fc72c0c');
INSERT INTO product_variants (id, product_id, sku, price, stock_quantity, attributes) VALUES ('cdfbced6-4251-457a-afb8-2bcb82ffaed3', '2244b7fa-afc8-4728-9d3e-be367e801fa8', 'BED-785-R6-CDFB', 1546, 162, '{"color": "Red", "size": "64GB"}');
INSERT INTO product_variants (id, product_id, sku, price, stock_quantity, attributes) VALUES ('f42f879d-5e9f-4b9a-8945-a017caa31353', '2244b7fa-afc8-4728-9d3e-be367e801fa8', 'BED-785-BX-F42F', 3314, 111, '{"color": "Black", "size": "XXL"}');
INSERT INTO product_variants (id, product_id, sku, price, stock_quantity, attributes) VALUES ('58340b53-b693-46fa-a854-86322c62360c', '2244b7fa-afc8-4728-9d3e-be367e801fa8', 'BED-785-GM-5834', 2185, 92, '{"color": "Gold", "size": "M"}');
INSERT INTO products (id, name, slug, description, category_id) VALUES ('8991e996-7f4d-4e4c-9cd5-a9b81e7c017a', 'Premium Camera 630', 'premium-camera-630-8991e9', 'Description for Premium Camera 630. Optimized for search and performance test.', '33f9bf27-b204-4e1f-a0c7-d3bd5fc72c0c');
INSERT INTO product_variants (id, product_id, sku, price, stock_quantity, attributes) VALUES ('7aeefd7f-f925-4ef3-b232-f787e50a98f1', '8991e996-7f4d-4e4c-9cd5-a9b81e7c017a', 'CAMERA-630-GX-7AEE', 2788, 78, '{"color": "Green", "size": "XL"}');
INSERT INTO product_variants (id, product_id, sku, price, stock_quantity, attributes) VALUES ('ebff1055-c99c-4175-acc2-0e11a2cb30bd', '8991e996-7f4d-4e4c-9cd5-a9b81e7c017a', 'CAMERA-630-R1-EBFF', 3197, 124, '{"color": "Red", "size": "16GB RAM"}');
INSERT INTO product_variants (id, product_id, sku, price, stock_quantity, attributes) VALUES ('e3834f50-5566-47ec-b5b4-0c286bdef4b7', '8991e996-7f4d-4e4c-9cd5-a9b81e7c017a', 'CAMERA-630-W8-E383', 4238, 131, '{"color": "White", "size": "8GB RAM"}');
INSERT INTO products (id, name, slug, description, category_id) VALUES ('f2d9d048-f17b-44aa-ba6e-3eef4b5ae278', 'Ultra Shirt 532', 'ultra-shirt-532-f2d9d0', 'Description for Ultra Shirt 532. Optimized for search and performance test.', '33f9bf27-b204-4e1f-a0c7-d3bd5fc72c0c');
INSERT INTO product_variants (id, product_id, sku, price, stock_quantity, attributes) VALUES ('5f7a2481-0f9b-4248-9f85-dd193c5ecd2d', 'f2d9d048-f17b-44aa-ba6e-3eef4b5ae278', 'SHIRT-532-B2-5F7A', 2563, 175, '{"color": "Black", "size": "256GB"}');
INSERT INTO product_variants (id, product_id, sku, price, stock_quantity, attributes) VALUES ('a8ea4ecc-8969-48df-84a3-9bd9a82788e1', 'f2d9d048-f17b-44aa-ba6e-3eef4b5ae278', 'SHIRT-532-W6-A8EA', 2311, 40, '{"color": "White", "size": "64GB"}');
INSERT INTO product_variants (id, product_id, sku, price, stock_quantity, attributes) VALUES ('dffb5aff-3609-42b3-90f3-0033b7ea60c7', 'f2d9d048-f17b-44aa-ba6e-3eef4b5ae278', 'SHIRT-532-BS-DFFB', 4304, 34, '{"color": "Blue", "size": "S"}');
INSERT INTO products (id, name, slug, description, category_id) VALUES ('e07a2f82-6171-49a4-aafa-c931e9967027', 'Elegant Speaker 665', 'elegant-speaker-665-e07a2f', 'Description for Elegant Speaker 665. Optimized for search and performance test.', '33f9bf27-b204-4e1f-a0c7-d3bd5fc72c0c');
INSERT INTO product_variants (id, product_id, sku, price, stock_quantity, attributes) VALUES ('db66c53d-bb2f-4056-9f95-9e46c94a1b7f', 'e07a2f82-6171-49a4-aafa-c931e9967027', 'SPEAKER-665-BM-DB66', 648, 193, '{"color": "Blue", "size": "M"}');
INSERT INTO product_variants (id, product_id, sku, price, stock_quantity, attributes) VALUES ('6e1db044-9b6f-44e5-9d1c-516ccbccdf27', 'e07a2f82-6171-49a4-aafa-c931e9967027', 'SPEAKER-665-BS-6E1D', 2073, 123, '{"color": "Black", "size": "S"}');
INSERT INTO product_variants (id, product_id, sku, price, stock_quantity, attributes) VALUES ('6a5ad448-3f57-4f02-b4f4-1e850d5e80ee', 'e07a2f82-6171-49a4-aafa-c931e9967027', 'SPEAKER-665-GL-6A5A', 4316, 127, '{"color": "Gold", "size": "L"}');
INSERT INTO products (id, name, slug, description, category_id) VALUES ('6a24f124-2f0c-4c1b-98fe-9eb9c2d8b203', 'Ultra Table 642', 'ultra-table-642-6a24f1', 'Description for Ultra Table 642. Optimized for search and performance test.', '33f9bf27-b204-4e1f-a0c7-d3bd5fc72c0c');
INSERT INTO product_variants (id, product_id, sku, price, stock_quantity, attributes) VALUES ('2051c687-83f7-454c-aaf5-c2ae29dd5c0c', '6a24f124-2f0c-4c1b-98fe-9eb9c2d8b203', 'TABLE-642-BS-2051', 1454, 13, '{"color": "Black", "size": "S"}');
INSERT INTO product_variants (id, product_id, sku, price, stock_quantity, attributes) VALUES ('46de450a-e141-4a31-a394-38f7fcdeb2ed', '6a24f124-2f0c-4c1b-98fe-9eb9c2d8b203', 'TABLE-642-G6-46DE', 2097, 137, '{"color": "Gold", "size": "64GB"}');
INSERT INTO product_variants (id, product_id, sku, price, stock_quantity, attributes) VALUES ('8b8c9d17-fcdb-48e8-b351-b4241586b79b', '6a24f124-2f0c-4c1b-98fe-9eb9c2d8b203', 'TABLE-642-R8-8B8C', 1151, 161, '{"color": "Red", "size": "8GB RAM"}');
INSERT INTO products (id, name, slug, description, category_id) VALUES ('589f8b80-aa6c-411f-a3a7-46fb5de90d45', 'Lite Monitor 858', 'lite-monitor-858-589f8b', 'Description for Lite Monitor 858. Optimized for search and performance test.', '33f9bf27-b204-4e1f-a0c7-d3bd5fc72c0c');
INSERT INTO product_variants (id, product_id, sku, price, stock_quantity, attributes) VALUES ('6386c824-3e56-4df9-b841-c14712c19f16', '589f8b80-aa6c-411f-a3a7-46fb5de90d45', 'MONITOR-858-BX-6386', 2128, 103, '{"color": "Blue", "size": "XXL"}');
INSERT INTO product_variants (id, product_id, sku, price, stock_quantity, attributes) VALUES ('984674bb-eb3d-431a-994c-6aff25dd44d0', '589f8b80-aa6c-411f-a3a7-46fb5de90d45', 'MONITOR-858-W6-9846', 4703, 145, '{"color": "White", "size": "64GB"}');
INSERT INTO product_variants (id, product_id, sku, price, stock_quantity, attributes) VALUES ('382d0a3d-1964-4012-b0a5-78155a2c7b76', '589f8b80-aa6c-411f-a3a7-46fb5de90d45', 'MONITOR-858-BS-382D', 312, 25, '{"color": "Blue", "size": "S"}');
INSERT INTO products (id, name, slug, description, category_id) VALUES ('a857de7f-3ca6-421d-8258-f204e9e5f9e2', 'Lite Laptop 543', 'lite-laptop-543-a857de', 'Description for Lite Laptop 543. Optimized for search and performance test.', '33f9bf27-b204-4e1f-a0c7-d3bd5fc72c0c');
INSERT INTO product_variants (id, product_id, sku, price, stock_quantity, attributes) VALUES ('98acef48-f94a-4de8-83fc-172442e174c6', 'a857de7f-3ca6-421d-8258-f204e9e5f9e2', 'LAPTOP-543-W2-98AC', 3634, 128, '{"color": "White", "size": "256GB"}');
INSERT INTO product_variants (id, product_id, sku, price, stock_quantity, attributes) VALUES ('67106228-a5d2-4ac2-9079-61a5cbe42952', 'a857de7f-3ca6-421d-8258-f204e9e5f9e2', 'LAPTOP-543-GM-6710', 2076, 177, '{"color": "Green", "size": "M"}');
INSERT INTO product_variants (id, product_id, sku, price, stock_quantity, attributes) VALUES ('5b3338ef-b7e0-471f-b41e-fa3c10f0acfa', 'a857de7f-3ca6-421d-8258-f204e9e5f9e2', 'LAPTOP-543-G2-5B33', 1480, 54, '{"color": "Green", "size": "256GB"}');
INSERT INTO products (id, name, slug, description, category_id) VALUES ('f2eec2ae-726f-48d2-ba6c-8bd46b10ecc9', 'Premium Shirt 171', 'premium-shirt-171-f2eec2', 'Description for Premium Shirt 171. Optimized for search and performance test.', '33f9bf27-b204-4e1f-a0c7-d3bd5fc72c0c');
INSERT INTO product_variants (id, product_id, sku, price, stock_quantity, attributes) VALUES ('0905db87-10b2-45b2-b383-99f82dbb198f', 'f2eec2ae-726f-48d2-ba6c-8bd46b10ecc9', 'SHIRT-171-GS-0905', 197, 91, '{"color": "Green", "size": "S"}');
INSERT INTO product_variants (id, product_id, sku, price, stock_quantity, attributes) VALUES ('5317a8a7-bf19-429f-8059-5eceee9038c7', 'f2eec2ae-726f-48d2-ba6c-8bd46b10ecc9', 'SHIRT-171-B2-5317', 2813, 52, '{"color": "Blue", "size": "256GB"}');
INSERT INTO product_variants (id, product_id, sku, price, stock_quantity, attributes) VALUES ('5230362f-9681-4de7-bd44-48ea74d01e80', 'f2eec2ae-726f-48d2-ba6c-8bd46b10ecc9', 'SHIRT-171-BL-5230', 1785, 80, '{"color": "Black", "size": "L"}');
INSERT INTO products (id, name, slug, description, category_id) VALUES ('ac347d64-7937-4200-9786-7792f2ea3149', 'Original Camera 171', 'original-camera-171-ac347d', 'Description for Original Camera 171. Optimized for search and performance test.', '33f9bf27-b204-4e1f-a0c7-d3bd5fc72c0c');
INSERT INTO product_variants (id, product_id, sku, price, stock_quantity, attributes) VALUES ('d39d28ec-f1c3-49af-af53-edc0bd316ba4', 'ac347d64-7937-4200-9786-7792f2ea3149', 'CAMERA-171-W1-D39D', 4838, 141, '{"color": "White", "size": "16GB RAM"}');
INSERT INTO product_variants (id, product_id, sku, price, stock_quantity, attributes) VALUES ('503715b3-71c0-46f3-9a11-11bff39d857f', 'ac347d64-7937-4200-9786-7792f2ea3149', 'CAMERA-171-R2-5037', 749, 65, '{"color": "Red", "size": "256GB"}');
INSERT INTO product_variants (id, product_id, sku, price, stock_quantity, attributes) VALUES ('caf846f6-1602-474b-bdc3-be2c4b94bee8', 'ac347d64-7937-4200-9786-7792f2ea3149', 'CAMERA-171-GX-CAF8', 2343, 12, '{"color": "Green", "size": "XXL"}');
INSERT INTO products (id, name, slug, description, category_id) VALUES ('73368f94-78f8-4380-bb78-f26bc166b17c', 'Original Backpack 269', 'original-backpack-269-73368f', 'Description for Original Backpack 269. Optimized for search and performance test.', '33f9bf27-b204-4e1f-a0c7-d3bd5fc72c0c');
INSERT INTO product_variants (id, product_id, sku, price, stock_quantity, attributes) VALUES ('f16be76b-d563-405a-bc2a-9858d00213cd', '73368f94-78f8-4380-bb78-f26bc166b17c', 'BACKPACK-269-WX-F16B', 4825, 36, '{"color": "White", "size": "XXL"}');
INSERT INTO product_variants (id, product_id, sku, price, stock_quantity, attributes) VALUES ('3ba4fa68-4a3d-4efd-b4f4-a39c1e080378', '73368f94-78f8-4380-bb78-f26bc166b17c', 'BACKPACK-269-GS-3BA4', 3472, 192, '{"color": "Gold", "size": "S"}');
INSERT INTO product_variants (id, product_id, sku, price, stock_quantity, attributes) VALUES ('75c66704-dc78-41d2-8379-963e5dc7a76b', '73368f94-78f8-4380-bb78-f26bc166b17c', 'BACKPACK-269-B8-75C6', 2165, 141, '{"color": "Black", "size": "8GB RAM"}');
INSERT INTO products (id, name, slug, description, category_id) VALUES ('95153bd3-108f-409b-85e6-73e4e8347cfb', 'Lite Headphones 962', 'lite-headphones-962-95153b', 'Description for Lite Headphones 962. Optimized for search and performance test.', '33f9bf27-b204-4e1f-a0c7-d3bd5fc72c0c');
INSERT INTO product_variants (id, product_id, sku, price, stock_quantity, attributes) VALUES ('0a43807d-572a-4a9f-b1df-653736015dc1', '95153bd3-108f-409b-85e6-73e4e8347cfb', 'HEADPHONES-962-BX-0A43', 1632, 105, '{"color": "Blue", "size": "XL"}');
INSERT INTO product_variants (id, product_id, sku, price, stock_quantity, attributes) VALUES ('b450da3b-6919-4d17-8b6f-c0da7d17a410', '95153bd3-108f-409b-85e6-73e4e8347cfb', 'HEADPHONES-962-GL-B450', 1339, 154, '{"color": "Green", "size": "L"}');
INSERT INTO product_variants (id, product_id, sku, price, stock_quantity, attributes) VALUES ('31def173-50fa-4b9c-a867-a1e3f5addc21', '95153bd3-108f-409b-85e6-73e4e8347cfb', 'HEADPHONES-962-G1-31DE', 4674, 34, '{"color": "Green", "size": "16GB RAM"}');
INSERT INTO products (id, name, slug, description, category_id) VALUES ('10fd0009-1db4-4572-ab37-11e1975d5510', 'Elegant Phone 101', 'elegant-phone-101-10fd00', 'Description for Elegant Phone 101. Optimized for search and performance test.', '33f9bf27-b204-4e1f-a0c7-d3bd5fc72c0c');
INSERT INTO product_variants (id, product_id, sku, price, stock_quantity, attributes) VALUES ('c9fbbb7f-dfee-4484-8e3c-1fe0b06e4100', '10fd0009-1db4-4572-ab37-11e1975d5510', 'PHONE-101-R6-C9FB', 2059, 183, '{"color": "Red", "size": "64GB"}');
INSERT INTO product_variants (id, product_id, sku, price, stock_quantity, attributes) VALUES ('79da92c6-43f8-430f-b997-6066a8c73c0d', '10fd0009-1db4-4572-ab37-11e1975d5510', 'PHONE-101-BS-79DA', 1506, 200, '{"color": "Blue", "size": "S"}');
INSERT INTO product_variants (id, product_id, sku, price, stock_quantity, attributes) VALUES ('9580ab63-8ef8-4965-86b1-a1dbb0a733e0', '10fd0009-1db4-4572-ab37-11e1975d5510', 'PHONE-101-R6-9580', 2045, 35, '{"color": "Red", "size": "64GB"}');
INSERT INTO products (id, name, slug, description, category_id) VALUES ('eeedd6b2-9928-4377-9679-975d49e68a41', 'Premium Dress 562', 'premium-dress-562-eeedd6', 'Description for Premium Dress 562. Optimized for search and performance test.', '33f9bf27-b204-4e1f-a0c7-d3bd5fc72c0c');
INSERT INTO product_variants (id, product_id, sku, price, stock_quantity, attributes) VALUES ('65281c8f-0471-498f-bab6-dc1b628b387d', 'eeedd6b2-9928-4377-9679-975d49e68a41', 'DRESS-562-G2-6528', 3842, 192, '{"color": "Green", "size": "256GB"}');
INSERT INTO product_variants (id, product_id, sku, price, stock_quantity, attributes) VALUES ('26f91a4b-cbb2-4603-904c-1ba1f6396cb0', 'eeedd6b2-9928-4377-9679-975d49e68a41', 'DRESS-562-S1-26F9', 3229, 196, '{"color": "Silver", "size": "16GB RAM"}');
INSERT INTO product_variants (id, product_id, sku, price, stock_quantity, attributes) VALUES ('729f1c25-bfef-4ba6-b088-1be597673271', 'eeedd6b2-9928-4377-9679-975d49e68a41', 'DRESS-562-S1-729F', 2589, 105, '{"color": "Silver", "size": "128GB"}');
INSERT INTO products (id, name, slug, description, category_id) VALUES ('121d1d5c-5640-4a66-80a4-c987578e12e9', 'Lite Bed 667', 'lite-bed-667-121d1d', 'Description for Lite Bed 667. Optimized for search and performance test.', '33f9bf27-b204-4e1f-a0c7-d3bd5fc72c0c');
INSERT INTO product_variants (id, product_id, sku, price, stock_quantity, attributes) VALUES ('938cd281-cca8-4b80-ba48-e8792d471bc5', '121d1d5c-5640-4a66-80a4-c987578e12e9', 'BED-667-B6-938C', 2541, 169, '{"color": "Black", "size": "64GB"}');
INSERT INTO product_variants (id, product_id, sku, price, stock_quantity, attributes) VALUES ('6dedeb3a-b633-4c48-81cd-3ddba8abd879', '121d1d5c-5640-4a66-80a4-c987578e12e9', 'BED-667-B1-6DED', 3367, 123, '{"color": "Blue", "size": "16GB RAM"}');
INSERT INTO product_variants (id, product_id, sku, price, stock_quantity, attributes) VALUES ('9a42b3d9-49e6-441d-b0c3-adae713c0fe2', '121d1d5c-5640-4a66-80a4-c987578e12e9', 'BED-667-BX-9A42', 3344, 142, '{"color": "Black", "size": "XXL"}');
INSERT INTO products (id, name, slug, description, category_id) VALUES ('2be28bec-fcbf-4440-aa0e-1099cad4c3d9', 'Elegant Camera 570', 'elegant-camera-570-2be28b', 'Description for Elegant Camera 570. Optimized for search and performance test.', '33f9bf27-b204-4e1f-a0c7-d3bd5fc72c0c');
INSERT INTO product_variants (id, product_id, sku, price, stock_quantity, attributes) VALUES ('e1b0c473-2b6c-4c88-9b84-201c15356a4b', '2be28bec-fcbf-4440-aa0e-1099cad4c3d9', 'CAMERA-570-G1-E1B0', 3116, 22, '{"color": "Green", "size": "128GB"}');
INSERT INTO product_variants (id, product_id, sku, price, stock_quantity, attributes) VALUES ('9b154a53-eae6-4185-a6bf-af92e73daca8', '2be28bec-fcbf-4440-aa0e-1099cad4c3d9', 'CAMERA-570-S2-9B15', 4563, 102, '{"color": "Silver", "size": "256GB"}');
INSERT INTO product_variants (id, product_id, sku, price, stock_quantity, attributes) VALUES ('a2b8b7e8-15e4-47d1-a2fc-7c49ff81a459', '2be28bec-fcbf-4440-aa0e-1099cad4c3d9', 'CAMERA-570-SS-A2B8', 4230, 134, '{"color": "Silver", "size": "S"}');
INSERT INTO products (id, name, slug, description, category_id) VALUES ('332f147c-23b8-4a66-840b-676ede6ac532', 'Smart Speaker 271', 'smart-speaker-271-332f14', 'Description for Smart Speaker 271. Optimized for search and performance test.', '33f9bf27-b204-4e1f-a0c7-d3bd5fc72c0c');
INSERT INTO product_variants (id, product_id, sku, price, stock_quantity, attributes) VALUES ('7b83e825-3028-4e2c-a2cc-4fe5923245d9', '332f147c-23b8-4a66-840b-676ede6ac532', 'SPEAKER-271-B8-7B83', 833, 181, '{"color": "Blue", "size": "8GB RAM"}');
INSERT INTO product_variants (id, product_id, sku, price, stock_quantity, attributes) VALUES ('526e25ef-8444-4855-9c9c-43e6399c1328', '332f147c-23b8-4a66-840b-676ede6ac532', 'SPEAKER-271-RM-526E', 4847, 184, '{"color": "Red", "size": "M"}');
INSERT INTO product_variants (id, product_id, sku, price, stock_quantity, attributes) VALUES ('531991a6-0c4c-4985-a6e4-b28089a6081b', '332f147c-23b8-4a66-840b-676ede6ac532', 'SPEAKER-271-B1-5319', 1078, 117, '{"color": "Blue", "size": "128GB"}');
INSERT INTO products (id, name, slug, description, category_id) VALUES ('1469625b-b9d7-49e9-b068-07fb3d2939b9', 'Eco Monitor 655', 'eco-monitor-655-146962', 'Description for Eco Monitor 655. Optimized for search and performance test.', '33f9bf27-b204-4e1f-a0c7-d3bd5fc72c0c');
INSERT INTO product_variants (id, product_id, sku, price, stock_quantity, attributes) VALUES ('fed86045-9ee7-4649-a903-1e16e4a92df4', '1469625b-b9d7-49e9-b068-07fb3d2939b9', 'MONITOR-655-RX-FED8', 4724, 36, '{"color": "Red", "size": "XXL"}');
INSERT INTO product_variants (id, product_id, sku, price, stock_quantity, attributes) VALUES ('8f7b305a-81ab-449d-817b-e9a8793c5662', '1469625b-b9d7-49e9-b068-07fb3d2939b9', 'MONITOR-655-S2-8F7B', 203, 136, '{"color": "Silver", "size": "256GB"}');
INSERT INTO product_variants (id, product_id, sku, price, stock_quantity, attributes) VALUES ('8da98ce8-fa91-42a6-93cb-20f6fe086468', '1469625b-b9d7-49e9-b068-07fb3d2939b9', 'MONITOR-655-GX-8DA9', 976, 115, '{"color": "Gold", "size": "XXL"}');
INSERT INTO products (id, name, slug, description, category_id) VALUES ('afe0396c-15a0-4f41-a057-163740141e57', 'Premium Backpack 288', 'premium-backpack-288-afe039', 'Description for Premium Backpack 288. Optimized for search and performance test.', '33f9bf27-b204-4e1f-a0c7-d3bd5fc72c0c');
INSERT INTO product_variants (id, product_id, sku, price, stock_quantity, attributes) VALUES ('33012bf2-6476-4fef-9cd6-7edfa60a65fd', 'afe0396c-15a0-4f41-a057-163740141e57', 'BACKPACK-288-R2-3301', 2201, 35, '{"color": "Red", "size": "256GB"}');
INSERT INTO product_variants (id, product_id, sku, price, stock_quantity, attributes) VALUES ('57928e08-8471-4558-9879-f961a0ade777', 'afe0396c-15a0-4f41-a057-163740141e57', 'BACKPACK-288-B1-5792', 482, 169, '{"color": "Blue", "size": "16GB RAM"}');
INSERT INTO product_variants (id, product_id, sku, price, stock_quantity, attributes) VALUES ('4706fa93-9b19-41d1-ac86-e022e7aef136', 'afe0396c-15a0-4f41-a057-163740141e57', 'BACKPACK-288-SL-4706', 709, 112, '{"color": "Silver", "size": "L"}');
INSERT INTO products (id, name, slug, description, category_id) VALUES ('183f2752-491e-4b65-8972-a46f556e29e5', 'Ultra Headphones 167', 'ultra-headphones-167-183f27', 'Description for Ultra Headphones 167. Optimized for search and performance test.', '33f9bf27-b204-4e1f-a0c7-d3bd5fc72c0c');
INSERT INTO product_variants (id, product_id, sku, price, stock_quantity, attributes) VALUES ('716a57b3-d370-45a4-a545-45479ddb25d3', '183f2752-491e-4b65-8972-a46f556e29e5', 'HEADPHONES-167-B1-716A', 1404, 91, '{"color": "Blue", "size": "128GB"}');
INSERT INTO product_variants (id, product_id, sku, price, stock_quantity, attributes) VALUES ('051e6fb0-da1a-485d-9132-31cac808eb51', '183f2752-491e-4b65-8972-a46f556e29e5', 'HEADPHONES-167-GL-051E', 4378, 194, '{"color": "Gold", "size": "L"}');
INSERT INTO product_variants (id, product_id, sku, price, stock_quantity, attributes) VALUES ('a62fd1b8-d792-468e-a171-3c5c63ac10d0', '183f2752-491e-4b65-8972-a46f556e29e5', 'HEADPHONES-167-S1-A62F', 3173, 163, '{"color": "Silver", "size": "128GB"}');
INSERT INTO products (id, name, slug, description, category_id) VALUES ('146d83ba-92fb-4019-bf85-36c267fc13f9', 'Original Camera 183', 'original-camera-183-146d83', 'Description for Original Camera 183. Optimized for search and performance test.', '33f9bf27-b204-4e1f-a0c7-d3bd5fc72c0c');
INSERT INTO product_variants (id, product_id, sku, price, stock_quantity, attributes) VALUES ('ca005f8d-7a44-4f8c-b887-ac67832cde5b', '146d83ba-92fb-4019-bf85-36c267fc13f9', 'CAMERA-183-GS-CA00', 1972, 157, '{"color": "Gold", "size": "S"}');
INSERT INTO product_variants (id, product_id, sku, price, stock_quantity, attributes) VALUES ('f718d07f-e3fb-4e22-858f-0b6f6b70fe47', '146d83ba-92fb-4019-bf85-36c267fc13f9', 'CAMERA-183-BS-F718', 2814, 95, '{"color": "Black", "size": "S"}');
INSERT INTO product_variants (id, product_id, sku, price, stock_quantity, attributes) VALUES ('bd1513ac-f33a-4167-8077-7acb48f2746a', '146d83ba-92fb-4019-bf85-36c267fc13f9', 'CAMERA-183-SL-BD15', 2031, 139, '{"color": "Silver", "size": "L"}');
INSERT INTO products (id, name, slug, description, category_id) VALUES ('794bf8ec-4928-4ca0-af02-39945d0f50d6', 'Eco Headphones 493', 'eco-headphones-493-794bf8', 'Description for Eco Headphones 493. Optimized for search and performance test.', '33f9bf27-b204-4e1f-a0c7-d3bd5fc72c0c');
INSERT INTO product_variants (id, product_id, sku, price, stock_quantity, attributes) VALUES ('f928b668-5b72-4281-892e-f199e00d016b', '794bf8ec-4928-4ca0-af02-39945d0f50d6', 'HEADPHONES-493-S1-F928', 3143, 72, '{"color": "Silver", "size": "128GB"}');
INSERT INTO product_variants (id, product_id, sku, price, stock_quantity, attributes) VALUES ('0ce1117a-f789-4faf-9c53-c268094e6272', '794bf8ec-4928-4ca0-af02-39945d0f50d6', 'HEADPHONES-493-R6-0CE1', 4780, 173, '{"color": "Red", "size": "64GB"}');
INSERT INTO product_variants (id, product_id, sku, price, stock_quantity, attributes) VALUES ('ff7db5f5-1d33-479e-9d54-472027d645b8', '794bf8ec-4928-4ca0-af02-39945d0f50d6', 'HEADPHONES-493-GX-FF7D', 3728, 43, '{"color": "Green", "size": "XXL"}');
INSERT INTO products (id, name, slug, description, category_id) VALUES ('fc59d6b5-6712-4470-a463-2a3229f823e2', 'Pro Speaker 202', 'pro-speaker-202-fc59d6', 'Description for Pro Speaker 202. Optimized for search and performance test.', '33f9bf27-b204-4e1f-a0c7-d3bd5fc72c0c');
INSERT INTO product_variants (id, product_id, sku, price, stock_quantity, attributes) VALUES ('9d81d869-92cd-41d8-be93-b46f022ab060', 'fc59d6b5-6712-4470-a463-2a3229f823e2', 'SPEAKER-202-W2-9D81', 3732, 86, '{"color": "White", "size": "256GB"}');
INSERT INTO product_variants (id, product_id, sku, price, stock_quantity, attributes) VALUES ('834e7a08-d596-47b9-ac2f-e6e6bbbb0c33', 'fc59d6b5-6712-4470-a463-2a3229f823e2', 'SPEAKER-202-BM-834E', 3269, 186, '{"color": "Black", "size": "M"}');
INSERT INTO product_variants (id, product_id, sku, price, stock_quantity, attributes) VALUES ('ef2df354-10ea-491d-9b1f-183f6b6df6c5', 'fc59d6b5-6712-4470-a463-2a3229f823e2', 'SPEAKER-202-G8-EF2D', 3538, 77, '{"color": "Green", "size": "8GB RAM"}');
INSERT INTO products (id, name, slug, description, category_id) VALUES ('f0ba8139-fc13-437d-a6f7-fd58112692c2', 'Original Laptop 128', 'original-laptop-128-f0ba81', 'Description for Original Laptop 128. Optimized for search and performance test.', '33f9bf27-b204-4e1f-a0c7-d3bd5fc72c0c');
INSERT INTO product_variants (id, product_id, sku, price, stock_quantity, attributes) VALUES ('538efb1d-ca3e-4a99-a4d0-36333c7503e3', 'f0ba8139-fc13-437d-a6f7-fd58112692c2', 'LAPTOP-128-BL-538E', 2880, 169, '{"color": "Black", "size": "L"}');
INSERT INTO product_variants (id, product_id, sku, price, stock_quantity, attributes) VALUES ('d0df1df1-3b8c-4d18-a0e3-66ec5b7ba55d', 'f0ba8139-fc13-437d-a6f7-fd58112692c2', 'LAPTOP-128-G2-D0DF', 4167, 118, '{"color": "Gold", "size": "256GB"}');
INSERT INTO product_variants (id, product_id, sku, price, stock_quantity, attributes) VALUES ('b876242e-9d5f-4beb-b4c1-996433a3645f', 'f0ba8139-fc13-437d-a6f7-fd58112692c2', 'LAPTOP-128-GS-B876', 4781, 22, '{"color": "Green", "size": "S"}');
INSERT INTO products (id, name, slug, description, category_id) VALUES ('abaa4b50-0c06-4120-8069-2f7e4d2a07ca', 'Pro Laptop 228', 'pro-laptop-228-abaa4b', 'Description for Pro Laptop 228. Optimized for search and performance test.', '33f9bf27-b204-4e1f-a0c7-d3bd5fc72c0c');
INSERT INTO product_variants (id, product_id, sku, price, stock_quantity, attributes) VALUES ('997b3473-8e6d-4d7e-80c4-9fa2eebde51b', 'abaa4b50-0c06-4120-8069-2f7e4d2a07ca', 'LAPTOP-228-WX-997B', 1194, 53, '{"color": "White", "size": "XXL"}');
INSERT INTO product_variants (id, product_id, sku, price, stock_quantity, attributes) VALUES ('b6fa0ab9-3706-4787-9d00-4425033c5948', 'abaa4b50-0c06-4120-8069-2f7e4d2a07ca', 'LAPTOP-228-BL-B6FA', 805, 89, '{"color": "Blue", "size": "L"}');
INSERT INTO product_variants (id, product_id, sku, price, stock_quantity, attributes) VALUES ('4077968f-6d61-4d54-add3-1521d259b7a1', 'abaa4b50-0c06-4120-8069-2f7e4d2a07ca', 'LAPTOP-228-R1-4077', 4500, 91, '{"color": "Red", "size": "128GB"}');
INSERT INTO products (id, name, slug, description, category_id) VALUES ('2bc27c88-994e-46d7-b562-f82be12d28a2', 'Premium Backpack 516', 'premium-backpack-516-2bc27c', 'Description for Premium Backpack 516. Optimized for search and performance test.', '33f9bf27-b204-4e1f-a0c7-d3bd5fc72c0c');
INSERT INTO product_variants (id, product_id, sku, price, stock_quantity, attributes) VALUES ('9fceecde-d399-4c4d-862c-0d27c843b362', '2bc27c88-994e-46d7-b562-f82be12d28a2', 'BACKPACK-516-B1-9FCE', 4471, 179, '{"color": "Black", "size": "16GB RAM"}');
INSERT INTO product_variants (id, product_id, sku, price, stock_quantity, attributes) VALUES ('9ead5b61-fe8a-4f0a-95ca-65fc5fe553a8', '2bc27c88-994e-46d7-b562-f82be12d28a2', 'BACKPACK-516-S1-9EAD', 2999, 170, '{"color": "Silver", "size": "128GB"}');
INSERT INTO product_variants (id, product_id, sku, price, stock_quantity, attributes) VALUES ('189e4e6a-c7b9-4f12-a395-8eaf65fb2163', '2bc27c88-994e-46d7-b562-f82be12d28a2', 'BACKPACK-516-GX-189E', 2573, 57, '{"color": "Gold", "size": "XXL"}');
INSERT INTO products (id, name, slug, description, category_id) VALUES ('c6427d11-b59c-46a3-8c82-cd24d6bdc79b', 'Elegant Shirt 816', 'elegant-shirt-816-c6427d', 'Description for Elegant Shirt 816. Optimized for search and performance test.', '33f9bf27-b204-4e1f-a0c7-d3bd5fc72c0c');
INSERT INTO product_variants (id, product_id, sku, price, stock_quantity, attributes) VALUES ('a4c9ff86-022a-4d13-af01-f0d97dca5e49', 'c6427d11-b59c-46a3-8c82-cd24d6bdc79b', 'SHIRT-816-SS-A4C9', 4929, 85, '{"color": "Silver", "size": "S"}');
INSERT INTO product_variants (id, product_id, sku, price, stock_quantity, attributes) VALUES ('42248d11-a781-4b08-9958-0fcd6e267bba', 'c6427d11-b59c-46a3-8c82-cd24d6bdc79b', 'SHIRT-816-SS-4224', 2982, 185, '{"color": "Silver", "size": "S"}');
INSERT INTO product_variants (id, product_id, sku, price, stock_quantity, attributes) VALUES ('854ec6b8-d462-41b8-92b6-bd077f441e31', 'c6427d11-b59c-46a3-8c82-cd24d6bdc79b', 'SHIRT-816-S8-854E', 4386, 69, '{"color": "Silver", "size": "8GB RAM"}');
INSERT INTO products (id, name, slug, description, category_id) VALUES ('57d9f21f-5b5d-4802-8d40-d5181bc7aefe', 'Smart Table 232', 'smart-table-232-57d9f2', 'Description for Smart Table 232. Optimized for search and performance test.', '33f9bf27-b204-4e1f-a0c7-d3bd5fc72c0c');
INSERT INTO product_variants (id, product_id, sku, price, stock_quantity, attributes) VALUES ('a11f6e39-d597-4e3e-925c-6107871f66d1', '57d9f21f-5b5d-4802-8d40-d5181bc7aefe', 'TABLE-232-R2-A11F', 3859, 193, '{"color": "Red", "size": "256GB"}');
INSERT INTO product_variants (id, product_id, sku, price, stock_quantity, attributes) VALUES ('bf7678eb-1152-40aa-8793-2b684a081a66', '57d9f21f-5b5d-4802-8d40-d5181bc7aefe', 'TABLE-232-W8-BF76', 4883, 183, '{"color": "White", "size": "8GB RAM"}');
INSERT INTO product_variants (id, product_id, sku, price, stock_quantity, attributes) VALUES ('d8dc1b25-6406-4626-8f19-fbd811345754', '57d9f21f-5b5d-4802-8d40-d5181bc7aefe', 'TABLE-232-WL-D8DC', 579, 131, '{"color": "White", "size": "L"}');
INSERT INTO products (id, name, slug, description, category_id) VALUES ('c8bd202e-50ca-48f2-8c98-9025b6e012d1', 'Pro Table 113', 'pro-table-113-c8bd20', 'Description for Pro Table 113. Optimized for search and performance test.', '33f9bf27-b204-4e1f-a0c7-d3bd5fc72c0c');
INSERT INTO product_variants (id, product_id, sku, price, stock_quantity, attributes) VALUES ('c913b330-f20d-40ee-b90f-135f2e67b979', 'c8bd202e-50ca-48f2-8c98-9025b6e012d1', 'TABLE-113-W1-C913', 486, 156, '{"color": "White", "size": "128GB"}');
INSERT INTO product_variants (id, product_id, sku, price, stock_quantity, attributes) VALUES ('c70afc03-bcde-40ca-8796-eedeeca19609', 'c8bd202e-50ca-48f2-8c98-9025b6e012d1', 'TABLE-113-B1-C70A', 2383, 109, '{"color": "Blue", "size": "16GB RAM"}');
INSERT INTO product_variants (id, product_id, sku, price, stock_quantity, attributes) VALUES ('862bd066-7ae3-4034-8dac-35f74109202b', 'c8bd202e-50ca-48f2-8c98-9025b6e012d1', 'TABLE-113-G1-862B', 3604, 37, '{"color": "Gold", "size": "16GB RAM"}');
INSERT INTO products (id, name, slug, description, category_id) VALUES ('061e01ec-4964-4b68-a6eb-2c118b886bb1', 'Premium Camera 724', 'premium-camera-724-061e01', 'Description for Premium Camera 724. Optimized for search and performance test.', '33f9bf27-b204-4e1f-a0c7-d3bd5fc72c0c');
INSERT INTO product_variants (id, product_id, sku, price, stock_quantity, attributes) VALUES ('1463fbe9-973b-4c8b-8343-7ca941184809', '061e01ec-4964-4b68-a6eb-2c118b886bb1', 'CAMERA-724-RX-1463', 4271, 132, '{"color": "Red", "size": "XL"}');
INSERT INTO product_variants (id, product_id, sku, price, stock_quantity, attributes) VALUES ('bf3f4d86-2aa4-409c-a667-93cb6c6631b1', '061e01ec-4964-4b68-a6eb-2c118b886bb1', 'CAMERA-724-GS-BF3F', 2996, 149, '{"color": "Gold", "size": "S"}');
INSERT INTO product_variants (id, product_id, sku, price, stock_quantity, attributes) VALUES ('7d547fa3-ffc5-4df9-b053-27684cf58d1e', '061e01ec-4964-4b68-a6eb-2c118b886bb1', 'CAMERA-724-BL-7D54', 1655, 131, '{"color": "Blue", "size": "L"}');
INSERT INTO products (id, name, slug, description, category_id) VALUES ('588e8d4a-64ea-47c0-b41f-a77348b0deb6', 'Elegant Backpack 344', 'elegant-backpack-344-588e8d', 'Description for Elegant Backpack 344. Optimized for search and performance test.', '1bc7082b-e84f-4bb2-b788-ded3299495b6');
INSERT INTO product_variants (id, product_id, sku, price, stock_quantity, attributes) VALUES ('3022b789-02f7-49bb-8c16-a420142704e6', '588e8d4a-64ea-47c0-b41f-a77348b0deb6', 'BACKPACK-344-B8-3022', 4443, 145, '{"color": "Blue", "size": "8GB RAM"}');
INSERT INTO product_variants (id, product_id, sku, price, stock_quantity, attributes) VALUES ('803613d5-ef24-434d-9a5d-0aa12ea64cf3', '588e8d4a-64ea-47c0-b41f-a77348b0deb6', 'BACKPACK-344-BL-8036', 802, 138, '{"color": "Black", "size": "L"}');
INSERT INTO product_variants (id, product_id, sku, price, stock_quantity, attributes) VALUES ('f260cc4b-f195-40f5-ab7e-f297c323867f', '588e8d4a-64ea-47c0-b41f-a77348b0deb6', 'BACKPACK-344-BM-F260', 3599, 13, '{"color": "Blue", "size": "M"}');
INSERT INTO products (id, name, slug, description, category_id) VALUES ('e34344b4-0232-4f5a-9b19-9e0961eb4424', 'Eco Shirt 374', 'eco-shirt-374-e34344', 'Description for Eco Shirt 374. Optimized for search and performance test.', '1bc7082b-e84f-4bb2-b788-ded3299495b6');
INSERT INTO product_variants (id, product_id, sku, price, stock_quantity, attributes) VALUES ('2ec1f7fe-55ef-4fdd-a4c8-7418488d8873', 'e34344b4-0232-4f5a-9b19-9e0961eb4424', 'SHIRT-374-R1-2EC1', 761, 172, '{"color": "Red", "size": "16GB RAM"}');
INSERT INTO product_variants (id, product_id, sku, price, stock_quantity, attributes) VALUES ('e466f24e-40df-4e17-ad75-f3a6fad7c088', 'e34344b4-0232-4f5a-9b19-9e0961eb4424', 'SHIRT-374-RM-E466', 2181, 29, '{"color": "Red", "size": "M"}');
INSERT INTO product_variants (id, product_id, sku, price, stock_quantity, attributes) VALUES ('e1751add-6ce9-45fc-8137-36132bc3002c', 'e34344b4-0232-4f5a-9b19-9e0961eb4424', 'SHIRT-374-W1-E175', 4930, 54, '{"color": "White", "size": "16GB RAM"}');
INSERT INTO products (id, name, slug, description, category_id) VALUES ('b408a643-66fa-4883-9147-7ee6e2588cbd', 'Ultra Dress 227', 'ultra-dress-227-b408a6', 'Description for Ultra Dress 227. Optimized for search and performance test.', '1bc7082b-e84f-4bb2-b788-ded3299495b6');
INSERT INTO product_variants (id, product_id, sku, price, stock_quantity, attributes) VALUES ('12861d9f-d8b2-4cbd-8c5d-a29a00edeac5', 'b408a643-66fa-4883-9147-7ee6e2588cbd', 'DRESS-227-GM-1286', 4758, 177, '{"color": "Green", "size": "M"}');
INSERT INTO product_variants (id, product_id, sku, price, stock_quantity, attributes) VALUES ('e21e4ce9-b481-4a43-a2a8-77b4a80352ef', 'b408a643-66fa-4883-9147-7ee6e2588cbd', 'DRESS-227-SX-E21E', 1742, 103, '{"color": "Silver", "size": "XL"}');
INSERT INTO product_variants (id, product_id, sku, price, stock_quantity, attributes) VALUES ('176e4439-5be8-4ed2-ba25-425dc55c0f6b', 'b408a643-66fa-4883-9147-7ee6e2588cbd', 'DRESS-227-R2-176E', 1359, 122, '{"color": "Red", "size": "256GB"}');
INSERT INTO products (id, name, slug, description, category_id) VALUES ('b23df214-11ee-4f2d-9293-bdedd249134c', 'Original Backpack 680', 'original-backpack-680-b23df2', 'Description for Original Backpack 680. Optimized for search and performance test.', '1bc7082b-e84f-4bb2-b788-ded3299495b6');
INSERT INTO product_variants (id, product_id, sku, price, stock_quantity, attributes) VALUES ('780915c8-1852-45b0-9ee5-ebe5204e8272', 'b23df214-11ee-4f2d-9293-bdedd249134c', 'BACKPACK-680-W6-7809', 3976, 123, '{"color": "White", "size": "64GB"}');
INSERT INTO product_variants (id, product_id, sku, price, stock_quantity, attributes) VALUES ('4311b949-aacf-4312-856e-997539e46268', 'b23df214-11ee-4f2d-9293-bdedd249134c', 'BACKPACK-680-RL-4311', 1347, 132, '{"color": "Red", "size": "L"}');
INSERT INTO product_variants (id, product_id, sku, price, stock_quantity, attributes) VALUES ('de2d89a0-aa52-4b69-8b67-fa246156aa78', 'b23df214-11ee-4f2d-9293-bdedd249134c', 'BACKPACK-680-WX-DE2D', 1201, 141, '{"color": "White", "size": "XL"}');
INSERT INTO products (id, name, slug, description, category_id) VALUES ('9daf4509-a104-4fdd-9a7e-e6391d4a0848', 'Premium Phone 517', 'premium-phone-517-9daf45', 'Description for Premium Phone 517. Optimized for search and performance test.', '1bc7082b-e84f-4bb2-b788-ded3299495b6');
INSERT INTO product_variants (id, product_id, sku, price, stock_quantity, attributes) VALUES ('29d17e6f-3fd0-4427-ae05-4b2f62dd48f3', '9daf4509-a104-4fdd-9a7e-e6391d4a0848', 'PHONE-517-WS-29D1', 3741, 11, '{"color": "White", "size": "S"}');
INSERT INTO product_variants (id, product_id, sku, price, stock_quantity, attributes) VALUES ('17c2c3a0-e93e-4d89-ba56-3c805f607391', '9daf4509-a104-4fdd-9a7e-e6391d4a0848', 'PHONE-517-GX-17C2', 701, 198, '{"color": "Green", "size": "XXL"}');
INSERT INTO product_variants (id, product_id, sku, price, stock_quantity, attributes) VALUES ('70ecaaa8-e013-45fe-8d6f-eeb86f3eff11', '9daf4509-a104-4fdd-9a7e-e6391d4a0848', 'PHONE-517-B2-70EC', 4468, 133, '{"color": "Blue", "size": "256GB"}');
INSERT INTO products (id, name, slug, description, category_id) VALUES ('f6d968a4-6e11-44ad-8c53-9096027d3c87', 'Ultra Headphones 628', 'ultra-headphones-628-f6d968', 'Description for Ultra Headphones 628. Optimized for search and performance test.', '1bc7082b-e84f-4bb2-b788-ded3299495b6');
INSERT INTO product_variants (id, product_id, sku, price, stock_quantity, attributes) VALUES ('da4473a5-0bfd-476c-a446-7d61e3d1976a', 'f6d968a4-6e11-44ad-8c53-9096027d3c87', 'HEADPHONES-628-BX-DA44', 3878, 14, '{"color": "Blue", "size": "XL"}');
INSERT INTO product_variants (id, product_id, sku, price, stock_quantity, attributes) VALUES ('45281e20-10c2-4e0e-ade7-d9701a604e4a', 'f6d968a4-6e11-44ad-8c53-9096027d3c87', 'HEADPHONES-628-GX-4528', 2869, 70, '{"color": "Gold", "size": "XXL"}');
INSERT INTO product_variants (id, product_id, sku, price, stock_quantity, attributes) VALUES ('cdd65312-8c02-4e5b-a33a-dc4c2549017b', 'f6d968a4-6e11-44ad-8c53-9096027d3c87', 'HEADPHONES-628-G1-CDD6', 709, 20, '{"color": "Green", "size": "16GB RAM"}');
INSERT INTO products (id, name, slug, description, category_id) VALUES ('c8b83907-7fe3-40cf-bb6c-e5a28395155b', 'Elegant Backpack 911', 'elegant-backpack-911-c8b839', 'Description for Elegant Backpack 911. Optimized for search and performance test.', '1bc7082b-e84f-4bb2-b788-ded3299495b6');
INSERT INTO product_variants (id, product_id, sku, price, stock_quantity, attributes) VALUES ('33519d52-7474-4381-add2-39d8582abda3', 'c8b83907-7fe3-40cf-bb6c-e5a28395155b', 'BACKPACK-911-SX-3351', 1980, 81, '{"color": "Silver", "size": "XL"}');
INSERT INTO product_variants (id, product_id, sku, price, stock_quantity, attributes) VALUES ('6c165117-1d53-48c1-b0d5-534ff5b29f0f', 'c8b83907-7fe3-40cf-bb6c-e5a28395155b', 'BACKPACK-911-WS-6C16', 2135, 120, '{"color": "White", "size": "S"}');
INSERT INTO product_variants (id, product_id, sku, price, stock_quantity, attributes) VALUES ('455aab3e-ba9e-43ca-b787-404facdd243b', 'c8b83907-7fe3-40cf-bb6c-e5a28395155b', 'BACKPACK-911-SM-455A', 3456, 53, '{"color": "Silver", "size": "M"}');
INSERT INTO products (id, name, slug, description, category_id) VALUES ('07ce0297-f1e3-4eed-99a0-c7a111ff8bba', 'Ultra Table 697', 'ultra-table-697-07ce02', 'Description for Ultra Table 697. Optimized for search and performance test.', '1bc7082b-e84f-4bb2-b788-ded3299495b6');
INSERT INTO product_variants (id, product_id, sku, price, stock_quantity, attributes) VALUES ('3e259199-87e8-44c1-8bd8-36fbd0e8c1ed', '07ce0297-f1e3-4eed-99a0-c7a111ff8bba', 'TABLE-697-WX-3E25', 2972, 139, '{"color": "White", "size": "XXL"}');
INSERT INTO product_variants (id, product_id, sku, price, stock_quantity, attributes) VALUES ('0948912f-b7ff-42b7-9494-0a231dd5a853', '07ce0297-f1e3-4eed-99a0-c7a111ff8bba', 'TABLE-697-GX-0948', 744, 78, '{"color": "Gold", "size": "XXL"}');
INSERT INTO product_variants (id, product_id, sku, price, stock_quantity, attributes) VALUES ('9ed2ec7e-5705-49e9-bee2-c5c849a90bec', '07ce0297-f1e3-4eed-99a0-c7a111ff8bba', 'TABLE-697-B8-9ED2', 1529, 42, '{"color": "Blue", "size": "8GB RAM"}');
INSERT INTO products (id, name, slug, description, category_id) VALUES ('240b2351-f003-42fd-8265-066d95284681', 'Eco Backpack 636', 'eco-backpack-636-240b23', 'Description for Eco Backpack 636. Optimized for search and performance test.', '1bc7082b-e84f-4bb2-b788-ded3299495b6');
INSERT INTO product_variants (id, product_id, sku, price, stock_quantity, attributes) VALUES ('b29c4b66-438d-4e08-9425-620651c16475', '240b2351-f003-42fd-8265-066d95284681', 'BACKPACK-636-R6-B29C', 1572, 82, '{"color": "Red", "size": "64GB"}');
INSERT INTO product_variants (id, product_id, sku, price, stock_quantity, attributes) VALUES ('23b84734-b7b9-4c34-8c35-61239a536135', '240b2351-f003-42fd-8265-066d95284681', 'BACKPACK-636-W2-23B8', 2336, 89, '{"color": "White", "size": "256GB"}');
INSERT INTO product_variants (id, product_id, sku, price, stock_quantity, attributes) VALUES ('dcf11acb-5573-454a-bd28-40a324269692', '240b2351-f003-42fd-8265-066d95284681', 'BACKPACK-636-G2-DCF1', 4699, 114, '{"color": "Gold", "size": "256GB"}');
INSERT INTO products (id, name, slug, description, category_id) VALUES ('9a2b9f59-94df-47e5-a6b4-46f83b22de29', 'Eco Dress 234', 'eco-dress-234-9a2b9f', 'Description for Eco Dress 234. Optimized for search and performance test.', '1bc7082b-e84f-4bb2-b788-ded3299495b6');
INSERT INTO product_variants (id, product_id, sku, price, stock_quantity, attributes) VALUES ('2c10fab0-7b76-4ef6-ac40-9aa887f48b88', '9a2b9f59-94df-47e5-a6b4-46f83b22de29', 'DRESS-234-GL-2C10', 1503, 143, '{"color": "Gold", "size": "L"}');
INSERT INTO product_variants (id, product_id, sku, price, stock_quantity, attributes) VALUES ('252aaf05-e3de-424a-aa91-7e286373dfc2', '9a2b9f59-94df-47e5-a6b4-46f83b22de29', 'DRESS-234-W2-252A', 622, 152, '{"color": "White", "size": "256GB"}');
INSERT INTO product_variants (id, product_id, sku, price, stock_quantity, attributes) VALUES ('cc9a8b56-45cf-493a-b8cc-7c906cf83988', '9a2b9f59-94df-47e5-a6b4-46f83b22de29', 'DRESS-234-W8-CC9A', 793, 58, '{"color": "White", "size": "8GB RAM"}');
INSERT INTO products (id, name, slug, description, category_id) VALUES ('d8942091-0042-45e4-b212-0ad3eb9f89c3', 'Lite Table 206', 'lite-table-206-d89420', 'Description for Lite Table 206. Optimized for search and performance test.', '1bc7082b-e84f-4bb2-b788-ded3299495b6');
INSERT INTO product_variants (id, product_id, sku, price, stock_quantity, attributes) VALUES ('66e45a3c-45d6-44da-bb72-825d85b3d826', 'd8942091-0042-45e4-b212-0ad3eb9f89c3', 'TABLE-206-G8-66E4', 3649, 90, '{"color": "Green", "size": "8GB RAM"}');
INSERT INTO product_variants (id, product_id, sku, price, stock_quantity, attributes) VALUES ('e74414e1-0453-49d5-9bd7-d569b87e1fb8', 'd8942091-0042-45e4-b212-0ad3eb9f89c3', 'TABLE-206-WM-E744', 119, 24, '{"color": "White", "size": "M"}');
INSERT INTO product_variants (id, product_id, sku, price, stock_quantity, attributes) VALUES ('fd70f319-0f70-43c4-8500-5ada23277f2b', 'd8942091-0042-45e4-b212-0ad3eb9f89c3', 'TABLE-206-B1-FD70', 3065, 62, '{"color": "Black", "size": "128GB"}');
INSERT INTO products (id, name, slug, description, category_id) VALUES ('860485e2-f759-4d96-878f-8757f3cf8e72', 'Eco Camera 829', 'eco-camera-829-860485', 'Description for Eco Camera 829. Optimized for search and performance test.', '1bc7082b-e84f-4bb2-b788-ded3299495b6');
INSERT INTO product_variants (id, product_id, sku, price, stock_quantity, attributes) VALUES ('ccc7372a-3f11-477a-b781-99327cdd8101', '860485e2-f759-4d96-878f-8757f3cf8e72', 'CAMERA-829-GS-CCC7', 2142, 174, '{"color": "Gold", "size": "S"}');
INSERT INTO product_variants (id, product_id, sku, price, stock_quantity, attributes) VALUES ('589df4b1-85a5-42e5-bd50-beadeb90f8ae', '860485e2-f759-4d96-878f-8757f3cf8e72', 'CAMERA-829-B2-589D', 2183, 15, '{"color": "Black", "size": "256GB"}');
INSERT INTO product_variants (id, product_id, sku, price, stock_quantity, attributes) VALUES ('b7fce732-02ee-4704-8f49-d73e345fedf3', '860485e2-f759-4d96-878f-8757f3cf8e72', 'CAMERA-829-BL-B7FC', 2238, 80, '{"color": "Black", "size": "L"}');
INSERT INTO products (id, name, slug, description, category_id) VALUES ('6051b112-03f7-42ff-991c-054338482978', 'Original Headphones 688', 'original-headphones-688-6051b1', 'Description for Original Headphones 688. Optimized for search and performance test.', '1bc7082b-e84f-4bb2-b788-ded3299495b6');
INSERT INTO product_variants (id, product_id, sku, price, stock_quantity, attributes) VALUES ('73acbfce-eb93-4536-8af6-7c262b22eefb', '6051b112-03f7-42ff-991c-054338482978', 'HEADPHONES-688-R2-73AC', 3357, 77, '{"color": "Red", "size": "256GB"}');
INSERT INTO product_variants (id, product_id, sku, price, stock_quantity, attributes) VALUES ('2243b579-615d-4cb1-ae28-ba6fbe369a25', '6051b112-03f7-42ff-991c-054338482978', 'HEADPHONES-688-SM-2243', 3096, 103, '{"color": "Silver", "size": "M"}');
INSERT INTO product_variants (id, product_id, sku, price, stock_quantity, attributes) VALUES ('40bbbfca-e989-42ab-a249-8133cb597878', '6051b112-03f7-42ff-991c-054338482978', 'HEADPHONES-688-GS-40BB', 4734, 34, '{"color": "Green", "size": "S"}');
INSERT INTO products (id, name, slug, description, category_id) VALUES ('b4fb7eba-51c2-4cd7-8f76-0c94910ef482', 'Eco Phone 105', 'eco-phone-105-b4fb7e', 'Description for Eco Phone 105. Optimized for search and performance test.', '1bc7082b-e84f-4bb2-b788-ded3299495b6');
INSERT INTO product_variants (id, product_id, sku, price, stock_quantity, attributes) VALUES ('729fb919-b19f-4ac9-90b4-8efdde6015ee', 'b4fb7eba-51c2-4cd7-8f76-0c94910ef482', 'PHONE-105-B1-729F', 3038, 180, '{"color": "Blue", "size": "128GB"}');
INSERT INTO product_variants (id, product_id, sku, price, stock_quantity, attributes) VALUES ('2ead0488-b807-483a-93a1-3a88657bb818', 'b4fb7eba-51c2-4cd7-8f76-0c94910ef482', 'PHONE-105-GS-2EAD', 1278, 85, '{"color": "Green", "size": "S"}');
INSERT INTO product_variants (id, product_id, sku, price, stock_quantity, attributes) VALUES ('386370b6-3ac4-44e6-9334-293b101bd666', 'b4fb7eba-51c2-4cd7-8f76-0c94910ef482', 'PHONE-105-BS-3863', 210, 83, '{"color": "Black", "size": "S"}');
INSERT INTO products (id, name, slug, description, category_id) VALUES ('fc406e4e-f255-4974-affc-289afd01b9ea', 'Pro Headphones 427', 'pro-headphones-427-fc406e', 'Description for Pro Headphones 427. Optimized for search and performance test.', '1bc7082b-e84f-4bb2-b788-ded3299495b6');
INSERT INTO product_variants (id, product_id, sku, price, stock_quantity, attributes) VALUES ('b16eec15-9511-408f-9e07-48791d725e4f', 'fc406e4e-f255-4974-affc-289afd01b9ea', 'HEADPHONES-427-BS-B16E', 2812, 39, '{"color": "Black", "size": "S"}');
INSERT INTO product_variants (id, product_id, sku, price, stock_quantity, attributes) VALUES ('75a1986c-11c3-4094-9905-f3c8180e3241', 'fc406e4e-f255-4974-affc-289afd01b9ea', 'HEADPHONES-427-B1-75A1', 3468, 189, '{"color": "Blue", "size": "16GB RAM"}');
INSERT INTO product_variants (id, product_id, sku, price, stock_quantity, attributes) VALUES ('d113828d-11d8-46a8-ac84-82275a0d6582', 'fc406e4e-f255-4974-affc-289afd01b9ea', 'HEADPHONES-427-R1-D113', 2526, 184, '{"color": "Red", "size": "128GB"}');
INSERT INTO products (id, name, slug, description, category_id) VALUES ('9e7dcf39-0c1f-4fac-8cb8-5a56f3a48e8b', 'Lite Bed 473', 'lite-bed-473-9e7dcf', 'Description for Lite Bed 473. Optimized for search and performance test.', '1bc7082b-e84f-4bb2-b788-ded3299495b6');
INSERT INTO product_variants (id, product_id, sku, price, stock_quantity, attributes) VALUES ('79776d96-149a-47d4-ab50-0c062c44b2b8', '9e7dcf39-0c1f-4fac-8cb8-5a56f3a48e8b', 'BED-473-RX-7977', 3624, 45, '{"color": "Red", "size": "XXL"}');
INSERT INTO product_variants (id, product_id, sku, price, stock_quantity, attributes) VALUES ('394763ac-48f9-4575-b1e1-9bcf748223fb', '9e7dcf39-0c1f-4fac-8cb8-5a56f3a48e8b', 'BED-473-G6-3947', 721, 109, '{"color": "Green", "size": "64GB"}');
INSERT INTO product_variants (id, product_id, sku, price, stock_quantity, attributes) VALUES ('4af08b88-92ca-465a-ad67-f35533ecac3d', '9e7dcf39-0c1f-4fac-8cb8-5a56f3a48e8b', 'BED-473-GS-4AF0', 2766, 16, '{"color": "Gold", "size": "S"}');
INSERT INTO products (id, name, slug, description, category_id) VALUES ('6a2ff25f-ebad-4c17-a3fe-1f859cd25525', 'Eco Table 710', 'eco-table-710-6a2ff2', 'Description for Eco Table 710. Optimized for search and performance test.', '1bc7082b-e84f-4bb2-b788-ded3299495b6');
INSERT INTO product_variants (id, product_id, sku, price, stock_quantity, attributes) VALUES ('87468687-fd01-43ea-8b5d-8b0ad01a3e9d', '6a2ff25f-ebad-4c17-a3fe-1f859cd25525', 'TABLE-710-B8-8746', 1271, 143, '{"color": "Black", "size": "8GB RAM"}');
INSERT INTO product_variants (id, product_id, sku, price, stock_quantity, attributes) VALUES ('e63c6755-f550-4a8f-8f6b-1102bc09bf49', '6a2ff25f-ebad-4c17-a3fe-1f859cd25525', 'TABLE-710-R2-E63C', 412, 104, '{"color": "Red", "size": "256GB"}');
INSERT INTO product_variants (id, product_id, sku, price, stock_quantity, attributes) VALUES ('8d8db4e0-e581-4eb2-a6b1-fe2f8e263696', '6a2ff25f-ebad-4c17-a3fe-1f859cd25525', 'TABLE-710-W6-8D8D', 4752, 112, '{"color": "White", "size": "64GB"}');
INSERT INTO products (id, name, slug, description, category_id) VALUES ('ab3f1945-0a0c-4bf3-ba54-1cb7bc7505e6', 'Elegant Bed 737', 'elegant-bed-737-ab3f19', 'Description for Elegant Bed 737. Optimized for search and performance test.', '1bc7082b-e84f-4bb2-b788-ded3299495b6');
INSERT INTO product_variants (id, product_id, sku, price, stock_quantity, attributes) VALUES ('f6c5e86b-f083-4d31-9fad-8b16a0f6a25b', 'ab3f1945-0a0c-4bf3-ba54-1cb7bc7505e6', 'BED-737-BM-F6C5', 1123, 170, '{"color": "Blue", "size": "M"}');
INSERT INTO product_variants (id, product_id, sku, price, stock_quantity, attributes) VALUES ('415e1f0b-0ce1-4bcb-8d0a-5c5ac63ea4b3', 'ab3f1945-0a0c-4bf3-ba54-1cb7bc7505e6', 'BED-737-GX-415E', 3245, 88, '{"color": "Gold", "size": "XL"}');
INSERT INTO product_variants (id, product_id, sku, price, stock_quantity, attributes) VALUES ('121ce2a2-8dd1-4ec4-b111-db4854231f80', 'ab3f1945-0a0c-4bf3-ba54-1cb7bc7505e6', 'BED-737-GX-121C', 3107, 33, '{"color": "Gold", "size": "XL"}');
INSERT INTO products (id, name, slug, description, category_id) VALUES ('4f5d44c2-11ce-4956-822e-ee8e3ec4537a', 'Pro Laptop 769', 'pro-laptop-769-4f5d44', 'Description for Pro Laptop 769. Optimized for search and performance test.', '1bc7082b-e84f-4bb2-b788-ded3299495b6');
INSERT INTO product_variants (id, product_id, sku, price, stock_quantity, attributes) VALUES ('f36528e0-5495-4758-84a4-d58e3d7cf039', '4f5d44c2-11ce-4956-822e-ee8e3ec4537a', 'LAPTOP-769-G1-F365', 2886, 51, '{"color": "Green", "size": "128GB"}');
INSERT INTO product_variants (id, product_id, sku, price, stock_quantity, attributes) VALUES ('e2790271-2fe7-4644-bff9-5770b3decc1c', '4f5d44c2-11ce-4956-822e-ee8e3ec4537a', 'LAPTOP-769-B1-E279', 3522, 143, '{"color": "Blue", "size": "16GB RAM"}');
INSERT INTO product_variants (id, product_id, sku, price, stock_quantity, attributes) VALUES ('ffa7e99b-c1e0-4e2e-a961-717387570608', '4f5d44c2-11ce-4956-822e-ee8e3ec4537a', 'LAPTOP-769-WX-FFA7', 4854, 83, '{"color": "White", "size": "XL"}');
INSERT INTO products (id, name, slug, description, category_id) VALUES ('23bea994-0ffa-4e91-b875-db3f11ef7121', 'Smart Dress 929', 'smart-dress-929-23bea9', 'Description for Smart Dress 929. Optimized for search and performance test.', '1bc7082b-e84f-4bb2-b788-ded3299495b6');
INSERT INTO product_variants (id, product_id, sku, price, stock_quantity, attributes) VALUES ('00a38a25-0f60-4bbb-a273-e264c99d6568', '23bea994-0ffa-4e91-b875-db3f11ef7121', 'DRESS-929-B1-00A3', 4973, 54, '{"color": "Blue", "size": "128GB"}');
INSERT INTO product_variants (id, product_id, sku, price, stock_quantity, attributes) VALUES ('5e729760-8744-4ef3-9f1a-17c05b9bc039', '23bea994-0ffa-4e91-b875-db3f11ef7121', 'DRESS-929-R1-5E72', 1624, 132, '{"color": "Red", "size": "128GB"}');
INSERT INTO product_variants (id, product_id, sku, price, stock_quantity, attributes) VALUES ('b0797e1a-0fc0-4a56-8b61-d53cc7c64143', '23bea994-0ffa-4e91-b875-db3f11ef7121', 'DRESS-929-S2-B079', 4791, 168, '{"color": "Silver", "size": "256GB"}');
INSERT INTO products (id, name, slug, description, category_id) VALUES ('a81ec423-6f93-4fad-91e4-f67bde1ae4df', 'Pro Shirt 714', 'pro-shirt-714-a81ec4', 'Description for Pro Shirt 714. Optimized for search and performance test.', '1bc7082b-e84f-4bb2-b788-ded3299495b6');
INSERT INTO product_variants (id, product_id, sku, price, stock_quantity, attributes) VALUES ('5f43ec75-3951-4e60-9bea-2bd878a76b6c', 'a81ec423-6f93-4fad-91e4-f67bde1ae4df', 'SHIRT-714-GS-5F43', 2917, 56, '{"color": "Green", "size": "S"}');
INSERT INTO product_variants (id, product_id, sku, price, stock_quantity, attributes) VALUES ('66f3839a-54c1-4e11-b8e5-07c605275a67', 'a81ec423-6f93-4fad-91e4-f67bde1ae4df', 'SHIRT-714-GX-66F3', 4999, 12, '{"color": "Gold", "size": "XL"}');
INSERT INTO product_variants (id, product_id, sku, price, stock_quantity, attributes) VALUES ('01259a1a-17a2-48dc-9370-0dccefe8b66b', 'a81ec423-6f93-4fad-91e4-f67bde1ae4df', 'SHIRT-714-SL-0125', 2553, 41, '{"color": "Silver", "size": "L"}');
INSERT INTO products (id, name, slug, description, category_id) VALUES ('63e96add-20ea-46b8-9ff8-e1d1540b0ad7', 'Ultra Phone 535', 'ultra-phone-535-63e96a', 'Description for Ultra Phone 535. Optimized for search and performance test.', '1bc7082b-e84f-4bb2-b788-ded3299495b6');
INSERT INTO product_variants (id, product_id, sku, price, stock_quantity, attributes) VALUES ('4d8146f2-b37b-4f26-9471-4c190c4acd64', '63e96add-20ea-46b8-9ff8-e1d1540b0ad7', 'PHONE-535-R2-4D81', 4384, 52, '{"color": "Red", "size": "256GB"}');
INSERT INTO product_variants (id, product_id, sku, price, stock_quantity, attributes) VALUES ('d88dba72-c8c1-4ea4-a204-551deab9b205', '63e96add-20ea-46b8-9ff8-e1d1540b0ad7', 'PHONE-535-SX-D88D', 2455, 12, '{"color": "Silver", "size": "XXL"}');
INSERT INTO product_variants (id, product_id, sku, price, stock_quantity, attributes) VALUES ('18f2c70f-1238-4741-be3e-d971119aaa3c', '63e96add-20ea-46b8-9ff8-e1d1540b0ad7', 'PHONE-535-SL-18F2', 4386, 178, '{"color": "Silver", "size": "L"}');
INSERT INTO products (id, name, slug, description, category_id) VALUES ('b5b480a4-e16a-464f-8aad-d4fa6275731b', 'Elegant Camera 375', 'elegant-camera-375-b5b480', 'Description for Elegant Camera 375. Optimized for search and performance test.', '1bc7082b-e84f-4bb2-b788-ded3299495b6');
INSERT INTO product_variants (id, product_id, sku, price, stock_quantity, attributes) VALUES ('3fabd789-4fb4-4684-b4ba-ffc3ff2a4ec9', 'b5b480a4-e16a-464f-8aad-d4fa6275731b', 'CAMERA-375-WX-3FAB', 733, 37, '{"color": "White", "size": "XXL"}');
INSERT INTO product_variants (id, product_id, sku, price, stock_quantity, attributes) VALUES ('f176e76b-c223-42c4-8a20-a2dabdbc588f', 'b5b480a4-e16a-464f-8aad-d4fa6275731b', 'CAMERA-375-WX-F176', 378, 13, '{"color": "White", "size": "XL"}');
INSERT INTO product_variants (id, product_id, sku, price, stock_quantity, attributes) VALUES ('4038e09a-46aa-46d8-8248-30e22944b95f', 'b5b480a4-e16a-464f-8aad-d4fa6275731b', 'CAMERA-375-SM-4038', 2588, 19, '{"color": "Silver", "size": "M"}');
INSERT INTO products (id, name, slug, description, category_id) VALUES ('50dc3cbb-e695-472a-992f-6dfb637ea618', 'Ultra Backpack 673', 'ultra-backpack-673-50dc3c', 'Description for Ultra Backpack 673. Optimized for search and performance test.', '1bc7082b-e84f-4bb2-b788-ded3299495b6');
INSERT INTO product_variants (id, product_id, sku, price, stock_quantity, attributes) VALUES ('2b022328-ef78-4cbb-9ffb-c14fa7a567bc', '50dc3cbb-e695-472a-992f-6dfb637ea618', 'BACKPACK-673-GM-2B02', 775, 80, '{"color": "Green", "size": "M"}');
INSERT INTO product_variants (id, product_id, sku, price, stock_quantity, attributes) VALUES ('0368877e-65e3-44c3-9b6e-9ea5171f6570', '50dc3cbb-e695-472a-992f-6dfb637ea618', 'BACKPACK-673-G6-0368', 2140, 41, '{"color": "Gold", "size": "64GB"}');
INSERT INTO product_variants (id, product_id, sku, price, stock_quantity, attributes) VALUES ('a2a836f3-2b11-4afa-b511-88fe08fb6cb6', '50dc3cbb-e695-472a-992f-6dfb637ea618', 'BACKPACK-673-S8-A2A8', 4264, 46, '{"color": "Silver", "size": "8GB RAM"}');
INSERT INTO products (id, name, slug, description, category_id) VALUES ('41a92ce9-724a-40b1-beb5-5c437d7280c3', 'Lite Speaker 860', 'lite-speaker-860-41a92c', 'Description for Lite Speaker 860. Optimized for search and performance test.', '1bc7082b-e84f-4bb2-b788-ded3299495b6');
INSERT INTO product_variants (id, product_id, sku, price, stock_quantity, attributes) VALUES ('401f5d31-23ea-4312-bb8e-84225e51124e', '41a92ce9-724a-40b1-beb5-5c437d7280c3', 'SPEAKER-860-W2-401F', 3899, 111, '{"color": "White", "size": "256GB"}');
INSERT INTO product_variants (id, product_id, sku, price, stock_quantity, attributes) VALUES ('35befd0a-4fd2-4c93-b2c6-84d261e9931e', '41a92ce9-724a-40b1-beb5-5c437d7280c3', 'SPEAKER-860-GM-35BE', 4500, 93, '{"color": "Green", "size": "M"}');
INSERT INTO product_variants (id, product_id, sku, price, stock_quantity, attributes) VALUES ('02337686-7b07-4396-8d4f-ea41d0a4c45c', '41a92ce9-724a-40b1-beb5-5c437d7280c3', 'SPEAKER-860-R8-0233', 573, 109, '{"color": "Red", "size": "8GB RAM"}');
INSERT INTO products (id, name, slug, description, category_id) VALUES ('85393de6-e179-4a93-9ea5-a6c4c3e681e6', 'Eco Dress 356', 'eco-dress-356-85393d', 'Description for Eco Dress 356. Optimized for search and performance test.', '1bc7082b-e84f-4bb2-b788-ded3299495b6');
INSERT INTO product_variants (id, product_id, sku, price, stock_quantity, attributes) VALUES ('b9ebfd15-e572-4e28-90b1-0e4821247865', '85393de6-e179-4a93-9ea5-a6c4c3e681e6', 'DRESS-356-W6-B9EB', 4575, 125, '{"color": "White", "size": "64GB"}');
INSERT INTO product_variants (id, product_id, sku, price, stock_quantity, attributes) VALUES ('cce8267d-bf4a-4b1b-afb4-abb8c9f71234', '85393de6-e179-4a93-9ea5-a6c4c3e681e6', 'DRESS-356-R2-CCE8', 2257, 188, '{"color": "Red", "size": "256GB"}');
INSERT INTO product_variants (id, product_id, sku, price, stock_quantity, attributes) VALUES ('278f3602-eb80-4bd8-bbc6-679ae62a9def', '85393de6-e179-4a93-9ea5-a6c4c3e681e6', 'DRESS-356-G2-278F', 1218, 124, '{"color": "Gold", "size": "256GB"}');
INSERT INTO products (id, name, slug, description, category_id) VALUES ('e16bd54a-604f-4e3a-8352-8456ee1faa23', 'Elegant Camera 297', 'elegant-camera-297-e16bd5', 'Description for Elegant Camera 297. Optimized for search and performance test.', '1bc7082b-e84f-4bb2-b788-ded3299495b6');
INSERT INTO product_variants (id, product_id, sku, price, stock_quantity, attributes) VALUES ('e9ae4115-3b70-40e6-a1c3-16d594d5ab6e', 'e16bd54a-604f-4e3a-8352-8456ee1faa23', 'CAMERA-297-BX-E9AE', 415, 15, '{"color": "Blue", "size": "XXL"}');
INSERT INTO product_variants (id, product_id, sku, price, stock_quantity, attributes) VALUES ('b45336e3-e909-4144-9a7b-187f98dafafb', 'e16bd54a-604f-4e3a-8352-8456ee1faa23', 'CAMERA-297-G1-B453', 4376, 11, '{"color": "Gold", "size": "16GB RAM"}');
INSERT INTO product_variants (id, product_id, sku, price, stock_quantity, attributes) VALUES ('8b4a58a8-5905-4664-9210-8d1d026a676e', 'e16bd54a-604f-4e3a-8352-8456ee1faa23', 'CAMERA-297-G8-8B4A', 4296, 193, '{"color": "Green", "size": "8GB RAM"}');
INSERT INTO products (id, name, slug, description, category_id) VALUES ('339cb826-9271-46c9-95fc-a38ded1185a1', 'Eco Backpack 427', 'eco-backpack-427-339cb8', 'Description for Eco Backpack 427. Optimized for search and performance test.', '1bc7082b-e84f-4bb2-b788-ded3299495b6');
INSERT INTO product_variants (id, product_id, sku, price, stock_quantity, attributes) VALUES ('86d1b1ed-681e-45d9-a72d-ff78ee888110', '339cb826-9271-46c9-95fc-a38ded1185a1', 'BACKPACK-427-G2-86D1', 3845, 190, '{"color": "Green", "size": "256GB"}');
INSERT INTO product_variants (id, product_id, sku, price, stock_quantity, attributes) VALUES ('62047b9d-2ba4-41f2-ae55-48d0ecb66193', '339cb826-9271-46c9-95fc-a38ded1185a1', 'BACKPACK-427-G8-6204', 540, 35, '{"color": "Gold", "size": "8GB RAM"}');
INSERT INTO product_variants (id, product_id, sku, price, stock_quantity, attributes) VALUES ('1edf01d5-b6aa-47a8-b670-7f9e122d2020', '339cb826-9271-46c9-95fc-a38ded1185a1', 'BACKPACK-427-W6-1EDF', 3325, 188, '{"color": "White", "size": "64GB"}');
INSERT INTO products (id, name, slug, description, category_id) VALUES ('4fc84c26-a4ed-456d-8ca6-57d96f93d5b0', 'Elegant Shirt 965', 'elegant-shirt-965-4fc84c', 'Description for Elegant Shirt 965. Optimized for search and performance test.', '1bc7082b-e84f-4bb2-b788-ded3299495b6');
INSERT INTO product_variants (id, product_id, sku, price, stock_quantity, attributes) VALUES ('aa75135d-33cf-4136-a25f-2c2f7fc6ff4a', '4fc84c26-a4ed-456d-8ca6-57d96f93d5b0', 'SHIRT-965-G8-AA75', 2851, 162, '{"color": "Gold", "size": "8GB RAM"}');
INSERT INTO product_variants (id, product_id, sku, price, stock_quantity, attributes) VALUES ('32f496e2-5fd3-439d-885d-ec347400687e', '4fc84c26-a4ed-456d-8ca6-57d96f93d5b0', 'SHIRT-965-RS-32F4', 458, 31, '{"color": "Red", "size": "S"}');
INSERT INTO product_variants (id, product_id, sku, price, stock_quantity, attributes) VALUES ('550146bd-057c-47e3-9f8e-64e854126076', '4fc84c26-a4ed-456d-8ca6-57d96f93d5b0', 'SHIRT-965-R2-5501', 4147, 188, '{"color": "Red", "size": "256GB"}');
INSERT INTO products (id, name, slug, description, category_id) VALUES ('292a873d-f73b-4aeb-8a04-3b0d32e1189a', 'Lite Phone 427', 'lite-phone-427-292a87', 'Description for Lite Phone 427. Optimized for search and performance test.', '1bc7082b-e84f-4bb2-b788-ded3299495b6');
INSERT INTO product_variants (id, product_id, sku, price, stock_quantity, attributes) VALUES ('31488741-9ecb-4728-9870-a9588afa4c29', '292a873d-f73b-4aeb-8a04-3b0d32e1189a', 'PHONE-427-B6-3148', 3977, 47, '{"color": "Black", "size": "64GB"}');
INSERT INTO product_variants (id, product_id, sku, price, stock_quantity, attributes) VALUES ('1333ae9a-1ff5-453f-8fad-8d2ec8f0e0b9', '292a873d-f73b-4aeb-8a04-3b0d32e1189a', 'PHONE-427-SS-1333', 334, 120, '{"color": "Silver", "size": "S"}');
INSERT INTO product_variants (id, product_id, sku, price, stock_quantity, attributes) VALUES ('8007a139-ac27-495c-9f7f-0cc7046b1f94', '292a873d-f73b-4aeb-8a04-3b0d32e1189a', 'PHONE-427-SM-8007', 1800, 124, '{"color": "Silver", "size": "M"}');
INSERT INTO products (id, name, slug, description, category_id) VALUES ('f1ffe20d-26ed-46b3-8f2b-bb4cc426603c', 'Elegant Headphones 943', 'elegant-headphones-943-f1ffe2', 'Description for Elegant Headphones 943. Optimized for search and performance test.', '1bc7082b-e84f-4bb2-b788-ded3299495b6');
INSERT INTO product_variants (id, product_id, sku, price, stock_quantity, attributes) VALUES ('69d2e9d9-c003-4546-9a22-1e301cadae5f', 'f1ffe20d-26ed-46b3-8f2b-bb4cc426603c', 'HEADPHONES-943-G6-69D2', 2538, 22, '{"color": "Gold", "size": "64GB"}');
INSERT INTO product_variants (id, product_id, sku, price, stock_quantity, attributes) VALUES ('c4809ff2-a823-455e-8889-44635f093daa', 'f1ffe20d-26ed-46b3-8f2b-bb4cc426603c', 'HEADPHONES-943-RX-C480', 3698, 189, '{"color": "Red", "size": "XL"}');
INSERT INTO product_variants (id, product_id, sku, price, stock_quantity, attributes) VALUES ('8c179184-b83d-4ec8-a390-5221a9e4a5f0', 'f1ffe20d-26ed-46b3-8f2b-bb4cc426603c', 'HEADPHONES-943-R1-8C17', 2690, 52, '{"color": "Red", "size": "128GB"}');
INSERT INTO products (id, name, slug, description, category_id) VALUES ('f7a3423a-caca-4ff4-989a-d6159559a31d', 'Eco Bed 159', 'eco-bed-159-f7a342', 'Description for Eco Bed 159. Optimized for search and performance test.', '1bc7082b-e84f-4bb2-b788-ded3299495b6');
INSERT INTO product_variants (id, product_id, sku, price, stock_quantity, attributes) VALUES ('40f4cb24-616c-4fc8-bed8-02e8a8643e33', 'f7a3423a-caca-4ff4-989a-d6159559a31d', 'BED-159-RX-40F4', 3652, 126, '{"color": "Red", "size": "XL"}');
INSERT INTO product_variants (id, product_id, sku, price, stock_quantity, attributes) VALUES ('95a8e816-8fb7-4e5c-b397-4e255ab2671c', 'f7a3423a-caca-4ff4-989a-d6159559a31d', 'BED-159-G8-95A8', 2517, 130, '{"color": "Green", "size": "8GB RAM"}');
INSERT INTO product_variants (id, product_id, sku, price, stock_quantity, attributes) VALUES ('a3bba77f-1147-457e-a174-b00d58cecd1d', 'f7a3423a-caca-4ff4-989a-d6159559a31d', 'BED-159-SL-A3BB', 4025, 30, '{"color": "Silver", "size": "L"}');
INSERT INTO products (id, name, slug, description, category_id) VALUES ('98230e6e-2c90-4b6b-b43e-632f3f3d8954', 'Elegant Dress 305', 'elegant-dress-305-98230e', 'Description for Elegant Dress 305. Optimized for search and performance test.', '1bc7082b-e84f-4bb2-b788-ded3299495b6');
INSERT INTO product_variants (id, product_id, sku, price, stock_quantity, attributes) VALUES ('17f1b120-f3c3-4761-8856-d54a7909dde0', '98230e6e-2c90-4b6b-b43e-632f3f3d8954', 'DRESS-305-R8-17F1', 3822, 27, '{"color": "Red", "size": "8GB RAM"}');
INSERT INTO product_variants (id, product_id, sku, price, stock_quantity, attributes) VALUES ('0a7f0929-f335-4c8c-bf0f-6463bdc0b8d7', '98230e6e-2c90-4b6b-b43e-632f3f3d8954', 'DRESS-305-S8-0A7F', 3587, 197, '{"color": "Silver", "size": "8GB RAM"}');
INSERT INTO product_variants (id, product_id, sku, price, stock_quantity, attributes) VALUES ('d2f75c59-4ed3-4ec0-8337-a7a785ede2b6', '98230e6e-2c90-4b6b-b43e-632f3f3d8954', 'DRESS-305-G1-D2F7', 3167, 200, '{"color": "Gold", "size": "16GB RAM"}');
INSERT INTO products (id, name, slug, description, category_id) VALUES ('4842f89b-75b8-449c-8dc3-8376d238e7dc', 'Ultra Laptop 483', 'ultra-laptop-483-4842f8', 'Description for Ultra Laptop 483. Optimized for search and performance test.', '1bc7082b-e84f-4bb2-b788-ded3299495b6');
INSERT INTO product_variants (id, product_id, sku, price, stock_quantity, attributes) VALUES ('1612fc6d-d2da-4cfe-a07b-bd601f9ff349', '4842f89b-75b8-449c-8dc3-8376d238e7dc', 'LAPTOP-483-B1-1612', 1653, 145, '{"color": "Blue", "size": "128GB"}');
INSERT INTO product_variants (id, product_id, sku, price, stock_quantity, attributes) VALUES ('aa9364d0-4682-4510-a33c-b2cf04cd1f37', '4842f89b-75b8-449c-8dc3-8376d238e7dc', 'LAPTOP-483-G8-AA93', 458, 23, '{"color": "Gold", "size": "8GB RAM"}');
INSERT INTO product_variants (id, product_id, sku, price, stock_quantity, attributes) VALUES ('8f278284-87ed-4ed1-9611-2e670822ac3f', '4842f89b-75b8-449c-8dc3-8376d238e7dc', 'LAPTOP-483-GL-8F27', 402, 36, '{"color": "Green", "size": "L"}');
INSERT INTO products (id, name, slug, description, category_id) VALUES ('2f2be110-d914-43a7-9636-0840da81f481', 'Smart Bed 111', 'smart-bed-111-2f2be1', 'Description for Smart Bed 111. Optimized for search and performance test.', '1bc7082b-e84f-4bb2-b788-ded3299495b6');
INSERT INTO product_variants (id, product_id, sku, price, stock_quantity, attributes) VALUES ('6be1964c-fec0-4f4e-a880-7ece962e0f19', '2f2be110-d914-43a7-9636-0840da81f481', 'BED-111-GS-6BE1', 2985, 193, '{"color": "Gold", "size": "S"}');
INSERT INTO product_variants (id, product_id, sku, price, stock_quantity, attributes) VALUES ('a891e7dd-4893-428f-a168-a4791eb462b2', '2f2be110-d914-43a7-9636-0840da81f481', 'BED-111-B2-A891', 345, 32, '{"color": "Blue", "size": "256GB"}');
INSERT INTO product_variants (id, product_id, sku, price, stock_quantity, attributes) VALUES ('9462b044-5b67-40db-bc12-42967f9653b9', '2f2be110-d914-43a7-9636-0840da81f481', 'BED-111-B8-9462', 3351, 184, '{"color": "Blue", "size": "8GB RAM"}');
INSERT INTO products (id, name, slug, description, category_id) VALUES ('1da92ef7-6b7e-4169-a758-83032e289eda', 'Pro Camera 469', 'pro-camera-469-1da92e', 'Description for Pro Camera 469. Optimized for search and performance test.', '1bc7082b-e84f-4bb2-b788-ded3299495b6');
INSERT INTO product_variants (id, product_id, sku, price, stock_quantity, attributes) VALUES ('768227c4-5373-4dd4-ae1f-f9ce6897f3be', '1da92ef7-6b7e-4169-a758-83032e289eda', 'CAMERA-469-G2-7682', 4056, 67, '{"color": "Green", "size": "256GB"}');
INSERT INTO product_variants (id, product_id, sku, price, stock_quantity, attributes) VALUES ('fd72f744-5c07-4db5-97bf-c8ca05ab2906', '1da92ef7-6b7e-4169-a758-83032e289eda', 'CAMERA-469-WX-FD72', 3644, 176, '{"color": "White", "size": "XXL"}');
INSERT INTO product_variants (id, product_id, sku, price, stock_quantity, attributes) VALUES ('2dd62517-590c-4349-b8b0-47d46bfe339d', '1da92ef7-6b7e-4169-a758-83032e289eda', 'CAMERA-469-GX-2DD6', 3099, 34, '{"color": "Gold", "size": "XXL"}');
INSERT INTO products (id, name, slug, description, category_id) VALUES ('58dedd1c-5762-4421-b9e6-bf7eeff420d6', 'Eco Bed 987', 'eco-bed-987-58dedd', 'Description for Eco Bed 987. Optimized for search and performance test.', '1bc7082b-e84f-4bb2-b788-ded3299495b6');
INSERT INTO product_variants (id, product_id, sku, price, stock_quantity, attributes) VALUES ('2012e3cf-3103-47a4-9407-bb3af2120d86', '58dedd1c-5762-4421-b9e6-bf7eeff420d6', 'BED-987-BM-2012', 3405, 108, '{"color": "Blue", "size": "M"}');
INSERT INTO product_variants (id, product_id, sku, price, stock_quantity, attributes) VALUES ('bb1a11e5-279c-4092-a476-3016a0eb0971', '58dedd1c-5762-4421-b9e6-bf7eeff420d6', 'BED-987-G8-BB1A', 3532, 65, '{"color": "Green", "size": "8GB RAM"}');
INSERT INTO product_variants (id, product_id, sku, price, stock_quantity, attributes) VALUES ('dd07dcf9-42c0-457d-bada-15539d555fa7', '58dedd1c-5762-4421-b9e6-bf7eeff420d6', 'BED-987-GL-DD07', 350, 82, '{"color": "Green", "size": "L"}');
INSERT INTO products (id, name, slug, description, category_id) VALUES ('38e06600-90ae-479e-babe-8d26cd1cea4c', 'Lite Shirt 710', 'lite-shirt-710-38e066', 'Description for Lite Shirt 710. Optimized for search and performance test.', '1bc7082b-e84f-4bb2-b788-ded3299495b6');
INSERT INTO product_variants (id, product_id, sku, price, stock_quantity, attributes) VALUES ('42648445-4769-44bf-b992-efe4a4c57e46', '38e06600-90ae-479e-babe-8d26cd1cea4c', 'SHIRT-710-GL-4264', 4246, 60, '{"color": "Green", "size": "L"}');
INSERT INTO product_variants (id, product_id, sku, price, stock_quantity, attributes) VALUES ('129a4f5a-2c86-47e6-a7c7-1368b29ca303', '38e06600-90ae-479e-babe-8d26cd1cea4c', 'SHIRT-710-BX-129A', 1953, 66, '{"color": "Blue", "size": "XL"}');
INSERT INTO product_variants (id, product_id, sku, price, stock_quantity, attributes) VALUES ('8ee25015-78e2-4dc6-87ca-a892c7a99d59', '38e06600-90ae-479e-babe-8d26cd1cea4c', 'SHIRT-710-BX-8EE2', 532, 129, '{"color": "Blue", "size": "XL"}');
INSERT INTO products (id, name, slug, description, category_id) VALUES ('f2010ba3-ddf8-479c-a90b-6869c7197171', 'Lite Camera 428', 'lite-camera-428-f2010b', 'Description for Lite Camera 428. Optimized for search and performance test.', '1bc7082b-e84f-4bb2-b788-ded3299495b6');
INSERT INTO product_variants (id, product_id, sku, price, stock_quantity, attributes) VALUES ('4eccc8bf-2a25-4bbc-a9de-465131cc7f48', 'f2010ba3-ddf8-479c-a90b-6869c7197171', 'CAMERA-428-R1-4ECC', 1753, 163, '{"color": "Red", "size": "16GB RAM"}');
INSERT INTO product_variants (id, product_id, sku, price, stock_quantity, attributes) VALUES ('78c08f31-2450-4971-9af8-a48d047a3c67', 'f2010ba3-ddf8-479c-a90b-6869c7197171', 'CAMERA-428-G1-78C0', 3187, 43, '{"color": "Green", "size": "128GB"}');
INSERT INTO product_variants (id, product_id, sku, price, stock_quantity, attributes) VALUES ('66f5e317-69cb-48ca-9b0e-e651f4e2aed5', 'f2010ba3-ddf8-479c-a90b-6869c7197171', 'CAMERA-428-BL-66F5', 2976, 48, '{"color": "Blue", "size": "L"}');
INSERT INTO products (id, name, slug, description, category_id) VALUES ('2a9929a5-5a43-4cee-b048-906d3bf14686', 'Elegant Backpack 101', 'elegant-backpack-101-2a9929', 'Description for Elegant Backpack 101. Optimized for search and performance test.', '1bc7082b-e84f-4bb2-b788-ded3299495b6');
INSERT INTO product_variants (id, product_id, sku, price, stock_quantity, attributes) VALUES ('1019dde6-ca69-4013-b970-0db1d7e2f2a9', '2a9929a5-5a43-4cee-b048-906d3bf14686', 'BACKPACK-101-BL-1019', 1036, 192, '{"color": "Black", "size": "L"}');
INSERT INTO product_variants (id, product_id, sku, price, stock_quantity, attributes) VALUES ('cec4c489-86f9-44e6-9eff-3516904d596e', '2a9929a5-5a43-4cee-b048-906d3bf14686', 'BACKPACK-101-S2-CEC4', 423, 61, '{"color": "Silver", "size": "256GB"}');
INSERT INTO product_variants (id, product_id, sku, price, stock_quantity, attributes) VALUES ('a1857a1b-3d1b-4f30-af60-708fa7644c0b', '2a9929a5-5a43-4cee-b048-906d3bf14686', 'BACKPACK-101-R1-A185', 1344, 122, '{"color": "Red", "size": "128GB"}');
INSERT INTO products (id, name, slug, description, category_id) VALUES ('fc926eda-571d-499b-980b-2f34aff65635', 'Eco Camera 902', 'eco-camera-902-fc926e', 'Description for Eco Camera 902. Optimized for search and performance test.', '1bc7082b-e84f-4bb2-b788-ded3299495b6');
INSERT INTO product_variants (id, product_id, sku, price, stock_quantity, attributes) VALUES ('7fd3e426-0ef1-4261-a17d-22670857e3bf', 'fc926eda-571d-499b-980b-2f34aff65635', 'CAMERA-902-WL-7FD3', 3908, 39, '{"color": "White", "size": "L"}');
INSERT INTO product_variants (id, product_id, sku, price, stock_quantity, attributes) VALUES ('310b35bf-a272-47c5-895b-3c9c483bc8ef', 'fc926eda-571d-499b-980b-2f34aff65635', 'CAMERA-902-GX-310B', 4239, 190, '{"color": "Gold", "size": "XXL"}');
INSERT INTO product_variants (id, product_id, sku, price, stock_quantity, attributes) VALUES ('757e692a-717c-494f-b248-0c21a7a4492a', 'fc926eda-571d-499b-980b-2f34aff65635', 'CAMERA-902-SX-757E', 3474, 153, '{"color": "Silver", "size": "XL"}');
INSERT INTO products (id, name, slug, description, category_id) VALUES ('ceeab7cf-f0ce-4a13-8465-12f5269d36dd', 'Pro Speaker 125', 'pro-speaker-125-ceeab7', 'Description for Pro Speaker 125. Optimized for search and performance test.', '1bc7082b-e84f-4bb2-b788-ded3299495b6');
INSERT INTO product_variants (id, product_id, sku, price, stock_quantity, attributes) VALUES ('bff46775-4c98-45e0-9f1d-59b5c5cfadf2', 'ceeab7cf-f0ce-4a13-8465-12f5269d36dd', 'SPEAKER-125-WX-BFF4', 2967, 32, '{"color": "White", "size": "XXL"}');
INSERT INTO product_variants (id, product_id, sku, price, stock_quantity, attributes) VALUES ('d84d1417-5b31-448a-af82-b8d57e7e92a6', 'ceeab7cf-f0ce-4a13-8465-12f5269d36dd', 'SPEAKER-125-BS-D84D', 1446, 75, '{"color": "Blue", "size": "S"}');
INSERT INTO product_variants (id, product_id, sku, price, stock_quantity, attributes) VALUES ('89ea5f56-3c3e-414f-af65-e5cb0853d971', 'ceeab7cf-f0ce-4a13-8465-12f5269d36dd', 'SPEAKER-125-B8-89EA', 1449, 123, '{"color": "Black", "size": "8GB RAM"}');
INSERT INTO products (id, name, slug, description, category_id) VALUES ('4459ccdf-d9ad-4bec-b542-d62842c09569', 'Original Monitor 694', 'original-monitor-694-4459cc', 'Description for Original Monitor 694. Optimized for search and performance test.', '1bc7082b-e84f-4bb2-b788-ded3299495b6');
INSERT INTO product_variants (id, product_id, sku, price, stock_quantity, attributes) VALUES ('ced67afe-2929-49c6-8b03-a89078d52f34', '4459ccdf-d9ad-4bec-b542-d62842c09569', 'MONITOR-694-GM-CED6', 4372, 101, '{"color": "Gold", "size": "M"}');
INSERT INTO product_variants (id, product_id, sku, price, stock_quantity, attributes) VALUES ('82c1dcea-e91a-49ae-b053-339c51fe6ef4', '4459ccdf-d9ad-4bec-b542-d62842c09569', 'MONITOR-694-BX-82C1', 4985, 29, '{"color": "Black", "size": "XL"}');
INSERT INTO product_variants (id, product_id, sku, price, stock_quantity, attributes) VALUES ('c44b71cd-dad7-4097-9997-5b5aa282d9a3', '4459ccdf-d9ad-4bec-b542-d62842c09569', 'MONITOR-694-B2-C44B', 1431, 65, '{"color": "Black", "size": "256GB"}');
INSERT INTO products (id, name, slug, description, category_id) VALUES ('bd3e4c87-430f-41ce-8314-843993bd06b6', 'Ultra Backpack 861', 'ultra-backpack-861-bd3e4c', 'Description for Ultra Backpack 861. Optimized for search and performance test.', '1bc7082b-e84f-4bb2-b788-ded3299495b6');
INSERT INTO product_variants (id, product_id, sku, price, stock_quantity, attributes) VALUES ('3917c228-2ee7-49c7-9880-8f5f34fa35ef', 'bd3e4c87-430f-41ce-8314-843993bd06b6', 'BACKPACK-861-GS-3917', 4305, 143, '{"color": "Green", "size": "S"}');
INSERT INTO product_variants (id, product_id, sku, price, stock_quantity, attributes) VALUES ('2636f12c-0743-43e0-86ab-e5a1661579a6', 'bd3e4c87-430f-41ce-8314-843993bd06b6', 'BACKPACK-861-GM-2636', 2471, 172, '{"color": "Gold", "size": "M"}');
INSERT INTO product_variants (id, product_id, sku, price, stock_quantity, attributes) VALUES ('f0e76f1f-bf3e-4f4e-9d22-7a909a581872', 'bd3e4c87-430f-41ce-8314-843993bd06b6', 'BACKPACK-861-SX-F0E7', 3568, 188, '{"color": "Silver", "size": "XXL"}');
INSERT INTO products (id, name, slug, description, category_id) VALUES ('8ff2a380-61f7-44ab-81f0-99b70b6d656f', 'Eco Laptop 222', 'eco-laptop-222-8ff2a3', 'Description for Eco Laptop 222. Optimized for search and performance test.', '1bc7082b-e84f-4bb2-b788-ded3299495b6');
INSERT INTO product_variants (id, product_id, sku, price, stock_quantity, attributes) VALUES ('ecc6e9f4-3e13-4e7a-9d54-23c627e231aa', '8ff2a380-61f7-44ab-81f0-99b70b6d656f', 'LAPTOP-222-RX-ECC6', 1025, 68, '{"color": "Red", "size": "XXL"}');
INSERT INTO product_variants (id, product_id, sku, price, stock_quantity, attributes) VALUES ('0070eb03-9798-41ae-8012-1a8efab515fb', '8ff2a380-61f7-44ab-81f0-99b70b6d656f', 'LAPTOP-222-W1-0070', 2167, 117, '{"color": "White", "size": "128GB"}');
INSERT INTO product_variants (id, product_id, sku, price, stock_quantity, attributes) VALUES ('efa7470c-610c-4f99-aa5f-51e2cab1f7f9', '8ff2a380-61f7-44ab-81f0-99b70b6d656f', 'LAPTOP-222-W6-EFA7', 2620, 199, '{"color": "White", "size": "64GB"}');
INSERT INTO products (id, name, slug, description, category_id) VALUES ('b0f736f5-e5f2-4bc6-a829-141b6852647b', 'Smart Camera 569', 'smart-camera-569-b0f736', 'Description for Smart Camera 569. Optimized for search and performance test.', '1bc7082b-e84f-4bb2-b788-ded3299495b6');
INSERT INTO product_variants (id, product_id, sku, price, stock_quantity, attributes) VALUES ('d03a5d65-a051-4c68-beff-5c7a1aaf1b45', 'b0f736f5-e5f2-4bc6-a829-141b6852647b', 'CAMERA-569-G2-D03A', 1012, 193, '{"color": "Gold", "size": "256GB"}');
INSERT INTO product_variants (id, product_id, sku, price, stock_quantity, attributes) VALUES ('519bb45c-652b-4950-ad06-46b5c599dbdf', 'b0f736f5-e5f2-4bc6-a829-141b6852647b', 'CAMERA-569-GL-519B', 2812, 24, '{"color": "Gold", "size": "L"}');
INSERT INTO product_variants (id, product_id, sku, price, stock_quantity, attributes) VALUES ('cfe68fc2-369e-47d6-8cca-e27e786e2231', 'b0f736f5-e5f2-4bc6-a829-141b6852647b', 'CAMERA-569-WX-CFE6', 1156, 51, '{"color": "White", "size": "XXL"}');
INSERT INTO products (id, name, slug, description, category_id) VALUES ('0004e2d1-a15e-497b-a572-b978c0c0d252', 'Lite Table 659', 'lite-table-659-0004e2', 'Description for Lite Table 659. Optimized for search and performance test.', '1bc7082b-e84f-4bb2-b788-ded3299495b6');
INSERT INTO product_variants (id, product_id, sku, price, stock_quantity, attributes) VALUES ('fdf7d58b-839f-42eb-8c52-074a3dea75e2', '0004e2d1-a15e-497b-a572-b978c0c0d252', 'TABLE-659-B1-FDF7', 4575, 152, '{"color": "Blue", "size": "128GB"}');
INSERT INTO product_variants (id, product_id, sku, price, stock_quantity, attributes) VALUES ('c16eb535-d673-4e3f-bf08-2153ccef933b', '0004e2d1-a15e-497b-a572-b978c0c0d252', 'TABLE-659-BS-C16E', 4476, 67, '{"color": "Black", "size": "S"}');
INSERT INTO product_variants (id, product_id, sku, price, stock_quantity, attributes) VALUES ('9c7b4800-e058-4cb4-830f-155bbaeb5eb3', '0004e2d1-a15e-497b-a572-b978c0c0d252', 'TABLE-659-G1-9C7B', 2027, 181, '{"color": "Gold", "size": "128GB"}');
INSERT INTO products (id, name, slug, description, category_id) VALUES ('229905d5-27e2-4bcf-968d-e3d69498a2a6', 'Original Camera 170', 'original-camera-170-229905', 'Description for Original Camera 170. Optimized for search and performance test.', '1bc7082b-e84f-4bb2-b788-ded3299495b6');
INSERT INTO product_variants (id, product_id, sku, price, stock_quantity, attributes) VALUES ('0715f581-539d-4828-8f1b-a28ce0c52626', '229905d5-27e2-4bcf-968d-e3d69498a2a6', 'CAMERA-170-RX-0715', 442, 24, '{"color": "Red", "size": "XL"}');
INSERT INTO product_variants (id, product_id, sku, price, stock_quantity, attributes) VALUES ('44203cb8-0371-41f7-96d9-c120c7d297e4', '229905d5-27e2-4bcf-968d-e3d69498a2a6', 'CAMERA-170-G8-4420', 2417, 56, '{"color": "Green", "size": "8GB RAM"}');
INSERT INTO product_variants (id, product_id, sku, price, stock_quantity, attributes) VALUES ('26a74b84-16b6-433b-a6ad-6cc78f52bf56', '229905d5-27e2-4bcf-968d-e3d69498a2a6', 'CAMERA-170-GX-26A7', 1982, 56, '{"color": "Green", "size": "XL"}');
INSERT INTO products (id, name, slug, description, category_id) VALUES ('c5306caa-cebd-4d1d-915d-e161eb8acc02', 'Ultra Headphones 852', 'ultra-headphones-852-c5306c', 'Description for Ultra Headphones 852. Optimized for search and performance test.', '1bc7082b-e84f-4bb2-b788-ded3299495b6');
INSERT INTO product_variants (id, product_id, sku, price, stock_quantity, attributes) VALUES ('85f28b72-bf7c-4709-93b5-6d108394f384', 'c5306caa-cebd-4d1d-915d-e161eb8acc02', 'HEADPHONES-852-B6-85F2', 4823, 20, '{"color": "Blue", "size": "64GB"}');
INSERT INTO product_variants (id, product_id, sku, price, stock_quantity, attributes) VALUES ('b681c6f1-e68e-4285-94df-48adb437c3c0', 'c5306caa-cebd-4d1d-915d-e161eb8acc02', 'HEADPHONES-852-GL-B681', 2583, 96, '{"color": "Green", "size": "L"}');
INSERT INTO product_variants (id, product_id, sku, price, stock_quantity, attributes) VALUES ('7d9d0010-82ea-42b6-8c73-58851d0959c8', 'c5306caa-cebd-4d1d-915d-e161eb8acc02', 'HEADPHONES-852-S8-7D9D', 211, 172, '{"color": "Silver", "size": "8GB RAM"}');
INSERT INTO products (id, name, slug, description, category_id) VALUES ('f10cd06b-0115-4d4a-bbde-6529edbfcf28', 'Smart Monitor 608', 'smart-monitor-608-f10cd0', 'Description for Smart Monitor 608. Optimized for search and performance test.', '1bc7082b-e84f-4bb2-b788-ded3299495b6');
INSERT INTO product_variants (id, product_id, sku, price, stock_quantity, attributes) VALUES ('e6ca1ae8-7573-4cfe-9cc0-040ec109b6e3', 'f10cd06b-0115-4d4a-bbde-6529edbfcf28', 'MONITOR-608-GM-E6CA', 4446, 157, '{"color": "Gold", "size": "M"}');
INSERT INTO product_variants (id, product_id, sku, price, stock_quantity, attributes) VALUES ('094d332e-8239-41fd-bed1-cf0166a40e60', 'f10cd06b-0115-4d4a-bbde-6529edbfcf28', 'MONITOR-608-BS-094D', 796, 48, '{"color": "Blue", "size": "S"}');
INSERT INTO product_variants (id, product_id, sku, price, stock_quantity, attributes) VALUES ('382c3baa-7ebd-4061-8edf-d093e2015258', 'f10cd06b-0115-4d4a-bbde-6529edbfcf28', 'MONITOR-608-G1-382C', 124, 179, '{"color": "Gold", "size": "16GB RAM"}');
INSERT INTO products (id, name, slug, description, category_id) VALUES ('5ff70e1e-ae53-4735-a96d-44381ed5c08b', 'Eco Backpack 504', 'eco-backpack-504-5ff70e', 'Description for Eco Backpack 504. Optimized for search and performance test.', '499c1077-3964-4748-b214-e46a08e8f397');
INSERT INTO product_variants (id, product_id, sku, price, stock_quantity, attributes) VALUES ('53cb3de1-e2ff-4e4c-b423-03e20cd59382', '5ff70e1e-ae53-4735-a96d-44381ed5c08b', 'BACKPACK-504-G2-53CB', 1600, 57, '{"color": "Gold", "size": "256GB"}');
INSERT INTO product_variants (id, product_id, sku, price, stock_quantity, attributes) VALUES ('1cf30415-b841-48e7-b372-0ff71f5308ae', '5ff70e1e-ae53-4735-a96d-44381ed5c08b', 'BACKPACK-504-W1-1CF3', 1291, 148, '{"color": "White", "size": "16GB RAM"}');
INSERT INTO product_variants (id, product_id, sku, price, stock_quantity, attributes) VALUES ('c50cefc9-3b92-44ad-aade-93c42fbec1e4', '5ff70e1e-ae53-4735-a96d-44381ed5c08b', 'BACKPACK-504-R8-C50C', 366, 170, '{"color": "Red", "size": "8GB RAM"}');
INSERT INTO products (id, name, slug, description, category_id) VALUES ('afd5a146-7ce2-40eb-9185-e05a3be7e1f6', 'Pro Table 171', 'pro-table-171-afd5a1', 'Description for Pro Table 171. Optimized for search and performance test.', '499c1077-3964-4748-b214-e46a08e8f397');
INSERT INTO product_variants (id, product_id, sku, price, stock_quantity, attributes) VALUES ('c023e5b3-2ab1-4c82-8041-a32036d073d1', 'afd5a146-7ce2-40eb-9185-e05a3be7e1f6', 'TABLE-171-B8-C023', 1379, 147, '{"color": "Blue", "size": "8GB RAM"}');
INSERT INTO product_variants (id, product_id, sku, price, stock_quantity, attributes) VALUES ('09bea2d1-fbf5-44b4-9dd0-db79a45c493e', 'afd5a146-7ce2-40eb-9185-e05a3be7e1f6', 'TABLE-171-G2-09BE', 3059, 130, '{"color": "Green", "size": "256GB"}');
INSERT INTO product_variants (id, product_id, sku, price, stock_quantity, attributes) VALUES ('0fc612de-bcdf-475c-a771-848ecc62650d', 'afd5a146-7ce2-40eb-9185-e05a3be7e1f6', 'TABLE-171-B6-0FC6', 2049, 121, '{"color": "Blue", "size": "64GB"}');
INSERT INTO products (id, name, slug, description, category_id) VALUES ('e95e8a64-9fa5-46f8-bfe7-3ae8744a911a', 'Original Monitor 574', 'original-monitor-574-e95e8a', 'Description for Original Monitor 574. Optimized for search and performance test.', '499c1077-3964-4748-b214-e46a08e8f397');
INSERT INTO product_variants (id, product_id, sku, price, stock_quantity, attributes) VALUES ('e08e9277-7cc9-4d90-b4dd-c9d06cd1c618', 'e95e8a64-9fa5-46f8-bfe7-3ae8744a911a', 'MONITOR-574-RX-E08E', 2395, 61, '{"color": "Red", "size": "XXL"}');
INSERT INTO product_variants (id, product_id, sku, price, stock_quantity, attributes) VALUES ('a9faf337-2142-4477-ad59-98d07b4aea8b', 'e95e8a64-9fa5-46f8-bfe7-3ae8744a911a', 'MONITOR-574-G6-A9FA', 1597, 142, '{"color": "Green", "size": "64GB"}');
INSERT INTO product_variants (id, product_id, sku, price, stock_quantity, attributes) VALUES ('a8ba2976-3b0e-48f5-90bd-a75e5276fb67', 'e95e8a64-9fa5-46f8-bfe7-3ae8744a911a', 'MONITOR-574-GM-A8BA', 846, 64, '{"color": "Gold", "size": "M"}');
INSERT INTO products (id, name, slug, description, category_id) VALUES ('00894d8e-2531-40b1-852a-73f13779aa8a', 'Premium Table 365', 'premium-table-365-00894d', 'Description for Premium Table 365. Optimized for search and performance test.', '499c1077-3964-4748-b214-e46a08e8f397');
INSERT INTO product_variants (id, product_id, sku, price, stock_quantity, attributes) VALUES ('43d4127a-7b18-4171-bf7e-9f04e3bbf9bf', '00894d8e-2531-40b1-852a-73f13779aa8a', 'TABLE-365-G8-43D4', 2603, 71, '{"color": "Green", "size": "8GB RAM"}');
INSERT INTO product_variants (id, product_id, sku, price, stock_quantity, attributes) VALUES ('d86c753f-6bb4-4cb7-878c-176304d1de87', '00894d8e-2531-40b1-852a-73f13779aa8a', 'TABLE-365-RS-D86C', 848, 170, '{"color": "Red", "size": "S"}');
INSERT INTO product_variants (id, product_id, sku, price, stock_quantity, attributes) VALUES ('3be14681-3804-4041-99d7-d9287432c0d5', '00894d8e-2531-40b1-852a-73f13779aa8a', 'TABLE-365-GX-3BE1', 1195, 66, '{"color": "Gold", "size": "XL"}');
INSERT INTO products (id, name, slug, description, category_id) VALUES ('8f4e152e-e420-4a59-bb2d-6f3a0c64d165', 'Original Laptop 876', 'original-laptop-876-8f4e15', 'Description for Original Laptop 876. Optimized for search and performance test.', '499c1077-3964-4748-b214-e46a08e8f397');
INSERT INTO product_variants (id, product_id, sku, price, stock_quantity, attributes) VALUES ('d97a5942-acaf-4e95-b7eb-d699e255acac', '8f4e152e-e420-4a59-bb2d-6f3a0c64d165', 'LAPTOP-876-RL-D97A', 4144, 46, '{"color": "Red", "size": "L"}');
INSERT INTO product_variants (id, product_id, sku, price, stock_quantity, attributes) VALUES ('9a714049-c096-4082-b90a-d137bda5df2c', '8f4e152e-e420-4a59-bb2d-6f3a0c64d165', 'LAPTOP-876-BL-9A71', 1193, 75, '{"color": "Blue", "size": "L"}');
INSERT INTO product_variants (id, product_id, sku, price, stock_quantity, attributes) VALUES ('bf197fea-cf7d-4bac-ac51-dd2fd9730cee', '8f4e152e-e420-4a59-bb2d-6f3a0c64d165', 'LAPTOP-876-G1-BF19', 1911, 68, '{"color": "Green", "size": "16GB RAM"}');
INSERT INTO products (id, name, slug, description, category_id) VALUES ('fdd950a9-5ca1-410c-bf8b-74351e2a4090', 'Premium Table 851', 'premium-table-851-fdd950', 'Description for Premium Table 851. Optimized for search and performance test.', '499c1077-3964-4748-b214-e46a08e8f397');
INSERT INTO product_variants (id, product_id, sku, price, stock_quantity, attributes) VALUES ('aa8a40d7-4a05-4413-81f4-dc5038a6731c', 'fdd950a9-5ca1-410c-bf8b-74351e2a4090', 'TABLE-851-G1-AA8A', 1715, 185, '{"color": "Green", "size": "128GB"}');
INSERT INTO product_variants (id, product_id, sku, price, stock_quantity, attributes) VALUES ('dcbe435d-ba1a-4659-a804-1f2002460e57', 'fdd950a9-5ca1-410c-bf8b-74351e2a4090', 'TABLE-851-RM-DCBE', 1624, 113, '{"color": "Red", "size": "M"}');
INSERT INTO product_variants (id, product_id, sku, price, stock_quantity, attributes) VALUES ('d897fead-fa40-497b-8ef3-d5d2a40edfea', 'fdd950a9-5ca1-410c-bf8b-74351e2a4090', 'TABLE-851-BX-D897', 2597, 192, '{"color": "Black", "size": "XXL"}');
INSERT INTO products (id, name, slug, description, category_id) VALUES ('4b2278bd-d440-4c4b-a1e3-6254c552945e', 'Ultra Monitor 922', 'ultra-monitor-922-4b2278', 'Description for Ultra Monitor 922. Optimized for search and performance test.', '499c1077-3964-4748-b214-e46a08e8f397');
INSERT INTO product_variants (id, product_id, sku, price, stock_quantity, attributes) VALUES ('0f121de8-8902-4abb-adc9-abef9fddbd56', '4b2278bd-d440-4c4b-a1e3-6254c552945e', 'MONITOR-922-B1-0F12', 1595, 173, '{"color": "Black", "size": "16GB RAM"}');
INSERT INTO product_variants (id, product_id, sku, price, stock_quantity, attributes) VALUES ('82b7567b-6bcc-46af-a090-e54fa2b97b44', '4b2278bd-d440-4c4b-a1e3-6254c552945e', 'MONITOR-922-B1-82B7', 3114, 58, '{"color": "Black", "size": "16GB RAM"}');
INSERT INTO product_variants (id, product_id, sku, price, stock_quantity, attributes) VALUES ('1196c534-810a-4369-a16a-55a70dafd6c1', '4b2278bd-d440-4c4b-a1e3-6254c552945e', 'MONITOR-922-SX-1196', 1233, 185, '{"color": "Silver", "size": "XXL"}');
INSERT INTO products (id, name, slug, description, category_id) VALUES ('c33f5fdf-a1ab-4cd2-978d-efb65a43a979', 'Smart Headphones 236', 'smart-headphones-236-c33f5f', 'Description for Smart Headphones 236. Optimized for search and performance test.', '499c1077-3964-4748-b214-e46a08e8f397');
INSERT INTO product_variants (id, product_id, sku, price, stock_quantity, attributes) VALUES ('0e3817ad-5408-4684-b213-b6d0ba3ecb81', 'c33f5fdf-a1ab-4cd2-978d-efb65a43a979', 'HEADPHONES-236-BM-0E38', 3693, 115, '{"color": "Black", "size": "M"}');
INSERT INTO product_variants (id, product_id, sku, price, stock_quantity, attributes) VALUES ('5cba0fcf-60ff-4b72-a124-2eb4a90b7085', 'c33f5fdf-a1ab-4cd2-978d-efb65a43a979', 'HEADPHONES-236-GX-5CBA', 819, 96, '{"color": "Green", "size": "XL"}');
INSERT INTO product_variants (id, product_id, sku, price, stock_quantity, attributes) VALUES ('e45abc51-6264-47d1-97d7-ad3e06bb4891', 'c33f5fdf-a1ab-4cd2-978d-efb65a43a979', 'HEADPHONES-236-SX-E45A', 2590, 127, '{"color": "Silver", "size": "XXL"}');
INSERT INTO products (id, name, slug, description, category_id) VALUES ('430b1e08-480f-4fd6-9600-66e682d72707', 'Original Phone 609', 'original-phone-609-430b1e', 'Description for Original Phone 609. Optimized for search and performance test.', '499c1077-3964-4748-b214-e46a08e8f397');
INSERT INTO product_variants (id, product_id, sku, price, stock_quantity, attributes) VALUES ('4c6f60df-08eb-4c8f-9925-df9c48003f95', '430b1e08-480f-4fd6-9600-66e682d72707', 'PHONE-609-BM-4C6F', 1005, 138, '{"color": "Blue", "size": "M"}');
INSERT INTO product_variants (id, product_id, sku, price, stock_quantity, attributes) VALUES ('69ab27e6-779e-41b3-9000-22791c07a196', '430b1e08-480f-4fd6-9600-66e682d72707', 'PHONE-609-W1-69AB', 2375, 123, '{"color": "White", "size": "128GB"}');
INSERT INTO product_variants (id, product_id, sku, price, stock_quantity, attributes) VALUES ('751cd896-0144-4cad-9abd-146a8fe21a02', '430b1e08-480f-4fd6-9600-66e682d72707', 'PHONE-609-WS-751C', 281, 188, '{"color": "White", "size": "S"}');
INSERT INTO products (id, name, slug, description, category_id) VALUES ('d3fe8f22-8682-42bf-95d1-f9dc15041366', 'Ultra Monitor 358', 'ultra-monitor-358-d3fe8f', 'Description for Ultra Monitor 358. Optimized for search and performance test.', '499c1077-3964-4748-b214-e46a08e8f397');
INSERT INTO product_variants (id, product_id, sku, price, stock_quantity, attributes) VALUES ('99461fb5-e244-4676-9971-3ae6219a0865', 'd3fe8f22-8682-42bf-95d1-f9dc15041366', 'MONITOR-358-G6-9946', 570, 77, '{"color": "Green", "size": "64GB"}');
INSERT INTO product_variants (id, product_id, sku, price, stock_quantity, attributes) VALUES ('caa1e114-4550-4183-b734-ca46a1b19547', 'd3fe8f22-8682-42bf-95d1-f9dc15041366', 'MONITOR-358-GM-CAA1', 4877, 60, '{"color": "Green", "size": "M"}');
INSERT INTO product_variants (id, product_id, sku, price, stock_quantity, attributes) VALUES ('9a85d1b9-9c94-4854-a109-c2dc01b3b233', 'd3fe8f22-8682-42bf-95d1-f9dc15041366', 'MONITOR-358-SL-9A85', 1147, 117, '{"color": "Silver", "size": "L"}');
INSERT INTO products (id, name, slug, description, category_id) VALUES ('ce85495a-0497-4dab-8af7-7a4eaf725fab', 'Original Laptop 765', 'original-laptop-765-ce8549', 'Description for Original Laptop 765. Optimized for search and performance test.', '499c1077-3964-4748-b214-e46a08e8f397');
INSERT INTO product_variants (id, product_id, sku, price, stock_quantity, attributes) VALUES ('138ad379-4815-452c-b680-09d97926f69f', 'ce85495a-0497-4dab-8af7-7a4eaf725fab', 'LAPTOP-765-WM-138A', 1511, 32, '{"color": "White", "size": "M"}');
INSERT INTO product_variants (id, product_id, sku, price, stock_quantity, attributes) VALUES ('7e365a3d-f857-4888-aeaf-b0fba9b36643', 'ce85495a-0497-4dab-8af7-7a4eaf725fab', 'LAPTOP-765-GS-7E36', 1935, 21, '{"color": "Green", "size": "S"}');
INSERT INTO product_variants (id, product_id, sku, price, stock_quantity, attributes) VALUES ('2bf20b00-c885-47f3-a96a-7ba37b5414b8', 'ce85495a-0497-4dab-8af7-7a4eaf725fab', 'LAPTOP-765-S1-2BF2', 2439, 112, '{"color": "Silver", "size": "16GB RAM"}');
INSERT INTO products (id, name, slug, description, category_id) VALUES ('ab462b18-0862-490f-b3f0-923b5c13ac55', 'Original Shirt 329', 'original-shirt-329-ab462b', 'Description for Original Shirt 329. Optimized for search and performance test.', '499c1077-3964-4748-b214-e46a08e8f397');
INSERT INTO product_variants (id, product_id, sku, price, stock_quantity, attributes) VALUES ('0c9edbc7-8f8c-40d8-812e-a5bf8e3fe98a', 'ab462b18-0862-490f-b3f0-923b5c13ac55', 'SHIRT-329-S1-0C9E', 2904, 15, '{"color": "Silver", "size": "16GB RAM"}');
INSERT INTO product_variants (id, product_id, sku, price, stock_quantity, attributes) VALUES ('2627bd84-2514-4ca7-850b-4b4fa20dc445', 'ab462b18-0862-490f-b3f0-923b5c13ac55', 'SHIRT-329-BX-2627', 2122, 137, '{"color": "Black", "size": "XL"}');
INSERT INTO product_variants (id, product_id, sku, price, stock_quantity, attributes) VALUES ('e8f688e5-72f0-411b-ad74-5add5896f4e2', 'ab462b18-0862-490f-b3f0-923b5c13ac55', 'SHIRT-329-W8-E8F6', 4677, 192, '{"color": "White", "size": "8GB RAM"}');
INSERT INTO products (id, name, slug, description, category_id) VALUES ('357fce33-eaa2-494b-b67f-293cc927d027', 'Smart Backpack 527', 'smart-backpack-527-357fce', 'Description for Smart Backpack 527. Optimized for search and performance test.', '499c1077-3964-4748-b214-e46a08e8f397');
INSERT INTO product_variants (id, product_id, sku, price, stock_quantity, attributes) VALUES ('33cd92b9-001f-4660-b7c9-f7421ab2ad53', '357fce33-eaa2-494b-b67f-293cc927d027', 'BACKPACK-527-B1-33CD', 4896, 93, '{"color": "Black", "size": "128GB"}');
INSERT INTO product_variants (id, product_id, sku, price, stock_quantity, attributes) VALUES ('f7eb1b1c-1c82-4132-abca-f9c68b2d5d8c', '357fce33-eaa2-494b-b67f-293cc927d027', 'BACKPACK-527-SX-F7EB', 2479, 159, '{"color": "Silver", "size": "XL"}');
INSERT INTO product_variants (id, product_id, sku, price, stock_quantity, attributes) VALUES ('7ba4e114-3fc7-40b2-ac82-2f75f3041d85', '357fce33-eaa2-494b-b67f-293cc927d027', 'BACKPACK-527-B8-7BA4', 2646, 104, '{"color": "Blue", "size": "8GB RAM"}');
INSERT INTO products (id, name, slug, description, category_id) VALUES ('26a2bc24-0080-412a-9bb4-36fa5bfee725', 'Smart Headphones 348', 'smart-headphones-348-26a2bc', 'Description for Smart Headphones 348. Optimized for search and performance test.', '499c1077-3964-4748-b214-e46a08e8f397');
INSERT INTO product_variants (id, product_id, sku, price, stock_quantity, attributes) VALUES ('3eacdf7e-0742-4e6a-9a5c-287b48b35d00', '26a2bc24-0080-412a-9bb4-36fa5bfee725', 'HEADPHONES-348-G1-3EAC', 4735, 102, '{"color": "Gold", "size": "16GB RAM"}');
INSERT INTO product_variants (id, product_id, sku, price, stock_quantity, attributes) VALUES ('3900bb58-0895-4ac2-884c-63196ac68e38', '26a2bc24-0080-412a-9bb4-36fa5bfee725', 'HEADPHONES-348-W6-3900', 3529, 18, '{"color": "White", "size": "64GB"}');
INSERT INTO product_variants (id, product_id, sku, price, stock_quantity, attributes) VALUES ('d14511b3-8c19-4747-b583-fd6f9906a80e', '26a2bc24-0080-412a-9bb4-36fa5bfee725', 'HEADPHONES-348-BS-D145', 4983, 194, '{"color": "Black", "size": "S"}');
INSERT INTO products (id, name, slug, description, category_id) VALUES ('5a78a624-ad9d-432e-ba08-2604e00cf6ff', 'Elegant Camera 694', 'elegant-camera-694-5a78a6', 'Description for Elegant Camera 694. Optimized for search and performance test.', '499c1077-3964-4748-b214-e46a08e8f397');
INSERT INTO product_variants (id, product_id, sku, price, stock_quantity, attributes) VALUES ('eec04e32-c2b0-4f2b-9b9d-d6a2907fd96f', '5a78a624-ad9d-432e-ba08-2604e00cf6ff', 'CAMERA-694-S1-EEC0', 1919, 196, '{"color": "Silver", "size": "16GB RAM"}');
INSERT INTO product_variants (id, product_id, sku, price, stock_quantity, attributes) VALUES ('339d1bbc-6691-4255-8a17-7b74f345f3a8', '5a78a624-ad9d-432e-ba08-2604e00cf6ff', 'CAMERA-694-B1-339D', 1710, 188, '{"color": "Blue", "size": "128GB"}');
INSERT INTO product_variants (id, product_id, sku, price, stock_quantity, attributes) VALUES ('2b57aba9-717b-447e-971e-d659e65f1817', '5a78a624-ad9d-432e-ba08-2604e00cf6ff', 'CAMERA-694-SX-2B57', 2450, 154, '{"color": "Silver", "size": "XL"}');
INSERT INTO products (id, name, slug, description, category_id) VALUES ('4ab1a2a9-ed78-4d88-8b64-23b779e03a56', 'Elegant Shirt 956', 'elegant-shirt-956-4ab1a2', 'Description for Elegant Shirt 956. Optimized for search and performance test.', '499c1077-3964-4748-b214-e46a08e8f397');
INSERT INTO product_variants (id, product_id, sku, price, stock_quantity, attributes) VALUES ('735b6024-7833-42c5-ba20-3619aae65e02', '4ab1a2a9-ed78-4d88-8b64-23b779e03a56', 'SHIRT-956-GM-735B', 538, 93, '{"color": "Green", "size": "M"}');
INSERT INTO product_variants (id, product_id, sku, price, stock_quantity, attributes) VALUES ('7d1fb01c-1588-4d25-9877-e5bc92a2f440', '4ab1a2a9-ed78-4d88-8b64-23b779e03a56', 'SHIRT-956-WX-7D1F', 2556, 109, '{"color": "White", "size": "XL"}');
INSERT INTO product_variants (id, product_id, sku, price, stock_quantity, attributes) VALUES ('1ccf3bef-1c79-4639-b036-ce63989553fd', '4ab1a2a9-ed78-4d88-8b64-23b779e03a56', 'SHIRT-956-R2-1CCF', 4851, 125, '{"color": "Red", "size": "256GB"}');
INSERT INTO products (id, name, slug, description, category_id) VALUES ('fffd4ecb-fae8-483f-9227-8ccadb4d3a87', 'Elegant Speaker 513', 'elegant-speaker-513-fffd4e', 'Description for Elegant Speaker 513. Optimized for search and performance test.', '499c1077-3964-4748-b214-e46a08e8f397');
INSERT INTO product_variants (id, product_id, sku, price, stock_quantity, attributes) VALUES ('76fc1153-02e3-469f-a95b-8a42c4c1a585', 'fffd4ecb-fae8-483f-9227-8ccadb4d3a87', 'SPEAKER-513-BL-76FC', 3088, 124, '{"color": "Black", "size": "L"}');
INSERT INTO product_variants (id, product_id, sku, price, stock_quantity, attributes) VALUES ('8a2679a8-3bca-4db1-839d-bad013702155', 'fffd4ecb-fae8-483f-9227-8ccadb4d3a87', 'SPEAKER-513-RL-8A26', 154, 163, '{"color": "Red", "size": "L"}');
INSERT INTO product_variants (id, product_id, sku, price, stock_quantity, attributes) VALUES ('d954a5e8-98ab-4b2b-a359-b0f01d3fba79', 'fffd4ecb-fae8-483f-9227-8ccadb4d3a87', 'SPEAKER-513-R1-D954', 2109, 33, '{"color": "Red", "size": "128GB"}');
INSERT INTO products (id, name, slug, description, category_id) VALUES ('55cf30e7-5763-47f0-9d00-dfdcb3d965d9', 'Lite Backpack 267', 'lite-backpack-267-55cf30', 'Description for Lite Backpack 267. Optimized for search and performance test.', '499c1077-3964-4748-b214-e46a08e8f397');
INSERT INTO product_variants (id, product_id, sku, price, stock_quantity, attributes) VALUES ('0856dac1-8c91-44da-a26d-361b4ff53100', '55cf30e7-5763-47f0-9d00-dfdcb3d965d9', 'BACKPACK-267-R1-0856', 3796, 56, '{"color": "Red", "size": "128GB"}');
INSERT INTO product_variants (id, product_id, sku, price, stock_quantity, attributes) VALUES ('31fbae19-c16b-4fad-ba78-d0bdcf963499', '55cf30e7-5763-47f0-9d00-dfdcb3d965d9', 'BACKPACK-267-B6-31FB', 4081, 54, '{"color": "Blue", "size": "64GB"}');
INSERT INTO product_variants (id, product_id, sku, price, stock_quantity, attributes) VALUES ('528708db-e810-4476-ae8c-90f0298fa5fb', '55cf30e7-5763-47f0-9d00-dfdcb3d965d9', 'BACKPACK-267-WS-5287', 1469, 198, '{"color": "White", "size": "S"}');
INSERT INTO products (id, name, slug, description, category_id) VALUES ('fde2ecf6-a6d9-4f84-ba99-a0650ac7edef', 'Eco Table 175', 'eco-table-175-fde2ec', 'Description for Eco Table 175. Optimized for search and performance test.', '499c1077-3964-4748-b214-e46a08e8f397');
INSERT INTO product_variants (id, product_id, sku, price, stock_quantity, attributes) VALUES ('16f5d2db-2cec-43a0-9775-e717baf49241', 'fde2ecf6-a6d9-4f84-ba99-a0650ac7edef', 'TABLE-175-W1-16F5', 4814, 90, '{"color": "White", "size": "128GB"}');
INSERT INTO product_variants (id, product_id, sku, price, stock_quantity, attributes) VALUES ('e867bf7c-243d-4d2a-98a5-883ecffe5ba6', 'fde2ecf6-a6d9-4f84-ba99-a0650ac7edef', 'TABLE-175-R2-E867', 3067, 186, '{"color": "Red", "size": "256GB"}');
INSERT INTO product_variants (id, product_id, sku, price, stock_quantity, attributes) VALUES ('9a48b0e6-eeb7-4d9b-8270-8acf3eff3fe7', 'fde2ecf6-a6d9-4f84-ba99-a0650ac7edef', 'TABLE-175-R2-9A48', 691, 118, '{"color": "Red", "size": "256GB"}');
INSERT INTO products (id, name, slug, description, category_id) VALUES ('1ef7b98c-ae72-4397-90de-3514d9afd495', 'Pro Phone 919', 'pro-phone-919-1ef7b9', 'Description for Pro Phone 919. Optimized for search and performance test.', '499c1077-3964-4748-b214-e46a08e8f397');
INSERT INTO product_variants (id, product_id, sku, price, stock_quantity, attributes) VALUES ('00a8f1c5-3813-4efd-8a5f-5fb832ec0324', '1ef7b98c-ae72-4397-90de-3514d9afd495', 'PHONE-919-BL-00A8', 3933, 77, '{"color": "Blue", "size": "L"}');
INSERT INTO product_variants (id, product_id, sku, price, stock_quantity, attributes) VALUES ('f76fff42-295e-4986-a2ce-e9905fdca428', '1ef7b98c-ae72-4397-90de-3514d9afd495', 'PHONE-919-W1-F76F', 1784, 30, '{"color": "White", "size": "128GB"}');
INSERT INTO product_variants (id, product_id, sku, price, stock_quantity, attributes) VALUES ('dec2b526-98fd-4747-b5d7-395d0117fdbf', '1ef7b98c-ae72-4397-90de-3514d9afd495', 'PHONE-919-SS-DEC2', 1318, 155, '{"color": "Silver", "size": "S"}');
INSERT INTO products (id, name, slug, description, category_id) VALUES ('4eabb719-e112-4553-9adb-ffb794a3044e', 'Original Monitor 555', 'original-monitor-555-4eabb7', 'Description for Original Monitor 555. Optimized for search and performance test.', '499c1077-3964-4748-b214-e46a08e8f397');
INSERT INTO product_variants (id, product_id, sku, price, stock_quantity, attributes) VALUES ('3a0cbb95-057c-4e97-9b39-79231524737e', '4eabb719-e112-4553-9adb-ffb794a3044e', 'MONITOR-555-G2-3A0C', 1929, 111, '{"color": "Gold", "size": "256GB"}');
INSERT INTO product_variants (id, product_id, sku, price, stock_quantity, attributes) VALUES ('7735dc0f-8107-4b51-9a03-19c418d32cc2', '4eabb719-e112-4553-9adb-ffb794a3044e', 'MONITOR-555-S8-7735', 2492, 77, '{"color": "Silver", "size": "8GB RAM"}');
INSERT INTO product_variants (id, product_id, sku, price, stock_quantity, attributes) VALUES ('6360a492-a7e8-490b-bec4-0f1b1db9de38', '4eabb719-e112-4553-9adb-ffb794a3044e', 'MONITOR-555-GX-6360', 4635, 132, '{"color": "Gold", "size": "XL"}');
INSERT INTO products (id, name, slug, description, category_id) VALUES ('2cd18801-3aee-4e08-8f71-18677ff5cbc2', 'Premium Shirt 200', 'premium-shirt-200-2cd188', 'Description for Premium Shirt 200. Optimized for search and performance test.', '499c1077-3964-4748-b214-e46a08e8f397');
INSERT INTO product_variants (id, product_id, sku, price, stock_quantity, attributes) VALUES ('c5b66a12-abf7-40b5-8435-6c49f3d34d06', '2cd18801-3aee-4e08-8f71-18677ff5cbc2', 'SHIRT-200-SL-C5B6', 3363, 26, '{"color": "Silver", "size": "L"}');
INSERT INTO product_variants (id, product_id, sku, price, stock_quantity, attributes) VALUES ('e8fc99cf-0b6b-493f-8141-4bcba07922c8', '2cd18801-3aee-4e08-8f71-18677ff5cbc2', 'SHIRT-200-B8-E8FC', 3401, 11, '{"color": "Black", "size": "8GB RAM"}');
INSERT INTO product_variants (id, product_id, sku, price, stock_quantity, attributes) VALUES ('f2b9a14c-7040-4120-a8c6-c8e1bda73e8e', '2cd18801-3aee-4e08-8f71-18677ff5cbc2', 'SHIRT-200-SX-F2B9', 4397, 134, '{"color": "Silver", "size": "XL"}');
INSERT INTO products (id, name, slug, description, category_id) VALUES ('6a479b84-820e-40bc-b411-58266940b4f9', 'Smart Table 832', 'smart-table-832-6a479b', 'Description for Smart Table 832. Optimized for search and performance test.', '499c1077-3964-4748-b214-e46a08e8f397');
INSERT INTO product_variants (id, product_id, sku, price, stock_quantity, attributes) VALUES ('127992ad-2285-432a-b166-15c7c1ad5f6b', '6a479b84-820e-40bc-b411-58266940b4f9', 'TABLE-832-G8-1279', 3592, 120, '{"color": "Gold", "size": "8GB RAM"}');
INSERT INTO product_variants (id, product_id, sku, price, stock_quantity, attributes) VALUES ('ff1f7cd4-19fb-434a-b9ad-29e34e93c6be', '6a479b84-820e-40bc-b411-58266940b4f9', 'TABLE-832-R1-FF1F', 1848, 68, '{"color": "Red", "size": "128GB"}');
INSERT INTO product_variants (id, product_id, sku, price, stock_quantity, attributes) VALUES ('4d8fbabb-694c-430a-aeb2-96320fc7491c', '6a479b84-820e-40bc-b411-58266940b4f9', 'TABLE-832-RL-4D8F', 4291, 179, '{"color": "Red", "size": "L"}');
INSERT INTO products (id, name, slug, description, category_id) VALUES ('64eeef08-297a-496c-af86-b090b1a0543b', 'Eco Bed 160', 'eco-bed-160-64eeef', 'Description for Eco Bed 160. Optimized for search and performance test.', '499c1077-3964-4748-b214-e46a08e8f397');
INSERT INTO product_variants (id, product_id, sku, price, stock_quantity, attributes) VALUES ('a82aa0f2-d4a6-49b4-b874-5205d16cbd6e', '64eeef08-297a-496c-af86-b090b1a0543b', 'BED-160-RS-A82A', 4488, 159, '{"color": "Red", "size": "S"}');
INSERT INTO product_variants (id, product_id, sku, price, stock_quantity, attributes) VALUES ('ebf0a4f5-f492-43ee-b2cb-514225fdc386', '64eeef08-297a-496c-af86-b090b1a0543b', 'BED-160-G8-EBF0', 2997, 200, '{"color": "Gold", "size": "8GB RAM"}');
INSERT INTO product_variants (id, product_id, sku, price, stock_quantity, attributes) VALUES ('7818aa07-6512-43cd-a3e6-2126ef4f70ac', '64eeef08-297a-496c-af86-b090b1a0543b', 'BED-160-SX-7818', 1236, 118, '{"color": "Silver", "size": "XL"}');
INSERT INTO products (id, name, slug, description, category_id) VALUES ('5268882b-deae-4e66-9ad2-e3ef5c4211f8', 'Eco Camera 246', 'eco-camera-246-526888', 'Description for Eco Camera 246. Optimized for search and performance test.', '499c1077-3964-4748-b214-e46a08e8f397');
INSERT INTO product_variants (id, product_id, sku, price, stock_quantity, attributes) VALUES ('80c76c9b-55e7-445a-8241-3c2d4c9642bb', '5268882b-deae-4e66-9ad2-e3ef5c4211f8', 'CAMERA-246-RM-80C7', 2377, 12, '{"color": "Red", "size": "M"}');
INSERT INTO product_variants (id, product_id, sku, price, stock_quantity, attributes) VALUES ('e90dffcd-4c81-4d07-ad4c-defc80c54250', '5268882b-deae-4e66-9ad2-e3ef5c4211f8', 'CAMERA-246-W6-E90D', 3556, 152, '{"color": "White", "size": "64GB"}');
INSERT INTO product_variants (id, product_id, sku, price, stock_quantity, attributes) VALUES ('910bfd9b-6162-4b95-bb52-633522458755', '5268882b-deae-4e66-9ad2-e3ef5c4211f8', 'CAMERA-246-B8-910B', 1218, 79, '{"color": "Blue", "size": "8GB RAM"}');
INSERT INTO products (id, name, slug, description, category_id) VALUES ('3c5ed502-dbcd-4113-b998-0c0e71124a13', 'Eco Phone 375', 'eco-phone-375-3c5ed5', 'Description for Eco Phone 375. Optimized for search and performance test.', '499c1077-3964-4748-b214-e46a08e8f397');
INSERT INTO product_variants (id, product_id, sku, price, stock_quantity, attributes) VALUES ('906cd4ff-63d4-4c29-a541-eaede15dbcf7', '3c5ed502-dbcd-4113-b998-0c0e71124a13', 'PHONE-375-B8-906C', 3887, 132, '{"color": "Blue", "size": "8GB RAM"}');
INSERT INTO product_variants (id, product_id, sku, price, stock_quantity, attributes) VALUES ('5ad6e411-c04c-4783-a443-47f99aa48e4e', '3c5ed502-dbcd-4113-b998-0c0e71124a13', 'PHONE-375-B1-5AD6', 333, 186, '{"color": "Black", "size": "16GB RAM"}');
INSERT INTO product_variants (id, product_id, sku, price, stock_quantity, attributes) VALUES ('db14b41b-5bab-41aa-9595-4ce44808ba8d', '3c5ed502-dbcd-4113-b998-0c0e71124a13', 'PHONE-375-B2-DB14', 4389, 33, '{"color": "Black", "size": "256GB"}');
INSERT INTO products (id, name, slug, description, category_id) VALUES ('0054b478-7bbd-434d-9dd1-7bf489707096', 'Pro Table 550', 'pro-table-550-0054b4', 'Description for Pro Table 550. Optimized for search and performance test.', '499c1077-3964-4748-b214-e46a08e8f397');
INSERT INTO product_variants (id, product_id, sku, price, stock_quantity, attributes) VALUES ('6f8548f4-dbf1-4a0a-ba56-e113724daef9', '0054b478-7bbd-434d-9dd1-7bf489707096', 'TABLE-550-W8-6F85', 2330, 187, '{"color": "White", "size": "8GB RAM"}');
INSERT INTO product_variants (id, product_id, sku, price, stock_quantity, attributes) VALUES ('2f461060-4f6f-40a2-8271-3d49c9881151', '0054b478-7bbd-434d-9dd1-7bf489707096', 'TABLE-550-WM-2F46', 486, 189, '{"color": "White", "size": "M"}');
INSERT INTO product_variants (id, product_id, sku, price, stock_quantity, attributes) VALUES ('5e9ddb27-07f8-4026-b777-3aa1b373f465', '0054b478-7bbd-434d-9dd1-7bf489707096', 'TABLE-550-G8-5E9D', 2558, 114, '{"color": "Gold", "size": "8GB RAM"}');
INSERT INTO products (id, name, slug, description, category_id) VALUES ('dbd70b07-ca8e-4e67-b4e2-fa4af1b6f590', 'Original Dress 192', 'original-dress-192-dbd70b', 'Description for Original Dress 192. Optimized for search and performance test.', '499c1077-3964-4748-b214-e46a08e8f397');
INSERT INTO product_variants (id, product_id, sku, price, stock_quantity, attributes) VALUES ('d151cfc7-9145-4584-8992-eba0ee817041', 'dbd70b07-ca8e-4e67-b4e2-fa4af1b6f590', 'DRESS-192-W1-D151', 1170, 89, '{"color": "White", "size": "16GB RAM"}');
INSERT INTO product_variants (id, product_id, sku, price, stock_quantity, attributes) VALUES ('4639857f-6e40-448b-8f95-b7849ec51722', 'dbd70b07-ca8e-4e67-b4e2-fa4af1b6f590', 'DRESS-192-RL-4639', 4679, 47, '{"color": "Red", "size": "L"}');
INSERT INTO product_variants (id, product_id, sku, price, stock_quantity, attributes) VALUES ('45903811-ce59-4063-8f02-0050cd5afc02', 'dbd70b07-ca8e-4e67-b4e2-fa4af1b6f590', 'DRESS-192-B1-4590', 3104, 174, '{"color": "Blue", "size": "128GB"}');
INSERT INTO products (id, name, slug, description, category_id) VALUES ('979bd543-4969-47fc-8578-37f0d188f7f4', 'Original Phone 202', 'original-phone-202-979bd5', 'Description for Original Phone 202. Optimized for search and performance test.', '499c1077-3964-4748-b214-e46a08e8f397');
INSERT INTO product_variants (id, product_id, sku, price, stock_quantity, attributes) VALUES ('afc4872a-96b3-4b79-a027-95e2835d9922', '979bd543-4969-47fc-8578-37f0d188f7f4', 'PHONE-202-BX-AFC4', 3671, 190, '{"color": "Black", "size": "XL"}');
INSERT INTO product_variants (id, product_id, sku, price, stock_quantity, attributes) VALUES ('0f8b64a7-2b6b-49d7-a850-f39f756079b1', '979bd543-4969-47fc-8578-37f0d188f7f4', 'PHONE-202-GL-0F8B', 596, 176, '{"color": "Green", "size": "L"}');
INSERT INTO product_variants (id, product_id, sku, price, stock_quantity, attributes) VALUES ('94e31941-9a72-468d-9830-6158e41c8c5e', '979bd543-4969-47fc-8578-37f0d188f7f4', 'PHONE-202-WL-94E3', 1975, 38, '{"color": "White", "size": "L"}');
INSERT INTO products (id, name, slug, description, category_id) VALUES ('a6a085a4-b6da-4e97-a883-6deab1013980', 'Lite Headphones 118', 'lite-headphones-118-a6a085', 'Description for Lite Headphones 118. Optimized for search and performance test.', '499c1077-3964-4748-b214-e46a08e8f397');
INSERT INTO product_variants (id, product_id, sku, price, stock_quantity, attributes) VALUES ('17a231ab-43ed-45b1-a189-a73c114170e4', 'a6a085a4-b6da-4e97-a883-6deab1013980', 'HEADPHONES-118-WX-17A2', 3358, 178, '{"color": "White", "size": "XXL"}');
INSERT INTO product_variants (id, product_id, sku, price, stock_quantity, attributes) VALUES ('2a34151d-b40b-4654-a4a7-912458b35159', 'a6a085a4-b6da-4e97-a883-6deab1013980', 'HEADPHONES-118-G8-2A34', 3178, 63, '{"color": "Green", "size": "8GB RAM"}');
INSERT INTO product_variants (id, product_id, sku, price, stock_quantity, attributes) VALUES ('ec5c03b8-f9c4-483f-bad1-cec7ba1c1fbe', 'a6a085a4-b6da-4e97-a883-6deab1013980', 'HEADPHONES-118-S6-EC5C', 296, 107, '{"color": "Silver", "size": "64GB"}');
INSERT INTO products (id, name, slug, description, category_id) VALUES ('59b7abe3-d068-4bbb-a636-326d1404996a', 'Lite Monitor 323', 'lite-monitor-323-59b7ab', 'Description for Lite Monitor 323. Optimized for search and performance test.', '499c1077-3964-4748-b214-e46a08e8f397');
INSERT INTO product_variants (id, product_id, sku, price, stock_quantity, attributes) VALUES ('82526cd3-47d2-4912-926b-cb36d72efe50', '59b7abe3-d068-4bbb-a636-326d1404996a', 'MONITOR-323-B2-8252', 684, 49, '{"color": "Black", "size": "256GB"}');
INSERT INTO product_variants (id, product_id, sku, price, stock_quantity, attributes) VALUES ('06ccc740-9e29-4c0a-9c8e-a9b037f05a56', '59b7abe3-d068-4bbb-a636-326d1404996a', 'MONITOR-323-B1-06CC', 3107, 31, '{"color": "Blue", "size": "16GB RAM"}');
INSERT INTO product_variants (id, product_id, sku, price, stock_quantity, attributes) VALUES ('536144ea-3fdd-4284-a331-04fb13d6f990', '59b7abe3-d068-4bbb-a636-326d1404996a', 'MONITOR-323-G8-5361', 4639, 58, '{"color": "Green", "size": "8GB RAM"}');
INSERT INTO products (id, name, slug, description, category_id) VALUES ('4dd33b19-860e-4f9c-9099-64e3405ee47d', 'Premium Shirt 295', 'premium-shirt-295-4dd33b', 'Description for Premium Shirt 295. Optimized for search and performance test.', '499c1077-3964-4748-b214-e46a08e8f397');
INSERT INTO product_variants (id, product_id, sku, price, stock_quantity, attributes) VALUES ('17a4204a-d47a-4172-a284-b67e0dd5e7a1', '4dd33b19-860e-4f9c-9099-64e3405ee47d', 'SHIRT-295-BM-17A4', 914, 107, '{"color": "Black", "size": "M"}');
INSERT INTO product_variants (id, product_id, sku, price, stock_quantity, attributes) VALUES ('2b436d25-3e4b-4f21-9467-3433fda7f411', '4dd33b19-860e-4f9c-9099-64e3405ee47d', 'SHIRT-295-BM-2B43', 2403, 176, '{"color": "Black", "size": "M"}');
INSERT INTO product_variants (id, product_id, sku, price, stock_quantity, attributes) VALUES ('d0f73b1e-f6e3-4590-b6b3-4c659f17e528', '4dd33b19-860e-4f9c-9099-64e3405ee47d', 'SHIRT-295-BL-D0F7', 3871, 103, '{"color": "Blue", "size": "L"}');
INSERT INTO products (id, name, slug, description, category_id) VALUES ('b667d96a-d2d7-4ddd-8431-9285289da4ef', 'Smart Monitor 327', 'smart-monitor-327-b667d9', 'Description for Smart Monitor 327. Optimized for search and performance test.', '499c1077-3964-4748-b214-e46a08e8f397');
INSERT INTO product_variants (id, product_id, sku, price, stock_quantity, attributes) VALUES ('fd50df22-1b87-4100-bf24-7c135d23fa32', 'b667d96a-d2d7-4ddd-8431-9285289da4ef', 'MONITOR-327-GL-FD50', 2233, 42, '{"color": "Gold", "size": "L"}');
INSERT INTO product_variants (id, product_id, sku, price, stock_quantity, attributes) VALUES ('b34f0318-9683-4bfc-8096-9bae435c5750', 'b667d96a-d2d7-4ddd-8431-9285289da4ef', 'MONITOR-327-G6-B34F', 2520, 50, '{"color": "Green", "size": "64GB"}');
INSERT INTO product_variants (id, product_id, sku, price, stock_quantity, attributes) VALUES ('58260cf6-9718-4ded-a2d7-b5ff44c4c060', 'b667d96a-d2d7-4ddd-8431-9285289da4ef', 'MONITOR-327-BX-5826', 1947, 34, '{"color": "Blue", "size": "XXL"}');
INSERT INTO products (id, name, slug, description, category_id) VALUES ('47ea8da0-e511-467a-911f-18906bcb0c15', 'Smart Bed 307', 'smart-bed-307-47ea8d', 'Description for Smart Bed 307. Optimized for search and performance test.', '499c1077-3964-4748-b214-e46a08e8f397');
INSERT INTO product_variants (id, product_id, sku, price, stock_quantity, attributes) VALUES ('3921a730-6525-4197-953f-a840f5c42559', '47ea8da0-e511-467a-911f-18906bcb0c15', 'BED-307-RL-3921', 4900, 23, '{"color": "Red", "size": "L"}');
INSERT INTO product_variants (id, product_id, sku, price, stock_quantity, attributes) VALUES ('de123f9d-bac3-4b08-8089-97776330420d', '47ea8da0-e511-467a-911f-18906bcb0c15', 'BED-307-GL-DE12', 2217, 135, '{"color": "Green", "size": "L"}');
INSERT INTO product_variants (id, product_id, sku, price, stock_quantity, attributes) VALUES ('b0e887f8-3e69-4111-baa2-8362305201c6', '47ea8da0-e511-467a-911f-18906bcb0c15', 'BED-307-G1-B0E8', 1974, 118, '{"color": "Green", "size": "16GB RAM"}');
INSERT INTO products (id, name, slug, description, category_id) VALUES ('7244f9de-f613-49e9-af6a-8494646036a7', 'Smart Shirt 748', 'smart-shirt-748-7244f9', 'Description for Smart Shirt 748. Optimized for search and performance test.', '499c1077-3964-4748-b214-e46a08e8f397');
INSERT INTO product_variants (id, product_id, sku, price, stock_quantity, attributes) VALUES ('64242b92-4b73-415d-9905-6da1415f2945', '7244f9de-f613-49e9-af6a-8494646036a7', 'SHIRT-748-SX-6424', 3081, 128, '{"color": "Silver", "size": "XXL"}');
INSERT INTO product_variants (id, product_id, sku, price, stock_quantity, attributes) VALUES ('5a85da68-bcfc-41eb-928e-9abc261377a5', '7244f9de-f613-49e9-af6a-8494646036a7', 'SHIRT-748-BL-5A85', 1113, 135, '{"color": "Blue", "size": "L"}');
INSERT INTO product_variants (id, product_id, sku, price, stock_quantity, attributes) VALUES ('a5cded79-2d23-4bd1-8a8d-d093b6e2ad5a', '7244f9de-f613-49e9-af6a-8494646036a7', 'SHIRT-748-WM-A5CD', 248, 105, '{"color": "White", "size": "M"}');
INSERT INTO products (id, name, slug, description, category_id) VALUES ('80145d16-a240-4bbb-82ab-279899c34ea5', 'Eco Camera 668', 'eco-camera-668-80145d', 'Description for Eco Camera 668. Optimized for search and performance test.', '499c1077-3964-4748-b214-e46a08e8f397');
INSERT INTO product_variants (id, product_id, sku, price, stock_quantity, attributes) VALUES ('7b550c42-debe-47ee-a0e8-02a63a7cedda', '80145d16-a240-4bbb-82ab-279899c34ea5', 'CAMERA-668-B8-7B55', 2690, 142, '{"color": "Blue", "size": "8GB RAM"}');
INSERT INTO product_variants (id, product_id, sku, price, stock_quantity, attributes) VALUES ('02b533b6-6e7b-4633-9c07-c5b6852bada2', '80145d16-a240-4bbb-82ab-279899c34ea5', 'CAMERA-668-B1-02B5', 3705, 39, '{"color": "Black", "size": "128GB"}');
INSERT INTO product_variants (id, product_id, sku, price, stock_quantity, attributes) VALUES ('dcc971e3-dfa7-4ed4-a6bd-1cd30d3f1e87', '80145d16-a240-4bbb-82ab-279899c34ea5', 'CAMERA-668-GL-DCC9', 1640, 28, '{"color": "Gold", "size": "L"}');
INSERT INTO products (id, name, slug, description, category_id) VALUES ('a45f4e0f-cf6d-478f-b72f-e04ce6fcf654', 'Smart Monitor 962', 'smart-monitor-962-a45f4e', 'Description for Smart Monitor 962. Optimized for search and performance test.', '499c1077-3964-4748-b214-e46a08e8f397');
INSERT INTO product_variants (id, product_id, sku, price, stock_quantity, attributes) VALUES ('9d101778-54dd-4811-83d1-f7fb40b51f71', 'a45f4e0f-cf6d-478f-b72f-e04ce6fcf654', 'MONITOR-962-GM-9D10', 1273, 59, '{"color": "Gold", "size": "M"}');
INSERT INTO product_variants (id, product_id, sku, price, stock_quantity, attributes) VALUES ('d7e1f8b5-b0db-45cc-a170-9cf7a58721ea', 'a45f4e0f-cf6d-478f-b72f-e04ce6fcf654', 'MONITOR-962-BX-D7E1', 490, 184, '{"color": "Blue", "size": "XL"}');
INSERT INTO product_variants (id, product_id, sku, price, stock_quantity, attributes) VALUES ('f320dc23-a85f-446d-adc7-d191ab593fde', 'a45f4e0f-cf6d-478f-b72f-e04ce6fcf654', 'MONITOR-962-G2-F320', 4744, 152, '{"color": "Gold", "size": "256GB"}');
INSERT INTO products (id, name, slug, description, category_id) VALUES ('8eea4824-48e7-4ab7-9d69-6922a2050dd9', 'Premium Table 119', 'premium-table-119-8eea48', 'Description for Premium Table 119. Optimized for search and performance test.', '499c1077-3964-4748-b214-e46a08e8f397');
INSERT INTO product_variants (id, product_id, sku, price, stock_quantity, attributes) VALUES ('f0d907b0-743c-419d-a0bf-6f0b5f8dae5b', '8eea4824-48e7-4ab7-9d69-6922a2050dd9', 'TABLE-119-G2-F0D9', 103, 111, '{"color": "Gold", "size": "256GB"}');
INSERT INTO product_variants (id, product_id, sku, price, stock_quantity, attributes) VALUES ('11afd3d1-7b6e-4612-a6f5-a7ed5645dc64', '8eea4824-48e7-4ab7-9d69-6922a2050dd9', 'TABLE-119-BS-11AF', 412, 136, '{"color": "Black", "size": "S"}');
INSERT INTO product_variants (id, product_id, sku, price, stock_quantity, attributes) VALUES ('7c970c80-25fe-4902-ad91-59fca057f770', '8eea4824-48e7-4ab7-9d69-6922a2050dd9', 'TABLE-119-G2-7C97', 378, 35, '{"color": "Green", "size": "256GB"}');
INSERT INTO products (id, name, slug, description, category_id) VALUES ('49fa7a3c-02cf-404b-a602-5e9b47654506', 'Smart Table 917', 'smart-table-917-49fa7a', 'Description for Smart Table 917. Optimized for search and performance test.', '499c1077-3964-4748-b214-e46a08e8f397');
INSERT INTO product_variants (id, product_id, sku, price, stock_quantity, attributes) VALUES ('059bc233-8c51-4caf-b841-6125f09b37e0', '49fa7a3c-02cf-404b-a602-5e9b47654506', 'TABLE-917-G1-059B', 1911, 77, '{"color": "Gold", "size": "128GB"}');
INSERT INTO product_variants (id, product_id, sku, price, stock_quantity, attributes) VALUES ('e7b63732-426b-4a77-b117-cad69747b16d', '49fa7a3c-02cf-404b-a602-5e9b47654506', 'TABLE-917-BS-E7B6', 1445, 82, '{"color": "Blue", "size": "S"}');
INSERT INTO product_variants (id, product_id, sku, price, stock_quantity, attributes) VALUES ('8d265297-4bf9-4bc4-a382-5ecedb5e52a9', '49fa7a3c-02cf-404b-a602-5e9b47654506', 'TABLE-917-RS-8D26', 2222, 123, '{"color": "Red", "size": "S"}');
INSERT INTO products (id, name, slug, description, category_id) VALUES ('46ef96f1-68cd-44fd-a42e-c50c0a515310', 'Elegant Shirt 628', 'elegant-shirt-628-46ef96', 'Description for Elegant Shirt 628. Optimized for search and performance test.', '499c1077-3964-4748-b214-e46a08e8f397');
INSERT INTO product_variants (id, product_id, sku, price, stock_quantity, attributes) VALUES ('9b84ac88-1b50-4164-b429-f7a29ee8ef4a', '46ef96f1-68cd-44fd-a42e-c50c0a515310', 'SHIRT-628-G1-9B84', 3734, 23, '{"color": "Green", "size": "128GB"}');
INSERT INTO product_variants (id, product_id, sku, price, stock_quantity, attributes) VALUES ('fb89ed7f-1867-43e1-9b75-79936e1a7eaa', '46ef96f1-68cd-44fd-a42e-c50c0a515310', 'SHIRT-628-W8-FB89', 4574, 16, '{"color": "White", "size": "8GB RAM"}');
INSERT INTO product_variants (id, product_id, sku, price, stock_quantity, attributes) VALUES ('47e4e007-d2ef-482d-ba82-968dbc9adc67', '46ef96f1-68cd-44fd-a42e-c50c0a515310', 'SHIRT-628-S1-47E4', 4846, 191, '{"color": "Silver", "size": "128GB"}');
INSERT INTO products (id, name, slug, description, category_id) VALUES ('f333fdb2-c0a1-4537-a0bf-f5656f8fafeb', 'Original Table 596', 'original-table-596-f333fd', 'Description for Original Table 596. Optimized for search and performance test.', '499c1077-3964-4748-b214-e46a08e8f397');
INSERT INTO product_variants (id, product_id, sku, price, stock_quantity, attributes) VALUES ('8bcec1e0-ad77-4186-875f-f9baa93a54da', 'f333fdb2-c0a1-4537-a0bf-f5656f8fafeb', 'TABLE-596-S1-8BCE', 3033, 38, '{"color": "Silver", "size": "128GB"}');
INSERT INTO product_variants (id, product_id, sku, price, stock_quantity, attributes) VALUES ('b4bd8641-f167-4672-8ee1-6715e0b133ec', 'f333fdb2-c0a1-4537-a0bf-f5656f8fafeb', 'TABLE-596-GX-B4BD', 1061, 129, '{"color": "Green", "size": "XXL"}');
INSERT INTO product_variants (id, product_id, sku, price, stock_quantity, attributes) VALUES ('d41268c2-fef7-4254-88a4-eb06c06692db', 'f333fdb2-c0a1-4537-a0bf-f5656f8fafeb', 'TABLE-596-R8-D412', 2096, 16, '{"color": "Red", "size": "8GB RAM"}');
INSERT INTO products (id, name, slug, description, category_id) VALUES ('cc4ceab1-a5ec-41f1-a78c-ce7b440f18ad', 'Ultra Headphones 172', 'ultra-headphones-172-cc4cea', 'Description for Ultra Headphones 172. Optimized for search and performance test.', '499c1077-3964-4748-b214-e46a08e8f397');
INSERT INTO product_variants (id, product_id, sku, price, stock_quantity, attributes) VALUES ('128ef125-3e70-4060-b639-5e1361167bef', 'cc4ceab1-a5ec-41f1-a78c-ce7b440f18ad', 'HEADPHONES-172-S2-128E', 3349, 109, '{"color": "Silver", "size": "256GB"}');
INSERT INTO product_variants (id, product_id, sku, price, stock_quantity, attributes) VALUES ('240bb3bb-64bd-4403-a62c-8434d78d3069', 'cc4ceab1-a5ec-41f1-a78c-ce7b440f18ad', 'HEADPHONES-172-R8-240B', 3375, 14, '{"color": "Red", "size": "8GB RAM"}');
INSERT INTO product_variants (id, product_id, sku, price, stock_quantity, attributes) VALUES ('5ddbd298-1009-481e-902a-a5057ba2421b', 'cc4ceab1-a5ec-41f1-a78c-ce7b440f18ad', 'HEADPHONES-172-RS-5DDB', 886, 173, '{"color": "Red", "size": "S"}');
INSERT INTO products (id, name, slug, description, category_id) VALUES ('63df9f03-2b1b-4c8b-aae8-c7f4f9dc1443', 'Elegant Camera 223', 'elegant-camera-223-63df9f', 'Description for Elegant Camera 223. Optimized for search and performance test.', '499c1077-3964-4748-b214-e46a08e8f397');
INSERT INTO product_variants (id, product_id, sku, price, stock_quantity, attributes) VALUES ('6f83cd4c-5000-47ad-b67d-9b431e688b7b', '63df9f03-2b1b-4c8b-aae8-c7f4f9dc1443', 'CAMERA-223-W1-6F83', 3369, 172, '{"color": "White", "size": "128GB"}');
INSERT INTO product_variants (id, product_id, sku, price, stock_quantity, attributes) VALUES ('7fe03fb0-0b55-4ec0-a147-55c80476fafa', '63df9f03-2b1b-4c8b-aae8-c7f4f9dc1443', 'CAMERA-223-S1-7FE0', 2975, 128, '{"color": "Silver", "size": "128GB"}');
INSERT INTO product_variants (id, product_id, sku, price, stock_quantity, attributes) VALUES ('7674794c-882a-407f-9027-6b14f6b49a61', '63df9f03-2b1b-4c8b-aae8-c7f4f9dc1443', 'CAMERA-223-R1-7674', 651, 25, '{"color": "Red", "size": "128GB"}');
INSERT INTO products (id, name, slug, description, category_id) VALUES ('80e74d5d-2895-4f68-a774-774c2b535e83', 'Pro Camera 801', 'pro-camera-801-80e74d', 'Description for Pro Camera 801. Optimized for search and performance test.', '499c1077-3964-4748-b214-e46a08e8f397');
INSERT INTO product_variants (id, product_id, sku, price, stock_quantity, attributes) VALUES ('661a53ef-b264-4e02-a1ff-b823bbefd7dc', '80e74d5d-2895-4f68-a774-774c2b535e83', 'CAMERA-801-S1-661A', 3281, 116, '{"color": "Silver", "size": "128GB"}');
INSERT INTO product_variants (id, product_id, sku, price, stock_quantity, attributes) VALUES ('aa8c8ff0-7d4a-44d7-9a48-cfc56fd7c81b', '80e74d5d-2895-4f68-a774-774c2b535e83', 'CAMERA-801-R1-AA8C', 1865, 39, '{"color": "Red", "size": "16GB RAM"}');
INSERT INTO product_variants (id, product_id, sku, price, stock_quantity, attributes) VALUES ('c548e995-8089-4b73-bc31-89cd0da2743d', '80e74d5d-2895-4f68-a774-774c2b535e83', 'CAMERA-801-B1-C548', 402, 118, '{"color": "Black", "size": "16GB RAM"}');
INSERT INTO products (id, name, slug, description, category_id) VALUES ('90849ff5-b7f0-4189-976c-b2741f8075e9', 'Elegant Speaker 382', 'elegant-speaker-382-90849f', 'Description for Elegant Speaker 382. Optimized for search and performance test.', '499c1077-3964-4748-b214-e46a08e8f397');
INSERT INTO product_variants (id, product_id, sku, price, stock_quantity, attributes) VALUES ('bb434c7a-79a4-447d-aeb6-325809896497', '90849ff5-b7f0-4189-976c-b2741f8075e9', 'SPEAKER-382-GM-BB43', 4984, 13, '{"color": "Gold", "size": "M"}');
INSERT INTO product_variants (id, product_id, sku, price, stock_quantity, attributes) VALUES ('df668f56-72c6-44e7-b44a-eb55c08d853f', '90849ff5-b7f0-4189-976c-b2741f8075e9', 'SPEAKER-382-R2-DF66', 3679, 96, '{"color": "Red", "size": "256GB"}');
INSERT INTO product_variants (id, product_id, sku, price, stock_quantity, attributes) VALUES ('4ec25659-9093-41c0-97b6-d5005acdbd4e', '90849ff5-b7f0-4189-976c-b2741f8075e9', 'SPEAKER-382-G1-4EC2', 4136, 184, '{"color": "Gold", "size": "16GB RAM"}');
INSERT INTO products (id, name, slug, description, category_id) VALUES ('154e0a9f-66eb-4d1e-86fd-0a14d837ec4c', 'Smart Monitor 765', 'smart-monitor-765-154e0a', 'Description for Smart Monitor 765. Optimized for search and performance test.', '499c1077-3964-4748-b214-e46a08e8f397');
INSERT INTO product_variants (id, product_id, sku, price, stock_quantity, attributes) VALUES ('e477343f-1624-43a4-b72a-3d7b8f2d7d91', '154e0a9f-66eb-4d1e-86fd-0a14d837ec4c', 'MONITOR-765-SX-E477', 441, 55, '{"color": "Silver", "size": "XXL"}');
INSERT INTO product_variants (id, product_id, sku, price, stock_quantity, attributes) VALUES ('67231c80-68d4-4f89-9c82-4769122a11e9', '154e0a9f-66eb-4d1e-86fd-0a14d837ec4c', 'MONITOR-765-WS-6723', 4634, 198, '{"color": "White", "size": "S"}');
INSERT INTO product_variants (id, product_id, sku, price, stock_quantity, attributes) VALUES ('05f9843a-8967-4685-a475-3230788746cf', '154e0a9f-66eb-4d1e-86fd-0a14d837ec4c', 'MONITOR-765-GL-05F9', 1552, 40, '{"color": "Green", "size": "L"}');
INSERT INTO products (id, name, slug, description, category_id) VALUES ('0dbe775c-b623-4476-bcfd-ba4f88e782b3', 'Elegant Speaker 389', 'elegant-speaker-389-0dbe77', 'Description for Elegant Speaker 389. Optimized for search and performance test.', '499c1077-3964-4748-b214-e46a08e8f397');
INSERT INTO product_variants (id, product_id, sku, price, stock_quantity, attributes) VALUES ('5cd3123a-fa5d-4fac-aa1c-8ba17a2f0ff7', '0dbe775c-b623-4476-bcfd-ba4f88e782b3', 'SPEAKER-389-R1-5CD3', 4783, 194, '{"color": "Red", "size": "128GB"}');
INSERT INTO product_variants (id, product_id, sku, price, stock_quantity, attributes) VALUES ('e127452e-7218-4b0d-a286-890c259916cd', '0dbe775c-b623-4476-bcfd-ba4f88e782b3', 'SPEAKER-389-WM-E127', 2974, 60, '{"color": "White", "size": "M"}');
INSERT INTO product_variants (id, product_id, sku, price, stock_quantity, attributes) VALUES ('c257b908-7f20-47d1-a2d7-60a23ee69600', '0dbe775c-b623-4476-bcfd-ba4f88e782b3', 'SPEAKER-389-BM-C257', 2271, 181, '{"color": "Black", "size": "M"}');
INSERT INTO products (id, name, slug, description, category_id) VALUES ('6793a13c-ba3e-43a4-ad19-c4ecd10f9d81', 'Elegant Dress 786', 'elegant-dress-786-6793a1', 'Description for Elegant Dress 786. Optimized for search and performance test.', '499c1077-3964-4748-b214-e46a08e8f397');
INSERT INTO product_variants (id, product_id, sku, price, stock_quantity, attributes) VALUES ('463c5536-8a7f-4a30-8263-039bc52f0afd', '6793a13c-ba3e-43a4-ad19-c4ecd10f9d81', 'DRESS-786-G8-463C', 794, 166, '{"color": "Green", "size": "8GB RAM"}');
INSERT INTO product_variants (id, product_id, sku, price, stock_quantity, attributes) VALUES ('b2d99776-7261-4f6f-aeb1-c65ca3a3b69d', '6793a13c-ba3e-43a4-ad19-c4ecd10f9d81', 'DRESS-786-W6-B2D9', 461, 61, '{"color": "White", "size": "64GB"}');
INSERT INTO product_variants (id, product_id, sku, price, stock_quantity, attributes) VALUES ('40a25d87-0766-43f3-b483-a9a8e4cdb08c', '6793a13c-ba3e-43a4-ad19-c4ecd10f9d81', 'DRESS-786-B1-40A2', 769, 170, '{"color": "Black", "size": "128GB"}');
INSERT INTO products (id, name, slug, description, category_id) VALUES ('60ed0e9c-7435-4241-8b2d-2678e40e132f', 'Original Headphones 767', 'original-headphones-767-60ed0e', 'Description for Original Headphones 767. Optimized for search and performance test.', '499c1077-3964-4748-b214-e46a08e8f397');
INSERT INTO product_variants (id, product_id, sku, price, stock_quantity, attributes) VALUES ('4dad8249-b1f2-4e0f-99ed-b96d874cac17', '60ed0e9c-7435-4241-8b2d-2678e40e132f', 'HEADPHONES-767-G1-4DAD', 4609, 116, '{"color": "Green", "size": "128GB"}');
INSERT INTO product_variants (id, product_id, sku, price, stock_quantity, attributes) VALUES ('ee6bf029-fcb4-4ab4-8659-a9451790976d', '60ed0e9c-7435-4241-8b2d-2678e40e132f', 'HEADPHONES-767-GL-EE6B', 2169, 106, '{"color": "Green", "size": "L"}');
INSERT INTO product_variants (id, product_id, sku, price, stock_quantity, attributes) VALUES ('5b9b8f02-0f0e-48cd-8fd9-50c02c9fcd6c', '60ed0e9c-7435-4241-8b2d-2678e40e132f', 'HEADPHONES-767-B1-5B9B', 3595, 48, '{"color": "Blue", "size": "128GB"}');
INSERT INTO products (id, name, slug, description, category_id) VALUES ('9580fa0b-5948-490b-b171-c716f6b655c2', 'Smart Headphones 706', 'smart-headphones-706-9580fa', 'Description for Smart Headphones 706. Optimized for search and performance test.', '499c1077-3964-4748-b214-e46a08e8f397');
INSERT INTO product_variants (id, product_id, sku, price, stock_quantity, attributes) VALUES ('62594c0d-9b0f-42bc-86c9-28cb6244d9ea', '9580fa0b-5948-490b-b171-c716f6b655c2', 'HEADPHONES-706-RL-6259', 2814, 195, '{"color": "Red", "size": "L"}');
INSERT INTO product_variants (id, product_id, sku, price, stock_quantity, attributes) VALUES ('9472c4b6-3c0b-4642-940b-b67352802432', '9580fa0b-5948-490b-b171-c716f6b655c2', 'HEADPHONES-706-S2-9472', 2420, 119, '{"color": "Silver", "size": "256GB"}');
INSERT INTO product_variants (id, product_id, sku, price, stock_quantity, attributes) VALUES ('b748c369-3135-48ca-b95c-2cf0ae892de3', '9580fa0b-5948-490b-b171-c716f6b655c2', 'HEADPHONES-706-R1-B748', 1888, 91, '{"color": "Red", "size": "128GB"}');
INSERT INTO products (id, name, slug, description, category_id) VALUES ('7c5506f4-155a-4c1f-8e76-658f9d54ebfa', 'Ultra Dress 729', 'ultra-dress-729-7c5506', 'Description for Ultra Dress 729. Optimized for search and performance test.', '49f58cb4-578e-43cb-b3ab-fee873124daf');
INSERT INTO product_variants (id, product_id, sku, price, stock_quantity, attributes) VALUES ('f8edd58a-7d1e-4660-9415-8ba2c6619daa', '7c5506f4-155a-4c1f-8e76-658f9d54ebfa', 'DRESS-729-S2-F8ED', 750, 55, '{"color": "Silver", "size": "256GB"}');
INSERT INTO product_variants (id, product_id, sku, price, stock_quantity, attributes) VALUES ('802bd593-a2e6-4ba7-9be4-43b2f3ecf558', '7c5506f4-155a-4c1f-8e76-658f9d54ebfa', 'DRESS-729-G1-802B', 4704, 49, '{"color": "Gold", "size": "128GB"}');
INSERT INTO product_variants (id, product_id, sku, price, stock_quantity, attributes) VALUES ('b29ba90a-2b80-4e06-93dc-5677c85e4a3e', '7c5506f4-155a-4c1f-8e76-658f9d54ebfa', 'DRESS-729-S2-B29B', 4825, 155, '{"color": "Silver", "size": "256GB"}');
INSERT INTO products (id, name, slug, description, category_id) VALUES ('1c709606-0e33-4eb3-8bb4-ad27b2cdfd84', 'Smart Backpack 911', 'smart-backpack-911-1c7096', 'Description for Smart Backpack 911. Optimized for search and performance test.', '49f58cb4-578e-43cb-b3ab-fee873124daf');
INSERT INTO product_variants (id, product_id, sku, price, stock_quantity, attributes) VALUES ('6bbfb346-fde3-43dc-872e-fb54a60c2395', '1c709606-0e33-4eb3-8bb4-ad27b2cdfd84', 'BACKPACK-911-B1-6BBF', 1667, 148, '{"color": "Black", "size": "128GB"}');
INSERT INTO product_variants (id, product_id, sku, price, stock_quantity, attributes) VALUES ('ce83acb7-c062-4a8d-9ded-355d35c642a7', '1c709606-0e33-4eb3-8bb4-ad27b2cdfd84', 'BACKPACK-911-S1-CE83', 3502, 105, '{"color": "Silver", "size": "16GB RAM"}');
INSERT INTO product_variants (id, product_id, sku, price, stock_quantity, attributes) VALUES ('3d396fb0-f307-4ff0-b4d7-7a73c9ff296c', '1c709606-0e33-4eb3-8bb4-ad27b2cdfd84', 'BACKPACK-911-GS-3D39', 4010, 192, '{"color": "Gold", "size": "S"}');
INSERT INTO products (id, name, slug, description, category_id) VALUES ('34155e71-676f-4b39-9ac5-b7d1a3d05a8e', 'Premium Bed 747', 'premium-bed-747-34155e', 'Description for Premium Bed 747. Optimized for search and performance test.', '49f58cb4-578e-43cb-b3ab-fee873124daf');
INSERT INTO product_variants (id, product_id, sku, price, stock_quantity, attributes) VALUES ('4290cc4c-64a0-4ddc-95d6-e8441bcfb6cd', '34155e71-676f-4b39-9ac5-b7d1a3d05a8e', 'BED-747-RM-4290', 4219, 110, '{"color": "Red", "size": "M"}');
INSERT INTO product_variants (id, product_id, sku, price, stock_quantity, attributes) VALUES ('ad6ecde0-e741-4fd2-94fa-217bab8ed96c', '34155e71-676f-4b39-9ac5-b7d1a3d05a8e', 'BED-747-G8-AD6E', 662, 168, '{"color": "Green", "size": "8GB RAM"}');
INSERT INTO product_variants (id, product_id, sku, price, stock_quantity, attributes) VALUES ('7c44a985-6a1e-4d8d-81a9-7c7c62c31109', '34155e71-676f-4b39-9ac5-b7d1a3d05a8e', 'BED-747-BM-7C44', 4026, 196, '{"color": "Black", "size": "M"}');
INSERT INTO products (id, name, slug, description, category_id) VALUES ('5a0ad906-57fd-4b14-9e84-b6f82b9974f9', 'Elegant Dress 831', 'elegant-dress-831-5a0ad9', 'Description for Elegant Dress 831. Optimized for search and performance test.', '49f58cb4-578e-43cb-b3ab-fee873124daf');
INSERT INTO product_variants (id, product_id, sku, price, stock_quantity, attributes) VALUES ('62ff00e7-420b-4bb7-941f-3de396acd466', '5a0ad906-57fd-4b14-9e84-b6f82b9974f9', 'DRESS-831-RL-62FF', 3384, 13, '{"color": "Red", "size": "L"}');
INSERT INTO product_variants (id, product_id, sku, price, stock_quantity, attributes) VALUES ('7624cc6a-88d3-4947-9405-99c1c198c96f', '5a0ad906-57fd-4b14-9e84-b6f82b9974f9', 'DRESS-831-B8-7624', 896, 40, '{"color": "Black", "size": "8GB RAM"}');
INSERT INTO product_variants (id, product_id, sku, price, stock_quantity, attributes) VALUES ('50566179-346c-4b81-87b7-1cb3d3d15321', '5a0ad906-57fd-4b14-9e84-b6f82b9974f9', 'DRESS-831-BL-5056', 3004, 78, '{"color": "Blue", "size": "L"}');
INSERT INTO products (id, name, slug, description, category_id) VALUES ('95a1e235-578f-4702-a8a0-e48fef4d35cc', 'Lite Backpack 166', 'lite-backpack-166-95a1e2', 'Description for Lite Backpack 166. Optimized for search and performance test.', '49f58cb4-578e-43cb-b3ab-fee873124daf');
INSERT INTO product_variants (id, product_id, sku, price, stock_quantity, attributes) VALUES ('873c766c-701f-467d-b6d7-e0c778305a4f', '95a1e235-578f-4702-a8a0-e48fef4d35cc', 'BACKPACK-166-RX-873C', 3315, 193, '{"color": "Red", "size": "XXL"}');
INSERT INTO product_variants (id, product_id, sku, price, stock_quantity, attributes) VALUES ('e746956c-1d1d-44e6-8802-5920fe55c7f3', '95a1e235-578f-4702-a8a0-e48fef4d35cc', 'BACKPACK-166-G6-E746', 4648, 77, '{"color": "Green", "size": "64GB"}');
INSERT INTO product_variants (id, product_id, sku, price, stock_quantity, attributes) VALUES ('80427ed9-51f7-41fd-b1a3-b253c1083933', '95a1e235-578f-4702-a8a0-e48fef4d35cc', 'BACKPACK-166-G2-8042', 3154, 189, '{"color": "Gold", "size": "256GB"}');
INSERT INTO products (id, name, slug, description, category_id) VALUES ('11cb13d7-159a-4170-96e6-56e7b9c350ac', 'Elegant Headphones 364', 'elegant-headphones-364-11cb13', 'Description for Elegant Headphones 364. Optimized for search and performance test.', '49f58cb4-578e-43cb-b3ab-fee873124daf');
INSERT INTO product_variants (id, product_id, sku, price, stock_quantity, attributes) VALUES ('495380fe-8172-4739-bc86-557063aba2fd', '11cb13d7-159a-4170-96e6-56e7b9c350ac', 'HEADPHONES-364-BM-4953', 1862, 93, '{"color": "Black", "size": "M"}');
INSERT INTO product_variants (id, product_id, sku, price, stock_quantity, attributes) VALUES ('df0263d2-b6b1-46d0-a6c9-0915db71078a', '11cb13d7-159a-4170-96e6-56e7b9c350ac', 'HEADPHONES-364-G8-DF02', 1027, 193, '{"color": "Green", "size": "8GB RAM"}');
INSERT INTO product_variants (id, product_id, sku, price, stock_quantity, attributes) VALUES ('c09d885d-986d-4465-82b7-d4ae9bf34b41', '11cb13d7-159a-4170-96e6-56e7b9c350ac', 'HEADPHONES-364-BS-C09D', 4711, 73, '{"color": "Black", "size": "S"}');
INSERT INTO products (id, name, slug, description, category_id) VALUES ('54ea83d3-4a6f-4dfb-a222-f370e94c820a', 'Eco Laptop 362', 'eco-laptop-362-54ea83', 'Description for Eco Laptop 362. Optimized for search and performance test.', '49f58cb4-578e-43cb-b3ab-fee873124daf');
INSERT INTO product_variants (id, product_id, sku, price, stock_quantity, attributes) VALUES ('4e5b96b7-8903-48a5-80a0-ae1f9e8bddff', '54ea83d3-4a6f-4dfb-a222-f370e94c820a', 'LAPTOP-362-BL-4E5B', 3794, 32, '{"color": "Black", "size": "L"}');
INSERT INTO product_variants (id, product_id, sku, price, stock_quantity, attributes) VALUES ('612ecd1c-6b37-461c-984c-e4b7bbb1f6c2', '54ea83d3-4a6f-4dfb-a222-f370e94c820a', 'LAPTOP-362-G1-612E', 3312, 115, '{"color": "Gold", "size": "16GB RAM"}');
INSERT INTO product_variants (id, product_id, sku, price, stock_quantity, attributes) VALUES ('2129ce1d-f24c-4951-b58e-9cc219b0fb75', '54ea83d3-4a6f-4dfb-a222-f370e94c820a', 'LAPTOP-362-WX-2129', 2737, 97, '{"color": "White", "size": "XL"}');
INSERT INTO products (id, name, slug, description, category_id) VALUES ('57785836-f2be-4c77-bd26-ffbc5670cc1b', 'Elegant Dress 873', 'elegant-dress-873-577858', 'Description for Elegant Dress 873. Optimized for search and performance test.', '49f58cb4-578e-43cb-b3ab-fee873124daf');
INSERT INTO product_variants (id, product_id, sku, price, stock_quantity, attributes) VALUES ('4158eaaa-e6ac-4191-8d04-af4c740454af', '57785836-f2be-4c77-bd26-ffbc5670cc1b', 'DRESS-873-B1-4158', 3347, 59, '{"color": "Blue", "size": "128GB"}');
INSERT INTO product_variants (id, product_id, sku, price, stock_quantity, attributes) VALUES ('ddaacae4-8172-4a48-8234-5d009012e12c', '57785836-f2be-4c77-bd26-ffbc5670cc1b', 'DRESS-873-G2-DDAA', 318, 11, '{"color": "Gold", "size": "256GB"}');
INSERT INTO product_variants (id, product_id, sku, price, stock_quantity, attributes) VALUES ('2fd75a3e-cd1a-4013-a49d-279efe03110a', '57785836-f2be-4c77-bd26-ffbc5670cc1b', 'DRESS-873-B1-2FD7', 1000, 17, '{"color": "Black", "size": "16GB RAM"}');
INSERT INTO products (id, name, slug, description, category_id) VALUES ('85082476-4c32-46ba-80af-8f47266ff1ef', 'Lite Shirt 411', 'lite-shirt-411-850824', 'Description for Lite Shirt 411. Optimized for search and performance test.', '49f58cb4-578e-43cb-b3ab-fee873124daf');
INSERT INTO product_variants (id, product_id, sku, price, stock_quantity, attributes) VALUES ('91cfb827-f600-447f-85ab-8c5a73c2be6a', '85082476-4c32-46ba-80af-8f47266ff1ef', 'SHIRT-411-B8-91CF', 2704, 54, '{"color": "Blue", "size": "8GB RAM"}');
INSERT INTO product_variants (id, product_id, sku, price, stock_quantity, attributes) VALUES ('60d7b840-52b8-44fc-aced-ea6babed9f01', '85082476-4c32-46ba-80af-8f47266ff1ef', 'SHIRT-411-S6-60D7', 3583, 157, '{"color": "Silver", "size": "64GB"}');
INSERT INTO product_variants (id, product_id, sku, price, stock_quantity, attributes) VALUES ('6e4fb06b-9029-41d4-8b59-1d6a05477bf5', '85082476-4c32-46ba-80af-8f47266ff1ef', 'SHIRT-411-G1-6E4F', 4077, 33, '{"color": "Green", "size": "16GB RAM"}');
INSERT INTO products (id, name, slug, description, category_id) VALUES ('e0bd6630-26a7-4211-b227-4fc201f34fd6', 'Eco Table 331', 'eco-table-331-e0bd66', 'Description for Eco Table 331. Optimized for search and performance test.', '49f58cb4-578e-43cb-b3ab-fee873124daf');
INSERT INTO product_variants (id, product_id, sku, price, stock_quantity, attributes) VALUES ('d3c12496-65c7-436c-8759-dbab0a230db4', 'e0bd6630-26a7-4211-b227-4fc201f34fd6', 'TABLE-331-BX-D3C1', 2195, 175, '{"color": "Black", "size": "XXL"}');
INSERT INTO product_variants (id, product_id, sku, price, stock_quantity, attributes) VALUES ('30fe424d-29a9-4ddf-98d4-207ca42d34f9', 'e0bd6630-26a7-4211-b227-4fc201f34fd6', 'TABLE-331-GS-30FE', 971, 118, '{"color": "Gold", "size": "S"}');
INSERT INTO product_variants (id, product_id, sku, price, stock_quantity, attributes) VALUES ('3894ed8c-2e95-408c-9021-34a343db388a', 'e0bd6630-26a7-4211-b227-4fc201f34fd6', 'TABLE-331-GX-3894', 4554, 19, '{"color": "Green", "size": "XXL"}');
INSERT INTO products (id, name, slug, description, category_id) VALUES ('3e05e06d-a89f-4296-b7fe-782d5988e758', 'Elegant Dress 143', 'elegant-dress-143-3e05e0', 'Description for Elegant Dress 143. Optimized for search and performance test.', '49f58cb4-578e-43cb-b3ab-fee873124daf');
INSERT INTO product_variants (id, product_id, sku, price, stock_quantity, attributes) VALUES ('89f14f13-b899-43dd-b114-78e7b77a8592', '3e05e06d-a89f-4296-b7fe-782d5988e758', 'DRESS-143-GM-89F1', 4842, 110, '{"color": "Gold", "size": "M"}');
INSERT INTO product_variants (id, product_id, sku, price, stock_quantity, attributes) VALUES ('1a71b456-9763-4cab-afc0-2066c8eff0ce', '3e05e06d-a89f-4296-b7fe-782d5988e758', 'DRESS-143-B8-1A71', 300, 28, '{"color": "Blue", "size": "8GB RAM"}');
INSERT INTO product_variants (id, product_id, sku, price, stock_quantity, attributes) VALUES ('9e89e863-92dc-43df-9105-ac3aeb54fee9', '3e05e06d-a89f-4296-b7fe-782d5988e758', 'DRESS-143-R8-9E89', 4381, 96, '{"color": "Red", "size": "8GB RAM"}');
INSERT INTO products (id, name, slug, description, category_id) VALUES ('79b15c89-17e7-40da-b517-ce7fc0445c66', 'Elegant Backpack 470', 'elegant-backpack-470-79b15c', 'Description for Elegant Backpack 470. Optimized for search and performance test.', '49f58cb4-578e-43cb-b3ab-fee873124daf');
INSERT INTO product_variants (id, product_id, sku, price, stock_quantity, attributes) VALUES ('06812b89-ff88-47f5-b9a6-6022761f41b6', '79b15c89-17e7-40da-b517-ce7fc0445c66', 'BACKPACK-470-B2-0681', 3675, 179, '{"color": "Black", "size": "256GB"}');
INSERT INTO product_variants (id, product_id, sku, price, stock_quantity, attributes) VALUES ('b7a1fb0e-c94b-4c53-bbbd-9512671da4e6', '79b15c89-17e7-40da-b517-ce7fc0445c66', 'BACKPACK-470-WM-B7A1', 178, 36, '{"color": "White", "size": "M"}');
INSERT INTO product_variants (id, product_id, sku, price, stock_quantity, attributes) VALUES ('7dc6fc37-d0fe-46a0-ba8b-c657f2b2ff89', '79b15c89-17e7-40da-b517-ce7fc0445c66', 'BACKPACK-470-B6-7DC6', 4731, 185, '{"color": "Blue", "size": "64GB"}');
INSERT INTO products (id, name, slug, description, category_id) VALUES ('caa79be8-4f7f-4a03-8978-2495f1cee88a', 'Premium Speaker 668', 'premium-speaker-668-caa79b', 'Description for Premium Speaker 668. Optimized for search and performance test.', '49f58cb4-578e-43cb-b3ab-fee873124daf');
INSERT INTO product_variants (id, product_id, sku, price, stock_quantity, attributes) VALUES ('98c240ef-3122-4e36-9973-7f9487b87442', 'caa79be8-4f7f-4a03-8978-2495f1cee88a', 'SPEAKER-668-RL-98C2', 2023, 129, '{"color": "Red", "size": "L"}');
INSERT INTO product_variants (id, product_id, sku, price, stock_quantity, attributes) VALUES ('96b8b167-b08f-4402-a92b-7e450cc96176', 'caa79be8-4f7f-4a03-8978-2495f1cee88a', 'SPEAKER-668-W1-96B8', 4693, 120, '{"color": "White", "size": "128GB"}');
INSERT INTO product_variants (id, product_id, sku, price, stock_quantity, attributes) VALUES ('05a9f7e4-960b-40c1-a3c2-d9fbc8001877', 'caa79be8-4f7f-4a03-8978-2495f1cee88a', 'SPEAKER-668-GX-05A9', 3484, 61, '{"color": "Gold", "size": "XL"}');
INSERT INTO products (id, name, slug, description, category_id) VALUES ('f8244000-f648-4ce3-b6a8-3f6d0c226ce0', 'Eco Speaker 266', 'eco-speaker-266-f82440', 'Description for Eco Speaker 266. Optimized for search and performance test.', '49f58cb4-578e-43cb-b3ab-fee873124daf');
INSERT INTO product_variants (id, product_id, sku, price, stock_quantity, attributes) VALUES ('22d63154-33da-48dc-b65d-1234bf646457', 'f8244000-f648-4ce3-b6a8-3f6d0c226ce0', 'SPEAKER-266-G1-22D6', 4615, 181, '{"color": "Green", "size": "16GB RAM"}');
INSERT INTO product_variants (id, product_id, sku, price, stock_quantity, attributes) VALUES ('089be7d0-30c4-4c95-8d78-a32312b0a378', 'f8244000-f648-4ce3-b6a8-3f6d0c226ce0', 'SPEAKER-266-BX-089B', 1589, 120, '{"color": "Black", "size": "XXL"}');
INSERT INTO product_variants (id, product_id, sku, price, stock_quantity, attributes) VALUES ('87074326-df6a-41eb-9406-2eee1c296285', 'f8244000-f648-4ce3-b6a8-3f6d0c226ce0', 'SPEAKER-266-RL-8707', 1297, 35, '{"color": "Red", "size": "L"}');
INSERT INTO products (id, name, slug, description, category_id) VALUES ('8730718b-3324-41f8-b742-dbe4e71371e9', 'Original Laptop 305', 'original-laptop-305-873071', 'Description for Original Laptop 305. Optimized for search and performance test.', '49f58cb4-578e-43cb-b3ab-fee873124daf');
INSERT INTO product_variants (id, product_id, sku, price, stock_quantity, attributes) VALUES ('a79fc1f9-d586-49e9-81c7-a31d022404c2', '8730718b-3324-41f8-b742-dbe4e71371e9', 'LAPTOP-305-R2-A79F', 2322, 10, '{"color": "Red", "size": "256GB"}');
INSERT INTO product_variants (id, product_id, sku, price, stock_quantity, attributes) VALUES ('084cd769-c7e6-47e0-b4c8-377b816ad7f2', '8730718b-3324-41f8-b742-dbe4e71371e9', 'LAPTOP-305-W6-084C', 3859, 46, '{"color": "White", "size": "64GB"}');
INSERT INTO product_variants (id, product_id, sku, price, stock_quantity, attributes) VALUES ('d45b7a34-6d0e-4486-8cbe-25b20fe2b659', '8730718b-3324-41f8-b742-dbe4e71371e9', 'LAPTOP-305-R6-D45B', 322, 118, '{"color": "Red", "size": "64GB"}');
INSERT INTO products (id, name, slug, description, category_id) VALUES ('00af2541-a2b0-4728-8a23-ebaa75bc339e', 'Pro Shirt 217', 'pro-shirt-217-00af25', 'Description for Pro Shirt 217. Optimized for search and performance test.', '49f58cb4-578e-43cb-b3ab-fee873124daf');
INSERT INTO product_variants (id, product_id, sku, price, stock_quantity, attributes) VALUES ('5c7f82be-5428-43b7-ac25-20f869ac7795', '00af2541-a2b0-4728-8a23-ebaa75bc339e', 'SHIRT-217-G1-5C7F', 4412, 51, '{"color": "Gold", "size": "128GB"}');
INSERT INTO product_variants (id, product_id, sku, price, stock_quantity, attributes) VALUES ('6d51641e-07af-4f83-a5fd-175851be3e83', '00af2541-a2b0-4728-8a23-ebaa75bc339e', 'SHIRT-217-BS-6D51', 4689, 192, '{"color": "Black", "size": "S"}');
INSERT INTO product_variants (id, product_id, sku, price, stock_quantity, attributes) VALUES ('696a7b48-8d72-4f70-a6a4-92061c8c622c', '00af2541-a2b0-4728-8a23-ebaa75bc339e', 'SHIRT-217-S6-696A', 2121, 66, '{"color": "Silver", "size": "64GB"}');
INSERT INTO products (id, name, slug, description, category_id) VALUES ('7c9e4de5-da56-4ca2-be52-67b02c31fe32', 'Lite Speaker 712', 'lite-speaker-712-7c9e4d', 'Description for Lite Speaker 712. Optimized for search and performance test.', '49f58cb4-578e-43cb-b3ab-fee873124daf');
INSERT INTO product_variants (id, product_id, sku, price, stock_quantity, attributes) VALUES ('666ff6b5-2587-4a88-93ff-99df42cd0c84', '7c9e4de5-da56-4ca2-be52-67b02c31fe32', 'SPEAKER-712-SX-666F', 4677, 136, '{"color": "Silver", "size": "XL"}');
INSERT INTO product_variants (id, product_id, sku, price, stock_quantity, attributes) VALUES ('aa7dc695-9640-4e9e-b5fe-049cf2d4786c', '7c9e4de5-da56-4ca2-be52-67b02c31fe32', 'SPEAKER-712-W1-AA7D', 409, 164, '{"color": "White", "size": "128GB"}');
INSERT INTO product_variants (id, product_id, sku, price, stock_quantity, attributes) VALUES ('353e2062-e5e8-4b2a-8ba1-27365b246446', '7c9e4de5-da56-4ca2-be52-67b02c31fe32', 'SPEAKER-712-WX-353E', 1609, 25, '{"color": "White", "size": "XL"}');
INSERT INTO products (id, name, slug, description, category_id) VALUES ('7ae2ce29-f7ec-4dd8-a48b-e6fc78983004', 'Premium Headphones 520', 'premium-headphones-520-7ae2ce', 'Description for Premium Headphones 520. Optimized for search and performance test.', '49f58cb4-578e-43cb-b3ab-fee873124daf');
INSERT INTO product_variants (id, product_id, sku, price, stock_quantity, attributes) VALUES ('bb67e23d-a8e1-4b74-8684-0d1238260a00', '7ae2ce29-f7ec-4dd8-a48b-e6fc78983004', 'HEADPHONES-520-G2-BB67', 4493, 102, '{"color": "Green", "size": "256GB"}');
INSERT INTO product_variants (id, product_id, sku, price, stock_quantity, attributes) VALUES ('d4d314b4-6a6a-41c2-959c-24beaa13838a', '7ae2ce29-f7ec-4dd8-a48b-e6fc78983004', 'HEADPHONES-520-WX-D4D3', 4992, 128, '{"color": "White", "size": "XL"}');
INSERT INTO product_variants (id, product_id, sku, price, stock_quantity, attributes) VALUES ('487c10d5-d4cc-4379-a02b-b449e180f044', '7ae2ce29-f7ec-4dd8-a48b-e6fc78983004', 'HEADPHONES-520-SX-487C', 293, 63, '{"color": "Silver", "size": "XXL"}');
INSERT INTO products (id, name, slug, description, category_id) VALUES ('c4a86de2-d35d-43a9-801e-ecd2df4a067b', 'Lite Shirt 293', 'lite-shirt-293-c4a86d', 'Description for Lite Shirt 293. Optimized for search and performance test.', '49f58cb4-578e-43cb-b3ab-fee873124daf');
INSERT INTO product_variants (id, product_id, sku, price, stock_quantity, attributes) VALUES ('e9f09b55-7367-4b4a-a181-d394a4e9c198', 'c4a86de2-d35d-43a9-801e-ecd2df4a067b', 'SHIRT-293-GX-E9F0', 1311, 174, '{"color": "Gold", "size": "XL"}');
INSERT INTO product_variants (id, product_id, sku, price, stock_quantity, attributes) VALUES ('f6533256-8725-4541-a8fc-0df4b4c7e8b5', 'c4a86de2-d35d-43a9-801e-ecd2df4a067b', 'SHIRT-293-B1-F653', 2157, 193, '{"color": "Black", "size": "16GB RAM"}');
INSERT INTO product_variants (id, product_id, sku, price, stock_quantity, attributes) VALUES ('fd0d69a2-b800-4da3-933b-af3ba67d11ff', 'c4a86de2-d35d-43a9-801e-ecd2df4a067b', 'SHIRT-293-S6-FD0D', 4321, 15, '{"color": "Silver", "size": "64GB"}');
INSERT INTO products (id, name, slug, description, category_id) VALUES ('b894efbe-d8e2-4443-a1fa-9d768938eeeb', 'Lite Shirt 531', 'lite-shirt-531-b894ef', 'Description for Lite Shirt 531. Optimized for search and performance test.', '49f58cb4-578e-43cb-b3ab-fee873124daf');
INSERT INTO product_variants (id, product_id, sku, price, stock_quantity, attributes) VALUES ('c94494ce-1721-4e92-ba93-e958e8e3c012', 'b894efbe-d8e2-4443-a1fa-9d768938eeeb', 'SHIRT-531-GX-C944', 1962, 62, '{"color": "Green", "size": "XL"}');
INSERT INTO product_variants (id, product_id, sku, price, stock_quantity, attributes) VALUES ('4b481c57-af60-4348-a779-afa88b7c9f4c', 'b894efbe-d8e2-4443-a1fa-9d768938eeeb', 'SHIRT-531-SX-4B48', 2000, 25, '{"color": "Silver", "size": "XXL"}');
INSERT INTO product_variants (id, product_id, sku, price, stock_quantity, attributes) VALUES ('99589fc1-ddd1-42aa-80e0-ac8235313d34', 'b894efbe-d8e2-4443-a1fa-9d768938eeeb', 'SHIRT-531-BX-9958', 3534, 147, '{"color": "Blue", "size": "XL"}');
INSERT INTO products (id, name, slug, description, category_id) VALUES ('8fa45fa7-8a8a-49b7-9f9d-f7f66723daea', 'Ultra Phone 766', 'ultra-phone-766-8fa45f', 'Description for Ultra Phone 766. Optimized for search and performance test.', '49f58cb4-578e-43cb-b3ab-fee873124daf');
INSERT INTO product_variants (id, product_id, sku, price, stock_quantity, attributes) VALUES ('f6c02900-6f5d-42bf-963d-6222cf1a2580', '8fa45fa7-8a8a-49b7-9f9d-f7f66723daea', 'PHONE-766-W8-F6C0', 2414, 177, '{"color": "White", "size": "8GB RAM"}');
INSERT INTO product_variants (id, product_id, sku, price, stock_quantity, attributes) VALUES ('7585b43e-603c-4fad-8864-a0a700b14c80', '8fa45fa7-8a8a-49b7-9f9d-f7f66723daea', 'PHONE-766-S1-7585', 4178, 59, '{"color": "Silver", "size": "16GB RAM"}');
INSERT INTO product_variants (id, product_id, sku, price, stock_quantity, attributes) VALUES ('6283cf4c-d91f-491d-a673-9580380e9efb', '8fa45fa7-8a8a-49b7-9f9d-f7f66723daea', 'PHONE-766-G6-6283', 3906, 182, '{"color": "Green", "size": "64GB"}');
INSERT INTO products (id, name, slug, description, category_id) VALUES ('9839e25c-d89b-48a2-9b16-ceb3af3c2c2e', 'Smart Camera 573', 'smart-camera-573-9839e2', 'Description for Smart Camera 573. Optimized for search and performance test.', '49f58cb4-578e-43cb-b3ab-fee873124daf');
INSERT INTO product_variants (id, product_id, sku, price, stock_quantity, attributes) VALUES ('47d067fc-3e84-44f2-b07b-14ecc07e9efb', '9839e25c-d89b-48a2-9b16-ceb3af3c2c2e', 'CAMERA-573-GL-47D0', 2197, 15, '{"color": "Green", "size": "L"}');
INSERT INTO product_variants (id, product_id, sku, price, stock_quantity, attributes) VALUES ('d01437cc-e142-463a-888e-938890a099a3', '9839e25c-d89b-48a2-9b16-ceb3af3c2c2e', 'CAMERA-573-G6-D014', 3738, 52, '{"color": "Gold", "size": "64GB"}');
INSERT INTO product_variants (id, product_id, sku, price, stock_quantity, attributes) VALUES ('729d84bc-6e34-4447-ad93-c2d96763221d', '9839e25c-d89b-48a2-9b16-ceb3af3c2c2e', 'CAMERA-573-SM-729D', 1489, 108, '{"color": "Silver", "size": "M"}');
INSERT INTO products (id, name, slug, description, category_id) VALUES ('367192d6-97d6-48b9-b151-a2252f3a71b0', 'Elegant Shirt 900', 'elegant-shirt-900-367192', 'Description for Elegant Shirt 900. Optimized for search and performance test.', '49f58cb4-578e-43cb-b3ab-fee873124daf');
INSERT INTO product_variants (id, product_id, sku, price, stock_quantity, attributes) VALUES ('7aacfdc9-38a4-4d0d-b996-2665b57dae39', '367192d6-97d6-48b9-b151-a2252f3a71b0', 'SHIRT-900-W8-7AAC', 1340, 111, '{"color": "White", "size": "8GB RAM"}');
INSERT INTO product_variants (id, product_id, sku, price, stock_quantity, attributes) VALUES ('f615a424-f190-4bd5-90a5-ac40651df392', '367192d6-97d6-48b9-b151-a2252f3a71b0', 'SHIRT-900-G8-F615', 3163, 17, '{"color": "Green", "size": "8GB RAM"}');
INSERT INTO product_variants (id, product_id, sku, price, stock_quantity, attributes) VALUES ('42362e29-22b1-4d02-970c-a78bde3affb8', '367192d6-97d6-48b9-b151-a2252f3a71b0', 'SHIRT-900-RL-4236', 3394, 110, '{"color": "Red", "size": "L"}');
INSERT INTO products (id, name, slug, description, category_id) VALUES ('a45d22bd-81a6-4067-954a-e5a4eab8e0d2', 'Elegant Laptop 635', 'elegant-laptop-635-a45d22', 'Description for Elegant Laptop 635. Optimized for search and performance test.', '49f58cb4-578e-43cb-b3ab-fee873124daf');
INSERT INTO product_variants (id, product_id, sku, price, stock_quantity, attributes) VALUES ('13023a5e-9bf1-4a2a-9033-f4bba0d4736d', 'a45d22bd-81a6-4067-954a-e5a4eab8e0d2', 'LAPTOP-635-G2-1302', 4795, 42, '{"color": "Green", "size": "256GB"}');
INSERT INTO product_variants (id, product_id, sku, price, stock_quantity, attributes) VALUES ('20da915a-cb40-4f8a-b96b-723e633b9345', 'a45d22bd-81a6-4067-954a-e5a4eab8e0d2', 'LAPTOP-635-BL-20DA', 1028, 68, '{"color": "Black", "size": "L"}');
INSERT INTO product_variants (id, product_id, sku, price, stock_quantity, attributes) VALUES ('f09a3099-5f39-42d8-8d6c-e14773b6809c', 'a45d22bd-81a6-4067-954a-e5a4eab8e0d2', 'LAPTOP-635-GX-F09A', 887, 135, '{"color": "Gold", "size": "XL"}');
INSERT INTO products (id, name, slug, description, category_id) VALUES ('31b54bff-6b9b-4011-8624-6b6a776e3df3', 'Ultra Shirt 919', 'ultra-shirt-919-31b54b', 'Description for Ultra Shirt 919. Optimized for search and performance test.', '49f58cb4-578e-43cb-b3ab-fee873124daf');
INSERT INTO product_variants (id, product_id, sku, price, stock_quantity, attributes) VALUES ('18c80d87-62c4-405b-acbc-4138e7d85956', '31b54bff-6b9b-4011-8624-6b6a776e3df3', 'SHIRT-919-GM-18C8', 2119, 139, '{"color": "Green", "size": "M"}');
INSERT INTO product_variants (id, product_id, sku, price, stock_quantity, attributes) VALUES ('2868e8c5-0305-40a8-94ee-5b63f0e5698a', '31b54bff-6b9b-4011-8624-6b6a776e3df3', 'SHIRT-919-WL-2868', 1231, 128, '{"color": "White", "size": "L"}');
INSERT INTO product_variants (id, product_id, sku, price, stock_quantity, attributes) VALUES ('2e3823b4-0611-44fa-930d-00596ebb0a1d', '31b54bff-6b9b-4011-8624-6b6a776e3df3', 'SHIRT-919-BM-2E38', 4401, 132, '{"color": "Black", "size": "M"}');
INSERT INTO products (id, name, slug, description, category_id) VALUES ('987752e7-71cd-4932-9018-34d562365a3d', 'Ultra Monitor 561', 'ultra-monitor-561-987752', 'Description for Ultra Monitor 561. Optimized for search and performance test.', '49f58cb4-578e-43cb-b3ab-fee873124daf');
INSERT INTO product_variants (id, product_id, sku, price, stock_quantity, attributes) VALUES ('f613ae42-b634-4314-a38b-95f57cca9d0c', '987752e7-71cd-4932-9018-34d562365a3d', 'MONITOR-561-GX-F613', 1303, 185, '{"color": "Gold", "size": "XL"}');
INSERT INTO product_variants (id, product_id, sku, price, stock_quantity, attributes) VALUES ('c5629e7f-4e45-410f-940e-3ddd6461a214', '987752e7-71cd-4932-9018-34d562365a3d', 'MONITOR-561-B6-C562', 4107, 65, '{"color": "Blue", "size": "64GB"}');
INSERT INTO product_variants (id, product_id, sku, price, stock_quantity, attributes) VALUES ('4ed034a5-355d-405a-acda-8c16d5fd0270', '987752e7-71cd-4932-9018-34d562365a3d', 'MONITOR-561-W1-4ED0', 4773, 77, '{"color": "White", "size": "16GB RAM"}');
INSERT INTO products (id, name, slug, description, category_id) VALUES ('1638ca0d-e3a9-4525-9316-143da738ce6b', 'Eco Bed 991', 'eco-bed-991-1638ca', 'Description for Eco Bed 991. Optimized for search and performance test.', '49f58cb4-578e-43cb-b3ab-fee873124daf');
INSERT INTO product_variants (id, product_id, sku, price, stock_quantity, attributes) VALUES ('3cd086a0-05d9-41d8-a890-625c8bc646ad', '1638ca0d-e3a9-4525-9316-143da738ce6b', 'BED-991-B2-3CD0', 4123, 45, '{"color": "Blue", "size": "256GB"}');
INSERT INTO product_variants (id, product_id, sku, price, stock_quantity, attributes) VALUES ('88e4c760-2534-4c79-9429-d108735e243c', '1638ca0d-e3a9-4525-9316-143da738ce6b', 'BED-991-GM-88E4', 4153, 187, '{"color": "Green", "size": "M"}');
INSERT INTO product_variants (id, product_id, sku, price, stock_quantity, attributes) VALUES ('760956f0-a7af-4ea4-ac49-b30bf5106784', '1638ca0d-e3a9-4525-9316-143da738ce6b', 'BED-991-W6-7609', 3590, 117, '{"color": "White", "size": "64GB"}');
INSERT INTO products (id, name, slug, description, category_id) VALUES ('942fca3d-cb92-4912-86ff-bf118a1ca064', 'Pro Speaker 495', 'pro-speaker-495-942fca', 'Description for Pro Speaker 495. Optimized for search and performance test.', '49f58cb4-578e-43cb-b3ab-fee873124daf');
INSERT INTO product_variants (id, product_id, sku, price, stock_quantity, attributes) VALUES ('074c8020-c850-45b5-abed-53336f410aed', '942fca3d-cb92-4912-86ff-bf118a1ca064', 'SPEAKER-495-GL-074C', 3665, 164, '{"color": "Green", "size": "L"}');
INSERT INTO product_variants (id, product_id, sku, price, stock_quantity, attributes) VALUES ('7f4b5b45-702a-49b5-bc72-2e2b8d5ac38c', '942fca3d-cb92-4912-86ff-bf118a1ca064', 'SPEAKER-495-B1-7F4B', 687, 27, '{"color": "Blue", "size": "128GB"}');
INSERT INTO product_variants (id, product_id, sku, price, stock_quantity, attributes) VALUES ('fa5eb5cd-c8de-4871-8031-ed67ec6f03d0', '942fca3d-cb92-4912-86ff-bf118a1ca064', 'SPEAKER-495-GS-FA5E', 2183, 190, '{"color": "Gold", "size": "S"}');
INSERT INTO products (id, name, slug, description, category_id) VALUES ('38e30fba-c446-4fc7-b43a-940d73ddf9ca', 'Elegant Table 186', 'elegant-table-186-38e30f', 'Description for Elegant Table 186. Optimized for search and performance test.', '49f58cb4-578e-43cb-b3ab-fee873124daf');
INSERT INTO product_variants (id, product_id, sku, price, stock_quantity, attributes) VALUES ('f68321d6-cec4-4581-88bd-5b9c5aa19056', '38e30fba-c446-4fc7-b43a-940d73ddf9ca', 'TABLE-186-WX-F683', 421, 190, '{"color": "White", "size": "XXL"}');
INSERT INTO product_variants (id, product_id, sku, price, stock_quantity, attributes) VALUES ('a7e04120-5595-43c6-ae3f-7ef48ccb7423', '38e30fba-c446-4fc7-b43a-940d73ddf9ca', 'TABLE-186-GS-A7E0', 4408, 104, '{"color": "Green", "size": "S"}');
INSERT INTO product_variants (id, product_id, sku, price, stock_quantity, attributes) VALUES ('67344299-3ead-478e-a0b3-8b8b167f9ccf', '38e30fba-c446-4fc7-b43a-940d73ddf9ca', 'TABLE-186-BX-6734', 4812, 175, '{"color": "Blue", "size": "XXL"}');
INSERT INTO products (id, name, slug, description, category_id) VALUES ('3eb0dc43-6407-4b42-bfea-472581c3ec71', 'Original Monitor 748', 'original-monitor-748-3eb0dc', 'Description for Original Monitor 748. Optimized for search and performance test.', '49f58cb4-578e-43cb-b3ab-fee873124daf');
INSERT INTO product_variants (id, product_id, sku, price, stock_quantity, attributes) VALUES ('afb3bb27-735d-4a87-af33-27c2af7b9d65', '3eb0dc43-6407-4b42-bfea-472581c3ec71', 'MONITOR-748-GX-AFB3', 3227, 59, '{"color": "Green", "size": "XL"}');
INSERT INTO product_variants (id, product_id, sku, price, stock_quantity, attributes) VALUES ('7bc0c852-e53b-4fb9-bb6b-fd24a83ed15d', '3eb0dc43-6407-4b42-bfea-472581c3ec71', 'MONITOR-748-BX-7BC0', 2669, 54, '{"color": "Black", "size": "XL"}');
INSERT INTO product_variants (id, product_id, sku, price, stock_quantity, attributes) VALUES ('ebb5d005-bcc0-4def-bee3-34a2fdc061f6', '3eb0dc43-6407-4b42-bfea-472581c3ec71', 'MONITOR-748-B6-EBB5', 4452, 64, '{"color": "Blue", "size": "64GB"}');
INSERT INTO products (id, name, slug, description, category_id) VALUES ('971bb5e9-3c13-44d8-b193-328d479fdefe', 'Ultra Bed 774', 'ultra-bed-774-971bb5', 'Description for Ultra Bed 774. Optimized for search and performance test.', '49f58cb4-578e-43cb-b3ab-fee873124daf');
INSERT INTO product_variants (id, product_id, sku, price, stock_quantity, attributes) VALUES ('e1509468-b9de-4ca6-a227-5b0e24fcf397', '971bb5e9-3c13-44d8-b193-328d479fdefe', 'BED-774-G1-E150', 1724, 46, '{"color": "Green", "size": "128GB"}');
INSERT INTO product_variants (id, product_id, sku, price, stock_quantity, attributes) VALUES ('b6b2c8ff-eae4-40c3-b949-2e69dbf7b8ce', '971bb5e9-3c13-44d8-b193-328d479fdefe', 'BED-774-G1-B6B2', 464, 19, '{"color": "Green", "size": "16GB RAM"}');
INSERT INTO product_variants (id, product_id, sku, price, stock_quantity, attributes) VALUES ('40b22cf2-c535-4f3f-9898-256e21a08f7a', '971bb5e9-3c13-44d8-b193-328d479fdefe', 'BED-774-S8-40B2', 3330, 39, '{"color": "Silver", "size": "8GB RAM"}');
INSERT INTO products (id, name, slug, description, category_id) VALUES ('bf5776d5-3645-48d9-bb31-bdc470576ab4', 'Premium Shirt 100', 'premium-shirt-100-bf5776', 'Description for Premium Shirt 100. Optimized for search and performance test.', '49f58cb4-578e-43cb-b3ab-fee873124daf');
INSERT INTO product_variants (id, product_id, sku, price, stock_quantity, attributes) VALUES ('72cb6513-b772-4969-9019-1e2cccb4762a', 'bf5776d5-3645-48d9-bb31-bdc470576ab4', 'SHIRT-100-S1-72CB', 2698, 24, '{"color": "Silver", "size": "16GB RAM"}');
INSERT INTO product_variants (id, product_id, sku, price, stock_quantity, attributes) VALUES ('290087cc-bd04-4e85-a3dc-7fa4e07c3b46', 'bf5776d5-3645-48d9-bb31-bdc470576ab4', 'SHIRT-100-GS-2900', 2652, 99, '{"color": "Gold", "size": "S"}');
INSERT INTO product_variants (id, product_id, sku, price, stock_quantity, attributes) VALUES ('be1b854d-77ab-4da4-929a-73f234a011f7', 'bf5776d5-3645-48d9-bb31-bdc470576ab4', 'SHIRT-100-S1-BE1B', 796, 17, '{"color": "Silver", "size": "128GB"}');
INSERT INTO products (id, name, slug, description, category_id) VALUES ('989cf7b2-c0a4-4d0e-b2c9-b869b422e940', 'Smart Monitor 446', 'smart-monitor-446-989cf7', 'Description for Smart Monitor 446. Optimized for search and performance test.', '49f58cb4-578e-43cb-b3ab-fee873124daf');
INSERT INTO product_variants (id, product_id, sku, price, stock_quantity, attributes) VALUES ('93a240bd-0ade-4088-b2a3-4c8e90f7ae4e', '989cf7b2-c0a4-4d0e-b2c9-b869b422e940', 'MONITOR-446-GX-93A2', 4373, 151, '{"color": "Gold", "size": "XL"}');
INSERT INTO product_variants (id, product_id, sku, price, stock_quantity, attributes) VALUES ('5ffd78cc-71a5-4e0d-ae78-e201b759c2a3', '989cf7b2-c0a4-4d0e-b2c9-b869b422e940', 'MONITOR-446-BX-5FFD', 1078, 16, '{"color": "Blue", "size": "XXL"}');
INSERT INTO product_variants (id, product_id, sku, price, stock_quantity, attributes) VALUES ('c93ed6fd-013f-4afb-a2e4-b89570cc27fe', '989cf7b2-c0a4-4d0e-b2c9-b869b422e940', 'MONITOR-446-BL-C93E', 2963, 71, '{"color": "Black", "size": "L"}');
INSERT INTO products (id, name, slug, description, category_id) VALUES ('f18755d4-89b0-4123-b8e4-064028b02347', 'Elegant Shirt 621', 'elegant-shirt-621-f18755', 'Description for Elegant Shirt 621. Optimized for search and performance test.', '49f58cb4-578e-43cb-b3ab-fee873124daf');
INSERT INTO product_variants (id, product_id, sku, price, stock_quantity, attributes) VALUES ('cf1dbb7d-1016-46f4-ad14-8f74104833fa', 'f18755d4-89b0-4123-b8e4-064028b02347', 'SHIRT-621-G6-CF1D', 3360, 136, '{"color": "Green", "size": "64GB"}');
INSERT INTO product_variants (id, product_id, sku, price, stock_quantity, attributes) VALUES ('96b235da-0074-45c1-92b3-2e0438fb8c7b', 'f18755d4-89b0-4123-b8e4-064028b02347', 'SHIRT-621-GM-96B2', 4206, 155, '{"color": "Gold", "size": "M"}');
INSERT INTO product_variants (id, product_id, sku, price, stock_quantity, attributes) VALUES ('4ced1a94-cc66-4ddd-a702-c8e8daf835ed', 'f18755d4-89b0-4123-b8e4-064028b02347', 'SHIRT-621-SS-4CED', 3288, 190, '{"color": "Silver", "size": "S"}');
INSERT INTO products (id, name, slug, description, category_id) VALUES ('0492d961-10af-44a9-90f1-06161faa39c6', 'Original Laptop 741', 'original-laptop-741-0492d9', 'Description for Original Laptop 741. Optimized for search and performance test.', '49f58cb4-578e-43cb-b3ab-fee873124daf');
INSERT INTO product_variants (id, product_id, sku, price, stock_quantity, attributes) VALUES ('c15a0251-c5d0-4a65-8d6e-b42a06c4ca78', '0492d961-10af-44a9-90f1-06161faa39c6', 'LAPTOP-741-BX-C15A', 990, 112, '{"color": "Blue", "size": "XXL"}');
INSERT INTO product_variants (id, product_id, sku, price, stock_quantity, attributes) VALUES ('c3b3182c-e211-478c-b628-7278bf1ebb5e', '0492d961-10af-44a9-90f1-06161faa39c6', 'LAPTOP-741-B6-C3B3', 2696, 177, '{"color": "Blue", "size": "64GB"}');
INSERT INTO product_variants (id, product_id, sku, price, stock_quantity, attributes) VALUES ('a63e17ef-a7c0-4010-83e9-ca4dcb971212', '0492d961-10af-44a9-90f1-06161faa39c6', 'LAPTOP-741-WM-A63E', 128, 19, '{"color": "White", "size": "M"}');
INSERT INTO products (id, name, slug, description, category_id) VALUES ('62749afc-b5ef-4a73-abcc-c0b9a26c5996', 'Lite Bed 202', 'lite-bed-202-62749a', 'Description for Lite Bed 202. Optimized for search and performance test.', '49f58cb4-578e-43cb-b3ab-fee873124daf');
INSERT INTO product_variants (id, product_id, sku, price, stock_quantity, attributes) VALUES ('2050393d-32fb-44a5-97d4-37894353be36', '62749afc-b5ef-4a73-abcc-c0b9a26c5996', 'BED-202-WX-2050', 2873, 34, '{"color": "White", "size": "XL"}');
INSERT INTO product_variants (id, product_id, sku, price, stock_quantity, attributes) VALUES ('4492489b-d849-4c1c-8e63-6893237ea4e5', '62749afc-b5ef-4a73-abcc-c0b9a26c5996', 'BED-202-W1-4492', 1879, 193, '{"color": "White", "size": "128GB"}');
INSERT INTO product_variants (id, product_id, sku, price, stock_quantity, attributes) VALUES ('a9f5ac23-99b3-421a-a7ad-58df74b51a1f', '62749afc-b5ef-4a73-abcc-c0b9a26c5996', 'BED-202-RL-A9F5', 1540, 109, '{"color": "Red", "size": "L"}');
INSERT INTO products (id, name, slug, description, category_id) VALUES ('6c23603b-cf8a-4fdd-9cd3-df1f757b7cc6', 'Elegant Laptop 990', 'elegant-laptop-990-6c2360', 'Description for Elegant Laptop 990. Optimized for search and performance test.', '49f58cb4-578e-43cb-b3ab-fee873124daf');
INSERT INTO product_variants (id, product_id, sku, price, stock_quantity, attributes) VALUES ('95474df5-805d-46e3-ba37-ff2efad58ddb', '6c23603b-cf8a-4fdd-9cd3-df1f757b7cc6', 'LAPTOP-990-G8-9547', 943, 179, '{"color": "Green", "size": "8GB RAM"}');
INSERT INTO product_variants (id, product_id, sku, price, stock_quantity, attributes) VALUES ('2da4d97a-ac92-4776-bf86-b413639d600f', '6c23603b-cf8a-4fdd-9cd3-df1f757b7cc6', 'LAPTOP-990-GM-2DA4', 2908, 168, '{"color": "Green", "size": "M"}');
INSERT INTO product_variants (id, product_id, sku, price, stock_quantity, attributes) VALUES ('ef20b16c-1506-4acd-9da6-41004574495c', '6c23603b-cf8a-4fdd-9cd3-df1f757b7cc6', 'LAPTOP-990-R1-EF20', 2484, 193, '{"color": "Red", "size": "128GB"}');
INSERT INTO products (id, name, slug, description, category_id) VALUES ('5c6c3098-0a6d-4281-96fa-1d5a7a6b2e9f', 'Pro Backpack 812', 'pro-backpack-812-5c6c30', 'Description for Pro Backpack 812. Optimized for search and performance test.', '49f58cb4-578e-43cb-b3ab-fee873124daf');
INSERT INTO product_variants (id, product_id, sku, price, stock_quantity, attributes) VALUES ('4246726e-3030-49fa-b356-6b8dfcb06c4d', '5c6c3098-0a6d-4281-96fa-1d5a7a6b2e9f', 'BACKPACK-812-SX-4246', 2544, 174, '{"color": "Silver", "size": "XL"}');
INSERT INTO product_variants (id, product_id, sku, price, stock_quantity, attributes) VALUES ('6a1b646e-5dd7-4e67-bfd8-3b2ce25663b1', '5c6c3098-0a6d-4281-96fa-1d5a7a6b2e9f', 'BACKPACK-812-B1-6A1B', 4742, 52, '{"color": "Blue", "size": "128GB"}');
INSERT INTO product_variants (id, product_id, sku, price, stock_quantity, attributes) VALUES ('7d4d1cbd-cd17-4e78-82d5-4d71e3756889', '5c6c3098-0a6d-4281-96fa-1d5a7a6b2e9f', 'BACKPACK-812-G6-7D4D', 521, 97, '{"color": "Gold", "size": "64GB"}');
INSERT INTO products (id, name, slug, description, category_id) VALUES ('510bcd84-a6b7-47d2-b28d-9908ccecae8f', 'Original Phone 782', 'original-phone-782-510bcd', 'Description for Original Phone 782. Optimized for search and performance test.', '49f58cb4-578e-43cb-b3ab-fee873124daf');
INSERT INTO product_variants (id, product_id, sku, price, stock_quantity, attributes) VALUES ('73113c35-7ef0-4ca8-b3df-dbb85b48f37e', '510bcd84-a6b7-47d2-b28d-9908ccecae8f', 'PHONE-782-WX-7311', 3756, 156, '{"color": "White", "size": "XL"}');
INSERT INTO product_variants (id, product_id, sku, price, stock_quantity, attributes) VALUES ('b866fe3c-3d46-4bc3-8afe-0be93484318c', '510bcd84-a6b7-47d2-b28d-9908ccecae8f', 'PHONE-782-S1-B866', 4072, 149, '{"color": "Silver", "size": "16GB RAM"}');
INSERT INTO product_variants (id, product_id, sku, price, stock_quantity, attributes) VALUES ('f2f055bb-5fa5-4331-9a86-b522c727b1af', '510bcd84-a6b7-47d2-b28d-9908ccecae8f', 'PHONE-782-B1-F2F0', 4312, 113, '{"color": "Black", "size": "128GB"}');
INSERT INTO products (id, name, slug, description, category_id) VALUES ('ec161410-59dd-415b-ab69-51cab91bf586', 'Pro Dress 365', 'pro-dress-365-ec1614', 'Description for Pro Dress 365. Optimized for search and performance test.', '49f58cb4-578e-43cb-b3ab-fee873124daf');
INSERT INTO product_variants (id, product_id, sku, price, stock_quantity, attributes) VALUES ('aac0c794-de78-41af-a2b1-52a30f370f16', 'ec161410-59dd-415b-ab69-51cab91bf586', 'DRESS-365-BS-AAC0', 1172, 174, '{"color": "Black", "size": "S"}');
INSERT INTO product_variants (id, product_id, sku, price, stock_quantity, attributes) VALUES ('1a772b96-4771-4080-8de6-d239540d335e', 'ec161410-59dd-415b-ab69-51cab91bf586', 'DRESS-365-GX-1A77', 1087, 190, '{"color": "Green", "size": "XL"}');
INSERT INTO product_variants (id, product_id, sku, price, stock_quantity, attributes) VALUES ('a6442c21-ac99-41a8-bf39-c1c47608dadb', 'ec161410-59dd-415b-ab69-51cab91bf586', 'DRESS-365-BL-A644', 2216, 58, '{"color": "Black", "size": "L"}');
INSERT INTO products (id, name, slug, description, category_id) VALUES ('a8c67d01-a75a-4935-93eb-7b36df0a34b2', 'Original Backpack 959', 'original-backpack-959-a8c67d', 'Description for Original Backpack 959. Optimized for search and performance test.', '49f58cb4-578e-43cb-b3ab-fee873124daf');
INSERT INTO product_variants (id, product_id, sku, price, stock_quantity, attributes) VALUES ('fcbabefd-8e4b-4a8e-b03f-5d1335195c38', 'a8c67d01-a75a-4935-93eb-7b36df0a34b2', 'BACKPACK-959-G1-FCBA', 535, 15, '{"color": "Gold", "size": "128GB"}');
INSERT INTO product_variants (id, product_id, sku, price, stock_quantity, attributes) VALUES ('3ec66638-5f48-411d-9ea2-c05bf443c20f', 'a8c67d01-a75a-4935-93eb-7b36df0a34b2', 'BACKPACK-959-GX-3EC6', 2633, 95, '{"color": "Gold", "size": "XL"}');
INSERT INTO product_variants (id, product_id, sku, price, stock_quantity, attributes) VALUES ('2eb531a9-1ae1-4f49-841b-169b755a1bc2', 'a8c67d01-a75a-4935-93eb-7b36df0a34b2', 'BACKPACK-959-B1-2EB5', 2628, 162, '{"color": "Blue", "size": "128GB"}');
INSERT INTO products (id, name, slug, description, category_id) VALUES ('092524c3-d18d-4b91-b203-fefcfa0f637d', 'Elegant Table 422', 'elegant-table-422-092524', 'Description for Elegant Table 422. Optimized for search and performance test.', '49f58cb4-578e-43cb-b3ab-fee873124daf');
INSERT INTO product_variants (id, product_id, sku, price, stock_quantity, attributes) VALUES ('39c55a84-a1d5-4f93-af98-938afc2f72f0', '092524c3-d18d-4b91-b203-fefcfa0f637d', 'TABLE-422-G8-39C5', 1337, 180, '{"color": "Gold", "size": "8GB RAM"}');
INSERT INTO product_variants (id, product_id, sku, price, stock_quantity, attributes) VALUES ('76cf93cc-8be0-42b7-9966-22a81c933d62', '092524c3-d18d-4b91-b203-fefcfa0f637d', 'TABLE-422-B2-76CF', 730, 44, '{"color": "Blue", "size": "256GB"}');
INSERT INTO product_variants (id, product_id, sku, price, stock_quantity, attributes) VALUES ('f8838356-318b-4d11-8d0c-5119a4a28b37', '092524c3-d18d-4b91-b203-fefcfa0f637d', 'TABLE-422-G8-F883', 4153, 63, '{"color": "Gold", "size": "8GB RAM"}');
INSERT INTO products (id, name, slug, description, category_id) VALUES ('6923c03a-6450-4985-ac7a-cda8acb3b1d3', 'Smart Speaker 491', 'smart-speaker-491-6923c0', 'Description for Smart Speaker 491. Optimized for search and performance test.', '49f58cb4-578e-43cb-b3ab-fee873124daf');
INSERT INTO product_variants (id, product_id, sku, price, stock_quantity, attributes) VALUES ('63a39aba-fc2b-4828-89b8-3b29ea533988', '6923c03a-6450-4985-ac7a-cda8acb3b1d3', 'SPEAKER-491-RM-63A3', 3423, 22, '{"color": "Red", "size": "M"}');
INSERT INTO product_variants (id, product_id, sku, price, stock_quantity, attributes) VALUES ('4319946e-b42a-4ed2-bf8c-a2d3b8f4176c', '6923c03a-6450-4985-ac7a-cda8acb3b1d3', 'SPEAKER-491-BS-4319', 1700, 132, '{"color": "Blue", "size": "S"}');
INSERT INTO product_variants (id, product_id, sku, price, stock_quantity, attributes) VALUES ('e1dcb877-65a1-4b41-b638-6972226d5cfe', '6923c03a-6450-4985-ac7a-cda8acb3b1d3', 'SPEAKER-491-WM-E1DC', 4537, 172, '{"color": "White", "size": "M"}');
INSERT INTO products (id, name, slug, description, category_id) VALUES ('f35829fa-f125-4fae-a73a-f7d0b0c5ab5b', 'Ultra Monitor 274', 'ultra-monitor-274-f35829', 'Description for Ultra Monitor 274. Optimized for search and performance test.', '49f58cb4-578e-43cb-b3ab-fee873124daf');
INSERT INTO product_variants (id, product_id, sku, price, stock_quantity, attributes) VALUES ('3ac79b6a-2691-48d3-9ac5-1e72edf5deb6', 'f35829fa-f125-4fae-a73a-f7d0b0c5ab5b', 'MONITOR-274-S6-3AC7', 3110, 124, '{"color": "Silver", "size": "64GB"}');
INSERT INTO product_variants (id, product_id, sku, price, stock_quantity, attributes) VALUES ('3a8d6467-9f4b-45e2-92c5-0b3b26a42c40', 'f35829fa-f125-4fae-a73a-f7d0b0c5ab5b', 'MONITOR-274-R8-3A8D', 4393, 101, '{"color": "Red", "size": "8GB RAM"}');
INSERT INTO product_variants (id, product_id, sku, price, stock_quantity, attributes) VALUES ('bf111ff6-42b0-46a6-b444-1669738eb30d', 'f35829fa-f125-4fae-a73a-f7d0b0c5ab5b', 'MONITOR-274-GS-BF11', 1585, 14, '{"color": "Gold", "size": "S"}');
INSERT INTO products (id, name, slug, description, category_id) VALUES ('49eab764-5bf6-4136-a6bc-0db01fb80142', 'Original Camera 496', 'original-camera-496-49eab7', 'Description for Original Camera 496. Optimized for search and performance test.', '49f58cb4-578e-43cb-b3ab-fee873124daf');
INSERT INTO product_variants (id, product_id, sku, price, stock_quantity, attributes) VALUES ('6fabac1a-aee5-4952-8dad-68514b43262b', '49eab764-5bf6-4136-a6bc-0db01fb80142', 'CAMERA-496-WM-6FAB', 3110, 60, '{"color": "White", "size": "M"}');
INSERT INTO product_variants (id, product_id, sku, price, stock_quantity, attributes) VALUES ('7ad21947-cb67-4abd-a846-a889b0231176', '49eab764-5bf6-4136-a6bc-0db01fb80142', 'CAMERA-496-WS-7AD2', 2377, 45, '{"color": "White", "size": "S"}');
INSERT INTO product_variants (id, product_id, sku, price, stock_quantity, attributes) VALUES ('e3d021c3-d566-474c-8404-c953f83769c6', '49eab764-5bf6-4136-a6bc-0db01fb80142', 'CAMERA-496-GM-E3D0', 3077, 132, '{"color": "Gold", "size": "M"}');
INSERT INTO products (id, name, slug, description, category_id) VALUES ('1b065b9d-e244-420f-881a-14f773050d50', 'Original Camera 744', 'original-camera-744-1b065b', 'Description for Original Camera 744. Optimized for search and performance test.', '49f58cb4-578e-43cb-b3ab-fee873124daf');
INSERT INTO product_variants (id, product_id, sku, price, stock_quantity, attributes) VALUES ('0256f5a5-62a4-49ba-8215-0180c8159573', '1b065b9d-e244-420f-881a-14f773050d50', 'CAMERA-744-R2-0256', 2419, 187, '{"color": "Red", "size": "256GB"}');
INSERT INTO product_variants (id, product_id, sku, price, stock_quantity, attributes) VALUES ('4da5fdf3-ad50-469c-adbf-94b7f8d443ea', '1b065b9d-e244-420f-881a-14f773050d50', 'CAMERA-744-G8-4DA5', 4969, 57, '{"color": "Green", "size": "8GB RAM"}');
INSERT INTO product_variants (id, product_id, sku, price, stock_quantity, attributes) VALUES ('329a3a81-acf3-4632-bbea-f44d2b71121e', '1b065b9d-e244-420f-881a-14f773050d50', 'CAMERA-744-B2-329A', 601, 36, '{"color": "Black", "size": "256GB"}');
INSERT INTO products (id, name, slug, description, category_id) VALUES ('7aa86826-482c-49fc-a4d3-b3b593bdd345', 'Pro Camera 338', 'pro-camera-338-7aa868', 'Description for Pro Camera 338. Optimized for search and performance test.', '49f58cb4-578e-43cb-b3ab-fee873124daf');
INSERT INTO product_variants (id, product_id, sku, price, stock_quantity, attributes) VALUES ('9e44dce5-bc80-4d37-b75f-9ad062875dc9', '7aa86826-482c-49fc-a4d3-b3b593bdd345', 'CAMERA-338-G8-9E44', 2259, 159, '{"color": "Gold", "size": "8GB RAM"}');
INSERT INTO product_variants (id, product_id, sku, price, stock_quantity, attributes) VALUES ('410440cf-29e4-46c4-9a9d-4ccc2fa2ae3a', '7aa86826-482c-49fc-a4d3-b3b593bdd345', 'CAMERA-338-S6-4104', 4633, 63, '{"color": "Silver", "size": "64GB"}');
INSERT INTO product_variants (id, product_id, sku, price, stock_quantity, attributes) VALUES ('94fd6a0e-0111-423e-9d04-8b614236a710', '7aa86826-482c-49fc-a4d3-b3b593bdd345', 'CAMERA-338-G2-94FD', 4467, 70, '{"color": "Green", "size": "256GB"}');
INSERT INTO products (id, name, slug, description, category_id) VALUES ('9733acee-90f5-44f0-87ab-208bd51acadf', 'Lite Table 809', 'lite-table-809-9733ac', 'Description for Lite Table 809. Optimized for search and performance test.', '49f58cb4-578e-43cb-b3ab-fee873124daf');
INSERT INTO product_variants (id, product_id, sku, price, stock_quantity, attributes) VALUES ('566d700c-b697-465b-8dd2-bd814abee16a', '9733acee-90f5-44f0-87ab-208bd51acadf', 'TABLE-809-W2-566D', 1505, 154, '{"color": "White", "size": "256GB"}');
INSERT INTO product_variants (id, product_id, sku, price, stock_quantity, attributes) VALUES ('62552034-b866-4010-b089-1847b40e0757', '9733acee-90f5-44f0-87ab-208bd51acadf', 'TABLE-809-SX-6255', 4751, 124, '{"color": "Silver", "size": "XL"}');
INSERT INTO product_variants (id, product_id, sku, price, stock_quantity, attributes) VALUES ('7696ea4b-bcf3-42c8-bf72-f58fd49cb465', '9733acee-90f5-44f0-87ab-208bd51acadf', 'TABLE-809-B8-7696', 2082, 53, '{"color": "Blue", "size": "8GB RAM"}');
INSERT INTO products (id, name, slug, description, category_id) VALUES ('a94f506a-0b54-4e22-8ee5-171d134cffa6', 'Ultra Speaker 404', 'ultra-speaker-404-a94f50', 'Description for Ultra Speaker 404. Optimized for search and performance test.', '49f58cb4-578e-43cb-b3ab-fee873124daf');
INSERT INTO product_variants (id, product_id, sku, price, stock_quantity, attributes) VALUES ('7551475a-9373-4e11-874c-9670711485b8', 'a94f506a-0b54-4e22-8ee5-171d134cffa6', 'SPEAKER-404-GX-7551', 2097, 132, '{"color": "Gold", "size": "XL"}');
INSERT INTO product_variants (id, product_id, sku, price, stock_quantity, attributes) VALUES ('c1ffba55-15aa-4fa5-8bdd-b8bfee54649a', 'a94f506a-0b54-4e22-8ee5-171d134cffa6', 'SPEAKER-404-R1-C1FF', 4949, 157, '{"color": "Red", "size": "16GB RAM"}');
INSERT INTO product_variants (id, product_id, sku, price, stock_quantity, attributes) VALUES ('a1dbccad-83de-4322-b295-8572bf907714', 'a94f506a-0b54-4e22-8ee5-171d134cffa6', 'SPEAKER-404-R1-A1DB', 3182, 14, '{"color": "Red", "size": "128GB"}');
INSERT INTO products (id, name, slug, description, category_id) VALUES ('a4f8523b-4fb9-417a-a2c1-42c769290e59', 'Ultra Bed 913', 'ultra-bed-913-a4f852', 'Description for Ultra Bed 913. Optimized for search and performance test.', '49f58cb4-578e-43cb-b3ab-fee873124daf');
INSERT INTO product_variants (id, product_id, sku, price, stock_quantity, attributes) VALUES ('84ced96b-37a9-4893-be36-c0a54cff3657', 'a4f8523b-4fb9-417a-a2c1-42c769290e59', 'BED-913-BX-84CE', 4975, 107, '{"color": "Black", "size": "XL"}');
INSERT INTO product_variants (id, product_id, sku, price, stock_quantity, attributes) VALUES ('e66b9c2f-4f1a-4883-bfbf-7faa1d6fb0db', 'a4f8523b-4fb9-417a-a2c1-42c769290e59', 'BED-913-GM-E66B', 3977, 83, '{"color": "Green", "size": "M"}');
INSERT INTO product_variants (id, product_id, sku, price, stock_quantity, attributes) VALUES ('0c6c3307-a50e-4471-b35f-b99f591a29bc', 'a4f8523b-4fb9-417a-a2c1-42c769290e59', 'BED-913-S6-0C6C', 1682, 61, '{"color": "Silver", "size": "64GB"}');
INSERT INTO products (id, name, slug, description, category_id) VALUES ('31038c4f-9cea-457e-b74e-38c3b3004354', 'Elegant Camera 707', 'elegant-camera-707-31038c', 'Description for Elegant Camera 707. Optimized for search and performance test.', '9748ca18-881b-4e84-aab5-67e4dfe29c2f');
INSERT INTO product_variants (id, product_id, sku, price, stock_quantity, attributes) VALUES ('6b22a70b-0542-42f7-b39a-9813aef438e1', '31038c4f-9cea-457e-b74e-38c3b3004354', 'CAMERA-707-B1-6B22', 3598, 158, '{"color": "Blue", "size": "128GB"}');
INSERT INTO product_variants (id, product_id, sku, price, stock_quantity, attributes) VALUES ('fa967399-092a-44e1-a0ea-ecb4b4a2380f', '31038c4f-9cea-457e-b74e-38c3b3004354', 'CAMERA-707-RX-FA96', 691, 33, '{"color": "Red", "size": "XL"}');
INSERT INTO product_variants (id, product_id, sku, price, stock_quantity, attributes) VALUES ('335f1404-a58d-4494-9726-10458afd49ef', '31038c4f-9cea-457e-b74e-38c3b3004354', 'CAMERA-707-S8-335F', 2418, 147, '{"color": "Silver", "size": "8GB RAM"}');
INSERT INTO products (id, name, slug, description, category_id) VALUES ('c2fc6f64-5fd2-4289-b50e-8ab9e82873fb', 'Pro Speaker 991', 'pro-speaker-991-c2fc6f', 'Description for Pro Speaker 991. Optimized for search and performance test.', '9748ca18-881b-4e84-aab5-67e4dfe29c2f');
INSERT INTO product_variants (id, product_id, sku, price, stock_quantity, attributes) VALUES ('bfb47c30-6cc6-4beb-877a-5822a229a1d1', 'c2fc6f64-5fd2-4289-b50e-8ab9e82873fb', 'SPEAKER-991-G1-BFB4', 270, 171, '{"color": "Gold", "size": "128GB"}');
INSERT INTO product_variants (id, product_id, sku, price, stock_quantity, attributes) VALUES ('a7c132bb-24a7-47c6-8b0a-6787fcaeb92e', 'c2fc6f64-5fd2-4289-b50e-8ab9e82873fb', 'SPEAKER-991-G1-A7C1', 1348, 172, '{"color": "Gold", "size": "16GB RAM"}');
INSERT INTO product_variants (id, product_id, sku, price, stock_quantity, attributes) VALUES ('633f0e79-4c87-470b-8aee-cb18adfc4536', 'c2fc6f64-5fd2-4289-b50e-8ab9e82873fb', 'SPEAKER-991-SX-633F', 1086, 15, '{"color": "Silver", "size": "XL"}');
INSERT INTO products (id, name, slug, description, category_id) VALUES ('265c17ec-3139-4285-b993-f0903fced6c8', 'Eco Dress 358', 'eco-dress-358-265c17', 'Description for Eco Dress 358. Optimized for search and performance test.', '9748ca18-881b-4e84-aab5-67e4dfe29c2f');
INSERT INTO product_variants (id, product_id, sku, price, stock_quantity, attributes) VALUES ('d250e97d-596d-4350-bfd6-8c45c50f6702', '265c17ec-3139-4285-b993-f0903fced6c8', 'DRESS-358-BS-D250', 2884, 172, '{"color": "Blue", "size": "S"}');
INSERT INTO product_variants (id, product_id, sku, price, stock_quantity, attributes) VALUES ('6d08af55-6ea7-47a3-a5d2-c5e6b6a6a636', '265c17ec-3139-4285-b993-f0903fced6c8', 'DRESS-358-G1-6D08', 1228, 161, '{"color": "Green", "size": "128GB"}');
INSERT INTO product_variants (id, product_id, sku, price, stock_quantity, attributes) VALUES ('4007b5fd-087c-4f3e-bfc5-9056f6603c45', '265c17ec-3139-4285-b993-f0903fced6c8', 'DRESS-358-GX-4007', 4247, 135, '{"color": "Green", "size": "XXL"}');
INSERT INTO products (id, name, slug, description, category_id) VALUES ('559105b7-03aa-49de-8dbd-23eaca49b1c5', 'Pro Monitor 730', 'pro-monitor-730-559105', 'Description for Pro Monitor 730. Optimized for search and performance test.', '9748ca18-881b-4e84-aab5-67e4dfe29c2f');
INSERT INTO product_variants (id, product_id, sku, price, stock_quantity, attributes) VALUES ('52d1d78d-f646-4340-8146-15327ed00dec', '559105b7-03aa-49de-8dbd-23eaca49b1c5', 'MONITOR-730-W8-52D1', 4359, 167, '{"color": "White", "size": "8GB RAM"}');
INSERT INTO product_variants (id, product_id, sku, price, stock_quantity, attributes) VALUES ('da344415-e1c2-4620-82d2-a24c5da32158', '559105b7-03aa-49de-8dbd-23eaca49b1c5', 'MONITOR-730-BX-DA34', 2298, 153, '{"color": "Blue", "size": "XL"}');
INSERT INTO product_variants (id, product_id, sku, price, stock_quantity, attributes) VALUES ('15007535-3d9c-42f8-8064-bd2be49c9058', '559105b7-03aa-49de-8dbd-23eaca49b1c5', 'MONITOR-730-B1-1500', 3317, 165, '{"color": "Black", "size": "16GB RAM"}');
INSERT INTO products (id, name, slug, description, category_id) VALUES ('3b7b6e63-6c84-4555-9797-878709a9cc90', 'Smart Laptop 182', 'smart-laptop-182-3b7b6e', 'Description for Smart Laptop 182. Optimized for search and performance test.', '9748ca18-881b-4e84-aab5-67e4dfe29c2f');
INSERT INTO product_variants (id, product_id, sku, price, stock_quantity, attributes) VALUES ('8fafe827-a790-4071-b753-986e74a045ef', '3b7b6e63-6c84-4555-9797-878709a9cc90', 'LAPTOP-182-R8-8FAF', 3291, 67, '{"color": "Red", "size": "8GB RAM"}');
INSERT INTO product_variants (id, product_id, sku, price, stock_quantity, attributes) VALUES ('2bc05391-9fd3-4a01-82a9-091c2d5a81b0', '3b7b6e63-6c84-4555-9797-878709a9cc90', 'LAPTOP-182-GL-2BC0', 327, 104, '{"color": "Gold", "size": "L"}');
INSERT INTO product_variants (id, product_id, sku, price, stock_quantity, attributes) VALUES ('9e6c0c83-e91e-43cf-8fdb-0d4686903c13', '3b7b6e63-6c84-4555-9797-878709a9cc90', 'LAPTOP-182-SX-9E6C', 260, 113, '{"color": "Silver", "size": "XL"}');
INSERT INTO products (id, name, slug, description, category_id) VALUES ('25fe2cb1-fa6c-4b5e-9630-24834c20ab55', 'Pro Shirt 776', 'pro-shirt-776-25fe2c', 'Description for Pro Shirt 776. Optimized for search and performance test.', '9748ca18-881b-4e84-aab5-67e4dfe29c2f');
INSERT INTO product_variants (id, product_id, sku, price, stock_quantity, attributes) VALUES ('cd486ae6-c9b4-4316-9718-504fd0f44d2b', '25fe2cb1-fa6c-4b5e-9630-24834c20ab55', 'SHIRT-776-GS-CD48', 4686, 115, '{"color": "Green", "size": "S"}');
INSERT INTO product_variants (id, product_id, sku, price, stock_quantity, attributes) VALUES ('ad212a6b-74de-4ffc-92eb-932c40463482', '25fe2cb1-fa6c-4b5e-9630-24834c20ab55', 'SHIRT-776-G1-AD21', 615, 109, '{"color": "Green", "size": "16GB RAM"}');
INSERT INTO product_variants (id, product_id, sku, price, stock_quantity, attributes) VALUES ('1c11b64e-d2a6-4157-a729-d55139e86f38', '25fe2cb1-fa6c-4b5e-9630-24834c20ab55', 'SHIRT-776-BX-1C11', 1338, 92, '{"color": "Black", "size": "XL"}');
INSERT INTO products (id, name, slug, description, category_id) VALUES ('330d5f6e-1986-4219-a36f-14b1735cb41d', 'Ultra Phone 997', 'ultra-phone-997-330d5f', 'Description for Ultra Phone 997. Optimized for search and performance test.', '9748ca18-881b-4e84-aab5-67e4dfe29c2f');
INSERT INTO product_variants (id, product_id, sku, price, stock_quantity, attributes) VALUES ('5fd6983b-e4ba-4604-8756-dfa291b92dc0', '330d5f6e-1986-4219-a36f-14b1735cb41d', 'PHONE-997-S2-5FD6', 3077, 163, '{"color": "Silver", "size": "256GB"}');
INSERT INTO product_variants (id, product_id, sku, price, stock_quantity, attributes) VALUES ('5d210655-fda8-48c8-a406-9a8d28d45f86', '330d5f6e-1986-4219-a36f-14b1735cb41d', 'PHONE-997-RX-5D21', 137, 47, '{"color": "Red", "size": "XXL"}');
INSERT INTO product_variants (id, product_id, sku, price, stock_quantity, attributes) VALUES ('d90210ea-a96e-45d2-943f-4f23228ea5bc', '330d5f6e-1986-4219-a36f-14b1735cb41d', 'PHONE-997-BX-D902', 869, 40, '{"color": "Blue", "size": "XL"}');
INSERT INTO products (id, name, slug, description, category_id) VALUES ('da77f66e-d26b-4ff9-a3d3-252d99d67845', 'Eco Camera 391', 'eco-camera-391-da77f6', 'Description for Eco Camera 391. Optimized for search and performance test.', '9748ca18-881b-4e84-aab5-67e4dfe29c2f');
INSERT INTO product_variants (id, product_id, sku, price, stock_quantity, attributes) VALUES ('b7c4ded2-2ec6-42d2-b110-73afec4fa695', 'da77f66e-d26b-4ff9-a3d3-252d99d67845', 'CAMERA-391-GS-B7C4', 1910, 124, '{"color": "Gold", "size": "S"}');
INSERT INTO product_variants (id, product_id, sku, price, stock_quantity, attributes) VALUES ('470c83d8-730f-49a0-aa7e-a31a4c56a795', 'da77f66e-d26b-4ff9-a3d3-252d99d67845', 'CAMERA-391-BS-470C', 1943, 147, '{"color": "Blue", "size": "S"}');
INSERT INTO product_variants (id, product_id, sku, price, stock_quantity, attributes) VALUES ('de5ebfa7-544b-4bcd-82d6-501b0798aa83', 'da77f66e-d26b-4ff9-a3d3-252d99d67845', 'CAMERA-391-W1-DE5E', 1487, 92, '{"color": "White", "size": "16GB RAM"}');
INSERT INTO products (id, name, slug, description, category_id) VALUES ('38f86234-1606-4178-b1a5-1d3cd9f52c72', 'Smart Camera 748', 'smart-camera-748-38f862', 'Description for Smart Camera 748. Optimized for search and performance test.', '9748ca18-881b-4e84-aab5-67e4dfe29c2f');
INSERT INTO product_variants (id, product_id, sku, price, stock_quantity, attributes) VALUES ('b2ee305a-70b7-4389-9811-a1b14d7bdc37', '38f86234-1606-4178-b1a5-1d3cd9f52c72', 'CAMERA-748-RX-B2EE', 4004, 40, '{"color": "Red", "size": "XXL"}');
INSERT INTO product_variants (id, product_id, sku, price, stock_quantity, attributes) VALUES ('fc173074-0811-482a-96ab-946690f6db45', '38f86234-1606-4178-b1a5-1d3cd9f52c72', 'CAMERA-748-B1-FC17', 2957, 28, '{"color": "Blue", "size": "128GB"}');
INSERT INTO product_variants (id, product_id, sku, price, stock_quantity, attributes) VALUES ('4ebf86fd-7d4e-43a8-9695-47bc06c39fe0', '38f86234-1606-4178-b1a5-1d3cd9f52c72', 'CAMERA-748-RX-4EBF', 776, 45, '{"color": "Red", "size": "XXL"}');
INSERT INTO products (id, name, slug, description, category_id) VALUES ('1e1ba822-b5e9-4c95-a139-07d375f5cdc5', 'Pro Dress 375', 'pro-dress-375-1e1ba8', 'Description for Pro Dress 375. Optimized for search and performance test.', '9748ca18-881b-4e84-aab5-67e4dfe29c2f');
INSERT INTO product_variants (id, product_id, sku, price, stock_quantity, attributes) VALUES ('a5c5e5b4-1bb7-4a8d-b6db-cf04465e0895', '1e1ba822-b5e9-4c95-a139-07d375f5cdc5', 'DRESS-375-SS-A5C5', 1853, 160, '{"color": "Silver", "size": "S"}');
INSERT INTO product_variants (id, product_id, sku, price, stock_quantity, attributes) VALUES ('fb02d84f-f68c-4641-a986-79c5b7ebe84e', '1e1ba822-b5e9-4c95-a139-07d375f5cdc5', 'DRESS-375-WS-FB02', 4713, 84, '{"color": "White", "size": "S"}');
INSERT INTO product_variants (id, product_id, sku, price, stock_quantity, attributes) VALUES ('602b13a0-3a38-434b-a12f-73adfb1b7d56', '1e1ba822-b5e9-4c95-a139-07d375f5cdc5', 'DRESS-375-W8-602B', 2999, 90, '{"color": "White", "size": "8GB RAM"}');
INSERT INTO products (id, name, slug, description, category_id) VALUES ('cabde3d4-a3c5-4f85-a5a8-ca0d47fe61ab', 'Original Speaker 459', 'original-speaker-459-cabde3', 'Description for Original Speaker 459. Optimized for search and performance test.', '9748ca18-881b-4e84-aab5-67e4dfe29c2f');
INSERT INTO product_variants (id, product_id, sku, price, stock_quantity, attributes) VALUES ('8148684f-4d02-4f3f-bbfe-8bd65a277216', 'cabde3d4-a3c5-4f85-a5a8-ca0d47fe61ab', 'SPEAKER-459-SX-8148', 1217, 178, '{"color": "Silver", "size": "XXL"}');
INSERT INTO product_variants (id, product_id, sku, price, stock_quantity, attributes) VALUES ('5b16bb74-67d9-4ece-871d-40acc3ffdd74', 'cabde3d4-a3c5-4f85-a5a8-ca0d47fe61ab', 'SPEAKER-459-WS-5B16', 4479, 132, '{"color": "White", "size": "S"}');
INSERT INTO product_variants (id, product_id, sku, price, stock_quantity, attributes) VALUES ('6be3b838-bd9c-4208-9456-275803fd1366', 'cabde3d4-a3c5-4f85-a5a8-ca0d47fe61ab', 'SPEAKER-459-GS-6BE3', 653, 91, '{"color": "Gold", "size": "S"}');
INSERT INTO products (id, name, slug, description, category_id) VALUES ('389073f0-e9cd-4744-93cc-6fa98475b372', 'Pro Laptop 235', 'pro-laptop-235-389073', 'Description for Pro Laptop 235. Optimized for search and performance test.', '9748ca18-881b-4e84-aab5-67e4dfe29c2f');
INSERT INTO product_variants (id, product_id, sku, price, stock_quantity, attributes) VALUES ('b44ef4e1-fd90-4e61-bfeb-7386f9b68da6', '389073f0-e9cd-4744-93cc-6fa98475b372', 'LAPTOP-235-RS-B44E', 2788, 135, '{"color": "Red", "size": "S"}');
INSERT INTO product_variants (id, product_id, sku, price, stock_quantity, attributes) VALUES ('7edb8c36-f9d2-4c3a-9156-0f7c941675a8', '389073f0-e9cd-4744-93cc-6fa98475b372', 'LAPTOP-235-BX-7EDB', 4994, 148, '{"color": "Blue", "size": "XL"}');
INSERT INTO product_variants (id, product_id, sku, price, stock_quantity, attributes) VALUES ('6587e1b8-4597-4e6b-a53b-66c4b7883301', '389073f0-e9cd-4744-93cc-6fa98475b372', 'LAPTOP-235-BX-6587', 3617, 158, '{"color": "Black", "size": "XL"}');
INSERT INTO products (id, name, slug, description, category_id) VALUES ('82e6c624-5498-4b4a-b555-2b46e1ff29d7', 'Premium Dress 890', 'premium-dress-890-82e6c6', 'Description for Premium Dress 890. Optimized for search and performance test.', '9748ca18-881b-4e84-aab5-67e4dfe29c2f');
INSERT INTO product_variants (id, product_id, sku, price, stock_quantity, attributes) VALUES ('fda6a33f-7821-452e-90a1-a3cd1622d9aa', '82e6c624-5498-4b4a-b555-2b46e1ff29d7', 'DRESS-890-B1-FDA6', 2576, 165, '{"color": "Black", "size": "128GB"}');
INSERT INTO product_variants (id, product_id, sku, price, stock_quantity, attributes) VALUES ('9c9fa434-1ee6-4d57-bdab-5e9704b94644', '82e6c624-5498-4b4a-b555-2b46e1ff29d7', 'DRESS-890-GX-9C9F', 178, 116, '{"color": "Gold", "size": "XXL"}');
INSERT INTO product_variants (id, product_id, sku, price, stock_quantity, attributes) VALUES ('322dae8d-8589-49db-b224-785ce1bcea40', '82e6c624-5498-4b4a-b555-2b46e1ff29d7', 'DRESS-890-RM-322D', 3939, 24, '{"color": "Red", "size": "M"}');
INSERT INTO products (id, name, slug, description, category_id) VALUES ('69673849-9e18-4d92-9327-77cce3036512', 'Eco Shirt 819', 'eco-shirt-819-696738', 'Description for Eco Shirt 819. Optimized for search and performance test.', '9748ca18-881b-4e84-aab5-67e4dfe29c2f');
INSERT INTO product_variants (id, product_id, sku, price, stock_quantity, attributes) VALUES ('ca30b7af-6bd3-41d7-938c-05203b163faa', '69673849-9e18-4d92-9327-77cce3036512', 'SHIRT-819-BM-CA30', 1780, 196, '{"color": "Black", "size": "M"}');
INSERT INTO product_variants (id, product_id, sku, price, stock_quantity, attributes) VALUES ('79c51a94-5e6b-4b27-94e5-717357a9046a', '69673849-9e18-4d92-9327-77cce3036512', 'SHIRT-819-RM-79C5', 3983, 17, '{"color": "Red", "size": "M"}');
INSERT INTO product_variants (id, product_id, sku, price, stock_quantity, attributes) VALUES ('2f28874f-f65b-46ca-be55-255bd14134d1', '69673849-9e18-4d92-9327-77cce3036512', 'SHIRT-819-WL-2F28', 3440, 41, '{"color": "White", "size": "L"}');
INSERT INTO products (id, name, slug, description, category_id) VALUES ('1da6e786-24af-488b-b25d-c3d84cdfe588', 'Original Phone 260', 'original-phone-260-1da6e7', 'Description for Original Phone 260. Optimized for search and performance test.', '9748ca18-881b-4e84-aab5-67e4dfe29c2f');
INSERT INTO product_variants (id, product_id, sku, price, stock_quantity, attributes) VALUES ('30e182a6-9b4a-4bf3-a5d4-359e139d410b', '1da6e786-24af-488b-b25d-c3d84cdfe588', 'PHONE-260-G6-30E1', 4891, 18, '{"color": "Green", "size": "64GB"}');
INSERT INTO product_variants (id, product_id, sku, price, stock_quantity, attributes) VALUES ('edf5ad8e-db90-496b-baad-eda04be3ea78', '1da6e786-24af-488b-b25d-c3d84cdfe588', 'PHONE-260-SL-EDF5', 4838, 74, '{"color": "Silver", "size": "L"}');
INSERT INTO product_variants (id, product_id, sku, price, stock_quantity, attributes) VALUES ('2e5f93d8-01f5-4134-8041-bfdd1111e5f6', '1da6e786-24af-488b-b25d-c3d84cdfe588', 'PHONE-260-RL-2E5F', 476, 177, '{"color": "Red", "size": "L"}');
INSERT INTO products (id, name, slug, description, category_id) VALUES ('5a637988-5bd3-4cac-bd68-dee63b1b977d', 'Eco Table 606', 'eco-table-606-5a6379', 'Description for Eco Table 606. Optimized for search and performance test.', '9748ca18-881b-4e84-aab5-67e4dfe29c2f');
INSERT INTO product_variants (id, product_id, sku, price, stock_quantity, attributes) VALUES ('71f88162-5c42-48bd-9c8d-eb370d0503c5', '5a637988-5bd3-4cac-bd68-dee63b1b977d', 'TABLE-606-BX-71F8', 4384, 194, '{"color": "Blue", "size": "XL"}');
INSERT INTO product_variants (id, product_id, sku, price, stock_quantity, attributes) VALUES ('c606779c-31b6-4dd1-9129-61bbd77d368a', '5a637988-5bd3-4cac-bd68-dee63b1b977d', 'TABLE-606-B1-C606', 1673, 68, '{"color": "Black", "size": "16GB RAM"}');
INSERT INTO product_variants (id, product_id, sku, price, stock_quantity, attributes) VALUES ('d906c20c-1db1-4ab0-a838-8b5f72e3c074', '5a637988-5bd3-4cac-bd68-dee63b1b977d', 'TABLE-606-BS-D906', 4539, 76, '{"color": "Black", "size": "S"}');
INSERT INTO products (id, name, slug, description, category_id) VALUES ('43369b24-7ffe-4257-82ef-84a9d339e3b8', 'Pro Laptop 819', 'pro-laptop-819-43369b', 'Description for Pro Laptop 819. Optimized for search and performance test.', '9748ca18-881b-4e84-aab5-67e4dfe29c2f');
INSERT INTO product_variants (id, product_id, sku, price, stock_quantity, attributes) VALUES ('e6eeaca6-2604-46a6-9a74-05069593b320', '43369b24-7ffe-4257-82ef-84a9d339e3b8', 'LAPTOP-819-BX-E6EE', 3343, 183, '{"color": "Blue", "size": "XXL"}');
INSERT INTO product_variants (id, product_id, sku, price, stock_quantity, attributes) VALUES ('4a10ac59-d81c-49b9-999e-c065ea2e7a7c', '43369b24-7ffe-4257-82ef-84a9d339e3b8', 'LAPTOP-819-R2-4A10', 2027, 200, '{"color": "Red", "size": "256GB"}');
INSERT INTO product_variants (id, product_id, sku, price, stock_quantity, attributes) VALUES ('d56f4c14-4ca8-412e-828d-bf4c88ada291', '43369b24-7ffe-4257-82ef-84a9d339e3b8', 'LAPTOP-819-SL-D56F', 4696, 62, '{"color": "Silver", "size": "L"}');
INSERT INTO products (id, name, slug, description, category_id) VALUES ('3c74429b-9517-48be-9e85-46c436462ca3', 'Elegant Headphones 702', 'elegant-headphones-702-3c7442', 'Description for Elegant Headphones 702. Optimized for search and performance test.', '9748ca18-881b-4e84-aab5-67e4dfe29c2f');
INSERT INTO product_variants (id, product_id, sku, price, stock_quantity, attributes) VALUES ('18d9ea11-2658-4723-b0a0-8f0a77919603', '3c74429b-9517-48be-9e85-46c436462ca3', 'HEADPHONES-702-BS-18D9', 4022, 141, '{"color": "Black", "size": "S"}');
INSERT INTO product_variants (id, product_id, sku, price, stock_quantity, attributes) VALUES ('f1472460-3ffd-42d2-9522-9f506a36a552', '3c74429b-9517-48be-9e85-46c436462ca3', 'HEADPHONES-702-WL-F147', 937, 194, '{"color": "White", "size": "L"}');
INSERT INTO product_variants (id, product_id, sku, price, stock_quantity, attributes) VALUES ('ba3e2ddd-62f5-411b-8f87-303477a8192b', '3c74429b-9517-48be-9e85-46c436462ca3', 'HEADPHONES-702-BM-BA3E', 4874, 82, '{"color": "Black", "size": "M"}');
INSERT INTO products (id, name, slug, description, category_id) VALUES ('53e8d3fe-7dbf-4340-bba5-dfb5b4392dee', 'Original Table 872', 'original-table-872-53e8d3', 'Description for Original Table 872. Optimized for search and performance test.', '9748ca18-881b-4e84-aab5-67e4dfe29c2f');
INSERT INTO product_variants (id, product_id, sku, price, stock_quantity, attributes) VALUES ('7e308739-b188-429e-bd20-ee8c17c11b5a', '53e8d3fe-7dbf-4340-bba5-dfb5b4392dee', 'TABLE-872-B8-7E30', 4404, 57, '{"color": "Blue", "size": "8GB RAM"}');
INSERT INTO product_variants (id, product_id, sku, price, stock_quantity, attributes) VALUES ('aab171ba-da31-4ea0-9bce-4b2e3fcd6706', '53e8d3fe-7dbf-4340-bba5-dfb5b4392dee', 'TABLE-872-W1-AAB1', 2125, 100, '{"color": "White", "size": "16GB RAM"}');
INSERT INTO product_variants (id, product_id, sku, price, stock_quantity, attributes) VALUES ('3403bcc9-7b02-457e-b5a9-fa1646f37074', '53e8d3fe-7dbf-4340-bba5-dfb5b4392dee', 'TABLE-872-R1-3403', 4913, 91, '{"color": "Red", "size": "128GB"}');
INSERT INTO products (id, name, slug, description, category_id) VALUES ('c0a227a7-41a4-4c02-84bd-e93796ae0cac', 'Original Bed 549', 'original-bed-549-c0a227', 'Description for Original Bed 549. Optimized for search and performance test.', '9748ca18-881b-4e84-aab5-67e4dfe29c2f');
INSERT INTO product_variants (id, product_id, sku, price, stock_quantity, attributes) VALUES ('f1290347-59bd-4c04-a2cf-6279a74aca85', 'c0a227a7-41a4-4c02-84bd-e93796ae0cac', 'BED-549-W6-F129', 4697, 80, '{"color": "White", "size": "64GB"}');
INSERT INTO product_variants (id, product_id, sku, price, stock_quantity, attributes) VALUES ('d35c6232-bc11-45b6-91c8-f4d61905d6bd', 'c0a227a7-41a4-4c02-84bd-e93796ae0cac', 'BED-549-GX-D35C', 4206, 83, '{"color": "Green", "size": "XL"}');
INSERT INTO product_variants (id, product_id, sku, price, stock_quantity, attributes) VALUES ('481c7a21-4d27-4fee-bcc9-5304ec642c39', 'c0a227a7-41a4-4c02-84bd-e93796ae0cac', 'BED-549-G2-481C', 4006, 67, '{"color": "Green", "size": "256GB"}');
INSERT INTO products (id, name, slug, description, category_id) VALUES ('f0ed551b-a062-4f39-8604-d914910f0cc1', 'Pro Camera 893', 'pro-camera-893-f0ed55', 'Description for Pro Camera 893. Optimized for search and performance test.', '9748ca18-881b-4e84-aab5-67e4dfe29c2f');
INSERT INTO product_variants (id, product_id, sku, price, stock_quantity, attributes) VALUES ('bc7b16b4-9969-4963-bf21-6206f928ec54', 'f0ed551b-a062-4f39-8604-d914910f0cc1', 'CAMERA-893-WX-BC7B', 3990, 196, '{"color": "White", "size": "XXL"}');
INSERT INTO product_variants (id, product_id, sku, price, stock_quantity, attributes) VALUES ('8cb0c87d-7ba5-4a9d-b10a-042144678298', 'f0ed551b-a062-4f39-8604-d914910f0cc1', 'CAMERA-893-G2-8CB0', 929, 167, '{"color": "Green", "size": "256GB"}');
INSERT INTO product_variants (id, product_id, sku, price, stock_quantity, attributes) VALUES ('7c318bf2-b9d5-4022-ba98-b02b30583132', 'f0ed551b-a062-4f39-8604-d914910f0cc1', 'CAMERA-893-RL-7C31', 3163, 190, '{"color": "Red", "size": "L"}');
INSERT INTO products (id, name, slug, description, category_id) VALUES ('22922eae-c708-4293-869b-7f9cd68d4663', 'Eco Phone 313', 'eco-phone-313-22922e', 'Description for Eco Phone 313. Optimized for search and performance test.', '9748ca18-881b-4e84-aab5-67e4dfe29c2f');
INSERT INTO product_variants (id, product_id, sku, price, stock_quantity, attributes) VALUES ('7ca5463d-9e57-4513-9b35-06aff3f9e309', '22922eae-c708-4293-869b-7f9cd68d4663', 'PHONE-313-RX-7CA5', 761, 153, '{"color": "Red", "size": "XL"}');
INSERT INTO product_variants (id, product_id, sku, price, stock_quantity, attributes) VALUES ('609e569f-29da-48d3-ac76-ad0f812db8c5', '22922eae-c708-4293-869b-7f9cd68d4663', 'PHONE-313-B2-609E', 1117, 195, '{"color": "Black", "size": "256GB"}');
INSERT INTO product_variants (id, product_id, sku, price, stock_quantity, attributes) VALUES ('4bdb28f2-300a-4969-8d4b-46d176a3df5b', '22922eae-c708-4293-869b-7f9cd68d4663', 'PHONE-313-GX-4BDB', 2244, 103, '{"color": "Gold", "size": "XL"}');
INSERT INTO products (id, name, slug, description, category_id) VALUES ('7fe5b1a9-20bc-4f47-8a29-10c053b5be58', 'Pro Dress 573', 'pro-dress-573-7fe5b1', 'Description for Pro Dress 573. Optimized for search and performance test.', '9748ca18-881b-4e84-aab5-67e4dfe29c2f');
INSERT INTO product_variants (id, product_id, sku, price, stock_quantity, attributes) VALUES ('d1ecaa33-c69b-494e-9ae9-d58609b0d128', '7fe5b1a9-20bc-4f47-8a29-10c053b5be58', 'DRESS-573-BS-D1EC', 2954, 52, '{"color": "Black", "size": "S"}');
INSERT INTO product_variants (id, product_id, sku, price, stock_quantity, attributes) VALUES ('14128372-4934-4b9a-92d1-4a78270bd6f0', '7fe5b1a9-20bc-4f47-8a29-10c053b5be58', 'DRESS-573-R6-1412', 1759, 11, '{"color": "Red", "size": "64GB"}');
INSERT INTO product_variants (id, product_id, sku, price, stock_quantity, attributes) VALUES ('0b03a8bc-dc4f-4535-a586-4404320ddf18', '7fe5b1a9-20bc-4f47-8a29-10c053b5be58', 'DRESS-573-RX-0B03', 2176, 80, '{"color": "Red", "size": "XL"}');
INSERT INTO products (id, name, slug, description, category_id) VALUES ('b9113808-3bb7-49b8-8581-ab94d087ce27', 'Ultra Laptop 685', 'ultra-laptop-685-b91138', 'Description for Ultra Laptop 685. Optimized for search and performance test.', '9748ca18-881b-4e84-aab5-67e4dfe29c2f');
INSERT INTO product_variants (id, product_id, sku, price, stock_quantity, attributes) VALUES ('abb4468b-fc52-4d14-a7fa-72b38c05d5fb', 'b9113808-3bb7-49b8-8581-ab94d087ce27', 'LAPTOP-685-SS-ABB4', 2509, 15, '{"color": "Silver", "size": "S"}');
INSERT INTO product_variants (id, product_id, sku, price, stock_quantity, attributes) VALUES ('0823c26b-2705-48fa-b9a9-af5a434a5925', 'b9113808-3bb7-49b8-8581-ab94d087ce27', 'LAPTOP-685-S8-0823', 2087, 70, '{"color": "Silver", "size": "8GB RAM"}');
INSERT INTO product_variants (id, product_id, sku, price, stock_quantity, attributes) VALUES ('1dd4a89e-1031-4790-9818-f2c12de28a36', 'b9113808-3bb7-49b8-8581-ab94d087ce27', 'LAPTOP-685-S6-1DD4', 3780, 188, '{"color": "Silver", "size": "64GB"}');
INSERT INTO products (id, name, slug, description, category_id) VALUES ('b9246858-c3fa-4d94-bd35-be92aa8f3f6a', 'Elegant Bed 596', 'elegant-bed-596-b92468', 'Description for Elegant Bed 596. Optimized for search and performance test.', '9748ca18-881b-4e84-aab5-67e4dfe29c2f');
INSERT INTO product_variants (id, product_id, sku, price, stock_quantity, attributes) VALUES ('eb892a47-ba87-499a-b0b8-7f160932baeb', 'b9246858-c3fa-4d94-bd35-be92aa8f3f6a', 'BED-596-GM-EB89', 1342, 156, '{"color": "Green", "size": "M"}');
INSERT INTO product_variants (id, product_id, sku, price, stock_quantity, attributes) VALUES ('efe6d3e4-78c0-4357-bff6-26d21662920f', 'b9246858-c3fa-4d94-bd35-be92aa8f3f6a', 'BED-596-BX-EFE6', 4477, 90, '{"color": "Blue", "size": "XL"}');
INSERT INTO product_variants (id, product_id, sku, price, stock_quantity, attributes) VALUES ('904380c2-c7d1-4195-a3b7-8ccf066406ff', 'b9246858-c3fa-4d94-bd35-be92aa8f3f6a', 'BED-596-GM-9043', 428, 11, '{"color": "Gold", "size": "M"}');
INSERT INTO products (id, name, slug, description, category_id) VALUES ('9bd61177-c59c-4a63-9153-2eaf7f99e146', 'Pro Speaker 643', 'pro-speaker-643-9bd611', 'Description for Pro Speaker 643. Optimized for search and performance test.', '9748ca18-881b-4e84-aab5-67e4dfe29c2f');
INSERT INTO product_variants (id, product_id, sku, price, stock_quantity, attributes) VALUES ('6f1af434-320f-49d2-b824-f48a24328b97', '9bd61177-c59c-4a63-9153-2eaf7f99e146', 'SPEAKER-643-G6-6F1A', 3190, 12, '{"color": "Green", "size": "64GB"}');
INSERT INTO product_variants (id, product_id, sku, price, stock_quantity, attributes) VALUES ('8943fbc2-36ff-4ef8-b157-4c798ba9a26e', '9bd61177-c59c-4a63-9153-2eaf7f99e146', 'SPEAKER-643-G8-8943', 4964, 138, '{"color": "Green", "size": "8GB RAM"}');
INSERT INTO product_variants (id, product_id, sku, price, stock_quantity, attributes) VALUES ('4e2c7b0b-a131-40ba-9c08-e6f766df585f', '9bd61177-c59c-4a63-9153-2eaf7f99e146', 'SPEAKER-643-SX-4E2C', 4388, 195, '{"color": "Silver", "size": "XXL"}');
INSERT INTO products (id, name, slug, description, category_id) VALUES ('7aa73c70-49ab-46e9-ae70-cca2befad27c', 'Premium Shirt 189', 'premium-shirt-189-7aa73c', 'Description for Premium Shirt 189. Optimized for search and performance test.', '9748ca18-881b-4e84-aab5-67e4dfe29c2f');
INSERT INTO product_variants (id, product_id, sku, price, stock_quantity, attributes) VALUES ('a415e355-f117-403e-9fec-69b81d8d0e50', '7aa73c70-49ab-46e9-ae70-cca2befad27c', 'SHIRT-189-G6-A415', 3547, 41, '{"color": "Green", "size": "64GB"}');
INSERT INTO product_variants (id, product_id, sku, price, stock_quantity, attributes) VALUES ('46f08aff-f27e-47a0-a80b-4502dbeef5a8', '7aa73c70-49ab-46e9-ae70-cca2befad27c', 'SHIRT-189-G1-46F0', 4968, 87, '{"color": "Green", "size": "128GB"}');
INSERT INTO product_variants (id, product_id, sku, price, stock_quantity, attributes) VALUES ('892f5d30-be2c-4cdc-acc0-559a2088a68f', '7aa73c70-49ab-46e9-ae70-cca2befad27c', 'SHIRT-189-GX-892F', 4677, 141, '{"color": "Gold", "size": "XL"}');
INSERT INTO products (id, name, slug, description, category_id) VALUES ('7f5e58fb-9f1a-47d4-a798-06cfe209df9a', 'Lite Headphones 766', 'lite-headphones-766-7f5e58', 'Description for Lite Headphones 766. Optimized for search and performance test.', '9748ca18-881b-4e84-aab5-67e4dfe29c2f');
INSERT INTO product_variants (id, product_id, sku, price, stock_quantity, attributes) VALUES ('19c2c99e-ca48-4eaf-bd64-8c5169a6ac20', '7f5e58fb-9f1a-47d4-a798-06cfe209df9a', 'HEADPHONES-766-BX-19C2', 4836, 144, '{"color": "Black", "size": "XXL"}');
INSERT INTO product_variants (id, product_id, sku, price, stock_quantity, attributes) VALUES ('d6739eaf-9206-41f2-b4fc-b89642f7d263', '7f5e58fb-9f1a-47d4-a798-06cfe209df9a', 'HEADPHONES-766-RL-D673', 912, 169, '{"color": "Red", "size": "L"}');
INSERT INTO product_variants (id, product_id, sku, price, stock_quantity, attributes) VALUES ('9cd16016-c21b-42e8-834c-1c18af5d6da4', '7f5e58fb-9f1a-47d4-a798-06cfe209df9a', 'HEADPHONES-766-WX-9CD1', 1330, 122, '{"color": "White", "size": "XL"}');
INSERT INTO products (id, name, slug, description, category_id) VALUES ('a16806e2-1d3b-4ce6-b061-748f1665fe76', 'Premium Dress 637', 'premium-dress-637-a16806', 'Description for Premium Dress 637. Optimized for search and performance test.', '9748ca18-881b-4e84-aab5-67e4dfe29c2f');
INSERT INTO product_variants (id, product_id, sku, price, stock_quantity, attributes) VALUES ('37f4ab06-af14-4986-8317-f7bf52c574b5', 'a16806e2-1d3b-4ce6-b061-748f1665fe76', 'DRESS-637-B6-37F4', 2712, 164, '{"color": "Blue", "size": "64GB"}');
INSERT INTO product_variants (id, product_id, sku, price, stock_quantity, attributes) VALUES ('072dbb42-b202-45b4-8356-6858fb022ae9', 'a16806e2-1d3b-4ce6-b061-748f1665fe76', 'DRESS-637-G8-072D', 342, 19, '{"color": "Green", "size": "8GB RAM"}');
INSERT INTO product_variants (id, product_id, sku, price, stock_quantity, attributes) VALUES ('1992bd6f-cc8f-4ffb-892f-b2873784083e', 'a16806e2-1d3b-4ce6-b061-748f1665fe76', 'DRESS-637-B1-1992', 197, 72, '{"color": "Blue", "size": "128GB"}');
INSERT INTO products (id, name, slug, description, category_id) VALUES ('b7a10921-4e0b-4594-a737-93d3130c6b64', 'Smart Dress 104', 'smart-dress-104-b7a109', 'Description for Smart Dress 104. Optimized for search and performance test.', '9748ca18-881b-4e84-aab5-67e4dfe29c2f');
INSERT INTO product_variants (id, product_id, sku, price, stock_quantity, attributes) VALUES ('a275002a-4fb1-465a-9c75-1400eac9688a', 'b7a10921-4e0b-4594-a737-93d3130c6b64', 'DRESS-104-BM-A275', 2168, 35, '{"color": "Blue", "size": "M"}');
INSERT INTO product_variants (id, product_id, sku, price, stock_quantity, attributes) VALUES ('e0342859-0586-4439-a15a-c276e65eee87', 'b7a10921-4e0b-4594-a737-93d3130c6b64', 'DRESS-104-GM-E034', 4433, 194, '{"color": "Green", "size": "M"}');
INSERT INTO product_variants (id, product_id, sku, price, stock_quantity, attributes) VALUES ('6bb86b4e-e0f8-4857-9d8f-021c4c8d8111', 'b7a10921-4e0b-4594-a737-93d3130c6b64', 'DRESS-104-B2-6BB8', 1164, 64, '{"color": "Black", "size": "256GB"}');
INSERT INTO products (id, name, slug, description, category_id) VALUES ('b53fa3a0-1cbd-4e83-847d-1cd264e4e57a', 'Elegant Phone 501', 'elegant-phone-501-b53fa3', 'Description for Elegant Phone 501. Optimized for search and performance test.', '9748ca18-881b-4e84-aab5-67e4dfe29c2f');
INSERT INTO product_variants (id, product_id, sku, price, stock_quantity, attributes) VALUES ('b3be5ec5-d721-490c-b0aa-42287b5036fc', 'b53fa3a0-1cbd-4e83-847d-1cd264e4e57a', 'PHONE-501-GS-B3BE', 2093, 46, '{"color": "Green", "size": "S"}');
INSERT INTO product_variants (id, product_id, sku, price, stock_quantity, attributes) VALUES ('79ee2e90-790b-4103-bba0-576e5214e9f4', 'b53fa3a0-1cbd-4e83-847d-1cd264e4e57a', 'PHONE-501-S2-79EE', 3466, 28, '{"color": "Silver", "size": "256GB"}');
INSERT INTO product_variants (id, product_id, sku, price, stock_quantity, attributes) VALUES ('b25fd994-ad4b-40a9-8a77-531edf84e147', 'b53fa3a0-1cbd-4e83-847d-1cd264e4e57a', 'PHONE-501-G1-B25F', 4988, 50, '{"color": "Gold", "size": "128GB"}');
INSERT INTO products (id, name, slug, description, category_id) VALUES ('7cab9dd7-b22f-43e1-94fe-ec2041256a62', 'Pro Table 632', 'pro-table-632-7cab9d', 'Description for Pro Table 632. Optimized for search and performance test.', '9748ca18-881b-4e84-aab5-67e4dfe29c2f');
INSERT INTO product_variants (id, product_id, sku, price, stock_quantity, attributes) VALUES ('448b7b07-0abb-4244-aa35-5e56e7e4ffa7', '7cab9dd7-b22f-43e1-94fe-ec2041256a62', 'TABLE-632-BS-448B', 127, 143, '{"color": "Blue", "size": "S"}');
INSERT INTO product_variants (id, product_id, sku, price, stock_quantity, attributes) VALUES ('4679f9fa-9a03-4226-83c0-7b598991e42d', '7cab9dd7-b22f-43e1-94fe-ec2041256a62', 'TABLE-632-WL-4679', 4203, 159, '{"color": "White", "size": "L"}');
INSERT INTO product_variants (id, product_id, sku, price, stock_quantity, attributes) VALUES ('bc967e31-81fc-4ebc-8862-5797ff04c9bd', '7cab9dd7-b22f-43e1-94fe-ec2041256a62', 'TABLE-632-WS-BC96', 1647, 134, '{"color": "White", "size": "S"}');
INSERT INTO products (id, name, slug, description, category_id) VALUES ('cba8b685-358a-4a1f-bddd-fb017cbb3a91', 'Eco Bed 978', 'eco-bed-978-cba8b6', 'Description for Eco Bed 978. Optimized for search and performance test.', '9748ca18-881b-4e84-aab5-67e4dfe29c2f');
INSERT INTO product_variants (id, product_id, sku, price, stock_quantity, attributes) VALUES ('fb4e1e9e-880a-4dd8-9272-b66436bcfbbf', 'cba8b685-358a-4a1f-bddd-fb017cbb3a91', 'BED-978-BX-FB4E', 3046, 12, '{"color": "Blue", "size": "XXL"}');
INSERT INTO product_variants (id, product_id, sku, price, stock_quantity, attributes) VALUES ('69e54561-baad-487a-9970-37e72145e798', 'cba8b685-358a-4a1f-bddd-fb017cbb3a91', 'BED-978-GX-69E5', 1535, 64, '{"color": "Gold", "size": "XXL"}');
INSERT INTO product_variants (id, product_id, sku, price, stock_quantity, attributes) VALUES ('34e1e752-4db1-469e-b52d-6fdfdd6770a3', 'cba8b685-358a-4a1f-bddd-fb017cbb3a91', 'BED-978-WL-34E1', 3593, 80, '{"color": "White", "size": "L"}');
INSERT INTO products (id, name, slug, description, category_id) VALUES ('49af3efc-6b44-4005-86c7-051b77850321', 'Pro Dress 274', 'pro-dress-274-49af3e', 'Description for Pro Dress 274. Optimized for search and performance test.', '9748ca18-881b-4e84-aab5-67e4dfe29c2f');
INSERT INTO product_variants (id, product_id, sku, price, stock_quantity, attributes) VALUES ('2e09774d-9cf9-40f7-870e-8088b4323579', '49af3efc-6b44-4005-86c7-051b77850321', 'DRESS-274-G6-2E09', 4539, 103, '{"color": "Gold", "size": "64GB"}');
INSERT INTO product_variants (id, product_id, sku, price, stock_quantity, attributes) VALUES ('0ae35cb9-da72-41a2-87fc-9d8ba3fc990d', '49af3efc-6b44-4005-86c7-051b77850321', 'DRESS-274-BX-0AE3', 4720, 42, '{"color": "Black", "size": "XXL"}');
INSERT INTO product_variants (id, product_id, sku, price, stock_quantity, attributes) VALUES ('4cc9a1fe-63c1-4098-b6fb-144c12658963', '49af3efc-6b44-4005-86c7-051b77850321', 'DRESS-274-GX-4CC9', 1875, 29, '{"color": "Gold", "size": "XXL"}');
INSERT INTO products (id, name, slug, description, category_id) VALUES ('7dc18bb9-6f21-41b4-9e90-0a8282e42ebb', 'Original Laptop 703', 'original-laptop-703-7dc18b', 'Description for Original Laptop 703. Optimized for search and performance test.', '9748ca18-881b-4e84-aab5-67e4dfe29c2f');
INSERT INTO product_variants (id, product_id, sku, price, stock_quantity, attributes) VALUES ('8c251b1b-d4cf-4fb6-aed2-7f08d1edc70c', '7dc18bb9-6f21-41b4-9e90-0a8282e42ebb', 'LAPTOP-703-B1-8C25', 3302, 55, '{"color": "Black", "size": "16GB RAM"}');
INSERT INTO product_variants (id, product_id, sku, price, stock_quantity, attributes) VALUES ('dee53fbe-f5ca-44ab-b8b2-953b17be5d46', '7dc18bb9-6f21-41b4-9e90-0a8282e42ebb', 'LAPTOP-703-B1-DEE5', 799, 128, '{"color": "Black", "size": "16GB RAM"}');
INSERT INTO product_variants (id, product_id, sku, price, stock_quantity, attributes) VALUES ('90596726-b79d-49d0-942a-b29050bb6af1', '7dc18bb9-6f21-41b4-9e90-0a8282e42ebb', 'LAPTOP-703-B1-9059', 4054, 168, '{"color": "Blue", "size": "128GB"}');
INSERT INTO products (id, name, slug, description, category_id) VALUES ('1176a749-c15d-4058-a655-cbe6cf83a091', 'Pro Backpack 725', 'pro-backpack-725-1176a7', 'Description for Pro Backpack 725. Optimized for search and performance test.', '9748ca18-881b-4e84-aab5-67e4dfe29c2f');
INSERT INTO product_variants (id, product_id, sku, price, stock_quantity, attributes) VALUES ('323e9d18-ef78-481f-b0dd-d44534c55c5a', '1176a749-c15d-4058-a655-cbe6cf83a091', 'BACKPACK-725-S8-323E', 1458, 159, '{"color": "Silver", "size": "8GB RAM"}');
INSERT INTO product_variants (id, product_id, sku, price, stock_quantity, attributes) VALUES ('bb43729b-ac43-41ec-9b34-ef39164f6078', '1176a749-c15d-4058-a655-cbe6cf83a091', 'BACKPACK-725-B1-BB43', 1637, 155, '{"color": "Blue", "size": "128GB"}');
INSERT INTO product_variants (id, product_id, sku, price, stock_quantity, attributes) VALUES ('76da9b9a-5cc3-4d10-a126-df6c34640c2b', '1176a749-c15d-4058-a655-cbe6cf83a091', 'BACKPACK-725-W1-76DA', 1008, 33, '{"color": "White", "size": "16GB RAM"}');
INSERT INTO products (id, name, slug, description, category_id) VALUES ('cd7d69ca-0314-4973-865c-30fd819c01a7', 'Premium Headphones 490', 'premium-headphones-490-cd7d69', 'Description for Premium Headphones 490. Optimized for search and performance test.', '9748ca18-881b-4e84-aab5-67e4dfe29c2f');
INSERT INTO product_variants (id, product_id, sku, price, stock_quantity, attributes) VALUES ('1b9c47d0-350f-4607-9041-1babb973185a', 'cd7d69ca-0314-4973-865c-30fd819c01a7', 'HEADPHONES-490-GL-1B9C', 2395, 180, '{"color": "Green", "size": "L"}');
INSERT INTO product_variants (id, product_id, sku, price, stock_quantity, attributes) VALUES ('243d751a-fe33-4b3b-a9f3-fafc3bb11bde', 'cd7d69ca-0314-4973-865c-30fd819c01a7', 'HEADPHONES-490-GX-243D', 2333, 154, '{"color": "Gold", "size": "XXL"}');
INSERT INTO product_variants (id, product_id, sku, price, stock_quantity, attributes) VALUES ('2fc62968-3bf1-4917-84fe-2447a7516408', 'cd7d69ca-0314-4973-865c-30fd819c01a7', 'HEADPHONES-490-BS-2FC6', 4730, 107, '{"color": "Black", "size": "S"}');
INSERT INTO products (id, name, slug, description, category_id) VALUES ('0824c117-6345-4d6a-9a57-b89d8469d0d1', 'Eco Camera 410', 'eco-camera-410-0824c1', 'Description for Eco Camera 410. Optimized for search and performance test.', '9748ca18-881b-4e84-aab5-67e4dfe29c2f');
INSERT INTO product_variants (id, product_id, sku, price, stock_quantity, attributes) VALUES ('821a505b-3df9-47d3-bbcb-8fa233bfceff', '0824c117-6345-4d6a-9a57-b89d8469d0d1', 'CAMERA-410-R1-821A', 2424, 44, '{"color": "Red", "size": "16GB RAM"}');
INSERT INTO product_variants (id, product_id, sku, price, stock_quantity, attributes) VALUES ('117541c3-2bba-4e92-92ef-8a0d27d4d508', '0824c117-6345-4d6a-9a57-b89d8469d0d1', 'CAMERA-410-RX-1175', 4154, 131, '{"color": "Red", "size": "XXL"}');
INSERT INTO product_variants (id, product_id, sku, price, stock_quantity, attributes) VALUES ('3cc2bf12-9eec-426c-91c9-c3cd851a196b', '0824c117-6345-4d6a-9a57-b89d8469d0d1', 'CAMERA-410-RS-3CC2', 2494, 189, '{"color": "Red", "size": "S"}');
INSERT INTO products (id, name, slug, description, category_id) VALUES ('1dcd852d-250d-4029-b3ad-b4fb9fc679ab', 'Premium Dress 749', 'premium-dress-749-1dcd85', 'Description for Premium Dress 749. Optimized for search and performance test.', '9748ca18-881b-4e84-aab5-67e4dfe29c2f');
INSERT INTO product_variants (id, product_id, sku, price, stock_quantity, attributes) VALUES ('9d6a6871-9dbf-481c-a7eb-9a959ab8f89b', '1dcd852d-250d-4029-b3ad-b4fb9fc679ab', 'DRESS-749-B1-9D6A', 3724, 75, '{"color": "Blue", "size": "128GB"}');
INSERT INTO product_variants (id, product_id, sku, price, stock_quantity, attributes) VALUES ('4874a546-07b1-4210-b7be-d62dd19643c6', '1dcd852d-250d-4029-b3ad-b4fb9fc679ab', 'DRESS-749-G1-4874', 2506, 191, '{"color": "Gold", "size": "16GB RAM"}');
INSERT INTO product_variants (id, product_id, sku, price, stock_quantity, attributes) VALUES ('a009fe06-dc76-4dcb-8daf-7dd1c0f5bf09', '1dcd852d-250d-4029-b3ad-b4fb9fc679ab', 'DRESS-749-SL-A009', 4959, 140, '{"color": "Silver", "size": "L"}');
INSERT INTO products (id, name, slug, description, category_id) VALUES ('15d1e1a4-7db3-40b2-9a6e-9453b171f05b', 'Original Speaker 148', 'original-speaker-148-15d1e1', 'Description for Original Speaker 148. Optimized for search and performance test.', '9748ca18-881b-4e84-aab5-67e4dfe29c2f');
INSERT INTO product_variants (id, product_id, sku, price, stock_quantity, attributes) VALUES ('adb4a4d3-2775-498b-ad1f-dbeaa427cf87', '15d1e1a4-7db3-40b2-9a6e-9453b171f05b', 'SPEAKER-148-W2-ADB4', 1664, 55, '{"color": "White", "size": "256GB"}');
INSERT INTO product_variants (id, product_id, sku, price, stock_quantity, attributes) VALUES ('414e98ae-709d-4881-9ab1-d17cbb9b9935', '15d1e1a4-7db3-40b2-9a6e-9453b171f05b', 'SPEAKER-148-WM-414E', 1870, 133, '{"color": "White", "size": "M"}');
INSERT INTO product_variants (id, product_id, sku, price, stock_quantity, attributes) VALUES ('a4d5dd7a-4213-4cb9-86e1-8b701e0569da', '15d1e1a4-7db3-40b2-9a6e-9453b171f05b', 'SPEAKER-148-G2-A4D5', 123, 118, '{"color": "Gold", "size": "256GB"}');
INSERT INTO products (id, name, slug, description, category_id) VALUES ('7054ebbb-5fea-4b34-9b59-a125ac6494e9', 'Original Dress 261', 'original-dress-261-7054eb', 'Description for Original Dress 261. Optimized for search and performance test.', '9748ca18-881b-4e84-aab5-67e4dfe29c2f');
INSERT INTO product_variants (id, product_id, sku, price, stock_quantity, attributes) VALUES ('9b168557-016d-4268-9949-ed0708355cef', '7054ebbb-5fea-4b34-9b59-a125ac6494e9', 'DRESS-261-W1-9B16', 1126, 186, '{"color": "White", "size": "128GB"}');
INSERT INTO product_variants (id, product_id, sku, price, stock_quantity, attributes) VALUES ('3f7b0bee-087f-4f57-a6b1-5e0386ab62ee', '7054ebbb-5fea-4b34-9b59-a125ac6494e9', 'DRESS-261-G1-3F7B', 2762, 68, '{"color": "Gold", "size": "16GB RAM"}');
INSERT INTO product_variants (id, product_id, sku, price, stock_quantity, attributes) VALUES ('290e5300-8ab7-4a26-bc11-68336fa98222', '7054ebbb-5fea-4b34-9b59-a125ac6494e9', 'DRESS-261-GM-290E', 1120, 48, '{"color": "Green", "size": "M"}');
INSERT INTO products (id, name, slug, description, category_id) VALUES ('bf6b2dd2-178f-4210-9f53-8d620af54646', 'Lite Laptop 272', 'lite-laptop-272-bf6b2d', 'Description for Lite Laptop 272. Optimized for search and performance test.', '9748ca18-881b-4e84-aab5-67e4dfe29c2f');
INSERT INTO product_variants (id, product_id, sku, price, stock_quantity, attributes) VALUES ('a4431be5-9494-4676-afa6-a0f46e4523ea', 'bf6b2dd2-178f-4210-9f53-8d620af54646', 'LAPTOP-272-RX-A443', 3975, 147, '{"color": "Red", "size": "XXL"}');
INSERT INTO product_variants (id, product_id, sku, price, stock_quantity, attributes) VALUES ('d3a14c78-2b2b-4aff-abfe-0a6fe54beec1', 'bf6b2dd2-178f-4210-9f53-8d620af54646', 'LAPTOP-272-SX-D3A1', 1147, 115, '{"color": "Silver", "size": "XL"}');
INSERT INTO product_variants (id, product_id, sku, price, stock_quantity, attributes) VALUES ('096ad8b4-5b9e-41e3-9501-f02ccc7056fd', 'bf6b2dd2-178f-4210-9f53-8d620af54646', 'LAPTOP-272-G1-096A', 4969, 36, '{"color": "Gold", "size": "16GB RAM"}');
INSERT INTO products (id, name, slug, description, category_id) VALUES ('0176da26-0013-4fa6-b9ab-de1bc3605ba8', 'Premium Speaker 422', 'premium-speaker-422-0176da', 'Description for Premium Speaker 422. Optimized for search and performance test.', '9748ca18-881b-4e84-aab5-67e4dfe29c2f');
INSERT INTO product_variants (id, product_id, sku, price, stock_quantity, attributes) VALUES ('ca87217c-8549-4a30-8e85-0953f16c6fbc', '0176da26-0013-4fa6-b9ab-de1bc3605ba8', 'SPEAKER-422-RM-CA87', 522, 22, '{"color": "Red", "size": "M"}');
INSERT INTO product_variants (id, product_id, sku, price, stock_quantity, attributes) VALUES ('2dce2747-90dd-4d62-89cc-94382a5d10df', '0176da26-0013-4fa6-b9ab-de1bc3605ba8', 'SPEAKER-422-BS-2DCE', 1718, 169, '{"color": "Black", "size": "S"}');
INSERT INTO product_variants (id, product_id, sku, price, stock_quantity, attributes) VALUES ('95d793bc-0f25-4538-b8eb-8dbd7081e15e', '0176da26-0013-4fa6-b9ab-de1bc3605ba8', 'SPEAKER-422-B6-95D7', 4716, 84, '{"color": "Blue", "size": "64GB"}');
INSERT INTO products (id, name, slug, description, category_id) VALUES ('bb95b25e-0d83-45bb-95a2-12017e96fc16', 'Eco Camera 220', 'eco-camera-220-bb95b2', 'Description for Eco Camera 220. Optimized for search and performance test.', '9748ca18-881b-4e84-aab5-67e4dfe29c2f');
INSERT INTO product_variants (id, product_id, sku, price, stock_quantity, attributes) VALUES ('febb2077-9635-4311-9f5a-2061d5aef159', 'bb95b25e-0d83-45bb-95a2-12017e96fc16', 'CAMERA-220-W2-FEBB', 4171, 168, '{"color": "White", "size": "256GB"}');
INSERT INTO product_variants (id, product_id, sku, price, stock_quantity, attributes) VALUES ('6325a59d-4c22-43c1-aa18-7a617bfb497e', 'bb95b25e-0d83-45bb-95a2-12017e96fc16', 'CAMERA-220-SL-6325', 2980, 11, '{"color": "Silver", "size": "L"}');
INSERT INTO product_variants (id, product_id, sku, price, stock_quantity, attributes) VALUES ('4dfdc446-c1d0-4fd9-b0fe-199b1b482cfa', 'bb95b25e-0d83-45bb-95a2-12017e96fc16', 'CAMERA-220-GM-4DFD', 433, 53, '{"color": "Gold", "size": "M"}');
INSERT INTO products (id, name, slug, description, category_id) VALUES ('46ed1ffa-e135-4c0b-a7af-27cd1b2476d4', 'Smart Camera 549', 'smart-camera-549-46ed1f', 'Description for Smart Camera 549. Optimized for search and performance test.', '9748ca18-881b-4e84-aab5-67e4dfe29c2f');
INSERT INTO product_variants (id, product_id, sku, price, stock_quantity, attributes) VALUES ('616e59af-c488-4d52-bc15-60815224a985', '46ed1ffa-e135-4c0b-a7af-27cd1b2476d4', 'CAMERA-549-B2-616E', 1794, 69, '{"color": "Black", "size": "256GB"}');
INSERT INTO product_variants (id, product_id, sku, price, stock_quantity, attributes) VALUES ('d81b7142-1848-4ddd-ace9-95dbe7b8e881', '46ed1ffa-e135-4c0b-a7af-27cd1b2476d4', 'CAMERA-549-BM-D81B', 3589, 85, '{"color": "Blue", "size": "M"}');
INSERT INTO product_variants (id, product_id, sku, price, stock_quantity, attributes) VALUES ('75ad68da-841a-469c-af04-6fcaf949f1b1', '46ed1ffa-e135-4c0b-a7af-27cd1b2476d4', 'CAMERA-549-B8-75AD', 3118, 181, '{"color": "Blue", "size": "8GB RAM"}');
INSERT INTO products (id, name, slug, description, category_id) VALUES ('676f6bd3-6daa-4520-b394-b597f3b2158f', 'Smart Camera 207', 'smart-camera-207-676f6b', 'Description for Smart Camera 207. Optimized for search and performance test.', '9748ca18-881b-4e84-aab5-67e4dfe29c2f');
INSERT INTO product_variants (id, product_id, sku, price, stock_quantity, attributes) VALUES ('7db027e9-1dac-469a-8aa8-0bea1dff9a69', '676f6bd3-6daa-4520-b394-b597f3b2158f', 'CAMERA-207-GX-7DB0', 1836, 162, '{"color": "Green", "size": "XXL"}');
INSERT INTO product_variants (id, product_id, sku, price, stock_quantity, attributes) VALUES ('d9f2ec01-5dea-4222-adba-156d755aaa98', '676f6bd3-6daa-4520-b394-b597f3b2158f', 'CAMERA-207-G8-D9F2', 3909, 103, '{"color": "Gold", "size": "8GB RAM"}');
INSERT INTO product_variants (id, product_id, sku, price, stock_quantity, attributes) VALUES ('052aaa22-3bbe-41c0-8541-9623fcb224b3', '676f6bd3-6daa-4520-b394-b597f3b2158f', 'CAMERA-207-SS-052A', 4241, 55, '{"color": "Silver", "size": "S"}');
INSERT INTO products (id, name, slug, description, category_id) VALUES ('e4d9de0c-9e5a-4ada-9175-d86f7fecc307', 'Eco Monitor 442', 'eco-monitor-442-e4d9de', 'Description for Eco Monitor 442. Optimized for search and performance test.', '9748ca18-881b-4e84-aab5-67e4dfe29c2f');
INSERT INTO product_variants (id, product_id, sku, price, stock_quantity, attributes) VALUES ('2ee6b270-4f64-4781-9bb6-11e332ae775d', 'e4d9de0c-9e5a-4ada-9175-d86f7fecc307', 'MONITOR-442-SM-2EE6', 3670, 98, '{"color": "Silver", "size": "M"}');
INSERT INTO product_variants (id, product_id, sku, price, stock_quantity, attributes) VALUES ('f24e225d-3365-4e37-b41e-a303b28a4959', 'e4d9de0c-9e5a-4ada-9175-d86f7fecc307', 'MONITOR-442-WM-F24E', 2077, 28, '{"color": "White", "size": "M"}');
INSERT INTO product_variants (id, product_id, sku, price, stock_quantity, attributes) VALUES ('2b658de3-941f-4ee8-b05c-2af8805f837b', 'e4d9de0c-9e5a-4ada-9175-d86f7fecc307', 'MONITOR-442-SM-2B65', 4432, 179, '{"color": "Silver", "size": "M"}');
INSERT INTO products (id, name, slug, description, category_id) VALUES ('a910a09c-b453-401c-9225-1f5746eb0ca2', 'Original Laptop 311', 'original-laptop-311-a910a0', 'Description for Original Laptop 311. Optimized for search and performance test.', '9748ca18-881b-4e84-aab5-67e4dfe29c2f');
INSERT INTO product_variants (id, product_id, sku, price, stock_quantity, attributes) VALUES ('80e358b3-83c2-45dc-a0bc-743870b3c40f', 'a910a09c-b453-401c-9225-1f5746eb0ca2', 'LAPTOP-311-BM-80E3', 1332, 138, '{"color": "Blue", "size": "M"}');
INSERT INTO product_variants (id, product_id, sku, price, stock_quantity, attributes) VALUES ('937cf7c4-667e-4ab2-8796-f3ec1b5dc6a7', 'a910a09c-b453-401c-9225-1f5746eb0ca2', 'LAPTOP-311-B2-937C', 2355, 170, '{"color": "Blue", "size": "256GB"}');
INSERT INTO product_variants (id, product_id, sku, price, stock_quantity, attributes) VALUES ('05ea4d3d-2d2f-4f3b-892d-52dddb28f1bc', 'a910a09c-b453-401c-9225-1f5746eb0ca2', 'LAPTOP-311-G1-05EA', 4392, 128, '{"color": "Gold", "size": "16GB RAM"}');
INSERT INTO products (id, name, slug, description, category_id) VALUES ('fede81d1-2056-4216-9184-788939760478', 'Lite Bed 398', 'lite-bed-398-fede81', 'Description for Lite Bed 398. Optimized for search and performance test.', '9748ca18-881b-4e84-aab5-67e4dfe29c2f');
INSERT INTO product_variants (id, product_id, sku, price, stock_quantity, attributes) VALUES ('c2047da4-c4b1-4795-985d-2cf44421a14a', 'fede81d1-2056-4216-9184-788939760478', 'BED-398-R1-C204', 916, 83, '{"color": "Red", "size": "128GB"}');
INSERT INTO product_variants (id, product_id, sku, price, stock_quantity, attributes) VALUES ('ca7a6ff2-a6e9-4123-aafe-de30f9b3ec21', 'fede81d1-2056-4216-9184-788939760478', 'BED-398-BX-CA7A', 4651, 12, '{"color": "Black", "size": "XXL"}');
INSERT INTO product_variants (id, product_id, sku, price, stock_quantity, attributes) VALUES ('9babe06a-f488-4a7d-9809-a4cbf55a1d70', 'fede81d1-2056-4216-9184-788939760478', 'BED-398-BX-9BAB', 4041, 135, '{"color": "Blue", "size": "XL"}');
INSERT INTO products (id, name, slug, description, category_id) VALUES ('d398c0cd-dac4-4658-a122-2ceaa58c6ec2', 'Smart Camera 205', 'smart-camera-205-d398c0', 'Description for Smart Camera 205. Optimized for search and performance test.', '9748ca18-881b-4e84-aab5-67e4dfe29c2f');
INSERT INTO product_variants (id, product_id, sku, price, stock_quantity, attributes) VALUES ('b61d7efe-bfde-4765-a7ea-ea1d22c05569', 'd398c0cd-dac4-4658-a122-2ceaa58c6ec2', 'CAMERA-205-GL-B61D', 3956, 14, '{"color": "Green", "size": "L"}');
INSERT INTO product_variants (id, product_id, sku, price, stock_quantity, attributes) VALUES ('c347a182-54e5-41e1-9681-f69d3c336cae', 'd398c0cd-dac4-4658-a122-2ceaa58c6ec2', 'CAMERA-205-B6-C347', 168, 77, '{"color": "Blue", "size": "64GB"}');
INSERT INTO product_variants (id, product_id, sku, price, stock_quantity, attributes) VALUES ('fea9a74c-3c76-4930-91c4-c968ba3012f7', 'd398c0cd-dac4-4658-a122-2ceaa58c6ec2', 'CAMERA-205-B6-FEA9', 831, 37, '{"color": "Blue", "size": "64GB"}');
INSERT INTO products (id, name, slug, description, category_id) VALUES ('e5c3efd6-16b5-4596-b84a-1eca828ba6c1', 'Eco Monitor 374', 'eco-monitor-374-e5c3ef', 'Description for Eco Monitor 374. Optimized for search and performance test.', '0bf7f435-a09e-47aa-8b13-667f0fa09e9f');
INSERT INTO product_variants (id, product_id, sku, price, stock_quantity, attributes) VALUES ('705a70ff-fd35-4286-ba93-30c3fca0c2aa', 'e5c3efd6-16b5-4596-b84a-1eca828ba6c1', 'MONITOR-374-RX-705A', 3018, 59, '{"color": "Red", "size": "XXL"}');
INSERT INTO product_variants (id, product_id, sku, price, stock_quantity, attributes) VALUES ('57b0b3fa-f657-49a2-b6f1-8aea1dc91a0a', 'e5c3efd6-16b5-4596-b84a-1eca828ba6c1', 'MONITOR-374-RS-57B0', 2292, 171, '{"color": "Red", "size": "S"}');
INSERT INTO product_variants (id, product_id, sku, price, stock_quantity, attributes) VALUES ('4553facf-857f-4743-ab3d-6d2ef1a8328e', 'e5c3efd6-16b5-4596-b84a-1eca828ba6c1', 'MONITOR-374-S1-4553', 2026, 169, '{"color": "Silver", "size": "128GB"}');
INSERT INTO products (id, name, slug, description, category_id) VALUES ('6ccc94b7-1036-4ffc-9c1a-aa82035c3fa1', 'Pro Phone 564', 'pro-phone-564-6ccc94', 'Description for Pro Phone 564. Optimized for search and performance test.', '0bf7f435-a09e-47aa-8b13-667f0fa09e9f');
INSERT INTO product_variants (id, product_id, sku, price, stock_quantity, attributes) VALUES ('142687ab-eef8-4177-b6c3-601249a7b70f', '6ccc94b7-1036-4ffc-9c1a-aa82035c3fa1', 'PHONE-564-G8-1426', 4025, 167, '{"color": "Green", "size": "8GB RAM"}');
INSERT INTO product_variants (id, product_id, sku, price, stock_quantity, attributes) VALUES ('7bdbc348-f203-4663-8852-528c5131e4a0', '6ccc94b7-1036-4ffc-9c1a-aa82035c3fa1', 'PHONE-564-BL-7BDB', 2361, 56, '{"color": "Black", "size": "L"}');
INSERT INTO product_variants (id, product_id, sku, price, stock_quantity, attributes) VALUES ('5f5d6678-1f16-4705-aaf2-4202e0702fd7', '6ccc94b7-1036-4ffc-9c1a-aa82035c3fa1', 'PHONE-564-SX-5F5D', 4814, 26, '{"color": "Silver", "size": "XXL"}');
INSERT INTO products (id, name, slug, description, category_id) VALUES ('d5cfbfb8-736e-4cb2-b7b5-a04ce63c90e2', 'Original Dress 363', 'original-dress-363-d5cfbf', 'Description for Original Dress 363. Optimized for search and performance test.', '0bf7f435-a09e-47aa-8b13-667f0fa09e9f');
INSERT INTO product_variants (id, product_id, sku, price, stock_quantity, attributes) VALUES ('075ce1d6-af54-4b26-965d-ac1bc13c3d63', 'd5cfbfb8-736e-4cb2-b7b5-a04ce63c90e2', 'DRESS-363-WL-075C', 4024, 28, '{"color": "White", "size": "L"}');
INSERT INTO product_variants (id, product_id, sku, price, stock_quantity, attributes) VALUES ('fa637df8-63f3-4584-9aaa-5e16b87f43d7', 'd5cfbfb8-736e-4cb2-b7b5-a04ce63c90e2', 'DRESS-363-G8-FA63', 4215, 28, '{"color": "Green", "size": "8GB RAM"}');
INSERT INTO product_variants (id, product_id, sku, price, stock_quantity, attributes) VALUES ('2384967e-8d2d-484e-8f63-17b6361e7f1c', 'd5cfbfb8-736e-4cb2-b7b5-a04ce63c90e2', 'DRESS-363-B1-2384', 1712, 154, '{"color": "Black", "size": "128GB"}');
INSERT INTO products (id, name, slug, description, category_id) VALUES ('08aa8a1d-988c-4440-b7c7-5ac7f62b57a0', 'Smart Backpack 555', 'smart-backpack-555-08aa8a', 'Description for Smart Backpack 555. Optimized for search and performance test.', '0bf7f435-a09e-47aa-8b13-667f0fa09e9f');
INSERT INTO product_variants (id, product_id, sku, price, stock_quantity, attributes) VALUES ('6d045f50-24b7-4789-9294-6ad0e6c34e15', '08aa8a1d-988c-4440-b7c7-5ac7f62b57a0', 'BACKPACK-555-WX-6D04', 4452, 60, '{"color": "White", "size": "XXL"}');
INSERT INTO product_variants (id, product_id, sku, price, stock_quantity, attributes) VALUES ('8fd1f18a-a7f6-4015-a595-156526b6eef6', '08aa8a1d-988c-4440-b7c7-5ac7f62b57a0', 'BACKPACK-555-GL-8FD1', 4498, 63, '{"color": "Green", "size": "L"}');
INSERT INTO product_variants (id, product_id, sku, price, stock_quantity, attributes) VALUES ('3c2cdf66-71dd-43e0-b461-51a5f0125848', '08aa8a1d-988c-4440-b7c7-5ac7f62b57a0', 'BACKPACK-555-B8-3C2C', 1205, 199, '{"color": "Black", "size": "8GB RAM"}');
INSERT INTO products (id, name, slug, description, category_id) VALUES ('ae9ec39e-9216-4cbe-9dd9-c2ac10e6b943', 'Lite Laptop 320', 'lite-laptop-320-ae9ec3', 'Description for Lite Laptop 320. Optimized for search and performance test.', '0bf7f435-a09e-47aa-8b13-667f0fa09e9f');
INSERT INTO product_variants (id, product_id, sku, price, stock_quantity, attributes) VALUES ('de479a7a-8321-4046-9b55-b18751869e90', 'ae9ec39e-9216-4cbe-9dd9-c2ac10e6b943', 'LAPTOP-320-G1-DE47', 2915, 25, '{"color": "Green", "size": "128GB"}');
INSERT INTO product_variants (id, product_id, sku, price, stock_quantity, attributes) VALUES ('1dfac140-50a5-475e-b56a-8443313e5a3e', 'ae9ec39e-9216-4cbe-9dd9-c2ac10e6b943', 'LAPTOP-320-B8-1DFA', 2500, 103, '{"color": "Black", "size": "8GB RAM"}');
INSERT INTO product_variants (id, product_id, sku, price, stock_quantity, attributes) VALUES ('fd598e4b-3853-45cb-876b-2e1a65525ea0', 'ae9ec39e-9216-4cbe-9dd9-c2ac10e6b943', 'LAPTOP-320-G8-FD59', 3466, 61, '{"color": "Green", "size": "8GB RAM"}');
INSERT INTO products (id, name, slug, description, category_id) VALUES ('49df8aa0-b3f5-4d6c-8339-1045d4263531', 'Original Speaker 569', 'original-speaker-569-49df8a', 'Description for Original Speaker 569. Optimized for search and performance test.', '0bf7f435-a09e-47aa-8b13-667f0fa09e9f');
INSERT INTO product_variants (id, product_id, sku, price, stock_quantity, attributes) VALUES ('846cf44a-72dd-4f4f-b366-24b54969292a', '49df8aa0-b3f5-4d6c-8339-1045d4263531', 'SPEAKER-569-B1-846C', 563, 194, '{"color": "Blue", "size": "128GB"}');
INSERT INTO product_variants (id, product_id, sku, price, stock_quantity, attributes) VALUES ('37523a0b-5a12-432d-922d-c48a4179f23d', '49df8aa0-b3f5-4d6c-8339-1045d4263531', 'SPEAKER-569-GX-3752', 523, 106, '{"color": "Gold", "size": "XL"}');
INSERT INTO product_variants (id, product_id, sku, price, stock_quantity, attributes) VALUES ('7e5a9029-d7ff-42aa-a29b-433322329b44', '49df8aa0-b3f5-4d6c-8339-1045d4263531', 'SPEAKER-569-GM-7E5A', 1520, 89, '{"color": "Gold", "size": "M"}');
INSERT INTO products (id, name, slug, description, category_id) VALUES ('ae334a4e-1a19-4aca-91cf-bf090eb3abd3', 'Original Shirt 387', 'original-shirt-387-ae334a', 'Description for Original Shirt 387. Optimized for search and performance test.', '0bf7f435-a09e-47aa-8b13-667f0fa09e9f');
INSERT INTO product_variants (id, product_id, sku, price, stock_quantity, attributes) VALUES ('7f7c23c3-6282-4970-ad8e-fc1b546e67ba', 'ae334a4e-1a19-4aca-91cf-bf090eb3abd3', 'SHIRT-387-RS-7F7C', 963, 96, '{"color": "Red", "size": "S"}');
INSERT INTO product_variants (id, product_id, sku, price, stock_quantity, attributes) VALUES ('a8a604d9-08c4-48f5-93d9-8fa376cd6217', 'ae334a4e-1a19-4aca-91cf-bf090eb3abd3', 'SHIRT-387-GX-A8A6', 1891, 70, '{"color": "Gold", "size": "XL"}');
INSERT INTO product_variants (id, product_id, sku, price, stock_quantity, attributes) VALUES ('34d8855b-d525-4588-9b18-8f70e6f8c03a', 'ae334a4e-1a19-4aca-91cf-bf090eb3abd3', 'SHIRT-387-G1-34D8', 3814, 48, '{"color": "Gold", "size": "128GB"}');
INSERT INTO products (id, name, slug, description, category_id) VALUES ('82fb8fcb-b3d8-4646-94eb-79e11d105e42', 'Ultra Phone 515', 'ultra-phone-515-82fb8f', 'Description for Ultra Phone 515. Optimized for search and performance test.', '0bf7f435-a09e-47aa-8b13-667f0fa09e9f');
INSERT INTO product_variants (id, product_id, sku, price, stock_quantity, attributes) VALUES ('664552b5-c7f3-4130-9904-8971bed73500', '82fb8fcb-b3d8-4646-94eb-79e11d105e42', 'PHONE-515-W8-6645', 2363, 146, '{"color": "White", "size": "8GB RAM"}');
INSERT INTO product_variants (id, product_id, sku, price, stock_quantity, attributes) VALUES ('ad7c097f-18c0-4475-af34-23958750aa53', '82fb8fcb-b3d8-4646-94eb-79e11d105e42', 'PHONE-515-B1-AD7C', 4542, 171, '{"color": "Black", "size": "16GB RAM"}');
INSERT INTO product_variants (id, product_id, sku, price, stock_quantity, attributes) VALUES ('59d266a1-2d07-4070-920c-42dc76562200', '82fb8fcb-b3d8-4646-94eb-79e11d105e42', 'PHONE-515-W2-59D2', 561, 38, '{"color": "White", "size": "256GB"}');
INSERT INTO products (id, name, slug, description, category_id) VALUES ('2ca3717b-f03f-4def-ba51-9d4edfe64b74', 'Smart Phone 833', 'smart-phone-833-2ca371', 'Description for Smart Phone 833. Optimized for search and performance test.', '0bf7f435-a09e-47aa-8b13-667f0fa09e9f');
INSERT INTO product_variants (id, product_id, sku, price, stock_quantity, attributes) VALUES ('8d43c2aa-8225-45df-ab31-a1657e4789f1', '2ca3717b-f03f-4def-ba51-9d4edfe64b74', 'PHONE-833-BS-8D43', 4940, 152, '{"color": "Black", "size": "S"}');
INSERT INTO product_variants (id, product_id, sku, price, stock_quantity, attributes) VALUES ('994f8294-539c-4ae5-a7dc-78951bc4413a', '2ca3717b-f03f-4def-ba51-9d4edfe64b74', 'PHONE-833-G8-994F', 2414, 67, '{"color": "Gold", "size": "8GB RAM"}');
INSERT INTO product_variants (id, product_id, sku, price, stock_quantity, attributes) VALUES ('e5571f99-666a-4288-9ed4-e8d5ad48c7e6', '2ca3717b-f03f-4def-ba51-9d4edfe64b74', 'PHONE-833-W2-E557', 831, 76, '{"color": "White", "size": "256GB"}');
INSERT INTO products (id, name, slug, description, category_id) VALUES ('95f82213-1b50-4447-b6b5-77a31434455b', 'Ultra Bed 801', 'ultra-bed-801-95f822', 'Description for Ultra Bed 801. Optimized for search and performance test.', '0bf7f435-a09e-47aa-8b13-667f0fa09e9f');
INSERT INTO product_variants (id, product_id, sku, price, stock_quantity, attributes) VALUES ('15742f44-463d-4df0-bec5-bfbbd643a8b1', '95f82213-1b50-4447-b6b5-77a31434455b', 'BED-801-SS-1574', 533, 139, '{"color": "Silver", "size": "S"}');
INSERT INTO product_variants (id, product_id, sku, price, stock_quantity, attributes) VALUES ('08bae7e6-b273-4778-9388-280800a0b0e6', '95f82213-1b50-4447-b6b5-77a31434455b', 'BED-801-RX-08BA', 3857, 134, '{"color": "Red", "size": "XL"}');
INSERT INTO product_variants (id, product_id, sku, price, stock_quantity, attributes) VALUES ('f1aa9cdd-a23a-439b-b2ed-4c2e4e178bf4', '95f82213-1b50-4447-b6b5-77a31434455b', 'BED-801-SX-F1AA', 4218, 64, '{"color": "Silver", "size": "XXL"}');
INSERT INTO products (id, name, slug, description, category_id) VALUES ('939a7002-5e71-4480-af38-8431cf227ccd', 'Smart Laptop 162', 'smart-laptop-162-939a70', 'Description for Smart Laptop 162. Optimized for search and performance test.', '0bf7f435-a09e-47aa-8b13-667f0fa09e9f');
INSERT INTO product_variants (id, product_id, sku, price, stock_quantity, attributes) VALUES ('525d1cb1-af33-4c38-ba20-51c9f38f5fbe', '939a7002-5e71-4480-af38-8431cf227ccd', 'LAPTOP-162-SL-525D', 1211, 25, '{"color": "Silver", "size": "L"}');
INSERT INTO product_variants (id, product_id, sku, price, stock_quantity, attributes) VALUES ('bb665352-3a51-4e8b-9896-3e8fa1f8ead8', '939a7002-5e71-4480-af38-8431cf227ccd', 'LAPTOP-162-WX-BB66', 2580, 96, '{"color": "White", "size": "XL"}');
INSERT INTO product_variants (id, product_id, sku, price, stock_quantity, attributes) VALUES ('f9a1d8a3-22cc-4562-8464-2a9394f53470', '939a7002-5e71-4480-af38-8431cf227ccd', 'LAPTOP-162-SS-F9A1', 751, 125, '{"color": "Silver", "size": "S"}');
INSERT INTO products (id, name, slug, description, category_id) VALUES ('838b6111-944c-4d48-b8aa-2960a164e9dc', 'Ultra Backpack 723', 'ultra-backpack-723-838b61', 'Description for Ultra Backpack 723. Optimized for search and performance test.', '0bf7f435-a09e-47aa-8b13-667f0fa09e9f');
INSERT INTO product_variants (id, product_id, sku, price, stock_quantity, attributes) VALUES ('e39a9bf7-6db6-40d8-90ff-20fa42eae413', '838b6111-944c-4d48-b8aa-2960a164e9dc', 'BACKPACK-723-BX-E39A', 4098, 184, '{"color": "Black", "size": "XL"}');
INSERT INTO product_variants (id, product_id, sku, price, stock_quantity, attributes) VALUES ('0ca1c426-6511-4a82-9e14-a15259cc17c4', '838b6111-944c-4d48-b8aa-2960a164e9dc', 'BACKPACK-723-B6-0CA1', 2932, 88, '{"color": "Black", "size": "64GB"}');
INSERT INTO product_variants (id, product_id, sku, price, stock_quantity, attributes) VALUES ('d1ef966e-7138-4b87-a259-3790ea452650', '838b6111-944c-4d48-b8aa-2960a164e9dc', 'BACKPACK-723-B1-D1EF', 1810, 183, '{"color": "Blue", "size": "128GB"}');
INSERT INTO products (id, name, slug, description, category_id) VALUES ('24aa9599-e824-4c29-b04d-ff7e04126277', 'Elegant Laptop 683', 'elegant-laptop-683-24aa95', 'Description for Elegant Laptop 683. Optimized for search and performance test.', '0bf7f435-a09e-47aa-8b13-667f0fa09e9f');
INSERT INTO product_variants (id, product_id, sku, price, stock_quantity, attributes) VALUES ('d4a132bd-5b6e-4444-971c-bd4d0ef5d4a0', '24aa9599-e824-4c29-b04d-ff7e04126277', 'LAPTOP-683-BX-D4A1', 2486, 14, '{"color": "Blue", "size": "XXL"}');
INSERT INTO product_variants (id, product_id, sku, price, stock_quantity, attributes) VALUES ('48918611-22f1-40d6-aca1-0b0f02d93242', '24aa9599-e824-4c29-b04d-ff7e04126277', 'LAPTOP-683-RS-4891', 2564, 156, '{"color": "Red", "size": "S"}');
INSERT INTO product_variants (id, product_id, sku, price, stock_quantity, attributes) VALUES ('2bd624d9-0d02-4fdb-a552-58e4552f0a8f', '24aa9599-e824-4c29-b04d-ff7e04126277', 'LAPTOP-683-BL-2BD6', 509, 47, '{"color": "Black", "size": "L"}');
INSERT INTO products (id, name, slug, description, category_id) VALUES ('18dfebe5-27da-4377-a3c4-a643140302c0', 'Ultra Phone 824', 'ultra-phone-824-18dfeb', 'Description for Ultra Phone 824. Optimized for search and performance test.', '0bf7f435-a09e-47aa-8b13-667f0fa09e9f');
INSERT INTO product_variants (id, product_id, sku, price, stock_quantity, attributes) VALUES ('440466da-a13c-48d9-87f9-779ff1765365', '18dfebe5-27da-4377-a3c4-a643140302c0', 'PHONE-824-BM-4404', 4340, 164, '{"color": "Blue", "size": "M"}');
INSERT INTO product_variants (id, product_id, sku, price, stock_quantity, attributes) VALUES ('e1a0ff9e-edad-427b-9e8e-219334527d89', '18dfebe5-27da-4377-a3c4-a643140302c0', 'PHONE-824-RL-E1A0', 3081, 100, '{"color": "Red", "size": "L"}');
INSERT INTO product_variants (id, product_id, sku, price, stock_quantity, attributes) VALUES ('b537f54a-7ba1-48a8-a527-98421657ff6d', '18dfebe5-27da-4377-a3c4-a643140302c0', 'PHONE-824-GM-B537', 2914, 114, '{"color": "Green", "size": "M"}');
INSERT INTO products (id, name, slug, description, category_id) VALUES ('f317ccb0-f39d-49f4-888b-179ad8a9dba1', 'Eco Shirt 714', 'eco-shirt-714-f317cc', 'Description for Eco Shirt 714. Optimized for search and performance test.', '0bf7f435-a09e-47aa-8b13-667f0fa09e9f');
INSERT INTO product_variants (id, product_id, sku, price, stock_quantity, attributes) VALUES ('52ac44b6-076a-464b-b19b-5237d1f2250a', 'f317ccb0-f39d-49f4-888b-179ad8a9dba1', 'SHIRT-714-B8-52AC', 2036, 87, '{"color": "Black", "size": "8GB RAM"}');
INSERT INTO product_variants (id, product_id, sku, price, stock_quantity, attributes) VALUES ('c7d79965-43fa-4826-aeb4-8fb758922456', 'f317ccb0-f39d-49f4-888b-179ad8a9dba1', 'SHIRT-714-WS-C7D7', 4693, 25, '{"color": "White", "size": "S"}');
INSERT INTO product_variants (id, product_id, sku, price, stock_quantity, attributes) VALUES ('1b8c08e4-d123-4e43-b9a9-fe208c7cd6cb', 'f317ccb0-f39d-49f4-888b-179ad8a9dba1', 'SHIRT-714-WS-1B8C', 3306, 175, '{"color": "White", "size": "S"}');
INSERT INTO products (id, name, slug, description, category_id) VALUES ('75031878-1c16-435c-bdb4-bdec98e663e2', 'Ultra Phone 239', 'ultra-phone-239-750318', 'Description for Ultra Phone 239. Optimized for search and performance test.', '0bf7f435-a09e-47aa-8b13-667f0fa09e9f');
INSERT INTO product_variants (id, product_id, sku, price, stock_quantity, attributes) VALUES ('dcf513fa-9890-4eb2-8111-be91f7368831', '75031878-1c16-435c-bdb4-bdec98e663e2', 'PHONE-239-BX-DCF5', 2140, 27, '{"color": "Blue", "size": "XL"}');
INSERT INTO product_variants (id, product_id, sku, price, stock_quantity, attributes) VALUES ('81487b4b-7ae0-44e4-bb9b-05bb6f182bcb', '75031878-1c16-435c-bdb4-bdec98e663e2', 'PHONE-239-S1-8148', 1041, 37, '{"color": "Silver", "size": "16GB RAM"}');
INSERT INTO product_variants (id, product_id, sku, price, stock_quantity, attributes) VALUES ('89460db0-5ecf-430f-82e9-1208567afbcc', '75031878-1c16-435c-bdb4-bdec98e663e2', 'PHONE-239-G1-8946', 4374, 192, '{"color": "Green", "size": "128GB"}');
INSERT INTO products (id, name, slug, description, category_id) VALUES ('c4483aff-8cb6-4925-b4ab-dc0164e8efdb', 'Elegant Headphones 823', 'elegant-headphones-823-c4483a', 'Description for Elegant Headphones 823. Optimized for search and performance test.', '0bf7f435-a09e-47aa-8b13-667f0fa09e9f');
INSERT INTO product_variants (id, product_id, sku, price, stock_quantity, attributes) VALUES ('b84a8ecc-ff52-4ce0-8ad2-966545ba6e4f', 'c4483aff-8cb6-4925-b4ab-dc0164e8efdb', 'HEADPHONES-823-SX-B84A', 268, 13, '{"color": "Silver", "size": "XXL"}');
INSERT INTO product_variants (id, product_id, sku, price, stock_quantity, attributes) VALUES ('13533ada-0057-4a36-88fc-33f857797e03', 'c4483aff-8cb6-4925-b4ab-dc0164e8efdb', 'HEADPHONES-823-BX-1353', 3257, 103, '{"color": "Black", "size": "XL"}');
INSERT INTO product_variants (id, product_id, sku, price, stock_quantity, attributes) VALUES ('d707e9ec-5baa-451f-ab85-04cabcf98cdf', 'c4483aff-8cb6-4925-b4ab-dc0164e8efdb', 'HEADPHONES-823-RM-D707', 3981, 134, '{"color": "Red", "size": "M"}');
INSERT INTO products (id, name, slug, description, category_id) VALUES ('46f64761-4db5-4b7e-95d0-4a00ea6b0bfb', 'Ultra Monitor 886', 'ultra-monitor-886-46f647', 'Description for Ultra Monitor 886. Optimized for search and performance test.', '0bf7f435-a09e-47aa-8b13-667f0fa09e9f');
INSERT INTO product_variants (id, product_id, sku, price, stock_quantity, attributes) VALUES ('afdde2cb-7478-4801-bc73-08729b5a2cc7', '46f64761-4db5-4b7e-95d0-4a00ea6b0bfb', 'MONITOR-886-SM-AFDD', 2041, 70, '{"color": "Silver", "size": "M"}');
INSERT INTO product_variants (id, product_id, sku, price, stock_quantity, attributes) VALUES ('badf7a8b-ba9c-449f-8c8d-e25d199f87b9', '46f64761-4db5-4b7e-95d0-4a00ea6b0bfb', 'MONITOR-886-B1-BADF', 1502, 131, '{"color": "Blue", "size": "16GB RAM"}');
INSERT INTO product_variants (id, product_id, sku, price, stock_quantity, attributes) VALUES ('1eafba88-b176-4bae-b105-5f83b2034749', '46f64761-4db5-4b7e-95d0-4a00ea6b0bfb', 'MONITOR-886-BX-1EAF', 4991, 121, '{"color": "Black", "size": "XL"}');
INSERT INTO products (id, name, slug, description, category_id) VALUES ('dc08dca9-ee76-4c2c-b89e-6c3c0b586a22', 'Elegant Monitor 432', 'elegant-monitor-432-dc08dc', 'Description for Elegant Monitor 432. Optimized for search and performance test.', '0bf7f435-a09e-47aa-8b13-667f0fa09e9f');
INSERT INTO product_variants (id, product_id, sku, price, stock_quantity, attributes) VALUES ('4d1cfdd4-2247-48e4-b660-18e3bb054cb1', 'dc08dca9-ee76-4c2c-b89e-6c3c0b586a22', 'MONITOR-432-WS-4D1C', 2620, 50, '{"color": "White", "size": "S"}');
INSERT INTO product_variants (id, product_id, sku, price, stock_quantity, attributes) VALUES ('cb7d665d-17e9-41dc-a1d5-c0b7f8dd1928', 'dc08dca9-ee76-4c2c-b89e-6c3c0b586a22', 'MONITOR-432-B1-CB7D', 718, 189, '{"color": "Black", "size": "128GB"}');
INSERT INTO product_variants (id, product_id, sku, price, stock_quantity, attributes) VALUES ('ecc29211-0566-489e-992c-9c7401270995', 'dc08dca9-ee76-4c2c-b89e-6c3c0b586a22', 'MONITOR-432-BS-ECC2', 2879, 36, '{"color": "Black", "size": "S"}');
INSERT INTO products (id, name, slug, description, category_id) VALUES ('6cc854d4-1a53-4527-ab45-7fb6e68f666d', 'Original Backpack 635', 'original-backpack-635-6cc854', 'Description for Original Backpack 635. Optimized for search and performance test.', '0bf7f435-a09e-47aa-8b13-667f0fa09e9f');
INSERT INTO product_variants (id, product_id, sku, price, stock_quantity, attributes) VALUES ('11771816-3cb2-45fb-b7c2-273bbc8068e0', '6cc854d4-1a53-4527-ab45-7fb6e68f666d', 'BACKPACK-635-GM-1177', 2997, 117, '{"color": "Gold", "size": "M"}');
INSERT INTO product_variants (id, product_id, sku, price, stock_quantity, attributes) VALUES ('4b5d538a-a99d-4b0e-b4c8-f8bbfe1da315', '6cc854d4-1a53-4527-ab45-7fb6e68f666d', 'BACKPACK-635-RL-4B5D', 1158, 155, '{"color": "Red", "size": "L"}');
INSERT INTO product_variants (id, product_id, sku, price, stock_quantity, attributes) VALUES ('b75d2c93-db63-4975-9427-89d51bff1fb3', '6cc854d4-1a53-4527-ab45-7fb6e68f666d', 'BACKPACK-635-SX-B75D', 3417, 167, '{"color": "Silver", "size": "XL"}');
INSERT INTO products (id, name, slug, description, category_id) VALUES ('38a6c7bf-991f-4990-beae-2c9a56694b51', 'Ultra Shirt 294', 'ultra-shirt-294-38a6c7', 'Description for Ultra Shirt 294. Optimized for search and performance test.', '0bf7f435-a09e-47aa-8b13-667f0fa09e9f');
INSERT INTO product_variants (id, product_id, sku, price, stock_quantity, attributes) VALUES ('d483f21c-f68c-4785-9141-6739f0a01522', '38a6c7bf-991f-4990-beae-2c9a56694b51', 'SHIRT-294-GX-D483', 1945, 20, '{"color": "Green", "size": "XL"}');
INSERT INTO product_variants (id, product_id, sku, price, stock_quantity, attributes) VALUES ('2340a376-3e8e-4d40-8306-1ffe2d052bb6', '38a6c7bf-991f-4990-beae-2c9a56694b51', 'SHIRT-294-GM-2340', 2009, 61, '{"color": "Green", "size": "M"}');
INSERT INTO product_variants (id, product_id, sku, price, stock_quantity, attributes) VALUES ('18682fc4-62c0-4f15-92d0-97fd03168232', '38a6c7bf-991f-4990-beae-2c9a56694b51', 'SHIRT-294-RM-1868', 2999, 186, '{"color": "Red", "size": "M"}');
INSERT INTO products (id, name, slug, description, category_id) VALUES ('9afe6cdc-ed92-465c-92d3-20e32ade5767', 'Original Phone 105', 'original-phone-105-9afe6c', 'Description for Original Phone 105. Optimized for search and performance test.', '0bf7f435-a09e-47aa-8b13-667f0fa09e9f');
INSERT INTO product_variants (id, product_id, sku, price, stock_quantity, attributes) VALUES ('ff488685-9690-442e-af0c-ecd509b3a0ad', '9afe6cdc-ed92-465c-92d3-20e32ade5767', 'PHONE-105-RX-FF48', 2140, 73, '{"color": "Red", "size": "XXL"}');
INSERT INTO product_variants (id, product_id, sku, price, stock_quantity, attributes) VALUES ('29400d98-2540-4e76-bca3-83d0f80604d0', '9afe6cdc-ed92-465c-92d3-20e32ade5767', 'PHONE-105-GL-2940', 1692, 137, '{"color": "Green", "size": "L"}');
INSERT INTO product_variants (id, product_id, sku, price, stock_quantity, attributes) VALUES ('48fe3c60-5ace-4782-a1ff-02bdbe0ade93', '9afe6cdc-ed92-465c-92d3-20e32ade5767', 'PHONE-105-S2-48FE', 1408, 107, '{"color": "Silver", "size": "256GB"}');
INSERT INTO products (id, name, slug, description, category_id) VALUES ('4afcc989-b13c-4665-a594-98a40bde0c3a', 'Lite Laptop 711', 'lite-laptop-711-4afcc9', 'Description for Lite Laptop 711. Optimized for search and performance test.', '0bf7f435-a09e-47aa-8b13-667f0fa09e9f');
INSERT INTO product_variants (id, product_id, sku, price, stock_quantity, attributes) VALUES ('24e9fae0-b384-4162-b31d-0583493ea0e9', '4afcc989-b13c-4665-a594-98a40bde0c3a', 'LAPTOP-711-B1-24E9', 3003, 90, '{"color": "Black", "size": "128GB"}');
INSERT INTO product_variants (id, product_id, sku, price, stock_quantity, attributes) VALUES ('30b6787d-eeb2-4b83-a580-5360ac435fa9', '4afcc989-b13c-4665-a594-98a40bde0c3a', 'LAPTOP-711-B1-30B6', 4258, 167, '{"color": "Blue", "size": "128GB"}');
INSERT INTO product_variants (id, product_id, sku, price, stock_quantity, attributes) VALUES ('123c59b9-4d98-4c63-a1e6-e76779b63a52', '4afcc989-b13c-4665-a594-98a40bde0c3a', 'LAPTOP-711-B2-123C', 1873, 56, '{"color": "Black", "size": "256GB"}');
INSERT INTO products (id, name, slug, description, category_id) VALUES ('26d77a12-82b1-4c39-978c-8419a369c4aa', 'Premium Backpack 163', 'premium-backpack-163-26d77a', 'Description for Premium Backpack 163. Optimized for search and performance test.', '0bf7f435-a09e-47aa-8b13-667f0fa09e9f');
INSERT INTO product_variants (id, product_id, sku, price, stock_quantity, attributes) VALUES ('55e47791-c9e3-4113-84db-77cf7ae0e2fd', '26d77a12-82b1-4c39-978c-8419a369c4aa', 'BACKPACK-163-S1-55E4', 4654, 17, '{"color": "Silver", "size": "128GB"}');
INSERT INTO product_variants (id, product_id, sku, price, stock_quantity, attributes) VALUES ('d2082a5c-b3a3-4646-bb76-fbb3795bde2e', '26d77a12-82b1-4c39-978c-8419a369c4aa', 'BACKPACK-163-S1-D208', 346, 45, '{"color": "Silver", "size": "16GB RAM"}');
INSERT INTO product_variants (id, product_id, sku, price, stock_quantity, attributes) VALUES ('a4466030-a2e3-45af-b18e-804503a28f06', '26d77a12-82b1-4c39-978c-8419a369c4aa', 'BACKPACK-163-BX-A446', 3980, 135, '{"color": "Blue", "size": "XXL"}');
INSERT INTO products (id, name, slug, description, category_id) VALUES ('c0641f4a-4e3c-4fb2-a226-bc716b276c4c', 'Eco Bed 687', 'eco-bed-687-c0641f', 'Description for Eco Bed 687. Optimized for search and performance test.', '0bf7f435-a09e-47aa-8b13-667f0fa09e9f');
INSERT INTO product_variants (id, product_id, sku, price, stock_quantity, attributes) VALUES ('060345dd-cac5-4b2e-9e94-6f529cfe41e7', 'c0641f4a-4e3c-4fb2-a226-bc716b276c4c', 'BED-687-SL-0603', 1061, 67, '{"color": "Silver", "size": "L"}');
INSERT INTO product_variants (id, product_id, sku, price, stock_quantity, attributes) VALUES ('388ac996-005d-40e9-84ac-4921e781e9ba', 'c0641f4a-4e3c-4fb2-a226-bc716b276c4c', 'BED-687-R2-388A', 4843, 95, '{"color": "Red", "size": "256GB"}');
INSERT INTO product_variants (id, product_id, sku, price, stock_quantity, attributes) VALUES ('8390ec0e-1f7f-433f-a4f1-18cb795ebeca', 'c0641f4a-4e3c-4fb2-a226-bc716b276c4c', 'BED-687-RX-8390', 1712, 172, '{"color": "Red", "size": "XL"}');
INSERT INTO products (id, name, slug, description, category_id) VALUES ('38998427-359f-45f8-ba0d-652aae30acf1', 'Eco Camera 461', 'eco-camera-461-389984', 'Description for Eco Camera 461. Optimized for search and performance test.', '0bf7f435-a09e-47aa-8b13-667f0fa09e9f');
INSERT INTO product_variants (id, product_id, sku, price, stock_quantity, attributes) VALUES ('abb60221-e40b-4eda-a840-cdcfd86a20fa', '38998427-359f-45f8-ba0d-652aae30acf1', 'CAMERA-461-W6-ABB6', 3198, 127, '{"color": "White", "size": "64GB"}');
INSERT INTO product_variants (id, product_id, sku, price, stock_quantity, attributes) VALUES ('f10d5f4f-9ea5-46ec-86d5-270eb2fa8cb9', '38998427-359f-45f8-ba0d-652aae30acf1', 'CAMERA-461-G2-F10D', 4692, 191, '{"color": "Green", "size": "256GB"}');
INSERT INTO product_variants (id, product_id, sku, price, stock_quantity, attributes) VALUES ('21a77c72-5070-419f-a372-dd766c03a7c3', '38998427-359f-45f8-ba0d-652aae30acf1', 'CAMERA-461-S1-21A7', 3389, 15, '{"color": "Silver", "size": "16GB RAM"}');
INSERT INTO products (id, name, slug, description, category_id) VALUES ('ff481a74-823e-4586-bd16-3fa8043c8b61', 'Elegant Bed 583', 'elegant-bed-583-ff481a', 'Description for Elegant Bed 583. Optimized for search and performance test.', '0bf7f435-a09e-47aa-8b13-667f0fa09e9f');
INSERT INTO product_variants (id, product_id, sku, price, stock_quantity, attributes) VALUES ('1680068b-c893-4bb3-bffc-f1d01109917d', 'ff481a74-823e-4586-bd16-3fa8043c8b61', 'BED-583-SL-1680', 4437, 18, '{"color": "Silver", "size": "L"}');
INSERT INTO product_variants (id, product_id, sku, price, stock_quantity, attributes) VALUES ('adfbcf63-ea96-4057-ad18-8eeda27edb51', 'ff481a74-823e-4586-bd16-3fa8043c8b61', 'BED-583-RX-ADFB', 2788, 166, '{"color": "Red", "size": "XXL"}');
INSERT INTO product_variants (id, product_id, sku, price, stock_quantity, attributes) VALUES ('abda4f61-d8a0-42ea-9a79-1effa4df2d99', 'ff481a74-823e-4586-bd16-3fa8043c8b61', 'BED-583-G2-ABDA', 2121, 161, '{"color": "Gold", "size": "256GB"}');
INSERT INTO products (id, name, slug, description, category_id) VALUES ('7d2f3759-9b5e-44e5-aabd-66ffda1e7302', 'Elegant Speaker 594', 'elegant-speaker-594-7d2f37', 'Description for Elegant Speaker 594. Optimized for search and performance test.', '0bf7f435-a09e-47aa-8b13-667f0fa09e9f');
INSERT INTO product_variants (id, product_id, sku, price, stock_quantity, attributes) VALUES ('15f1b742-fe76-4519-adad-21992c98818c', '7d2f3759-9b5e-44e5-aabd-66ffda1e7302', 'SPEAKER-594-G1-15F1', 1052, 191, '{"color": "Gold", "size": "128GB"}');
INSERT INTO product_variants (id, product_id, sku, price, stock_quantity, attributes) VALUES ('254243e5-b401-4c4a-9ca7-d3fcef4fc6eb', '7d2f3759-9b5e-44e5-aabd-66ffda1e7302', 'SPEAKER-594-GS-2542', 1267, 43, '{"color": "Green", "size": "S"}');
INSERT INTO product_variants (id, product_id, sku, price, stock_quantity, attributes) VALUES ('666c8d49-b460-4b6e-b8b6-6d73c4d70f3b', '7d2f3759-9b5e-44e5-aabd-66ffda1e7302', 'SPEAKER-594-BX-666C', 2956, 36, '{"color": "Black", "size": "XXL"}');
INSERT INTO products (id, name, slug, description, category_id) VALUES ('0d8f3b95-74a1-4c36-94b8-a26d8f9588fd', 'Ultra Headphones 505', 'ultra-headphones-505-0d8f3b', 'Description for Ultra Headphones 505. Optimized for search and performance test.', '0bf7f435-a09e-47aa-8b13-667f0fa09e9f');
INSERT INTO product_variants (id, product_id, sku, price, stock_quantity, attributes) VALUES ('2e727aae-47dc-49d4-acda-f27b72f1c471', '0d8f3b95-74a1-4c36-94b8-a26d8f9588fd', 'HEADPHONES-505-BS-2E72', 3896, 183, '{"color": "Blue", "size": "S"}');
INSERT INTO product_variants (id, product_id, sku, price, stock_quantity, attributes) VALUES ('a364dfb6-6d39-45f6-aa11-adc63e1ef1f9', '0d8f3b95-74a1-4c36-94b8-a26d8f9588fd', 'HEADPHONES-505-R1-A364', 2593, 99, '{"color": "Red", "size": "128GB"}');
INSERT INTO product_variants (id, product_id, sku, price, stock_quantity, attributes) VALUES ('8060a69b-a412-4f4b-a4e8-70bd0adea287', '0d8f3b95-74a1-4c36-94b8-a26d8f9588fd', 'HEADPHONES-505-RS-8060', 2189, 168, '{"color": "Red", "size": "S"}');
INSERT INTO products (id, name, slug, description, category_id) VALUES ('ba18181c-16c8-46a6-ac69-ff732d91bb9e', 'Elegant Dress 202', 'elegant-dress-202-ba1818', 'Description for Elegant Dress 202. Optimized for search and performance test.', '0bf7f435-a09e-47aa-8b13-667f0fa09e9f');
INSERT INTO product_variants (id, product_id, sku, price, stock_quantity, attributes) VALUES ('15fbe586-7496-4cf3-977f-563fec0cd110', 'ba18181c-16c8-46a6-ac69-ff732d91bb9e', 'DRESS-202-B1-15FB', 2685, 15, '{"color": "Black", "size": "16GB RAM"}');
INSERT INTO product_variants (id, product_id, sku, price, stock_quantity, attributes) VALUES ('1d0800da-8349-48ba-bea1-24fb64bd933c', 'ba18181c-16c8-46a6-ac69-ff732d91bb9e', 'DRESS-202-RX-1D08', 634, 31, '{"color": "Red", "size": "XXL"}');
INSERT INTO product_variants (id, product_id, sku, price, stock_quantity, attributes) VALUES ('5cb44e95-b135-48a4-b0d1-07dc20776e36', 'ba18181c-16c8-46a6-ac69-ff732d91bb9e', 'DRESS-202-WX-5CB4', 2562, 75, '{"color": "White", "size": "XXL"}');
INSERT INTO products (id, name, slug, description, category_id) VALUES ('796b31a0-a1d7-4688-b919-87f54f009b15', 'Lite Dress 435', 'lite-dress-435-796b31', 'Description for Lite Dress 435. Optimized for search and performance test.', '0bf7f435-a09e-47aa-8b13-667f0fa09e9f');
INSERT INTO product_variants (id, product_id, sku, price, stock_quantity, attributes) VALUES ('8a4cf616-5f7d-4764-a589-992f9b6e5c90', '796b31a0-a1d7-4688-b919-87f54f009b15', 'DRESS-435-G1-8A4C', 3224, 91, '{"color": "Green", "size": "16GB RAM"}');
INSERT INTO product_variants (id, product_id, sku, price, stock_quantity, attributes) VALUES ('ef31098a-574c-4832-bc11-3e59dc5545f7', '796b31a0-a1d7-4688-b919-87f54f009b15', 'DRESS-435-RL-EF31', 2106, 197, '{"color": "Red", "size": "L"}');
INSERT INTO product_variants (id, product_id, sku, price, stock_quantity, attributes) VALUES ('58ff43d3-79c8-4c2b-802d-3b69411b4737', '796b31a0-a1d7-4688-b919-87f54f009b15', 'DRESS-435-G1-58FF', 211, 144, '{"color": "Gold", "size": "128GB"}');
INSERT INTO products (id, name, slug, description, category_id) VALUES ('5e60c820-d4f7-4c8f-a08e-a8a5a16d8724', 'Elegant Bed 732', 'elegant-bed-732-5e60c8', 'Description for Elegant Bed 732. Optimized for search and performance test.', '0bf7f435-a09e-47aa-8b13-667f0fa09e9f');
INSERT INTO product_variants (id, product_id, sku, price, stock_quantity, attributes) VALUES ('abe20284-5cdb-401a-a144-540d561f3ae6', '5e60c820-d4f7-4c8f-a08e-a8a5a16d8724', 'BED-732-B1-ABE2', 3038, 159, '{"color": "Blue", "size": "128GB"}');
INSERT INTO product_variants (id, product_id, sku, price, stock_quantity, attributes) VALUES ('d629149b-96ee-4540-9467-ca417120867b', '5e60c820-d4f7-4c8f-a08e-a8a5a16d8724', 'BED-732-B1-D629', 4670, 191, '{"color": "Black", "size": "128GB"}');
INSERT INTO product_variants (id, product_id, sku, price, stock_quantity, attributes) VALUES ('baa958c0-d496-40a4-98f6-164df8810a3e', '5e60c820-d4f7-4c8f-a08e-a8a5a16d8724', 'BED-732-GX-BAA9', 3470, 164, '{"color": "Gold", "size": "XXL"}');
INSERT INTO products (id, name, slug, description, category_id) VALUES ('87a3d7d7-43db-4edc-b40e-54ad7150f6be', 'Original Speaker 150', 'original-speaker-150-87a3d7', 'Description for Original Speaker 150. Optimized for search and performance test.', '0bf7f435-a09e-47aa-8b13-667f0fa09e9f');
INSERT INTO product_variants (id, product_id, sku, price, stock_quantity, attributes) VALUES ('e6a12630-2920-45cf-ad5b-a1d93ca7b9e1', '87a3d7d7-43db-4edc-b40e-54ad7150f6be', 'SPEAKER-150-GM-E6A1', 3728, 83, '{"color": "Gold", "size": "M"}');
INSERT INTO product_variants (id, product_id, sku, price, stock_quantity, attributes) VALUES ('b72cc7d3-bffa-42df-bd76-2644767c99f5', '87a3d7d7-43db-4edc-b40e-54ad7150f6be', 'SPEAKER-150-BL-B72C', 4707, 59, '{"color": "Blue", "size": "L"}');
INSERT INTO product_variants (id, product_id, sku, price, stock_quantity, attributes) VALUES ('fea2472a-b919-4701-81f8-34cfd5beec7e', '87a3d7d7-43db-4edc-b40e-54ad7150f6be', 'SPEAKER-150-RX-FEA2', 4692, 185, '{"color": "Red", "size": "XL"}');
INSERT INTO products (id, name, slug, description, category_id) VALUES ('15e39c27-2fb7-47c4-b134-f3d50ca98693', 'Eco Speaker 706', 'eco-speaker-706-15e39c', 'Description for Eco Speaker 706. Optimized for search and performance test.', '0bf7f435-a09e-47aa-8b13-667f0fa09e9f');
INSERT INTO product_variants (id, product_id, sku, price, stock_quantity, attributes) VALUES ('7c567e32-bbf3-4df6-ad63-1cca5ab3d863', '15e39c27-2fb7-47c4-b134-f3d50ca98693', 'SPEAKER-706-WL-7C56', 4680, 182, '{"color": "White", "size": "L"}');
INSERT INTO product_variants (id, product_id, sku, price, stock_quantity, attributes) VALUES ('04b24ddb-4cba-4a1e-b72e-8618c2d80afa', '15e39c27-2fb7-47c4-b134-f3d50ca98693', 'SPEAKER-706-BX-04B2', 3315, 71, '{"color": "Black", "size": "XL"}');
INSERT INTO product_variants (id, product_id, sku, price, stock_quantity, attributes) VALUES ('f0238e28-2e62-4800-a35f-8aeecc6eaa8a', '15e39c27-2fb7-47c4-b134-f3d50ca98693', 'SPEAKER-706-W6-F023', 4308, 95, '{"color": "White", "size": "64GB"}');
INSERT INTO products (id, name, slug, description, category_id) VALUES ('fc6c8e69-acf7-44a2-983c-96c17e714504', 'Premium Backpack 463', 'premium-backpack-463-fc6c8e', 'Description for Premium Backpack 463. Optimized for search and performance test.', '0bf7f435-a09e-47aa-8b13-667f0fa09e9f');
INSERT INTO product_variants (id, product_id, sku, price, stock_quantity, attributes) VALUES ('07eb211b-4042-455c-9523-e2a4bec3af44', 'fc6c8e69-acf7-44a2-983c-96c17e714504', 'BACKPACK-463-S2-07EB', 1770, 21, '{"color": "Silver", "size": "256GB"}');
INSERT INTO product_variants (id, product_id, sku, price, stock_quantity, attributes) VALUES ('0e0eb390-55c0-43c9-a66c-d80a2e7503f5', 'fc6c8e69-acf7-44a2-983c-96c17e714504', 'BACKPACK-463-GX-0E0E', 4977, 167, '{"color": "Green", "size": "XXL"}');
INSERT INTO product_variants (id, product_id, sku, price, stock_quantity, attributes) VALUES ('6cb08560-eae8-4b92-bf11-e112d99539da', 'fc6c8e69-acf7-44a2-983c-96c17e714504', 'BACKPACK-463-G2-6CB0', 3442, 54, '{"color": "Gold", "size": "256GB"}');
INSERT INTO products (id, name, slug, description, category_id) VALUES ('1a764c54-a0f7-4692-8b59-cb3580c981d6', 'Premium Dress 255', 'premium-dress-255-1a764c', 'Description for Premium Dress 255. Optimized for search and performance test.', '0bf7f435-a09e-47aa-8b13-667f0fa09e9f');
INSERT INTO product_variants (id, product_id, sku, price, stock_quantity, attributes) VALUES ('c9472822-cd53-478e-8437-ed3722fa44fe', '1a764c54-a0f7-4692-8b59-cb3580c981d6', 'DRESS-255-B6-C947', 3406, 95, '{"color": "Blue", "size": "64GB"}');
INSERT INTO product_variants (id, product_id, sku, price, stock_quantity, attributes) VALUES ('fa55185d-f432-4158-853d-177395db7c9e', '1a764c54-a0f7-4692-8b59-cb3580c981d6', 'DRESS-255-WX-FA55', 2954, 13, '{"color": "White", "size": "XXL"}');
INSERT INTO product_variants (id, product_id, sku, price, stock_quantity, attributes) VALUES ('7bc72d0b-e40c-40dd-a41d-5bc4bfba2533', '1a764c54-a0f7-4692-8b59-cb3580c981d6', 'DRESS-255-GX-7BC7', 3077, 92, '{"color": "Gold", "size": "XXL"}');
INSERT INTO products (id, name, slug, description, category_id) VALUES ('5753a30d-4e6e-400c-a77e-5f1725d4226e', 'Elegant Bed 592', 'elegant-bed-592-5753a3', 'Description for Elegant Bed 592. Optimized for search and performance test.', '0bf7f435-a09e-47aa-8b13-667f0fa09e9f');
INSERT INTO product_variants (id, product_id, sku, price, stock_quantity, attributes) VALUES ('af3c22c5-0ac5-4f96-9cdf-990be01e5262', '5753a30d-4e6e-400c-a77e-5f1725d4226e', 'BED-592-RX-AF3C', 1051, 141, '{"color": "Red", "size": "XXL"}');
INSERT INTO product_variants (id, product_id, sku, price, stock_quantity, attributes) VALUES ('090f56f8-f7ee-4615-bf1f-7fbb91734ce9', '5753a30d-4e6e-400c-a77e-5f1725d4226e', 'BED-592-SX-090F', 3681, 144, '{"color": "Silver", "size": "XXL"}');
INSERT INTO product_variants (id, product_id, sku, price, stock_quantity, attributes) VALUES ('a8911c16-eec9-4716-a6e8-9073c99d8733', '5753a30d-4e6e-400c-a77e-5f1725d4226e', 'BED-592-GL-A891', 736, 178, '{"color": "Green", "size": "L"}');
INSERT INTO products (id, name, slug, description, category_id) VALUES ('969098a0-a501-4c2c-9e34-da751e020319', 'Smart Laptop 296', 'smart-laptop-296-969098', 'Description for Smart Laptop 296. Optimized for search and performance test.', '0bf7f435-a09e-47aa-8b13-667f0fa09e9f');
INSERT INTO product_variants (id, product_id, sku, price, stock_quantity, attributes) VALUES ('a1b52c83-a649-4e0b-beef-9fe484cb8774', '969098a0-a501-4c2c-9e34-da751e020319', 'LAPTOP-296-B1-A1B5', 2041, 63, '{"color": "Black", "size": "128GB"}');
INSERT INTO product_variants (id, product_id, sku, price, stock_quantity, attributes) VALUES ('bdde3bfb-54ae-42c4-b3cf-46c597a0d44c', '969098a0-a501-4c2c-9e34-da751e020319', 'LAPTOP-296-GM-BDDE', 4989, 172, '{"color": "Green", "size": "M"}');
INSERT INTO product_variants (id, product_id, sku, price, stock_quantity, attributes) VALUES ('d82787b7-37b4-45da-bc8a-5ed202fc4b70', '969098a0-a501-4c2c-9e34-da751e020319', 'LAPTOP-296-WM-D827', 4128, 198, '{"color": "White", "size": "M"}');
INSERT INTO products (id, name, slug, description, category_id) VALUES ('aea74da1-f56c-43cc-b436-7394c3693f70', 'Elegant Speaker 816', 'elegant-speaker-816-aea74d', 'Description for Elegant Speaker 816. Optimized for search and performance test.', '0bf7f435-a09e-47aa-8b13-667f0fa09e9f');
INSERT INTO product_variants (id, product_id, sku, price, stock_quantity, attributes) VALUES ('bf5cd485-945b-428c-8d8c-1abfdbf0309b', 'aea74da1-f56c-43cc-b436-7394c3693f70', 'SPEAKER-816-SX-BF5C', 4541, 78, '{"color": "Silver", "size": "XL"}');
INSERT INTO product_variants (id, product_id, sku, price, stock_quantity, attributes) VALUES ('d99ab246-0b66-472f-8621-745649197462', 'aea74da1-f56c-43cc-b436-7394c3693f70', 'SPEAKER-816-B2-D99A', 2880, 23, '{"color": "Blue", "size": "256GB"}');
INSERT INTO product_variants (id, product_id, sku, price, stock_quantity, attributes) VALUES ('71584be1-e7db-4b6b-9be7-08d1366397b8', 'aea74da1-f56c-43cc-b436-7394c3693f70', 'SPEAKER-816-B8-7158', 2656, 188, '{"color": "Blue", "size": "8GB RAM"}');
INSERT INTO products (id, name, slug, description, category_id) VALUES ('2ab24d1b-021c-40a6-a966-fe3303a42e7b', 'Lite Dress 129', 'lite-dress-129-2ab24d', 'Description for Lite Dress 129. Optimized for search and performance test.', '0bf7f435-a09e-47aa-8b13-667f0fa09e9f');
INSERT INTO product_variants (id, product_id, sku, price, stock_quantity, attributes) VALUES ('03c165bf-a7f5-4b82-a626-011c43a31130', '2ab24d1b-021c-40a6-a966-fe3303a42e7b', 'DRESS-129-SL-03C1', 1975, 141, '{"color": "Silver", "size": "L"}');
INSERT INTO product_variants (id, product_id, sku, price, stock_quantity, attributes) VALUES ('4d4c4f1e-2327-4192-a1af-796be6fd5ac5', '2ab24d1b-021c-40a6-a966-fe3303a42e7b', 'DRESS-129-B8-4D4C', 2499, 191, '{"color": "Black", "size": "8GB RAM"}');
INSERT INTO product_variants (id, product_id, sku, price, stock_quantity, attributes) VALUES ('895e9c37-1fab-4561-8386-3dfe257723b9', '2ab24d1b-021c-40a6-a966-fe3303a42e7b', 'DRESS-129-WM-895E', 145, 19, '{"color": "White", "size": "M"}');
INSERT INTO products (id, name, slug, description, category_id) VALUES ('7386d5c5-7c8e-4510-9eb2-f1d4c3cddc4c', 'Original Laptop 151', 'original-laptop-151-7386d5', 'Description for Original Laptop 151. Optimized for search and performance test.', '0bf7f435-a09e-47aa-8b13-667f0fa09e9f');
INSERT INTO product_variants (id, product_id, sku, price, stock_quantity, attributes) VALUES ('0168a4fc-2e8d-4099-91bd-392b060fdb02', '7386d5c5-7c8e-4510-9eb2-f1d4c3cddc4c', 'LAPTOP-151-BX-0168', 4662, 146, '{"color": "Blue", "size": "XXL"}');
INSERT INTO product_variants (id, product_id, sku, price, stock_quantity, attributes) VALUES ('03fd3466-e59a-4150-823c-edc1dd9e5d67', '7386d5c5-7c8e-4510-9eb2-f1d4c3cddc4c', 'LAPTOP-151-B2-03FD', 981, 135, '{"color": "Blue", "size": "256GB"}');
INSERT INTO product_variants (id, product_id, sku, price, stock_quantity, attributes) VALUES ('bdba7ceb-79e2-4db7-b439-eb6fdd2387a7', '7386d5c5-7c8e-4510-9eb2-f1d4c3cddc4c', 'LAPTOP-151-B2-BDBA', 1084, 157, '{"color": "Black", "size": "256GB"}');
INSERT INTO products (id, name, slug, description, category_id) VALUES ('11376762-6536-491a-9ccf-891a8a71e4eb', 'Elegant Table 933', 'elegant-table-933-113767', 'Description for Elegant Table 933. Optimized for search and performance test.', '0bf7f435-a09e-47aa-8b13-667f0fa09e9f');
INSERT INTO product_variants (id, product_id, sku, price, stock_quantity, attributes) VALUES ('76789d9d-adc2-4e48-bb82-587b8368cf0a', '11376762-6536-491a-9ccf-891a8a71e4eb', 'TABLE-933-BL-7678', 3710, 196, '{"color": "Blue", "size": "L"}');
INSERT INTO product_variants (id, product_id, sku, price, stock_quantity, attributes) VALUES ('2833963a-cb20-4e16-8c82-38dce2337bfe', '11376762-6536-491a-9ccf-891a8a71e4eb', 'TABLE-933-GM-2833', 2692, 184, '{"color": "Green", "size": "M"}');
INSERT INTO product_variants (id, product_id, sku, price, stock_quantity, attributes) VALUES ('778eb58f-b479-43bb-b962-ac82656df343', '11376762-6536-491a-9ccf-891a8a71e4eb', 'TABLE-933-RM-778E', 411, 15, '{"color": "Red", "size": "M"}');
INSERT INTO products (id, name, slug, description, category_id) VALUES ('a0d48130-88da-4716-bf90-119e230053b1', 'Eco Camera 669', 'eco-camera-669-a0d481', 'Description for Eco Camera 669. Optimized for search and performance test.', '0bf7f435-a09e-47aa-8b13-667f0fa09e9f');
INSERT INTO product_variants (id, product_id, sku, price, stock_quantity, attributes) VALUES ('7df4a050-584f-414e-9aaa-7b479dec2c40', 'a0d48130-88da-4716-bf90-119e230053b1', 'CAMERA-669-G1-7DF4', 2451, 111, '{"color": "Green", "size": "128GB"}');
INSERT INTO product_variants (id, product_id, sku, price, stock_quantity, attributes) VALUES ('ef5ccade-6c87-4ce0-8709-fffff6517d70', 'a0d48130-88da-4716-bf90-119e230053b1', 'CAMERA-669-BS-EF5C', 4026, 95, '{"color": "Blue", "size": "S"}');
INSERT INTO product_variants (id, product_id, sku, price, stock_quantity, attributes) VALUES ('4b342b1a-65fb-4923-8989-4628daf8be29', 'a0d48130-88da-4716-bf90-119e230053b1', 'CAMERA-669-G1-4B34', 2148, 61, '{"color": "Gold", "size": "128GB"}');
INSERT INTO products (id, name, slug, description, category_id) VALUES ('11de717e-fcab-4ca5-ab6c-dd103fd55a6f', 'Lite Shirt 582', 'lite-shirt-582-11de71', 'Description for Lite Shirt 582. Optimized for search and performance test.', '0bf7f435-a09e-47aa-8b13-667f0fa09e9f');
INSERT INTO product_variants (id, product_id, sku, price, stock_quantity, attributes) VALUES ('96c1706d-439b-4fc6-81ed-22f9ab9e0539', '11de717e-fcab-4ca5-ab6c-dd103fd55a6f', 'SHIRT-582-G2-96C1', 2459, 72, '{"color": "Gold", "size": "256GB"}');
INSERT INTO product_variants (id, product_id, sku, price, stock_quantity, attributes) VALUES ('33b67e84-8c15-4839-8787-51818d7f6874', '11de717e-fcab-4ca5-ab6c-dd103fd55a6f', 'SHIRT-582-GM-33B6', 3417, 176, '{"color": "Green", "size": "M"}');
INSERT INTO product_variants (id, product_id, sku, price, stock_quantity, attributes) VALUES ('bb3edfb4-dc7f-4c00-850b-0962065f8a33', '11de717e-fcab-4ca5-ab6c-dd103fd55a6f', 'SHIRT-582-S1-BB3E', 1482, 191, '{"color": "Silver", "size": "128GB"}');
INSERT INTO products (id, name, slug, description, category_id) VALUES ('50d0ce65-2f2e-485c-844a-663b9639d7da', 'Elegant Headphones 680', 'elegant-headphones-680-50d0ce', 'Description for Elegant Headphones 680. Optimized for search and performance test.', '0bf7f435-a09e-47aa-8b13-667f0fa09e9f');
INSERT INTO product_variants (id, product_id, sku, price, stock_quantity, attributes) VALUES ('9d2715ed-bfc3-413d-89f1-0f8054d39423', '50d0ce65-2f2e-485c-844a-663b9639d7da', 'HEADPHONES-680-BM-9D27', 4000, 167, '{"color": "Blue", "size": "M"}');
INSERT INTO product_variants (id, product_id, sku, price, stock_quantity, attributes) VALUES ('be4c9615-fcae-4e99-b339-8f1a52092373', '50d0ce65-2f2e-485c-844a-663b9639d7da', 'HEADPHONES-680-R1-BE4C', 2223, 131, '{"color": "Red", "size": "128GB"}');
INSERT INTO product_variants (id, product_id, sku, price, stock_quantity, attributes) VALUES ('20072814-95ab-484d-b652-f8b94af67c80', '50d0ce65-2f2e-485c-844a-663b9639d7da', 'HEADPHONES-680-RL-2007', 4495, 91, '{"color": "Red", "size": "L"}');
INSERT INTO products (id, name, slug, description, category_id) VALUES ('53b37643-aafc-4970-a6df-0ca60cbb1c45', 'Elegant Monitor 339', 'elegant-monitor-339-53b376', 'Description for Elegant Monitor 339. Optimized for search and performance test.', '0bf7f435-a09e-47aa-8b13-667f0fa09e9f');
INSERT INTO product_variants (id, product_id, sku, price, stock_quantity, attributes) VALUES ('9ceb2c36-d923-45ae-b6fe-50bc3234205b', '53b37643-aafc-4970-a6df-0ca60cbb1c45', 'MONITOR-339-G1-9CEB', 2793, 50, '{"color": "Green", "size": "128GB"}');
INSERT INTO product_variants (id, product_id, sku, price, stock_quantity, attributes) VALUES ('dd5f3d52-a1a0-4a81-baa7-5449b8c13b02', '53b37643-aafc-4970-a6df-0ca60cbb1c45', 'MONITOR-339-B8-DD5F', 4102, 131, '{"color": "Blue", "size": "8GB RAM"}');
INSERT INTO product_variants (id, product_id, sku, price, stock_quantity, attributes) VALUES ('e47f3748-18e6-4383-bdb3-e393bf887497', '53b37643-aafc-4970-a6df-0ca60cbb1c45', 'MONITOR-339-WL-E47F', 2401, 75, '{"color": "White", "size": "L"}');
INSERT INTO products (id, name, slug, description, category_id) VALUES ('13d18ad2-242c-4be9-8315-18b4be4395c0', 'Ultra Headphones 390', 'ultra-headphones-390-13d18a', 'Description for Ultra Headphones 390. Optimized for search and performance test.', '0bf7f435-a09e-47aa-8b13-667f0fa09e9f');
INSERT INTO product_variants (id, product_id, sku, price, stock_quantity, attributes) VALUES ('a9b81103-dcc2-4e4f-bee7-c4597e195181', '13d18ad2-242c-4be9-8315-18b4be4395c0', 'HEADPHONES-390-BX-A9B8', 615, 149, '{"color": "Blue", "size": "XXL"}');
INSERT INTO product_variants (id, product_id, sku, price, stock_quantity, attributes) VALUES ('ee3dbff7-72fd-4958-aca5-c77425943738', '13d18ad2-242c-4be9-8315-18b4be4395c0', 'HEADPHONES-390-RX-EE3D', 243, 108, '{"color": "Red", "size": "XL"}');
INSERT INTO product_variants (id, product_id, sku, price, stock_quantity, attributes) VALUES ('540e69b5-816a-483c-9947-05f5f7e8e1d3', '13d18ad2-242c-4be9-8315-18b4be4395c0', 'HEADPHONES-390-BX-540E', 1753, 130, '{"color": "Black", "size": "XXL"}');
INSERT INTO products (id, name, slug, description, category_id) VALUES ('52551c98-c6f6-4bf1-8db7-fa52977957b0', 'Lite Camera 963', 'lite-camera-963-52551c', 'Description for Lite Camera 963. Optimized for search and performance test.', '0bf7f435-a09e-47aa-8b13-667f0fa09e9f');
INSERT INTO product_variants (id, product_id, sku, price, stock_quantity, attributes) VALUES ('07306d3f-6247-43b2-86d6-cd33502f33e5', '52551c98-c6f6-4bf1-8db7-fa52977957b0', 'CAMERA-963-GL-0730', 3749, 94, '{"color": "Gold", "size": "L"}');
INSERT INTO product_variants (id, product_id, sku, price, stock_quantity, attributes) VALUES ('d7b17889-26ab-4034-8766-09b89e1b4803', '52551c98-c6f6-4bf1-8db7-fa52977957b0', 'CAMERA-963-GX-D7B1', 4858, 62, '{"color": "Gold", "size": "XXL"}');
INSERT INTO product_variants (id, product_id, sku, price, stock_quantity, attributes) VALUES ('34973b89-ab9c-4f94-99b6-8b7ef3b9b9d4', '52551c98-c6f6-4bf1-8db7-fa52977957b0', 'CAMERA-963-SX-3497', 3644, 57, '{"color": "Silver", "size": "XXL"}');
INSERT INTO products (id, name, slug, description, category_id) VALUES ('de6e4bbd-d201-419f-a7bd-94057cfc23a8', 'Ultra Monitor 586', 'ultra-monitor-586-de6e4b', 'Description for Ultra Monitor 586. Optimized for search and performance test.', '0bf7f435-a09e-47aa-8b13-667f0fa09e9f');
INSERT INTO product_variants (id, product_id, sku, price, stock_quantity, attributes) VALUES ('46f5fa36-83a3-42be-be18-47d23c6deef8', 'de6e4bbd-d201-419f-a7bd-94057cfc23a8', 'MONITOR-586-R8-46F5', 4808, 135, '{"color": "Red", "size": "8GB RAM"}');
INSERT INTO product_variants (id, product_id, sku, price, stock_quantity, attributes) VALUES ('467c6a0f-5bd3-4f24-ba47-d86ea3b49c82', 'de6e4bbd-d201-419f-a7bd-94057cfc23a8', 'MONITOR-586-B6-467C', 4289, 135, '{"color": "Blue", "size": "64GB"}');
INSERT INTO product_variants (id, product_id, sku, price, stock_quantity, attributes) VALUES ('5a04ba6b-9429-463c-8ad4-c29b49be68ef', 'de6e4bbd-d201-419f-a7bd-94057cfc23a8', 'MONITOR-586-RM-5A04', 1645, 45, '{"color": "Red", "size": "M"}');
INSERT INTO products (id, name, slug, description, category_id) VALUES ('4c511fa6-f18b-4285-b5b6-ca0134d67a25', 'Smart Backpack 715', 'smart-backpack-715-4c511f', 'Description for Smart Backpack 715. Optimized for search and performance test.', '0bf7f435-a09e-47aa-8b13-667f0fa09e9f');
INSERT INTO product_variants (id, product_id, sku, price, stock_quantity, attributes) VALUES ('15a58b52-53c7-4abe-b08e-91eb972b62ef', '4c511fa6-f18b-4285-b5b6-ca0134d67a25', 'BACKPACK-715-S2-15A5', 4310, 125, '{"color": "Silver", "size": "256GB"}');
INSERT INTO product_variants (id, product_id, sku, price, stock_quantity, attributes) VALUES ('b8393a0e-90c8-4b79-91e1-30956456167f', '4c511fa6-f18b-4285-b5b6-ca0134d67a25', 'BACKPACK-715-WS-B839', 3749, 171, '{"color": "White", "size": "S"}');
INSERT INTO product_variants (id, product_id, sku, price, stock_quantity, attributes) VALUES ('fb67ccb9-ad28-4a8f-ad03-63797b4153a5', '4c511fa6-f18b-4285-b5b6-ca0134d67a25', 'BACKPACK-715-GS-FB67', 819, 95, '{"color": "Gold", "size": "S"}');
INSERT INTO products (id, name, slug, description, category_id) VALUES ('befe9bee-7d08-4f98-8b6f-b2983805e1c6', 'Ultra Backpack 985', 'ultra-backpack-985-befe9b', 'Description for Ultra Backpack 985. Optimized for search and performance test.', 'bc00b226-be28-4f53-976e-56610bc6e7dc');
INSERT INTO product_variants (id, product_id, sku, price, stock_quantity, attributes) VALUES ('4d4f57a9-958a-40a8-ada8-9fdedc26dabd', 'befe9bee-7d08-4f98-8b6f-b2983805e1c6', 'BACKPACK-985-GX-4D4F', 340, 21, '{"color": "Gold", "size": "XXL"}');
INSERT INTO product_variants (id, product_id, sku, price, stock_quantity, attributes) VALUES ('20b21f7a-9ee1-431f-8eef-4ad6f791e469', 'befe9bee-7d08-4f98-8b6f-b2983805e1c6', 'BACKPACK-985-S2-20B2', 3364, 139, '{"color": "Silver", "size": "256GB"}');
INSERT INTO product_variants (id, product_id, sku, price, stock_quantity, attributes) VALUES ('ae222196-8588-428c-ad9a-006f51cbf00e', 'befe9bee-7d08-4f98-8b6f-b2983805e1c6', 'BACKPACK-985-S6-AE22', 3919, 43, '{"color": "Silver", "size": "64GB"}');
INSERT INTO products (id, name, slug, description, category_id) VALUES ('06fefe03-c00e-4393-a536-ef715fb2f49c', 'Eco Backpack 219', 'eco-backpack-219-06fefe', 'Description for Eco Backpack 219. Optimized for search and performance test.', 'bc00b226-be28-4f53-976e-56610bc6e7dc');
INSERT INTO product_variants (id, product_id, sku, price, stock_quantity, attributes) VALUES ('c1aef6fe-ba63-4411-91dd-cb858a11dd90', '06fefe03-c00e-4393-a536-ef715fb2f49c', 'BACKPACK-219-G2-C1AE', 932, 193, '{"color": "Gold", "size": "256GB"}');
INSERT INTO product_variants (id, product_id, sku, price, stock_quantity, attributes) VALUES ('b96fc15b-45ca-4bd2-80a5-678a127a8df8', '06fefe03-c00e-4393-a536-ef715fb2f49c', 'BACKPACK-219-WS-B96F', 4103, 72, '{"color": "White", "size": "S"}');
INSERT INTO product_variants (id, product_id, sku, price, stock_quantity, attributes) VALUES ('575fb4f3-658d-4f52-8033-117d83df145e', '06fefe03-c00e-4393-a536-ef715fb2f49c', 'BACKPACK-219-GM-575F', 842, 50, '{"color": "Gold", "size": "M"}');
INSERT INTO products (id, name, slug, description, category_id) VALUES ('20b24cb4-aac3-4c26-a819-016545c5f7de', 'Ultra Camera 892', 'ultra-camera-892-20b24c', 'Description for Ultra Camera 892. Optimized for search and performance test.', 'bc00b226-be28-4f53-976e-56610bc6e7dc');
INSERT INTO product_variants (id, product_id, sku, price, stock_quantity, attributes) VALUES ('0360220e-d097-4eae-b3a0-52dafab54184', '20b24cb4-aac3-4c26-a819-016545c5f7de', 'CAMERA-892-BM-0360', 353, 120, '{"color": "Blue", "size": "M"}');
INSERT INTO product_variants (id, product_id, sku, price, stock_quantity, attributes) VALUES ('96c0ee76-8789-4ea1-8a08-5304b13de2b6', '20b24cb4-aac3-4c26-a819-016545c5f7de', 'CAMERA-892-R6-96C0', 3100, 156, '{"color": "Red", "size": "64GB"}');
INSERT INTO product_variants (id, product_id, sku, price, stock_quantity, attributes) VALUES ('107f598a-dce1-4a28-8af4-5140fad67776', '20b24cb4-aac3-4c26-a819-016545c5f7de', 'CAMERA-892-W1-107F', 780, 63, '{"color": "White", "size": "128GB"}');
INSERT INTO products (id, name, slug, description, category_id) VALUES ('899d6746-eee9-4ed6-af69-3fcd12291256', 'Original Shirt 794', 'original-shirt-794-899d67', 'Description for Original Shirt 794. Optimized for search and performance test.', 'bc00b226-be28-4f53-976e-56610bc6e7dc');
INSERT INTO product_variants (id, product_id, sku, price, stock_quantity, attributes) VALUES ('9ed3dfd8-7723-4807-a9df-46d8bff09acd', '899d6746-eee9-4ed6-af69-3fcd12291256', 'SHIRT-794-R8-9ED3', 3095, 170, '{"color": "Red", "size": "8GB RAM"}');
INSERT INTO product_variants (id, product_id, sku, price, stock_quantity, attributes) VALUES ('1df8500c-1140-42e8-9f3b-84caabe683d5', '899d6746-eee9-4ed6-af69-3fcd12291256', 'SHIRT-794-RL-1DF8', 3742, 70, '{"color": "Red", "size": "L"}');
INSERT INTO product_variants (id, product_id, sku, price, stock_quantity, attributes) VALUES ('57f31405-d708-4288-9819-e91b5fb97ffd', '899d6746-eee9-4ed6-af69-3fcd12291256', 'SHIRT-794-B1-57F3', 437, 144, '{"color": "Blue", "size": "16GB RAM"}');
INSERT INTO products (id, name, slug, description, category_id) VALUES ('86840269-0ca9-454d-9a6e-bd75e3599441', 'Premium Shirt 471', 'premium-shirt-471-868402', 'Description for Premium Shirt 471. Optimized for search and performance test.', 'bc00b226-be28-4f53-976e-56610bc6e7dc');
INSERT INTO product_variants (id, product_id, sku, price, stock_quantity, attributes) VALUES ('dfeeca97-ce0c-4f11-ba6b-a53d0a01e772', '86840269-0ca9-454d-9a6e-bd75e3599441', 'SHIRT-471-GX-DFEE', 814, 181, '{"color": "Gold", "size": "XXL"}');
INSERT INTO product_variants (id, product_id, sku, price, stock_quantity, attributes) VALUES ('bfc8163b-e287-46c3-9b21-bcd3783e0eb1', '86840269-0ca9-454d-9a6e-bd75e3599441', 'SHIRT-471-RX-BFC8', 4048, 107, '{"color": "Red", "size": "XL"}');
INSERT INTO product_variants (id, product_id, sku, price, stock_quantity, attributes) VALUES ('104449ba-cb16-4668-a32e-25044d8c3faa', '86840269-0ca9-454d-9a6e-bd75e3599441', 'SHIRT-471-BL-1044', 2766, 11, '{"color": "Blue", "size": "L"}');
INSERT INTO products (id, name, slug, description, category_id) VALUES ('29989016-dc19-46df-b5f0-32a4e41f3772', 'Eco Backpack 160', 'eco-backpack-160-299890', 'Description for Eco Backpack 160. Optimized for search and performance test.', 'bc00b226-be28-4f53-976e-56610bc6e7dc');
INSERT INTO product_variants (id, product_id, sku, price, stock_quantity, attributes) VALUES ('f19ec633-545a-4eaa-95cd-08fe25cca6b9', '29989016-dc19-46df-b5f0-32a4e41f3772', 'BACKPACK-160-S8-F19E', 391, 127, '{"color": "Silver", "size": "8GB RAM"}');
INSERT INTO product_variants (id, product_id, sku, price, stock_quantity, attributes) VALUES ('9468c62e-6c43-4bc5-b355-b4f14e2b2b50', '29989016-dc19-46df-b5f0-32a4e41f3772', 'BACKPACK-160-R1-9468', 1337, 198, '{"color": "Red", "size": "128GB"}');
INSERT INTO product_variants (id, product_id, sku, price, stock_quantity, attributes) VALUES ('34d44215-3aca-4e98-9cc2-6a77946611e7', '29989016-dc19-46df-b5f0-32a4e41f3772', 'BACKPACK-160-SL-34D4', 2040, 170, '{"color": "Silver", "size": "L"}');
INSERT INTO products (id, name, slug, description, category_id) VALUES ('02f1575b-4d7e-44b7-b07c-9211fc445be9', 'Lite Speaker 781', 'lite-speaker-781-02f157', 'Description for Lite Speaker 781. Optimized for search and performance test.', 'bc00b226-be28-4f53-976e-56610bc6e7dc');
INSERT INTO product_variants (id, product_id, sku, price, stock_quantity, attributes) VALUES ('90d33122-9223-49f8-bb9f-f99aa1e95701', '02f1575b-4d7e-44b7-b07c-9211fc445be9', 'SPEAKER-781-RS-90D3', 106, 47, '{"color": "Red", "size": "S"}');
INSERT INTO product_variants (id, product_id, sku, price, stock_quantity, attributes) VALUES ('0b003ba2-5792-4c3e-80ff-399cc9b48990', '02f1575b-4d7e-44b7-b07c-9211fc445be9', 'SPEAKER-781-BM-0B00', 826, 49, '{"color": "Blue", "size": "M"}');
INSERT INTO product_variants (id, product_id, sku, price, stock_quantity, attributes) VALUES ('70f15648-eca4-4c76-b363-04e82b648636', '02f1575b-4d7e-44b7-b07c-9211fc445be9', 'SPEAKER-781-W1-70F1', 1924, 184, '{"color": "White", "size": "128GB"}');
INSERT INTO products (id, name, slug, description, category_id) VALUES ('588a3f82-5215-4ed4-b354-84ce0e39e76e', 'Smart Backpack 631', 'smart-backpack-631-588a3f', 'Description for Smart Backpack 631. Optimized for search and performance test.', 'bc00b226-be28-4f53-976e-56610bc6e7dc');
INSERT INTO product_variants (id, product_id, sku, price, stock_quantity, attributes) VALUES ('ad44d0b2-1cc6-492b-98a2-e504115fdce9', '588a3f82-5215-4ed4-b354-84ce0e39e76e', 'BACKPACK-631-G6-AD44', 2601, 187, '{"color": "Green", "size": "64GB"}');
INSERT INTO product_variants (id, product_id, sku, price, stock_quantity, attributes) VALUES ('ea00e8e6-9c91-4e4c-85d2-190173299085', '588a3f82-5215-4ed4-b354-84ce0e39e76e', 'BACKPACK-631-G1-EA00', 760, 166, '{"color": "Green", "size": "16GB RAM"}');
INSERT INTO product_variants (id, product_id, sku, price, stock_quantity, attributes) VALUES ('a1af9a00-005d-4fab-bae0-2d3ed19ab180', '588a3f82-5215-4ed4-b354-84ce0e39e76e', 'BACKPACK-631-RX-A1AF', 2215, 139, '{"color": "Red", "size": "XL"}');
INSERT INTO products (id, name, slug, description, category_id) VALUES ('b45f2c99-3af3-423b-984d-1413b8410e8e', 'Ultra Phone 683', 'ultra-phone-683-b45f2c', 'Description for Ultra Phone 683. Optimized for search and performance test.', 'bc00b226-be28-4f53-976e-56610bc6e7dc');
INSERT INTO product_variants (id, product_id, sku, price, stock_quantity, attributes) VALUES ('3944eaa1-3f57-4bfb-8759-9775898ac443', 'b45f2c99-3af3-423b-984d-1413b8410e8e', 'PHONE-683-WL-3944', 3641, 89, '{"color": "White", "size": "L"}');
INSERT INTO product_variants (id, product_id, sku, price, stock_quantity, attributes) VALUES ('5955a962-757b-4b19-a285-f2c299bd1c65', 'b45f2c99-3af3-423b-984d-1413b8410e8e', 'PHONE-683-WS-5955', 3191, 18, '{"color": "White", "size": "S"}');
INSERT INTO product_variants (id, product_id, sku, price, stock_quantity, attributes) VALUES ('a1b965e9-f344-46ce-b3ec-aa8946b73ec9', 'b45f2c99-3af3-423b-984d-1413b8410e8e', 'PHONE-683-GX-A1B9', 1669, 63, '{"color": "Green", "size": "XXL"}');
INSERT INTO products (id, name, slug, description, category_id) VALUES ('973d3953-8116-4613-8460-fa3d5c80baed', 'Pro Phone 365', 'pro-phone-365-973d39', 'Description for Pro Phone 365. Optimized for search and performance test.', 'bc00b226-be28-4f53-976e-56610bc6e7dc');
INSERT INTO product_variants (id, product_id, sku, price, stock_quantity, attributes) VALUES ('f5ea15e7-c708-40e7-b02e-f325ade4550b', '973d3953-8116-4613-8460-fa3d5c80baed', 'PHONE-365-G1-F5EA', 3241, 95, '{"color": "Gold", "size": "16GB RAM"}');
INSERT INTO product_variants (id, product_id, sku, price, stock_quantity, attributes) VALUES ('bc0dee38-b0ac-4011-9f68-44f908bcf7c6', '973d3953-8116-4613-8460-fa3d5c80baed', 'PHONE-365-B6-BC0D', 4188, 17, '{"color": "Blue", "size": "64GB"}');
INSERT INTO product_variants (id, product_id, sku, price, stock_quantity, attributes) VALUES ('0a023031-8bc3-4650-906a-e9611b735a1a', '973d3953-8116-4613-8460-fa3d5c80baed', 'PHONE-365-S1-0A02', 439, 70, '{"color": "Silver", "size": "16GB RAM"}');
INSERT INTO products (id, name, slug, description, category_id) VALUES ('108c9fad-96d7-4e6c-9e70-a875a19de115', 'Pro Laptop 180', 'pro-laptop-180-108c9f', 'Description for Pro Laptop 180. Optimized for search and performance test.', 'bc00b226-be28-4f53-976e-56610bc6e7dc');
INSERT INTO product_variants (id, product_id, sku, price, stock_quantity, attributes) VALUES ('375c18e7-d16b-47a9-8609-c65d337f5692', '108c9fad-96d7-4e6c-9e70-a875a19de115', 'LAPTOP-180-GX-375C', 2653, 11, '{"color": "Green", "size": "XL"}');
INSERT INTO product_variants (id, product_id, sku, price, stock_quantity, attributes) VALUES ('690452b2-838e-4b3f-9a0e-137b02002500', '108c9fad-96d7-4e6c-9e70-a875a19de115', 'LAPTOP-180-W1-6904', 2784, 22, '{"color": "White", "size": "128GB"}');
INSERT INTO product_variants (id, product_id, sku, price, stock_quantity, attributes) VALUES ('3a0b831e-1fd9-4d95-8806-3bf09c0b3dac', '108c9fad-96d7-4e6c-9e70-a875a19de115', 'LAPTOP-180-B8-3A0B', 1980, 14, '{"color": "Blue", "size": "8GB RAM"}');
INSERT INTO products (id, name, slug, description, category_id) VALUES ('43609c73-600e-47cc-a065-72b6c559f047', 'Elegant Backpack 667', 'elegant-backpack-667-43609c', 'Description for Elegant Backpack 667. Optimized for search and performance test.', 'bc00b226-be28-4f53-976e-56610bc6e7dc');
INSERT INTO product_variants (id, product_id, sku, price, stock_quantity, attributes) VALUES ('af38e749-61c1-4a70-b53d-2af64090b185', '43609c73-600e-47cc-a065-72b6c559f047', 'BACKPACK-667-BM-AF38', 4206, 68, '{"color": "Blue", "size": "M"}');
INSERT INTO product_variants (id, product_id, sku, price, stock_quantity, attributes) VALUES ('d41220ed-bf5f-4ce9-be41-b01bb3b3fd53', '43609c73-600e-47cc-a065-72b6c559f047', 'BACKPACK-667-RX-D412', 4065, 145, '{"color": "Red", "size": "XXL"}');
INSERT INTO product_variants (id, product_id, sku, price, stock_quantity, attributes) VALUES ('739c67e6-4dc5-46ec-a41b-906af9f1cdc3', '43609c73-600e-47cc-a065-72b6c559f047', 'BACKPACK-667-BL-739C', 3520, 180, '{"color": "Black", "size": "L"}');
INSERT INTO products (id, name, slug, description, category_id) VALUES ('6b6844fc-0cf7-4499-8768-9e09c5dd35d6', 'Original Bed 751', 'original-bed-751-6b6844', 'Description for Original Bed 751. Optimized for search and performance test.', 'bc00b226-be28-4f53-976e-56610bc6e7dc');
INSERT INTO product_variants (id, product_id, sku, price, stock_quantity, attributes) VALUES ('9e2dcc01-7d1a-475f-9377-a020b13dcefc', '6b6844fc-0cf7-4499-8768-9e09c5dd35d6', 'BED-751-B1-9E2D', 3308, 47, '{"color": "Blue", "size": "16GB RAM"}');
INSERT INTO product_variants (id, product_id, sku, price, stock_quantity, attributes) VALUES ('947b0901-87b3-4f50-bcf0-b221df967f87', '6b6844fc-0cf7-4499-8768-9e09c5dd35d6', 'BED-751-BM-947B', 1426, 40, '{"color": "Blue", "size": "M"}');
INSERT INTO product_variants (id, product_id, sku, price, stock_quantity, attributes) VALUES ('3c2b07e4-7874-4482-983f-a7b163af9b31', '6b6844fc-0cf7-4499-8768-9e09c5dd35d6', 'BED-751-B6-3C2B', 107, 148, '{"color": "Black", "size": "64GB"}');
INSERT INTO products (id, name, slug, description, category_id) VALUES ('a7ce975f-827d-49ef-9501-47e6992f5f6f', 'Pro Camera 992', 'pro-camera-992-a7ce97', 'Description for Pro Camera 992. Optimized for search and performance test.', 'bc00b226-be28-4f53-976e-56610bc6e7dc');
INSERT INTO product_variants (id, product_id, sku, price, stock_quantity, attributes) VALUES ('fcd5c645-7216-4ed2-8575-1c8b5d88aab9', 'a7ce975f-827d-49ef-9501-47e6992f5f6f', 'CAMERA-992-BX-FCD5', 2576, 35, '{"color": "Blue", "size": "XXL"}');
INSERT INTO product_variants (id, product_id, sku, price, stock_quantity, attributes) VALUES ('c36cc208-e683-4e70-b258-f4f26a7a1827', 'a7ce975f-827d-49ef-9501-47e6992f5f6f', 'CAMERA-992-GS-C36C', 2387, 139, '{"color": "Green", "size": "S"}');
INSERT INTO product_variants (id, product_id, sku, price, stock_quantity, attributes) VALUES ('f29273e1-dd70-42eb-8cd7-db61eb957265', 'a7ce975f-827d-49ef-9501-47e6992f5f6f', 'CAMERA-992-RL-F292', 2630, 57, '{"color": "Red", "size": "L"}');
INSERT INTO products (id, name, slug, description, category_id) VALUES ('9bd2b290-9ce9-41ed-89b7-af40eb6b9dab', 'Pro Bed 468', 'pro-bed-468-9bd2b2', 'Description for Pro Bed 468. Optimized for search and performance test.', 'bc00b226-be28-4f53-976e-56610bc6e7dc');
INSERT INTO product_variants (id, product_id, sku, price, stock_quantity, attributes) VALUES ('677292f1-5e00-4557-a61b-4af7b154f93a', '9bd2b290-9ce9-41ed-89b7-af40eb6b9dab', 'BED-468-G1-6772', 1745, 97, '{"color": "Green", "size": "128GB"}');
INSERT INTO product_variants (id, product_id, sku, price, stock_quantity, attributes) VALUES ('1776abdc-9e22-4988-a6e8-ebd733518e31', '9bd2b290-9ce9-41ed-89b7-af40eb6b9dab', 'BED-468-GX-1776', 2717, 70, '{"color": "Gold", "size": "XXL"}');
INSERT INTO product_variants (id, product_id, sku, price, stock_quantity, attributes) VALUES ('f55f07c3-187d-4dff-bde7-609f8ecc1777', '9bd2b290-9ce9-41ed-89b7-af40eb6b9dab', 'BED-468-SX-F55F', 800, 90, '{"color": "Silver", "size": "XXL"}');
INSERT INTO products (id, name, slug, description, category_id) VALUES ('44978fd3-3c67-4640-994b-a08e6f2f4e88', 'Eco Phone 254', 'eco-phone-254-44978f', 'Description for Eco Phone 254. Optimized for search and performance test.', 'bc00b226-be28-4f53-976e-56610bc6e7dc');
INSERT INTO product_variants (id, product_id, sku, price, stock_quantity, attributes) VALUES ('3805e4d1-476b-42e0-8bb6-33021a58c5f1', '44978fd3-3c67-4640-994b-a08e6f2f4e88', 'PHONE-254-B6-3805', 4821, 197, '{"color": "Black", "size": "64GB"}');
INSERT INTO product_variants (id, product_id, sku, price, stock_quantity, attributes) VALUES ('6fc417fe-5bb7-486c-8dd7-32b85d859671', '44978fd3-3c67-4640-994b-a08e6f2f4e88', 'PHONE-254-RX-6FC4', 4315, 167, '{"color": "Red", "size": "XL"}');
INSERT INTO product_variants (id, product_id, sku, price, stock_quantity, attributes) VALUES ('80291069-afdb-4f2a-9897-f5b22e40cf34', '44978fd3-3c67-4640-994b-a08e6f2f4e88', 'PHONE-254-BX-8029', 2413, 32, '{"color": "Blue", "size": "XXL"}');
INSERT INTO products (id, name, slug, description, category_id) VALUES ('da836af9-efdd-41ed-92ac-4288242acf4b', 'Ultra Speaker 497', 'ultra-speaker-497-da836a', 'Description for Ultra Speaker 497. Optimized for search and performance test.', 'bc00b226-be28-4f53-976e-56610bc6e7dc');
INSERT INTO product_variants (id, product_id, sku, price, stock_quantity, attributes) VALUES ('f05c8d73-078a-4037-aa07-189bbaf55fa7', 'da836af9-efdd-41ed-92ac-4288242acf4b', 'SPEAKER-497-BM-F05C', 2433, 71, '{"color": "Black", "size": "M"}');
INSERT INTO product_variants (id, product_id, sku, price, stock_quantity, attributes) VALUES ('6325977b-0900-4cbc-96c9-b218f90cf6c5', 'da836af9-efdd-41ed-92ac-4288242acf4b', 'SPEAKER-497-W1-6325', 1447, 143, '{"color": "White", "size": "16GB RAM"}');
INSERT INTO product_variants (id, product_id, sku, price, stock_quantity, attributes) VALUES ('d333b40c-0b2c-479d-9816-6f2ebcdc0ebc', 'da836af9-efdd-41ed-92ac-4288242acf4b', 'SPEAKER-497-G1-D333', 4080, 62, '{"color": "Green", "size": "128GB"}');
INSERT INTO products (id, name, slug, description, category_id) VALUES ('dfa017b8-4be1-47a1-96e5-84313fb96d08', 'Pro Backpack 197', 'pro-backpack-197-dfa017', 'Description for Pro Backpack 197. Optimized for search and performance test.', 'bc00b226-be28-4f53-976e-56610bc6e7dc');
INSERT INTO product_variants (id, product_id, sku, price, stock_quantity, attributes) VALUES ('40be4957-2162-451b-9914-cc0afdac8c99', 'dfa017b8-4be1-47a1-96e5-84313fb96d08', 'BACKPACK-197-S1-40BE', 3516, 61, '{"color": "Silver", "size": "128GB"}');
INSERT INTO product_variants (id, product_id, sku, price, stock_quantity, attributes) VALUES ('5ce9fcdf-7aae-42a6-9876-a6b752ef5097', 'dfa017b8-4be1-47a1-96e5-84313fb96d08', 'BACKPACK-197-W2-5CE9', 2825, 41, '{"color": "White", "size": "256GB"}');
INSERT INTO product_variants (id, product_id, sku, price, stock_quantity, attributes) VALUES ('49be7b40-6422-4cd4-a64a-bb694c78455a', 'dfa017b8-4be1-47a1-96e5-84313fb96d08', 'BACKPACK-197-GS-49BE', 4588, 154, '{"color": "Green", "size": "S"}');
INSERT INTO products (id, name, slug, description, category_id) VALUES ('d4f69176-e049-4e6c-950f-e991fdad517e', 'Ultra Camera 934', 'ultra-camera-934-d4f691', 'Description for Ultra Camera 934. Optimized for search and performance test.', 'bc00b226-be28-4f53-976e-56610bc6e7dc');
INSERT INTO product_variants (id, product_id, sku, price, stock_quantity, attributes) VALUES ('2eb36706-f216-4a79-b9c5-37c5d0aef6a1', 'd4f69176-e049-4e6c-950f-e991fdad517e', 'CAMERA-934-S1-2EB3', 2198, 166, '{"color": "Silver", "size": "128GB"}');
INSERT INTO product_variants (id, product_id, sku, price, stock_quantity, attributes) VALUES ('1ae62586-9426-4859-9604-62009b6af2b5', 'd4f69176-e049-4e6c-950f-e991fdad517e', 'CAMERA-934-G1-1AE6', 171, 68, '{"color": "Gold", "size": "16GB RAM"}');
INSERT INTO product_variants (id, product_id, sku, price, stock_quantity, attributes) VALUES ('f9c580f3-4643-483d-90bd-5135d48aabba', 'd4f69176-e049-4e6c-950f-e991fdad517e', 'CAMERA-934-W6-F9C5', 2376, 173, '{"color": "White", "size": "64GB"}');
INSERT INTO products (id, name, slug, description, category_id) VALUES ('c2c38406-f543-42e4-9500-cbd860d8bd5c', 'Ultra Table 525', 'ultra-table-525-c2c384', 'Description for Ultra Table 525. Optimized for search and performance test.', 'bc00b226-be28-4f53-976e-56610bc6e7dc');
INSERT INTO product_variants (id, product_id, sku, price, stock_quantity, attributes) VALUES ('870d94fc-4e60-4322-9c16-f4d41e6d9be2', 'c2c38406-f543-42e4-9500-cbd860d8bd5c', 'TABLE-525-RS-870D', 2331, 173, '{"color": "Red", "size": "S"}');
INSERT INTO product_variants (id, product_id, sku, price, stock_quantity, attributes) VALUES ('479d4964-1cfb-414c-ac87-f1a30973cea7', 'c2c38406-f543-42e4-9500-cbd860d8bd5c', 'TABLE-525-W1-479D', 3254, 173, '{"color": "White", "size": "16GB RAM"}');
INSERT INTO product_variants (id, product_id, sku, price, stock_quantity, attributes) VALUES ('08d20a5e-eed7-4524-a696-d76a93fd4256', 'c2c38406-f543-42e4-9500-cbd860d8bd5c', 'TABLE-525-GX-08D2', 4460, 141, '{"color": "Green", "size": "XL"}');
INSERT INTO products (id, name, slug, description, category_id) VALUES ('bbba1467-3538-4e1e-b36c-cce879253cb9', 'Smart Phone 590', 'smart-phone-590-bbba14', 'Description for Smart Phone 590. Optimized for search and performance test.', 'bc00b226-be28-4f53-976e-56610bc6e7dc');
INSERT INTO product_variants (id, product_id, sku, price, stock_quantity, attributes) VALUES ('4301dffb-711d-467b-a27a-1b37ee202552', 'bbba1467-3538-4e1e-b36c-cce879253cb9', 'PHONE-590-BX-4301', 3124, 91, '{"color": "Black", "size": "XL"}');
INSERT INTO product_variants (id, product_id, sku, price, stock_quantity, attributes) VALUES ('6be4279a-af09-40e1-bb65-978abfee4a94', 'bbba1467-3538-4e1e-b36c-cce879253cb9', 'PHONE-590-S1-6BE4', 1370, 199, '{"color": "Silver", "size": "128GB"}');
INSERT INTO product_variants (id, product_id, sku, price, stock_quantity, attributes) VALUES ('c59808c1-09e7-48fc-9ce1-e8e088f69bf9', 'bbba1467-3538-4e1e-b36c-cce879253cb9', 'PHONE-590-BM-C598', 3695, 20, '{"color": "Black", "size": "M"}');
INSERT INTO products (id, name, slug, description, category_id) VALUES ('d731a1a9-d293-4d31-948b-8374f4a52a2c', 'Pro Monitor 815', 'pro-monitor-815-d731a1', 'Description for Pro Monitor 815. Optimized for search and performance test.', 'bc00b226-be28-4f53-976e-56610bc6e7dc');
INSERT INTO product_variants (id, product_id, sku, price, stock_quantity, attributes) VALUES ('529bb285-9591-4da2-b200-cdffe2bed477', 'd731a1a9-d293-4d31-948b-8374f4a52a2c', 'MONITOR-815-G2-529B', 3730, 189, '{"color": "Green", "size": "256GB"}');
INSERT INTO product_variants (id, product_id, sku, price, stock_quantity, attributes) VALUES ('faa917d8-b8bd-4adc-bd8d-be30f3b94833', 'd731a1a9-d293-4d31-948b-8374f4a52a2c', 'MONITOR-815-G2-FAA9', 4813, 112, '{"color": "Gold", "size": "256GB"}');
INSERT INTO product_variants (id, product_id, sku, price, stock_quantity, attributes) VALUES ('fe9bec13-8622-4a77-a161-ca7a0fba96b5', 'd731a1a9-d293-4d31-948b-8374f4a52a2c', 'MONITOR-815-GS-FE9B', 4896, 54, '{"color": "Green", "size": "S"}');
INSERT INTO products (id, name, slug, description, category_id) VALUES ('ab34f706-4174-4140-ac80-bf05414718d1', 'Eco Monitor 153', 'eco-monitor-153-ab34f7', 'Description for Eco Monitor 153. Optimized for search and performance test.', 'bc00b226-be28-4f53-976e-56610bc6e7dc');
INSERT INTO product_variants (id, product_id, sku, price, stock_quantity, attributes) VALUES ('51379b84-23ad-4cb8-b44f-bbfe3eac6b83', 'ab34f706-4174-4140-ac80-bf05414718d1', 'MONITOR-153-B6-5137', 4516, 136, '{"color": "Black", "size": "64GB"}');
INSERT INTO product_variants (id, product_id, sku, price, stock_quantity, attributes) VALUES ('af9a1ece-0554-4333-98f0-4a7368d343e1', 'ab34f706-4174-4140-ac80-bf05414718d1', 'MONITOR-153-GM-AF9A', 867, 185, '{"color": "Gold", "size": "M"}');
INSERT INTO product_variants (id, product_id, sku, price, stock_quantity, attributes) VALUES ('6688f3e7-8746-40e4-aff9-32caafd24d52', 'ab34f706-4174-4140-ac80-bf05414718d1', 'MONITOR-153-GL-6688', 2192, 38, '{"color": "Green", "size": "L"}');
INSERT INTO products (id, name, slug, description, category_id) VALUES ('81c5c1b7-01d5-4091-902f-e8ff60ac2ec7', 'Elegant Bed 894', 'elegant-bed-894-81c5c1', 'Description for Elegant Bed 894. Optimized for search and performance test.', 'bc00b226-be28-4f53-976e-56610bc6e7dc');
INSERT INTO product_variants (id, product_id, sku, price, stock_quantity, attributes) VALUES ('3b9ccfa9-489f-4014-88f6-7653b9a47102', '81c5c1b7-01d5-4091-902f-e8ff60ac2ec7', 'BED-894-G1-3B9C', 1919, 63, '{"color": "Gold", "size": "128GB"}');
INSERT INTO product_variants (id, product_id, sku, price, stock_quantity, attributes) VALUES ('bd9e21f5-6a2b-4a24-9f25-3bdcfcc4b6c5', '81c5c1b7-01d5-4091-902f-e8ff60ac2ec7', 'BED-894-W1-BD9E', 1301, 149, '{"color": "White", "size": "128GB"}');
INSERT INTO product_variants (id, product_id, sku, price, stock_quantity, attributes) VALUES ('8cfa6f22-13e8-4b6a-a93c-fb1c622950b1', '81c5c1b7-01d5-4091-902f-e8ff60ac2ec7', 'BED-894-R1-8CFA', 3264, 198, '{"color": "Red", "size": "16GB RAM"}');
INSERT INTO products (id, name, slug, description, category_id) VALUES ('568da6a6-4446-4be3-88e9-10daeb9f7baa', 'Smart Dress 501', 'smart-dress-501-568da6', 'Description for Smart Dress 501. Optimized for search and performance test.', 'bc00b226-be28-4f53-976e-56610bc6e7dc');
INSERT INTO product_variants (id, product_id, sku, price, stock_quantity, attributes) VALUES ('dd3d952a-75b6-484f-b7c0-e9d1f1d3ad59', '568da6a6-4446-4be3-88e9-10daeb9f7baa', 'DRESS-501-SX-DD3D', 1528, 11, '{"color": "Silver", "size": "XXL"}');
INSERT INTO product_variants (id, product_id, sku, price, stock_quantity, attributes) VALUES ('050d3087-6606-408f-9848-b35294a91fbc', '568da6a6-4446-4be3-88e9-10daeb9f7baa', 'DRESS-501-W8-050D', 4304, 21, '{"color": "White", "size": "8GB RAM"}');
INSERT INTO product_variants (id, product_id, sku, price, stock_quantity, attributes) VALUES ('421d7c48-83d7-4a3c-925b-f4c9add519ff', '568da6a6-4446-4be3-88e9-10daeb9f7baa', 'DRESS-501-BX-421D', 4553, 82, '{"color": "Black", "size": "XL"}');
INSERT INTO products (id, name, slug, description, category_id) VALUES ('2bc36f86-b9ab-42e4-82af-d9e50ded6c4f', 'Lite Camera 653', 'lite-camera-653-2bc36f', 'Description for Lite Camera 653. Optimized for search and performance test.', 'bc00b226-be28-4f53-976e-56610bc6e7dc');
INSERT INTO product_variants (id, product_id, sku, price, stock_quantity, attributes) VALUES ('3da79985-909c-42d7-82a6-14b1eefbcb0d', '2bc36f86-b9ab-42e4-82af-d9e50ded6c4f', 'CAMERA-653-R1-3DA7', 1542, 30, '{"color": "Red", "size": "128GB"}');
INSERT INTO product_variants (id, product_id, sku, price, stock_quantity, attributes) VALUES ('1549d002-0d0b-4f13-be70-868f233735f7', '2bc36f86-b9ab-42e4-82af-d9e50ded6c4f', 'CAMERA-653-B1-1549', 4823, 121, '{"color": "Black", "size": "128GB"}');
INSERT INTO product_variants (id, product_id, sku, price, stock_quantity, attributes) VALUES ('53cfe125-758e-4a21-b9a8-68fe8322ebed', '2bc36f86-b9ab-42e4-82af-d9e50ded6c4f', 'CAMERA-653-G2-53CF', 3784, 190, '{"color": "Gold", "size": "256GB"}');
INSERT INTO products (id, name, slug, description, category_id) VALUES ('42240de7-c3f2-4328-80c0-c02cee741101', 'Eco Shirt 364', 'eco-shirt-364-42240d', 'Description for Eco Shirt 364. Optimized for search and performance test.', 'bc00b226-be28-4f53-976e-56610bc6e7dc');
INSERT INTO product_variants (id, product_id, sku, price, stock_quantity, attributes) VALUES ('4115b983-ae17-43d3-b9f9-d666623ed345', '42240de7-c3f2-4328-80c0-c02cee741101', 'SHIRT-364-R1-4115', 2844, 142, '{"color": "Red", "size": "128GB"}');
INSERT INTO product_variants (id, product_id, sku, price, stock_quantity, attributes) VALUES ('851a3af2-b2ca-4527-847d-53d35e036997', '42240de7-c3f2-4328-80c0-c02cee741101', 'SHIRT-364-S8-851A', 3559, 41, '{"color": "Silver", "size": "8GB RAM"}');
INSERT INTO product_variants (id, product_id, sku, price, stock_quantity, attributes) VALUES ('d7702d6b-ccd6-4fca-9750-effac1c82992', '42240de7-c3f2-4328-80c0-c02cee741101', 'SHIRT-364-GM-D770', 1921, 51, '{"color": "Green", "size": "M"}');
INSERT INTO products (id, name, slug, description, category_id) VALUES ('a40d89d4-1b83-4de5-963f-13f60d2ef422', 'Smart Bed 967', 'smart-bed-967-a40d89', 'Description for Smart Bed 967. Optimized for search and performance test.', 'bc00b226-be28-4f53-976e-56610bc6e7dc');
INSERT INTO product_variants (id, product_id, sku, price, stock_quantity, attributes) VALUES ('afc80b7b-3494-4d1a-848a-a47a3674ee4d', 'a40d89d4-1b83-4de5-963f-13f60d2ef422', 'BED-967-GX-AFC8', 1470, 173, '{"color": "Gold", "size": "XXL"}');
INSERT INTO product_variants (id, product_id, sku, price, stock_quantity, attributes) VALUES ('3d8da4f5-4af2-483f-9c23-ab4d2e3edf05', 'a40d89d4-1b83-4de5-963f-13f60d2ef422', 'BED-967-BX-3D8D', 182, 63, '{"color": "Blue", "size": "XXL"}');
INSERT INTO product_variants (id, product_id, sku, price, stock_quantity, attributes) VALUES ('1196d443-ea42-42d1-bfa2-e5b668870bef', 'a40d89d4-1b83-4de5-963f-13f60d2ef422', 'BED-967-G6-1196', 827, 48, '{"color": "Green", "size": "64GB"}');
INSERT INTO products (id, name, slug, description, category_id) VALUES ('2c9914c6-9410-4d22-9a0b-f80bee4537c2', 'Original Dress 840', 'original-dress-840-2c9914', 'Description for Original Dress 840. Optimized for search and performance test.', 'bc00b226-be28-4f53-976e-56610bc6e7dc');
INSERT INTO product_variants (id, product_id, sku, price, stock_quantity, attributes) VALUES ('d77f7c63-a820-4c32-a5a5-88c8b86cf24f', '2c9914c6-9410-4d22-9a0b-f80bee4537c2', 'DRESS-840-WX-D77F', 779, 124, '{"color": "White", "size": "XXL"}');
INSERT INTO product_variants (id, product_id, sku, price, stock_quantity, attributes) VALUES ('22dfdcbf-7a60-4436-9ebc-5161bee6af65', '2c9914c6-9410-4d22-9a0b-f80bee4537c2', 'DRESS-840-W1-22DF', 3539, 126, '{"color": "White", "size": "128GB"}');
INSERT INTO product_variants (id, product_id, sku, price, stock_quantity, attributes) VALUES ('ea4c6a9b-52bb-4a6e-a0b3-28e2e15cee60', '2c9914c6-9410-4d22-9a0b-f80bee4537c2', 'DRESS-840-WL-EA4C', 2083, 145, '{"color": "White", "size": "L"}');
INSERT INTO products (id, name, slug, description, category_id) VALUES ('ece23897-34f6-45f1-8e92-7feb65b4e25c', 'Pro Speaker 738', 'pro-speaker-738-ece238', 'Description for Pro Speaker 738. Optimized for search and performance test.', 'bc00b226-be28-4f53-976e-56610bc6e7dc');
INSERT INTO product_variants (id, product_id, sku, price, stock_quantity, attributes) VALUES ('2f6e3138-385f-4c65-b98d-71e5454b6be2', 'ece23897-34f6-45f1-8e92-7feb65b4e25c', 'SPEAKER-738-GM-2F6E', 3475, 23, '{"color": "Gold", "size": "M"}');
INSERT INTO product_variants (id, product_id, sku, price, stock_quantity, attributes) VALUES ('493a4da8-c77a-40e1-83b0-eefa57ab5a0b', 'ece23897-34f6-45f1-8e92-7feb65b4e25c', 'SPEAKER-738-G2-493A', 4932, 50, '{"color": "Green", "size": "256GB"}');
INSERT INTO product_variants (id, product_id, sku, price, stock_quantity, attributes) VALUES ('0e250de6-0fae-469d-ab3f-f9da83aa6f55', 'ece23897-34f6-45f1-8e92-7feb65b4e25c', 'SPEAKER-738-R8-0E25', 2761, 194, '{"color": "Red", "size": "8GB RAM"}');
INSERT INTO products (id, name, slug, description, category_id) VALUES ('41283d09-9848-4319-b196-2768caf0eb2d', 'Eco Backpack 550', 'eco-backpack-550-41283d', 'Description for Eco Backpack 550. Optimized for search and performance test.', 'bc00b226-be28-4f53-976e-56610bc6e7dc');
INSERT INTO product_variants (id, product_id, sku, price, stock_quantity, attributes) VALUES ('3d1747dc-a5a5-41bb-a84a-f747418a4c93', '41283d09-9848-4319-b196-2768caf0eb2d', 'BACKPACK-550-R1-3D17', 4550, 147, '{"color": "Red", "size": "128GB"}');
INSERT INTO product_variants (id, product_id, sku, price, stock_quantity, attributes) VALUES ('922d9505-ee1c-411d-b514-041e04f985e0', '41283d09-9848-4319-b196-2768caf0eb2d', 'BACKPACK-550-GL-922D', 4514, 57, '{"color": "Green", "size": "L"}');
INSERT INTO product_variants (id, product_id, sku, price, stock_quantity, attributes) VALUES ('2a02ef76-1e87-48d2-b994-26c5aaf0f5dc', '41283d09-9848-4319-b196-2768caf0eb2d', 'BACKPACK-550-RS-2A02', 601, 42, '{"color": "Red", "size": "S"}');
INSERT INTO products (id, name, slug, description, category_id) VALUES ('1e8788dd-f204-42be-8d4d-cab30d002ef7', 'Lite Bed 757', 'lite-bed-757-1e8788', 'Description for Lite Bed 757. Optimized for search and performance test.', 'bc00b226-be28-4f53-976e-56610bc6e7dc');
INSERT INTO product_variants (id, product_id, sku, price, stock_quantity, attributes) VALUES ('4737d68e-1291-433f-83cb-df7fa2a08c9d', '1e8788dd-f204-42be-8d4d-cab30d002ef7', 'BED-757-RL-4737', 1670, 29, '{"color": "Red", "size": "L"}');
INSERT INTO product_variants (id, product_id, sku, price, stock_quantity, attributes) VALUES ('c4f4b755-3ad0-43ad-bb7e-77f5f984eb95', '1e8788dd-f204-42be-8d4d-cab30d002ef7', 'BED-757-W8-C4F4', 1091, 67, '{"color": "White", "size": "8GB RAM"}');
INSERT INTO product_variants (id, product_id, sku, price, stock_quantity, attributes) VALUES ('d7d9c730-556b-4453-b784-7f7536f34383', '1e8788dd-f204-42be-8d4d-cab30d002ef7', 'BED-757-G2-D7D9', 1674, 51, '{"color": "Green", "size": "256GB"}');
INSERT INTO products (id, name, slug, description, category_id) VALUES ('4909f837-eb64-4fdf-98e6-09f2b068c851', 'Original Backpack 162', 'original-backpack-162-4909f8', 'Description for Original Backpack 162. Optimized for search and performance test.', 'bc00b226-be28-4f53-976e-56610bc6e7dc');
INSERT INTO product_variants (id, product_id, sku, price, stock_quantity, attributes) VALUES ('0045a65b-74b9-4e4a-a710-2fa42907e708', '4909f837-eb64-4fdf-98e6-09f2b068c851', 'BACKPACK-162-G1-0045', 3734, 173, '{"color": "Gold", "size": "128GB"}');
INSERT INTO product_variants (id, product_id, sku, price, stock_quantity, attributes) VALUES ('646c52eb-8891-408b-9d6b-0121bd60d2f7', '4909f837-eb64-4fdf-98e6-09f2b068c851', 'BACKPACK-162-RX-646C', 122, 200, '{"color": "Red", "size": "XXL"}');
INSERT INTO product_variants (id, product_id, sku, price, stock_quantity, attributes) VALUES ('6b93994a-6cd4-4711-84cf-4877e3dcaf24', '4909f837-eb64-4fdf-98e6-09f2b068c851', 'BACKPACK-162-W1-6B93', 3668, 195, '{"color": "White", "size": "16GB RAM"}');
INSERT INTO products (id, name, slug, description, category_id) VALUES ('9c64ec4b-473a-4164-b800-0a4ad0c94e40', 'Lite Dress 473', 'lite-dress-473-9c64ec', 'Description for Lite Dress 473. Optimized for search and performance test.', 'bc00b226-be28-4f53-976e-56610bc6e7dc');
INSERT INTO product_variants (id, product_id, sku, price, stock_quantity, attributes) VALUES ('4cfa498c-b4fb-40f0-b477-c65647842ba2', '9c64ec4b-473a-4164-b800-0a4ad0c94e40', 'DRESS-473-G6-4CFA', 1325, 48, '{"color": "Green", "size": "64GB"}');
INSERT INTO product_variants (id, product_id, sku, price, stock_quantity, attributes) VALUES ('64b300f6-f929-48ba-b635-b2c2a172be8a', '9c64ec4b-473a-4164-b800-0a4ad0c94e40', 'DRESS-473-BX-64B3', 3032, 155, '{"color": "Blue", "size": "XL"}');
INSERT INTO product_variants (id, product_id, sku, price, stock_quantity, attributes) VALUES ('c48c44a7-892c-40ee-ae5c-41bfb005e91d', '9c64ec4b-473a-4164-b800-0a4ad0c94e40', 'DRESS-473-W6-C48C', 4602, 143, '{"color": "White", "size": "64GB"}');
INSERT INTO products (id, name, slug, description, category_id) VALUES ('14a6eda8-b969-4a3f-97ce-2cdfcf5132cf', 'Elegant Backpack 338', 'elegant-backpack-338-14a6ed', 'Description for Elegant Backpack 338. Optimized for search and performance test.', 'bc00b226-be28-4f53-976e-56610bc6e7dc');
INSERT INTO product_variants (id, product_id, sku, price, stock_quantity, attributes) VALUES ('9f032c71-012f-418b-81ad-851bf0463117', '14a6eda8-b969-4a3f-97ce-2cdfcf5132cf', 'BACKPACK-338-BS-9F03', 3256, 19, '{"color": "Blue", "size": "S"}');
INSERT INTO product_variants (id, product_id, sku, price, stock_quantity, attributes) VALUES ('92dab562-f6e5-4606-b549-ce6e6a0b4a53', '14a6eda8-b969-4a3f-97ce-2cdfcf5132cf', 'BACKPACK-338-B2-92DA', 3247, 102, '{"color": "Blue", "size": "256GB"}');
INSERT INTO product_variants (id, product_id, sku, price, stock_quantity, attributes) VALUES ('15519efb-4246-426a-af87-0e958f6d6a7a', '14a6eda8-b969-4a3f-97ce-2cdfcf5132cf', 'BACKPACK-338-G2-1551', 3405, 94, '{"color": "Gold", "size": "256GB"}');
INSERT INTO products (id, name, slug, description, category_id) VALUES ('25fab42a-8157-4d6c-b3f4-d46d90253443', 'Eco Speaker 727', 'eco-speaker-727-25fab4', 'Description for Eco Speaker 727. Optimized for search and performance test.', 'bc00b226-be28-4f53-976e-56610bc6e7dc');
INSERT INTO product_variants (id, product_id, sku, price, stock_quantity, attributes) VALUES ('ea1d81bc-2ad5-4cf5-809f-fe369ffb05c4', '25fab42a-8157-4d6c-b3f4-d46d90253443', 'SPEAKER-727-B8-EA1D', 1380, 27, '{"color": "Black", "size": "8GB RAM"}');
INSERT INTO product_variants (id, product_id, sku, price, stock_quantity, attributes) VALUES ('897bf8d2-2c72-4588-8c2c-decb516bf7fb', '25fab42a-8157-4d6c-b3f4-d46d90253443', 'SPEAKER-727-S8-897B', 3906, 147, '{"color": "Silver", "size": "8GB RAM"}');
INSERT INTO product_variants (id, product_id, sku, price, stock_quantity, attributes) VALUES ('14c8da18-e25f-4dd5-a06b-a8f188c63b72', '25fab42a-8157-4d6c-b3f4-d46d90253443', 'SPEAKER-727-S2-14C8', 2560, 82, '{"color": "Silver", "size": "256GB"}');
INSERT INTO products (id, name, slug, description, category_id) VALUES ('01bee589-0fa8-4b0e-8f7e-17deb31a84cb', 'Smart Dress 421', 'smart-dress-421-01bee5', 'Description for Smart Dress 421. Optimized for search and performance test.', 'bc00b226-be28-4f53-976e-56610bc6e7dc');
INSERT INTO product_variants (id, product_id, sku, price, stock_quantity, attributes) VALUES ('b6f138a7-7db4-4639-b101-cc75a561f223', '01bee589-0fa8-4b0e-8f7e-17deb31a84cb', 'DRESS-421-B6-B6F1', 3487, 75, '{"color": "Black", "size": "64GB"}');
INSERT INTO product_variants (id, product_id, sku, price, stock_quantity, attributes) VALUES ('9da871f5-7824-4809-ac53-9612e8ce0dbb', '01bee589-0fa8-4b0e-8f7e-17deb31a84cb', 'DRESS-421-WM-9DA8', 874, 136, '{"color": "White", "size": "M"}');
INSERT INTO product_variants (id, product_id, sku, price, stock_quantity, attributes) VALUES ('4fb4e27f-fc77-4851-b6f4-0af9b99cfd64', '01bee589-0fa8-4b0e-8f7e-17deb31a84cb', 'DRESS-421-B8-4FB4', 2871, 69, '{"color": "Black", "size": "8GB RAM"}');
INSERT INTO products (id, name, slug, description, category_id) VALUES ('dd0d23ef-8765-4fee-9f11-e8752afed57d', 'Original Headphones 373', 'original-headphones-373-dd0d23', 'Description for Original Headphones 373. Optimized for search and performance test.', 'bc00b226-be28-4f53-976e-56610bc6e7dc');
INSERT INTO product_variants (id, product_id, sku, price, stock_quantity, attributes) VALUES ('7eac9d0f-c174-4dd9-8b5c-d96b490095f5', 'dd0d23ef-8765-4fee-9f11-e8752afed57d', 'HEADPHONES-373-S8-7EAC', 1315, 149, '{"color": "Silver", "size": "8GB RAM"}');
INSERT INTO product_variants (id, product_id, sku, price, stock_quantity, attributes) VALUES ('6fba4961-eff3-4d4a-8240-d20d5c79bbf4', 'dd0d23ef-8765-4fee-9f11-e8752afed57d', 'HEADPHONES-373-B8-6FBA', 2254, 140, '{"color": "Blue", "size": "8GB RAM"}');
INSERT INTO product_variants (id, product_id, sku, price, stock_quantity, attributes) VALUES ('4f0882f2-3699-4821-a018-a310422ae159', 'dd0d23ef-8765-4fee-9f11-e8752afed57d', 'HEADPHONES-373-B1-4F08', 1873, 126, '{"color": "Black", "size": "16GB RAM"}');
INSERT INTO products (id, name, slug, description, category_id) VALUES ('eac6584a-8c09-4e56-9ac1-f5d5d5475c6e', 'Lite Laptop 399', 'lite-laptop-399-eac658', 'Description for Lite Laptop 399. Optimized for search and performance test.', 'bc00b226-be28-4f53-976e-56610bc6e7dc');
INSERT INTO product_variants (id, product_id, sku, price, stock_quantity, attributes) VALUES ('f0ced6a0-ba36-48d5-bbd6-4f6c9938b23e', 'eac6584a-8c09-4e56-9ac1-f5d5d5475c6e', 'LAPTOP-399-WX-F0CE', 1386, 45, '{"color": "White", "size": "XL"}');
INSERT INTO product_variants (id, product_id, sku, price, stock_quantity, attributes) VALUES ('19ca885e-45fb-480e-87c4-893b2acbe87f', 'eac6584a-8c09-4e56-9ac1-f5d5d5475c6e', 'LAPTOP-399-B1-19CA', 3546, 93, '{"color": "Black", "size": "16GB RAM"}');
INSERT INTO product_variants (id, product_id, sku, price, stock_quantity, attributes) VALUES ('17a05eb6-56ac-456f-8973-53b8289e4eb4', 'eac6584a-8c09-4e56-9ac1-f5d5d5475c6e', 'LAPTOP-399-B8-17A0', 4299, 52, '{"color": "Black", "size": "8GB RAM"}');
INSERT INTO products (id, name, slug, description, category_id) VALUES ('2bf88d71-fe1d-4a43-9567-05a2f4d2b8b2', 'Smart Headphones 588', 'smart-headphones-588-2bf88d', 'Description for Smart Headphones 588. Optimized for search and performance test.', 'bc00b226-be28-4f53-976e-56610bc6e7dc');
INSERT INTO product_variants (id, product_id, sku, price, stock_quantity, attributes) VALUES ('6e358a3e-3561-4d0a-9939-d75ba7ac221b', '2bf88d71-fe1d-4a43-9567-05a2f4d2b8b2', 'HEADPHONES-588-G8-6E35', 4355, 173, '{"color": "Gold", "size": "8GB RAM"}');
INSERT INTO product_variants (id, product_id, sku, price, stock_quantity, attributes) VALUES ('93766aa3-2f8f-4ba6-a45a-6b75de0f03dc', '2bf88d71-fe1d-4a43-9567-05a2f4d2b8b2', 'HEADPHONES-588-S1-9376', 336, 163, '{"color": "Silver", "size": "16GB RAM"}');
INSERT INTO product_variants (id, product_id, sku, price, stock_quantity, attributes) VALUES ('5685117c-5182-4464-85e9-eb8c8564525b', '2bf88d71-fe1d-4a43-9567-05a2f4d2b8b2', 'HEADPHONES-588-GX-5685', 3040, 137, '{"color": "Gold", "size": "XXL"}');
INSERT INTO products (id, name, slug, description, category_id) VALUES ('0453607d-5d92-4ed7-a45b-2dfc2b4248ac', 'Lite Phone 590', 'lite-phone-590-045360', 'Description for Lite Phone 590. Optimized for search and performance test.', 'bc00b226-be28-4f53-976e-56610bc6e7dc');
INSERT INTO product_variants (id, product_id, sku, price, stock_quantity, attributes) VALUES ('3551e805-7a0a-4451-af5f-250c1275482e', '0453607d-5d92-4ed7-a45b-2dfc2b4248ac', 'PHONE-590-B6-3551', 2413, 29, '{"color": "Black", "size": "64GB"}');
INSERT INTO product_variants (id, product_id, sku, price, stock_quantity, attributes) VALUES ('70636662-e2ab-4867-9c93-5037294da3b5', '0453607d-5d92-4ed7-a45b-2dfc2b4248ac', 'PHONE-590-WX-7063', 2279, 185, '{"color": "White", "size": "XL"}');
INSERT INTO product_variants (id, product_id, sku, price, stock_quantity, attributes) VALUES ('bea31ab2-0775-42e3-bf3a-2360ad553f41', '0453607d-5d92-4ed7-a45b-2dfc2b4248ac', 'PHONE-590-RX-BEA3', 271, 160, '{"color": "Red", "size": "XXL"}');
INSERT INTO products (id, name, slug, description, category_id) VALUES ('201d60c6-93fd-4d0f-ad97-98e5daf6a914', 'Original Camera 624', 'original-camera-624-201d60', 'Description for Original Camera 624. Optimized for search and performance test.', 'bc00b226-be28-4f53-976e-56610bc6e7dc');
INSERT INTO product_variants (id, product_id, sku, price, stock_quantity, attributes) VALUES ('d052442e-a998-441d-9c69-a628cd447ddc', '201d60c6-93fd-4d0f-ad97-98e5daf6a914', 'CAMERA-624-S6-D052', 3561, 33, '{"color": "Silver", "size": "64GB"}');
INSERT INTO product_variants (id, product_id, sku, price, stock_quantity, attributes) VALUES ('e1423344-4509-48ed-955b-831458f0daa8', '201d60c6-93fd-4d0f-ad97-98e5daf6a914', 'CAMERA-624-S2-E142', 2245, 106, '{"color": "Silver", "size": "256GB"}');
INSERT INTO product_variants (id, product_id, sku, price, stock_quantity, attributes) VALUES ('081c2026-573a-4777-a5bc-58499b9ffbef', '201d60c6-93fd-4d0f-ad97-98e5daf6a914', 'CAMERA-624-G8-081C', 3327, 94, '{"color": "Gold", "size": "8GB RAM"}');
INSERT INTO products (id, name, slug, description, category_id) VALUES ('16e750b6-398e-455d-8b53-a27796da5f91', 'Eco Backpack 887', 'eco-backpack-887-16e750', 'Description for Eco Backpack 887. Optimized for search and performance test.', 'bc00b226-be28-4f53-976e-56610bc6e7dc');
INSERT INTO product_variants (id, product_id, sku, price, stock_quantity, attributes) VALUES ('c849563c-2953-47da-9a5a-ea8a833a0756', '16e750b6-398e-455d-8b53-a27796da5f91', 'BACKPACK-887-G6-C849', 437, 145, '{"color": "Gold", "size": "64GB"}');
INSERT INTO product_variants (id, product_id, sku, price, stock_quantity, attributes) VALUES ('2ec3d2a9-9c08-4e96-b02e-923fd090edf0', '16e750b6-398e-455d-8b53-a27796da5f91', 'BACKPACK-887-B8-2EC3', 4901, 183, '{"color": "Black", "size": "8GB RAM"}');
INSERT INTO product_variants (id, product_id, sku, price, stock_quantity, attributes) VALUES ('267afb4c-9f20-4781-b88a-82c26cc2e905', '16e750b6-398e-455d-8b53-a27796da5f91', 'BACKPACK-887-GL-267A', 1869, 36, '{"color": "Gold", "size": "L"}');
INSERT INTO products (id, name, slug, description, category_id) VALUES ('e6321304-4f17-4f21-834c-c6e37390d1a9', 'Elegant Shirt 650', 'elegant-shirt-650-e63213', 'Description for Elegant Shirt 650. Optimized for search and performance test.', 'bc00b226-be28-4f53-976e-56610bc6e7dc');
INSERT INTO product_variants (id, product_id, sku, price, stock_quantity, attributes) VALUES ('6e5f89b9-5cbf-4f64-9d94-bac0bfaf224e', 'e6321304-4f17-4f21-834c-c6e37390d1a9', 'SHIRT-650-BX-6E5F', 3377, 119, '{"color": "Black", "size": "XXL"}');
INSERT INTO product_variants (id, product_id, sku, price, stock_quantity, attributes) VALUES ('efc3254f-e2fe-4a1b-aeec-58bc538204fb', 'e6321304-4f17-4f21-834c-c6e37390d1a9', 'SHIRT-650-S6-EFC3', 763, 67, '{"color": "Silver", "size": "64GB"}');
INSERT INTO product_variants (id, product_id, sku, price, stock_quantity, attributes) VALUES ('75bc435b-37c3-420d-a687-a2a5747e5cc1', 'e6321304-4f17-4f21-834c-c6e37390d1a9', 'SHIRT-650-BL-75BC', 3836, 26, '{"color": "Blue", "size": "L"}');
INSERT INTO products (id, name, slug, description, category_id) VALUES ('774515a9-f7d8-4ee5-9acf-2cc0077e41d4', 'Original Bed 748', 'original-bed-748-774515', 'Description for Original Bed 748. Optimized for search and performance test.', 'bc00b226-be28-4f53-976e-56610bc6e7dc');
INSERT INTO product_variants (id, product_id, sku, price, stock_quantity, attributes) VALUES ('0445e09a-67d5-4a51-820f-99695d2f0b92', '774515a9-f7d8-4ee5-9acf-2cc0077e41d4', 'BED-748-G1-0445', 3542, 42, '{"color": "Green", "size": "16GB RAM"}');
INSERT INTO product_variants (id, product_id, sku, price, stock_quantity, attributes) VALUES ('364a748b-1d55-43d9-8675-af8b0581d69c', '774515a9-f7d8-4ee5-9acf-2cc0077e41d4', 'BED-748-B1-364A', 1044, 98, '{"color": "Blue", "size": "128GB"}');
INSERT INTO product_variants (id, product_id, sku, price, stock_quantity, attributes) VALUES ('9874975c-1df9-4d7c-95b9-556902c0c3bb', '774515a9-f7d8-4ee5-9acf-2cc0077e41d4', 'BED-748-G1-9874', 2082, 159, '{"color": "Gold", "size": "16GB RAM"}');
INSERT INTO products (id, name, slug, description, category_id) VALUES ('50d9f899-3302-416e-bbeb-8b98d82bf606', 'Original Phone 772', 'original-phone-772-50d9f8', 'Description for Original Phone 772. Optimized for search and performance test.', 'bc00b226-be28-4f53-976e-56610bc6e7dc');
INSERT INTO product_variants (id, product_id, sku, price, stock_quantity, attributes) VALUES ('42017c8b-c06c-4028-8b14-390c2207c962', '50d9f899-3302-416e-bbeb-8b98d82bf606', 'PHONE-772-RX-4201', 2541, 48, '{"color": "Red", "size": "XL"}');
INSERT INTO product_variants (id, product_id, sku, price, stock_quantity, attributes) VALUES ('03b07c5c-cb33-42a0-90fa-b71fea614e3b', '50d9f899-3302-416e-bbeb-8b98d82bf606', 'PHONE-772-G1-03B0', 2591, 140, '{"color": "Gold", "size": "128GB"}');
INSERT INTO product_variants (id, product_id, sku, price, stock_quantity, attributes) VALUES ('395bd39d-2bbf-4f7a-8720-61b81ccb4923', '50d9f899-3302-416e-bbeb-8b98d82bf606', 'PHONE-772-BX-395B', 2015, 124, '{"color": "Blue", "size": "XXL"}');
INSERT INTO products (id, name, slug, description, category_id) VALUES ('17275396-8947-4f9f-a686-8465f51491f3', 'Lite Backpack 867', 'lite-backpack-867-172753', 'Description for Lite Backpack 867. Optimized for search and performance test.', 'bc00b226-be28-4f53-976e-56610bc6e7dc');
INSERT INTO product_variants (id, product_id, sku, price, stock_quantity, attributes) VALUES ('7bd79919-022f-40db-acd0-fe5aad0775d9', '17275396-8947-4f9f-a686-8465f51491f3', 'BACKPACK-867-GL-7BD7', 2513, 93, '{"color": "Gold", "size": "L"}');
INSERT INTO product_variants (id, product_id, sku, price, stock_quantity, attributes) VALUES ('b44c4cc5-1cce-44d8-a0cd-b63c9cedea77', '17275396-8947-4f9f-a686-8465f51491f3', 'BACKPACK-867-W8-B44C', 2593, 130, '{"color": "White", "size": "8GB RAM"}');
INSERT INTO product_variants (id, product_id, sku, price, stock_quantity, attributes) VALUES ('5865efcb-562a-418d-8f80-ca9088d1293e', '17275396-8947-4f9f-a686-8465f51491f3', 'BACKPACK-867-B6-5865', 2794, 160, '{"color": "Black", "size": "64GB"}');
INSERT INTO products (id, name, slug, description, category_id) VALUES ('94b0ba71-8349-482e-be89-4c7fa006f6e1', 'Pro Backpack 828', 'pro-backpack-828-94b0ba', 'Description for Pro Backpack 828. Optimized for search and performance test.', 'bc00b226-be28-4f53-976e-56610bc6e7dc');
INSERT INTO product_variants (id, product_id, sku, price, stock_quantity, attributes) VALUES ('4b0a2459-1dfc-4b23-9f53-67a28cbd1a55', '94b0ba71-8349-482e-be89-4c7fa006f6e1', 'BACKPACK-828-G2-4B0A', 1607, 37, '{"color": "Gold", "size": "256GB"}');
INSERT INTO product_variants (id, product_id, sku, price, stock_quantity, attributes) VALUES ('66f99779-72bb-4b12-a516-6d0fa1fa7e1b', '94b0ba71-8349-482e-be89-4c7fa006f6e1', 'BACKPACK-828-R1-66F9', 1979, 72, '{"color": "Red", "size": "16GB RAM"}');
INSERT INTO product_variants (id, product_id, sku, price, stock_quantity, attributes) VALUES ('f3ce90c6-fde7-46e9-aa1d-a363dbf0e474', '94b0ba71-8349-482e-be89-4c7fa006f6e1', 'BACKPACK-828-RX-F3CE', 1467, 85, '{"color": "Red", "size": "XXL"}');
INSERT INTO products (id, name, slug, description, category_id) VALUES ('02b5ed4e-973a-4ce4-9774-77be6fce8524', 'Pro Dress 183', 'pro-dress-183-02b5ed', 'Description for Pro Dress 183. Optimized for search and performance test.', 'bc00b226-be28-4f53-976e-56610bc6e7dc');
INSERT INTO product_variants (id, product_id, sku, price, stock_quantity, attributes) VALUES ('f81a3198-6769-4204-91de-ee07db6e29a4', '02b5ed4e-973a-4ce4-9774-77be6fce8524', 'DRESS-183-W1-F81A', 4481, 44, '{"color": "White", "size": "16GB RAM"}');
INSERT INTO product_variants (id, product_id, sku, price, stock_quantity, attributes) VALUES ('1de41fb1-2be7-491e-b70f-20351c0549dd', '02b5ed4e-973a-4ce4-9774-77be6fce8524', 'DRESS-183-RX-1DE4', 730, 50, '{"color": "Red", "size": "XXL"}');
INSERT INTO product_variants (id, product_id, sku, price, stock_quantity, attributes) VALUES ('6b996f74-c453-412c-817c-ab5d815eb5ef', '02b5ed4e-973a-4ce4-9774-77be6fce8524', 'DRESS-183-G8-6B99', 3774, 41, '{"color": "Gold", "size": "8GB RAM"}');
INSERT INTO products (id, name, slug, description, category_id) VALUES ('524b188f-c1b3-46b2-8d4e-dc1eebadda2a', 'Elegant Camera 416', 'elegant-camera-416-524b18', 'Description for Elegant Camera 416. Optimized for search and performance test.', 'bc00b226-be28-4f53-976e-56610bc6e7dc');
INSERT INTO product_variants (id, product_id, sku, price, stock_quantity, attributes) VALUES ('9649e73c-db44-4b57-b522-a702421cb510', '524b188f-c1b3-46b2-8d4e-dc1eebadda2a', 'CAMERA-416-GX-9649', 692, 131, '{"color": "Gold", "size": "XL"}');
INSERT INTO product_variants (id, product_id, sku, price, stock_quantity, attributes) VALUES ('b7dbd16a-cc82-44fa-a104-f9429dc42f5c', '524b188f-c1b3-46b2-8d4e-dc1eebadda2a', 'CAMERA-416-GS-B7DB', 2586, 40, '{"color": "Gold", "size": "S"}');
INSERT INTO product_variants (id, product_id, sku, price, stock_quantity, attributes) VALUES ('6533b3e2-e830-4968-a6c6-b99e9120ef72', '524b188f-c1b3-46b2-8d4e-dc1eebadda2a', 'CAMERA-416-W1-6533', 4322, 136, '{"color": "White", "size": "16GB RAM"}');
INSERT INTO products (id, name, slug, description, category_id) VALUES ('30dcc4cc-b64c-4470-975c-6d271028bc4e', 'Premium Camera 870', 'premium-camera-870-30dcc4', 'Description for Premium Camera 870. Optimized for search and performance test.', '0f5094e4-3e8e-4745-beb5-65e4a516ade9');
INSERT INTO product_variants (id, product_id, sku, price, stock_quantity, attributes) VALUES ('6009b01a-3ac2-4ed6-8f1c-db24c316347d', '30dcc4cc-b64c-4470-975c-6d271028bc4e', 'CAMERA-870-RX-6009', 4516, 156, '{"color": "Red", "size": "XL"}');
INSERT INTO product_variants (id, product_id, sku, price, stock_quantity, attributes) VALUES ('18153cc4-063b-40fc-ac8c-4de8e8043f41', '30dcc4cc-b64c-4470-975c-6d271028bc4e', 'CAMERA-870-W8-1815', 3898, 110, '{"color": "White", "size": "8GB RAM"}');
INSERT INTO product_variants (id, product_id, sku, price, stock_quantity, attributes) VALUES ('c27365bf-83c2-4a95-ac6d-d36b79c4b227', '30dcc4cc-b64c-4470-975c-6d271028bc4e', 'CAMERA-870-SS-C273', 612, 159, '{"color": "Silver", "size": "S"}');
INSERT INTO products (id, name, slug, description, category_id) VALUES ('e3ef9e5e-e2eb-4ab4-a819-d445532417e8', 'Lite Phone 119', 'lite-phone-119-e3ef9e', 'Description for Lite Phone 119. Optimized for search and performance test.', '0f5094e4-3e8e-4745-beb5-65e4a516ade9');
INSERT INTO product_variants (id, product_id, sku, price, stock_quantity, attributes) VALUES ('b5d09826-0285-4028-bcd8-e813dc7d5b13', 'e3ef9e5e-e2eb-4ab4-a819-d445532417e8', 'PHONE-119-WX-B5D0', 559, 30, '{"color": "White", "size": "XL"}');
INSERT INTO product_variants (id, product_id, sku, price, stock_quantity, attributes) VALUES ('c4b15387-65ad-43c7-858d-290bec8f3402', 'e3ef9e5e-e2eb-4ab4-a819-d445532417e8', 'PHONE-119-W6-C4B1', 2224, 100, '{"color": "White", "size": "64GB"}');
INSERT INTO product_variants (id, product_id, sku, price, stock_quantity, attributes) VALUES ('f13261bd-4818-4d37-b32b-8c410a2bf059', 'e3ef9e5e-e2eb-4ab4-a819-d445532417e8', 'PHONE-119-W6-F132', 1770, 147, '{"color": "White", "size": "64GB"}');
INSERT INTO products (id, name, slug, description, category_id) VALUES ('59b79340-d406-4f19-82d6-3372ea0e4052', 'Ultra Backpack 376', 'ultra-backpack-376-59b793', 'Description for Ultra Backpack 376. Optimized for search and performance test.', '0f5094e4-3e8e-4745-beb5-65e4a516ade9');
INSERT INTO product_variants (id, product_id, sku, price, stock_quantity, attributes) VALUES ('10a4a7e6-931b-426a-8202-db6507b57101', '59b79340-d406-4f19-82d6-3372ea0e4052', 'BACKPACK-376-G2-10A4', 387, 111, '{"color": "Green", "size": "256GB"}');
INSERT INTO product_variants (id, product_id, sku, price, stock_quantity, attributes) VALUES ('9309946b-d3b8-4349-b82f-b84b31f56cea', '59b79340-d406-4f19-82d6-3372ea0e4052', 'BACKPACK-376-SM-9309', 4638, 45, '{"color": "Silver", "size": "M"}');
INSERT INTO product_variants (id, product_id, sku, price, stock_quantity, attributes) VALUES ('0882f224-dec2-4ddf-bc41-bf1ff9e7a03d', '59b79340-d406-4f19-82d6-3372ea0e4052', 'BACKPACK-376-BS-0882', 1031, 139, '{"color": "Blue", "size": "S"}');
INSERT INTO products (id, name, slug, description, category_id) VALUES ('d2609c46-24eb-46f8-b3d2-cd8597f03cac', 'Ultra Headphones 115', 'ultra-headphones-115-d2609c', 'Description for Ultra Headphones 115. Optimized for search and performance test.', '0f5094e4-3e8e-4745-beb5-65e4a516ade9');
INSERT INTO product_variants (id, product_id, sku, price, stock_quantity, attributes) VALUES ('715e68a9-6226-4e86-ad7e-c1a0a3f5d96e', 'd2609c46-24eb-46f8-b3d2-cd8597f03cac', 'HEADPHONES-115-BL-715E', 3755, 31, '{"color": "Blue", "size": "L"}');
INSERT INTO product_variants (id, product_id, sku, price, stock_quantity, attributes) VALUES ('02c77b08-7ea1-464e-852a-0f27877e84c1', 'd2609c46-24eb-46f8-b3d2-cd8597f03cac', 'HEADPHONES-115-SX-02C7', 1868, 72, '{"color": "Silver", "size": "XL"}');
INSERT INTO product_variants (id, product_id, sku, price, stock_quantity, attributes) VALUES ('514748e6-71a2-4f85-9e95-3607e3016ff3', 'd2609c46-24eb-46f8-b3d2-cd8597f03cac', 'HEADPHONES-115-B6-5147', 1961, 138, '{"color": "Blue", "size": "64GB"}');
INSERT INTO products (id, name, slug, description, category_id) VALUES ('78ec1122-f8bc-491e-9352-7677a1f76a5b', 'Eco Backpack 629', 'eco-backpack-629-78ec11', 'Description for Eco Backpack 629. Optimized for search and performance test.', '0f5094e4-3e8e-4745-beb5-65e4a516ade9');
INSERT INTO product_variants (id, product_id, sku, price, stock_quantity, attributes) VALUES ('2bba5930-49b1-46eb-beec-d58bdefaacad', '78ec1122-f8bc-491e-9352-7677a1f76a5b', 'BACKPACK-629-R6-2BBA', 186, 10, '{"color": "Red", "size": "64GB"}');
INSERT INTO product_variants (id, product_id, sku, price, stock_quantity, attributes) VALUES ('e44e60ee-70fa-4fe4-8e3e-e394c88e8593', '78ec1122-f8bc-491e-9352-7677a1f76a5b', 'BACKPACK-629-G6-E44E', 2991, 60, '{"color": "Green", "size": "64GB"}');
INSERT INTO product_variants (id, product_id, sku, price, stock_quantity, attributes) VALUES ('08c8cffc-5bc6-4a78-9d8c-5000c7b3fe89', '78ec1122-f8bc-491e-9352-7677a1f76a5b', 'BACKPACK-629-RS-08C8', 4678, 54, '{"color": "Red", "size": "S"}');
INSERT INTO products (id, name, slug, description, category_id) VALUES ('ae1fac12-724f-456a-af0f-16c1609048d5', 'Pro Bed 446', 'pro-bed-446-ae1fac', 'Description for Pro Bed 446. Optimized for search and performance test.', '0f5094e4-3e8e-4745-beb5-65e4a516ade9');
INSERT INTO product_variants (id, product_id, sku, price, stock_quantity, attributes) VALUES ('399ab5e7-9915-47ea-9aca-a6837ac21fed', 'ae1fac12-724f-456a-af0f-16c1609048d5', 'BED-446-BS-399A', 4710, 84, '{"color": "Blue", "size": "S"}');
INSERT INTO product_variants (id, product_id, sku, price, stock_quantity, attributes) VALUES ('1190fc80-367b-4fe9-921f-a69fc617ddd1', 'ae1fac12-724f-456a-af0f-16c1609048d5', 'BED-446-GX-1190', 2429, 167, '{"color": "Gold", "size": "XXL"}');
INSERT INTO product_variants (id, product_id, sku, price, stock_quantity, attributes) VALUES ('57513376-138b-4273-be0d-05e09f64601b', 'ae1fac12-724f-456a-af0f-16c1609048d5', 'BED-446-B6-5751', 2316, 154, '{"color": "Blue", "size": "64GB"}');
INSERT INTO products (id, name, slug, description, category_id) VALUES ('3a7312d3-fb2e-4f13-8376-247da8051eed', 'Lite Speaker 874', 'lite-speaker-874-3a7312', 'Description for Lite Speaker 874. Optimized for search and performance test.', '0f5094e4-3e8e-4745-beb5-65e4a516ade9');
INSERT INTO product_variants (id, product_id, sku, price, stock_quantity, attributes) VALUES ('122b8dc9-4f25-46d0-a16b-070477093176', '3a7312d3-fb2e-4f13-8376-247da8051eed', 'SPEAKER-874-WX-122B', 3278, 136, '{"color": "White", "size": "XL"}');
INSERT INTO product_variants (id, product_id, sku, price, stock_quantity, attributes) VALUES ('c01c29c8-5201-4075-9bf8-4c9c3aefb56d', '3a7312d3-fb2e-4f13-8376-247da8051eed', 'SPEAKER-874-R1-C01C', 578, 142, '{"color": "Red", "size": "16GB RAM"}');
INSERT INTO product_variants (id, product_id, sku, price, stock_quantity, attributes) VALUES ('678ec513-f187-4af5-956c-dc91b847bcab', '3a7312d3-fb2e-4f13-8376-247da8051eed', 'SPEAKER-874-RX-678E', 3542, 86, '{"color": "Red", "size": "XL"}');
INSERT INTO products (id, name, slug, description, category_id) VALUES ('3e38a588-8508-4904-8c86-7514afd774db', 'Pro Shirt 195', 'pro-shirt-195-3e38a5', 'Description for Pro Shirt 195. Optimized for search and performance test.', '0f5094e4-3e8e-4745-beb5-65e4a516ade9');
INSERT INTO product_variants (id, product_id, sku, price, stock_quantity, attributes) VALUES ('13919135-448f-4877-9caf-772bc5fd166d', '3e38a588-8508-4904-8c86-7514afd774db', 'SHIRT-195-GS-1391', 2848, 20, '{"color": "Gold", "size": "S"}');
INSERT INTO product_variants (id, product_id, sku, price, stock_quantity, attributes) VALUES ('9c100ea5-82bd-4f02-9dac-90b47db459a7', '3e38a588-8508-4904-8c86-7514afd774db', 'SHIRT-195-BX-9C10', 4560, 197, '{"color": "Blue", "size": "XXL"}');
INSERT INTO product_variants (id, product_id, sku, price, stock_quantity, attributes) VALUES ('ddad8ce8-e2b0-4b35-a2e3-39d6a2fca761', '3e38a588-8508-4904-8c86-7514afd774db', 'SHIRT-195-GM-DDAD', 2313, 31, '{"color": "Green", "size": "M"}');
INSERT INTO products (id, name, slug, description, category_id) VALUES ('c6370e35-f41d-46d4-b205-816c22eba9d4', 'Eco Backpack 363', 'eco-backpack-363-c6370e', 'Description for Eco Backpack 363. Optimized for search and performance test.', '0f5094e4-3e8e-4745-beb5-65e4a516ade9');
INSERT INTO product_variants (id, product_id, sku, price, stock_quantity, attributes) VALUES ('0091435c-b22e-4059-a592-5269630e0f01', 'c6370e35-f41d-46d4-b205-816c22eba9d4', 'BACKPACK-363-W8-0091', 399, 23, '{"color": "White", "size": "8GB RAM"}');
INSERT INTO product_variants (id, product_id, sku, price, stock_quantity, attributes) VALUES ('ad9b198a-a6a8-44bd-8da2-4b9a4f79a017', 'c6370e35-f41d-46d4-b205-816c22eba9d4', 'BACKPACK-363-G1-AD9B', 717, 97, '{"color": "Green", "size": "16GB RAM"}');
INSERT INTO product_variants (id, product_id, sku, price, stock_quantity, attributes) VALUES ('c3828b57-1e24-4004-819d-df9ae4161d4a', 'c6370e35-f41d-46d4-b205-816c22eba9d4', 'BACKPACK-363-B1-C382', 2637, 94, '{"color": "Black", "size": "16GB RAM"}');
INSERT INTO products (id, name, slug, description, category_id) VALUES ('9d1cd1a0-494f-4e11-895d-b7c7473b047a', 'Original Dress 844', 'original-dress-844-9d1cd1', 'Description for Original Dress 844. Optimized for search and performance test.', '0f5094e4-3e8e-4745-beb5-65e4a516ade9');
INSERT INTO product_variants (id, product_id, sku, price, stock_quantity, attributes) VALUES ('ef289137-426c-4db4-bec6-a347e0210396', '9d1cd1a0-494f-4e11-895d-b7c7473b047a', 'DRESS-844-GX-EF28', 2175, 70, '{"color": "Green", "size": "XXL"}');
INSERT INTO product_variants (id, product_id, sku, price, stock_quantity, attributes) VALUES ('937304c9-9019-4906-811d-47f33926b257', '9d1cd1a0-494f-4e11-895d-b7c7473b047a', 'DRESS-844-B6-9373', 4300, 26, '{"color": "Black", "size": "64GB"}');
INSERT INTO product_variants (id, product_id, sku, price, stock_quantity, attributes) VALUES ('d01285cd-d35f-41ce-ad14-36a87a00077a', '9d1cd1a0-494f-4e11-895d-b7c7473b047a', 'DRESS-844-B1-D012', 106, 145, '{"color": "Blue", "size": "16GB RAM"}');
INSERT INTO products (id, name, slug, description, category_id) VALUES ('69637387-61ff-4e9e-9b4c-faf757bcadec', 'Original Camera 830', 'original-camera-830-696373', 'Description for Original Camera 830. Optimized for search and performance test.', '0f5094e4-3e8e-4745-beb5-65e4a516ade9');
INSERT INTO product_variants (id, product_id, sku, price, stock_quantity, attributes) VALUES ('d932d9c9-576e-48b4-af22-bca1c486e9f6', '69637387-61ff-4e9e-9b4c-faf757bcadec', 'CAMERA-830-W2-D932', 3976, 44, '{"color": "White", "size": "256GB"}');
INSERT INTO product_variants (id, product_id, sku, price, stock_quantity, attributes) VALUES ('5e6b6816-ea2a-4e9a-a27a-03c3d33bc61e', '69637387-61ff-4e9e-9b4c-faf757bcadec', 'CAMERA-830-SX-5E6B', 1784, 147, '{"color": "Silver", "size": "XXL"}');
INSERT INTO product_variants (id, product_id, sku, price, stock_quantity, attributes) VALUES ('ddc63a28-3b67-469a-9d28-e58c966c1c53', '69637387-61ff-4e9e-9b4c-faf757bcadec', 'CAMERA-830-RL-DDC6', 4109, 15, '{"color": "Red", "size": "L"}');
INSERT INTO products (id, name, slug, description, category_id) VALUES ('d466719c-ce2c-44ab-863d-7d543a0fca61', 'Smart Backpack 851', 'smart-backpack-851-d46671', 'Description for Smart Backpack 851. Optimized for search and performance test.', '0f5094e4-3e8e-4745-beb5-65e4a516ade9');
INSERT INTO product_variants (id, product_id, sku, price, stock_quantity, attributes) VALUES ('0c354307-3d2d-482d-9c86-746baf3783ce', 'd466719c-ce2c-44ab-863d-7d543a0fca61', 'BACKPACK-851-BL-0C35', 2881, 21, '{"color": "Blue", "size": "L"}');
INSERT INTO product_variants (id, product_id, sku, price, stock_quantity, attributes) VALUES ('87577397-664e-43e5-8ed3-b77429a40d06', 'd466719c-ce2c-44ab-863d-7d543a0fca61', 'BACKPACK-851-B8-8757', 533, 73, '{"color": "Blue", "size": "8GB RAM"}');
INSERT INTO product_variants (id, product_id, sku, price, stock_quantity, attributes) VALUES ('7baa9b3a-462a-46b1-9a74-ec30ce3b717a', 'd466719c-ce2c-44ab-863d-7d543a0fca61', 'BACKPACK-851-S6-7BAA', 3803, 51, '{"color": "Silver", "size": "64GB"}');
INSERT INTO products (id, name, slug, description, category_id) VALUES ('0b3261f6-7279-4e7e-82f4-8c0d4d50033b', 'Eco Dress 453', 'eco-dress-453-0b3261', 'Description for Eco Dress 453. Optimized for search and performance test.', '0f5094e4-3e8e-4745-beb5-65e4a516ade9');
INSERT INTO product_variants (id, product_id, sku, price, stock_quantity, attributes) VALUES ('e193d87c-fc4e-48f6-898a-a9a5c5e88bcd', '0b3261f6-7279-4e7e-82f4-8c0d4d50033b', 'DRESS-453-B1-E193', 3975, 170, '{"color": "Blue", "size": "16GB RAM"}');
INSERT INTO product_variants (id, product_id, sku, price, stock_quantity, attributes) VALUES ('c2a2e603-04ae-4ce4-86c8-99659cade872', '0b3261f6-7279-4e7e-82f4-8c0d4d50033b', 'DRESS-453-WX-C2A2', 1444, 127, '{"color": "White", "size": "XXL"}');
INSERT INTO product_variants (id, product_id, sku, price, stock_quantity, attributes) VALUES ('13cd0b39-ba2a-4f5a-ad54-2217ccd445b0', '0b3261f6-7279-4e7e-82f4-8c0d4d50033b', 'DRESS-453-S2-13CD', 2087, 80, '{"color": "Silver", "size": "256GB"}');
INSERT INTO products (id, name, slug, description, category_id) VALUES ('7305b296-f09a-43f3-a1cc-9691a9cc9a9d', 'Lite Camera 571', 'lite-camera-571-7305b2', 'Description for Lite Camera 571. Optimized for search and performance test.', '0f5094e4-3e8e-4745-beb5-65e4a516ade9');
INSERT INTO product_variants (id, product_id, sku, price, stock_quantity, attributes) VALUES ('425273e4-2c13-400b-b9e0-f4e0901e89ac', '7305b296-f09a-43f3-a1cc-9691a9cc9a9d', 'CAMERA-571-GX-4252', 2286, 75, '{"color": "Green", "size": "XL"}');
INSERT INTO product_variants (id, product_id, sku, price, stock_quantity, attributes) VALUES ('e4031d6d-28e1-40f5-a1c1-ab120f37dfd5', '7305b296-f09a-43f3-a1cc-9691a9cc9a9d', 'CAMERA-571-WM-E403', 2399, 17, '{"color": "White", "size": "M"}');
INSERT INTO product_variants (id, product_id, sku, price, stock_quantity, attributes) VALUES ('5315be8a-830a-441c-9787-2fd581de31b9', '7305b296-f09a-43f3-a1cc-9691a9cc9a9d', 'CAMERA-571-B1-5315', 4417, 115, '{"color": "Black", "size": "16GB RAM"}');
INSERT INTO products (id, name, slug, description, category_id) VALUES ('f8ddd915-7465-4e79-a933-a04b8de55da2', 'Lite Camera 450', 'lite-camera-450-f8ddd9', 'Description for Lite Camera 450. Optimized for search and performance test.', '0f5094e4-3e8e-4745-beb5-65e4a516ade9');
INSERT INTO product_variants (id, product_id, sku, price, stock_quantity, attributes) VALUES ('4668a017-3de9-4058-8ca9-56ed0b48f345', 'f8ddd915-7465-4e79-a933-a04b8de55da2', 'CAMERA-450-GM-4668', 136, 55, '{"color": "Gold", "size": "M"}');
INSERT INTO product_variants (id, product_id, sku, price, stock_quantity, attributes) VALUES ('95c718ef-338e-41ba-820e-e8d62692a584', 'f8ddd915-7465-4e79-a933-a04b8de55da2', 'CAMERA-450-RX-95C7', 4608, 10, '{"color": "Red", "size": "XL"}');
INSERT INTO product_variants (id, product_id, sku, price, stock_quantity, attributes) VALUES ('f6a3bc10-dbed-4ee6-8559-b75998b6500d', 'f8ddd915-7465-4e79-a933-a04b8de55da2', 'CAMERA-450-SX-F6A3', 3942, 160, '{"color": "Silver", "size": "XL"}');
INSERT INTO products (id, name, slug, description, category_id) VALUES ('3ab0862b-e338-4566-8338-26d898119f73', 'Lite Headphones 887', 'lite-headphones-887-3ab086', 'Description for Lite Headphones 887. Optimized for search and performance test.', '0f5094e4-3e8e-4745-beb5-65e4a516ade9');
INSERT INTO product_variants (id, product_id, sku, price, stock_quantity, attributes) VALUES ('abaa6a52-c222-4997-8609-af1831a939f1', '3ab0862b-e338-4566-8338-26d898119f73', 'HEADPHONES-887-G2-ABAA', 3035, 176, '{"color": "Gold", "size": "256GB"}');
INSERT INTO product_variants (id, product_id, sku, price, stock_quantity, attributes) VALUES ('edb8e18e-96da-4bb8-8a0e-4b12f3b8393e', '3ab0862b-e338-4566-8338-26d898119f73', 'HEADPHONES-887-S6-EDB8', 1507, 104, '{"color": "Silver", "size": "64GB"}');
INSERT INTO product_variants (id, product_id, sku, price, stock_quantity, attributes) VALUES ('1431192e-dc49-4699-9810-dfc2d4db6f45', '3ab0862b-e338-4566-8338-26d898119f73', 'HEADPHONES-887-BS-1431', 4087, 190, '{"color": "Black", "size": "S"}');
INSERT INTO products (id, name, slug, description, category_id) VALUES ('a2c68686-2f40-4c11-a767-77e832effe09', 'Elegant Laptop 304', 'elegant-laptop-304-a2c686', 'Description for Elegant Laptop 304. Optimized for search and performance test.', '0f5094e4-3e8e-4745-beb5-65e4a516ade9');
INSERT INTO product_variants (id, product_id, sku, price, stock_quantity, attributes) VALUES ('e5b481d8-cad4-4785-8632-43310c3c382e', 'a2c68686-2f40-4c11-a767-77e832effe09', 'LAPTOP-304-G2-E5B4', 3027, 19, '{"color": "Gold", "size": "256GB"}');
INSERT INTO product_variants (id, product_id, sku, price, stock_quantity, attributes) VALUES ('179d4dc2-7298-4f43-a422-2b41329cce10', 'a2c68686-2f40-4c11-a767-77e832effe09', 'LAPTOP-304-SX-179D', 3785, 52, '{"color": "Silver", "size": "XL"}');
INSERT INTO product_variants (id, product_id, sku, price, stock_quantity, attributes) VALUES ('bcf5d812-813a-478e-b710-b9090c6c4712', 'a2c68686-2f40-4c11-a767-77e832effe09', 'LAPTOP-304-B1-BCF5', 250, 88, '{"color": "Blue", "size": "16GB RAM"}');
INSERT INTO products (id, name, slug, description, category_id) VALUES ('2ccf6adb-2283-4c59-87c4-b79ec0a437c8', 'Elegant Shirt 640', 'elegant-shirt-640-2ccf6a', 'Description for Elegant Shirt 640. Optimized for search and performance test.', '0f5094e4-3e8e-4745-beb5-65e4a516ade9');
INSERT INTO product_variants (id, product_id, sku, price, stock_quantity, attributes) VALUES ('adad5853-d45d-4fa6-91ae-0697fae683e5', '2ccf6adb-2283-4c59-87c4-b79ec0a437c8', 'SHIRT-640-S1-ADAD', 3202, 196, '{"color": "Silver", "size": "16GB RAM"}');
INSERT INTO product_variants (id, product_id, sku, price, stock_quantity, attributes) VALUES ('93abf3fa-5020-4f0a-8598-7f6b4aaf55d5', '2ccf6adb-2283-4c59-87c4-b79ec0a437c8', 'SHIRT-640-B6-93AB', 244, 101, '{"color": "Blue", "size": "64GB"}');
INSERT INTO product_variants (id, product_id, sku, price, stock_quantity, attributes) VALUES ('1d32850a-abdc-4176-a0dc-347ebdf2ee81', '2ccf6adb-2283-4c59-87c4-b79ec0a437c8', 'SHIRT-640-BX-1D32', 4870, 166, '{"color": "Blue", "size": "XL"}');
INSERT INTO products (id, name, slug, description, category_id) VALUES ('f00f38b5-ada8-4380-a2d2-8329741316f1', 'Original Table 713', 'original-table-713-f00f38', 'Description for Original Table 713. Optimized for search and performance test.', '0f5094e4-3e8e-4745-beb5-65e4a516ade9');
INSERT INTO product_variants (id, product_id, sku, price, stock_quantity, attributes) VALUES ('9a7c0c62-bf6f-48df-8bee-ec3fe5ccd5c4', 'f00f38b5-ada8-4380-a2d2-8329741316f1', 'TABLE-713-BX-9A7C', 2726, 64, '{"color": "Black", "size": "XL"}');
INSERT INTO product_variants (id, product_id, sku, price, stock_quantity, attributes) VALUES ('725ddbc8-24a3-4429-baf4-9b7714bcddef', 'f00f38b5-ada8-4380-a2d2-8329741316f1', 'TABLE-713-B1-725D', 3840, 61, '{"color": "Black", "size": "16GB RAM"}');
INSERT INTO product_variants (id, product_id, sku, price, stock_quantity, attributes) VALUES ('4544866d-81a8-40a9-8d79-dfe6f023021e', 'f00f38b5-ada8-4380-a2d2-8329741316f1', 'TABLE-713-SL-4544', 2539, 159, '{"color": "Silver", "size": "L"}');
INSERT INTO products (id, name, slug, description, category_id) VALUES ('03b0797c-843e-43f5-9e3d-34a3c9dafb90', 'Original Phone 377', 'original-phone-377-03b079', 'Description for Original Phone 377. Optimized for search and performance test.', '0f5094e4-3e8e-4745-beb5-65e4a516ade9');
INSERT INTO product_variants (id, product_id, sku, price, stock_quantity, attributes) VALUES ('62e306d8-f671-45fc-ad44-95a7c1659e01', '03b0797c-843e-43f5-9e3d-34a3c9dafb90', 'PHONE-377-BM-62E3', 1589, 124, '{"color": "Black", "size": "M"}');
INSERT INTO product_variants (id, product_id, sku, price, stock_quantity, attributes) VALUES ('2ea774e1-788d-414f-8f98-0a4a767b7389', '03b0797c-843e-43f5-9e3d-34a3c9dafb90', 'PHONE-377-BM-2EA7', 3553, 196, '{"color": "Blue", "size": "M"}');
INSERT INTO product_variants (id, product_id, sku, price, stock_quantity, attributes) VALUES ('70ee3990-5774-4837-8825-6bd7007a7a5f', '03b0797c-843e-43f5-9e3d-34a3c9dafb90', 'PHONE-377-SL-70EE', 3611, 90, '{"color": "Silver", "size": "L"}');
INSERT INTO products (id, name, slug, description, category_id) VALUES ('7948e11a-57cb-499c-a391-af8a45dfe59e', 'Ultra Laptop 772', 'ultra-laptop-772-7948e1', 'Description for Ultra Laptop 772. Optimized for search and performance test.', '0f5094e4-3e8e-4745-beb5-65e4a516ade9');
INSERT INTO product_variants (id, product_id, sku, price, stock_quantity, attributes) VALUES ('55cc3164-34e7-4494-8231-dd1f79fb9fb8', '7948e11a-57cb-499c-a391-af8a45dfe59e', 'LAPTOP-772-B8-55CC', 4622, 113, '{"color": "Black", "size": "8GB RAM"}');
INSERT INTO product_variants (id, product_id, sku, price, stock_quantity, attributes) VALUES ('38a0cea3-bd84-4e5b-a7cb-94545b3f3725', '7948e11a-57cb-499c-a391-af8a45dfe59e', 'LAPTOP-772-S1-38A0', 4613, 82, '{"color": "Silver", "size": "16GB RAM"}');
INSERT INTO product_variants (id, product_id, sku, price, stock_quantity, attributes) VALUES ('eb9e78b8-c076-49b0-89d5-7eb9f62e9ab2', '7948e11a-57cb-499c-a391-af8a45dfe59e', 'LAPTOP-772-WX-EB9E', 2527, 159, '{"color": "White", "size": "XL"}');
INSERT INTO products (id, name, slug, description, category_id) VALUES ('d83c5c7b-41ef-492c-b7eb-264771737c04', 'Elegant Dress 295', 'elegant-dress-295-d83c5c', 'Description for Elegant Dress 295. Optimized for search and performance test.', '0f5094e4-3e8e-4745-beb5-65e4a516ade9');
INSERT INTO product_variants (id, product_id, sku, price, stock_quantity, attributes) VALUES ('d3ce8d2b-55d0-4315-b379-71b692ec2181', 'd83c5c7b-41ef-492c-b7eb-264771737c04', 'DRESS-295-SL-D3CE', 3914, 48, '{"color": "Silver", "size": "L"}');
INSERT INTO product_variants (id, product_id, sku, price, stock_quantity, attributes) VALUES ('bcf6bcfc-f172-4f07-b8f6-108ff87e21b5', 'd83c5c7b-41ef-492c-b7eb-264771737c04', 'DRESS-295-R8-BCF6', 3577, 97, '{"color": "Red", "size": "8GB RAM"}');
INSERT INTO product_variants (id, product_id, sku, price, stock_quantity, attributes) VALUES ('e359ddd0-fd11-48e7-93f3-00e91a77eaa7', 'd83c5c7b-41ef-492c-b7eb-264771737c04', 'DRESS-295-BX-E359', 2766, 131, '{"color": "Blue", "size": "XL"}');
INSERT INTO products (id, name, slug, description, category_id) VALUES ('44f97ecf-748a-4cf2-a8e0-46dd2b00a2a0', 'Eco Backpack 311', 'eco-backpack-311-44f97e', 'Description for Eco Backpack 311. Optimized for search and performance test.', '0f5094e4-3e8e-4745-beb5-65e4a516ade9');
INSERT INTO product_variants (id, product_id, sku, price, stock_quantity, attributes) VALUES ('668b287b-7f2d-459f-8d65-8cc657b52b1a', '44f97ecf-748a-4cf2-a8e0-46dd2b00a2a0', 'BACKPACK-311-S2-668B', 3157, 125, '{"color": "Silver", "size": "256GB"}');
INSERT INTO product_variants (id, product_id, sku, price, stock_quantity, attributes) VALUES ('e58bf975-14f0-4e5c-8da0-814e8215ea64', '44f97ecf-748a-4cf2-a8e0-46dd2b00a2a0', 'BACKPACK-311-RX-E58B', 4962, 50, '{"color": "Red", "size": "XXL"}');
INSERT INTO product_variants (id, product_id, sku, price, stock_quantity, attributes) VALUES ('acf73847-8f70-470b-b04f-36b86a23fdad', '44f97ecf-748a-4cf2-a8e0-46dd2b00a2a0', 'BACKPACK-311-BM-ACF7', 4065, 166, '{"color": "Blue", "size": "M"}');
INSERT INTO products (id, name, slug, description, category_id) VALUES ('007b07a1-7d85-4c8f-858a-896a62f0d3a7', 'Eco Bed 514', 'eco-bed-514-007b07', 'Description for Eco Bed 514. Optimized for search and performance test.', '0f5094e4-3e8e-4745-beb5-65e4a516ade9');
INSERT INTO product_variants (id, product_id, sku, price, stock_quantity, attributes) VALUES ('faa49346-f136-4ec2-b298-84805089c9a0', '007b07a1-7d85-4c8f-858a-896a62f0d3a7', 'BED-514-W8-FAA4', 4566, 153, '{"color": "White", "size": "8GB RAM"}');
INSERT INTO product_variants (id, product_id, sku, price, stock_quantity, attributes) VALUES ('8f7e6476-5ab0-4045-851f-0b3d17186cb4', '007b07a1-7d85-4c8f-858a-896a62f0d3a7', 'BED-514-R1-8F7E', 960, 144, '{"color": "Red", "size": "128GB"}');
INSERT INTO product_variants (id, product_id, sku, price, stock_quantity, attributes) VALUES ('03dbe66c-fdc4-49fe-bb76-9b254b8a5428', '007b07a1-7d85-4c8f-858a-896a62f0d3a7', 'BED-514-WM-03DB', 2724, 75, '{"color": "White", "size": "M"}');
INSERT INTO products (id, name, slug, description, category_id) VALUES ('0e4735a2-f42e-4573-a8cb-5c41dc6b7827', 'Ultra Backpack 616', 'ultra-backpack-616-0e4735', 'Description for Ultra Backpack 616. Optimized for search and performance test.', '0f5094e4-3e8e-4745-beb5-65e4a516ade9');
INSERT INTO product_variants (id, product_id, sku, price, stock_quantity, attributes) VALUES ('77719466-cac3-4ecc-9c89-48069cfb0209', '0e4735a2-f42e-4573-a8cb-5c41dc6b7827', 'BACKPACK-616-GX-7771', 316, 13, '{"color": "Green", "size": "XXL"}');
INSERT INTO product_variants (id, product_id, sku, price, stock_quantity, attributes) VALUES ('674b0eae-49a3-494b-9e95-13278969cbb7', '0e4735a2-f42e-4573-a8cb-5c41dc6b7827', 'BACKPACK-616-GX-674B', 862, 119, '{"color": "Gold", "size": "XXL"}');
INSERT INTO product_variants (id, product_id, sku, price, stock_quantity, attributes) VALUES ('66637961-ddf6-45b5-89a6-329bfe571d7c', '0e4735a2-f42e-4573-a8cb-5c41dc6b7827', 'BACKPACK-616-G1-6663', 4720, 185, '{"color": "Gold", "size": "128GB"}');
INSERT INTO products (id, name, slug, description, category_id) VALUES ('cc7616eb-f42d-4d17-8890-beaf2fa78b3e', 'Original Laptop 596', 'original-laptop-596-cc7616', 'Description for Original Laptop 596. Optimized for search and performance test.', '0f5094e4-3e8e-4745-beb5-65e4a516ade9');
INSERT INTO product_variants (id, product_id, sku, price, stock_quantity, attributes) VALUES ('fc930a0b-c5b9-4cb6-a544-d18fa7d4486c', 'cc7616eb-f42d-4d17-8890-beaf2fa78b3e', 'LAPTOP-596-G1-FC93', 4987, 127, '{"color": "Gold", "size": "128GB"}');
INSERT INTO product_variants (id, product_id, sku, price, stock_quantity, attributes) VALUES ('bc6c43e6-2f40-4f1c-8e95-0d000481e973', 'cc7616eb-f42d-4d17-8890-beaf2fa78b3e', 'LAPTOP-596-B6-BC6C', 3696, 98, '{"color": "Black", "size": "64GB"}');
INSERT INTO product_variants (id, product_id, sku, price, stock_quantity, attributes) VALUES ('64c929d7-0657-4149-959f-97d4b0fbe9a6', 'cc7616eb-f42d-4d17-8890-beaf2fa78b3e', 'LAPTOP-596-B2-64C9', 4686, 21, '{"color": "Blue", "size": "256GB"}');
INSERT INTO products (id, name, slug, description, category_id) VALUES ('d2ef75aa-8d07-4852-86d5-6acbdd246fe1', 'Ultra Speaker 772', 'ultra-speaker-772-d2ef75', 'Description for Ultra Speaker 772. Optimized for search and performance test.', '0f5094e4-3e8e-4745-beb5-65e4a516ade9');
INSERT INTO product_variants (id, product_id, sku, price, stock_quantity, attributes) VALUES ('852af713-0992-4a10-9380-cbea055b2542', 'd2ef75aa-8d07-4852-86d5-6acbdd246fe1', 'SPEAKER-772-SM-852A', 1426, 38, '{"color": "Silver", "size": "M"}');
INSERT INTO product_variants (id, product_id, sku, price, stock_quantity, attributes) VALUES ('19db2320-d8c9-412d-a8df-73fc94c9d79a', 'd2ef75aa-8d07-4852-86d5-6acbdd246fe1', 'SPEAKER-772-WM-19DB', 756, 156, '{"color": "White", "size": "M"}');
INSERT INTO product_variants (id, product_id, sku, price, stock_quantity, attributes) VALUES ('2850a9d3-6c9a-4954-8419-3ebb72d94b1c', 'd2ef75aa-8d07-4852-86d5-6acbdd246fe1', 'SPEAKER-772-BS-2850', 733, 150, '{"color": "Blue", "size": "S"}');
INSERT INTO products (id, name, slug, description, category_id) VALUES ('536affe3-84c3-4906-93ad-7f2445d0a32b', 'Pro Laptop 670', 'pro-laptop-670-536aff', 'Description for Pro Laptop 670. Optimized for search and performance test.', '0f5094e4-3e8e-4745-beb5-65e4a516ade9');
INSERT INTO product_variants (id, product_id, sku, price, stock_quantity, attributes) VALUES ('b05c728b-9108-4e5e-95d1-c7b94049b9fa', '536affe3-84c3-4906-93ad-7f2445d0a32b', 'LAPTOP-670-G1-B05C', 2247, 179, '{"color": "Green", "size": "16GB RAM"}');
INSERT INTO product_variants (id, product_id, sku, price, stock_quantity, attributes) VALUES ('4fbc483d-bee4-4899-8081-b61de7ddd523', '536affe3-84c3-4906-93ad-7f2445d0a32b', 'LAPTOP-670-SM-4FBC', 2559, 162, '{"color": "Silver", "size": "M"}');
INSERT INTO product_variants (id, product_id, sku, price, stock_quantity, attributes) VALUES ('85c845c2-84e9-4240-84dc-508e8a21c04a', '536affe3-84c3-4906-93ad-7f2445d0a32b', 'LAPTOP-670-GX-85C8', 4141, 197, '{"color": "Gold", "size": "XXL"}');
INSERT INTO products (id, name, slug, description, category_id) VALUES ('0d69245c-d82f-4c61-b494-ad76f441630d', 'Elegant Table 961', 'elegant-table-961-0d6924', 'Description for Elegant Table 961. Optimized for search and performance test.', '0f5094e4-3e8e-4745-beb5-65e4a516ade9');
INSERT INTO product_variants (id, product_id, sku, price, stock_quantity, attributes) VALUES ('b3cd6371-efc7-4db0-987d-b8e78bdffb5a', '0d69245c-d82f-4c61-b494-ad76f441630d', 'TABLE-961-W8-B3CD', 4939, 65, '{"color": "White", "size": "8GB RAM"}');
INSERT INTO product_variants (id, product_id, sku, price, stock_quantity, attributes) VALUES ('794535cb-0a8d-4d2c-976d-86fa805081bc', '0d69245c-d82f-4c61-b494-ad76f441630d', 'TABLE-961-BS-7945', 4894, 47, '{"color": "Blue", "size": "S"}');
INSERT INTO product_variants (id, product_id, sku, price, stock_quantity, attributes) VALUES ('f889955f-cbc4-4ac7-ae04-21950665cf4f', '0d69245c-d82f-4c61-b494-ad76f441630d', 'TABLE-961-S1-F889', 1532, 149, '{"color": "Silver", "size": "16GB RAM"}');
INSERT INTO products (id, name, slug, description, category_id) VALUES ('d1b8d989-0040-452c-b4d6-bfde6558a78e', 'Premium Shirt 870', 'premium-shirt-870-d1b8d9', 'Description for Premium Shirt 870. Optimized for search and performance test.', '0f5094e4-3e8e-4745-beb5-65e4a516ade9');
INSERT INTO product_variants (id, product_id, sku, price, stock_quantity, attributes) VALUES ('a9cd1345-a65f-4047-b6ac-85c31cec9619', 'd1b8d989-0040-452c-b4d6-bfde6558a78e', 'SHIRT-870-S1-A9CD', 3637, 12, '{"color": "Silver", "size": "128GB"}');
INSERT INTO product_variants (id, product_id, sku, price, stock_quantity, attributes) VALUES ('458eff8c-0c03-4ab9-ab66-3d202a6ec2c7', 'd1b8d989-0040-452c-b4d6-bfde6558a78e', 'SHIRT-870-B8-458E', 1312, 187, '{"color": "Blue", "size": "8GB RAM"}');
INSERT INTO product_variants (id, product_id, sku, price, stock_quantity, attributes) VALUES ('77d4eafc-fb5d-4d69-9341-f28c0be28d24', 'd1b8d989-0040-452c-b4d6-bfde6558a78e', 'SHIRT-870-B8-77D4', 4084, 10, '{"color": "Blue", "size": "8GB RAM"}');
INSERT INTO products (id, name, slug, description, category_id) VALUES ('36a139b7-9934-49df-9719-bf2950d57c96', 'Original Laptop 600', 'original-laptop-600-36a139', 'Description for Original Laptop 600. Optimized for search and performance test.', '0f5094e4-3e8e-4745-beb5-65e4a516ade9');
INSERT INTO product_variants (id, product_id, sku, price, stock_quantity, attributes) VALUES ('cafe9b44-c02c-4c8a-9f99-cfb1eeb57793', '36a139b7-9934-49df-9719-bf2950d57c96', 'LAPTOP-600-B1-CAFE', 1952, 169, '{"color": "Blue", "size": "128GB"}');
INSERT INTO product_variants (id, product_id, sku, price, stock_quantity, attributes) VALUES ('2efa0965-adee-44fd-8eda-4e3f7e377100', '36a139b7-9934-49df-9719-bf2950d57c96', 'LAPTOP-600-GX-2EFA', 389, 97, '{"color": "Green", "size": "XXL"}');
INSERT INTO product_variants (id, product_id, sku, price, stock_quantity, attributes) VALUES ('b0a5b274-bc23-43f2-9998-bafdeb942b11', '36a139b7-9934-49df-9719-bf2950d57c96', 'LAPTOP-600-S2-B0A5', 265, 152, '{"color": "Silver", "size": "256GB"}');
INSERT INTO products (id, name, slug, description, category_id) VALUES ('76da63f8-3ffc-4bca-b86d-6a19e1031a11', 'Eco Speaker 754', 'eco-speaker-754-76da63', 'Description for Eco Speaker 754. Optimized for search and performance test.', '0f5094e4-3e8e-4745-beb5-65e4a516ade9');
INSERT INTO product_variants (id, product_id, sku, price, stock_quantity, attributes) VALUES ('ea479875-f184-4dd8-826e-deba06e22053', '76da63f8-3ffc-4bca-b86d-6a19e1031a11', 'SPEAKER-754-W6-EA47', 2905, 82, '{"color": "White", "size": "64GB"}');
INSERT INTO product_variants (id, product_id, sku, price, stock_quantity, attributes) VALUES ('4c322434-aa89-4dbf-ac4b-189d603e799c', '76da63f8-3ffc-4bca-b86d-6a19e1031a11', 'SPEAKER-754-WS-4C32', 757, 130, '{"color": "White", "size": "S"}');
INSERT INTO product_variants (id, product_id, sku, price, stock_quantity, attributes) VALUES ('76dd3b4e-cefb-4d5a-a40c-cfe877124c4c', '76da63f8-3ffc-4bca-b86d-6a19e1031a11', 'SPEAKER-754-S1-76DD', 1007, 164, '{"color": "Silver", "size": "128GB"}');
INSERT INTO products (id, name, slug, description, category_id) VALUES ('fa397b4c-1c0f-456e-bd9c-21a71d1c226b', 'Original Dress 693', 'original-dress-693-fa397b', 'Description for Original Dress 693. Optimized for search and performance test.', '0f5094e4-3e8e-4745-beb5-65e4a516ade9');
INSERT INTO product_variants (id, product_id, sku, price, stock_quantity, attributes) VALUES ('d501d3d4-2bf5-4aca-9b62-e66c3cad3ebe', 'fa397b4c-1c0f-456e-bd9c-21a71d1c226b', 'DRESS-693-SX-D501', 800, 33, '{"color": "Silver", "size": "XL"}');
INSERT INTO product_variants (id, product_id, sku, price, stock_quantity, attributes) VALUES ('54ae294f-4498-41d4-b5ad-ca1df90efb80', 'fa397b4c-1c0f-456e-bd9c-21a71d1c226b', 'DRESS-693-G6-54AE', 3001, 25, '{"color": "Gold", "size": "64GB"}');
INSERT INTO product_variants (id, product_id, sku, price, stock_quantity, attributes) VALUES ('30248cd7-d06d-4005-9a65-d8fadcaae7b3', 'fa397b4c-1c0f-456e-bd9c-21a71d1c226b', 'DRESS-693-RS-3024', 4906, 10, '{"color": "Red", "size": "S"}');
INSERT INTO products (id, name, slug, description, category_id) VALUES ('0a80d6b6-f582-49d0-81e3-233893e8291e', 'Elegant Headphones 630', 'elegant-headphones-630-0a80d6', 'Description for Elegant Headphones 630. Optimized for search and performance test.', '0f5094e4-3e8e-4745-beb5-65e4a516ade9');
INSERT INTO product_variants (id, product_id, sku, price, stock_quantity, attributes) VALUES ('3eea9c59-ce5a-432d-a01b-562ed0ffe33d', '0a80d6b6-f582-49d0-81e3-233893e8291e', 'HEADPHONES-630-B8-3EEA', 1211, 116, '{"color": "Black", "size": "8GB RAM"}');
INSERT INTO product_variants (id, product_id, sku, price, stock_quantity, attributes) VALUES ('c2aee083-bd11-434b-aa2a-2041eb78972f', '0a80d6b6-f582-49d0-81e3-233893e8291e', 'HEADPHONES-630-B1-C2AE', 3958, 45, '{"color": "Blue", "size": "16GB RAM"}');
INSERT INTO product_variants (id, product_id, sku, price, stock_quantity, attributes) VALUES ('89233ca5-1f2c-4fce-bf20-e1b460918972', '0a80d6b6-f582-49d0-81e3-233893e8291e', 'HEADPHONES-630-RL-8923', 3766, 81, '{"color": "Red", "size": "L"}');
INSERT INTO products (id, name, slug, description, category_id) VALUES ('16dc5f2b-5fcb-4dc8-a112-93e4f501686b', 'Eco Phone 760', 'eco-phone-760-16dc5f', 'Description for Eco Phone 760. Optimized for search and performance test.', '0f5094e4-3e8e-4745-beb5-65e4a516ade9');
INSERT INTO product_variants (id, product_id, sku, price, stock_quantity, attributes) VALUES ('fa01170c-2cd0-422d-ab09-3dd1f8f26f6e', '16dc5f2b-5fcb-4dc8-a112-93e4f501686b', 'PHONE-760-R1-FA01', 1848, 79, '{"color": "Red", "size": "128GB"}');
INSERT INTO product_variants (id, product_id, sku, price, stock_quantity, attributes) VALUES ('08d330aa-889d-4f1b-884c-5c2e6ab87d1f', '16dc5f2b-5fcb-4dc8-a112-93e4f501686b', 'PHONE-760-WL-08D3', 4852, 131, '{"color": "White", "size": "L"}');
INSERT INTO product_variants (id, product_id, sku, price, stock_quantity, attributes) VALUES ('f0c1bf7b-bfa4-4c1d-b722-694e1ce0a8b4', '16dc5f2b-5fcb-4dc8-a112-93e4f501686b', 'PHONE-760-S2-F0C1', 4458, 200, '{"color": "Silver", "size": "256GB"}');
INSERT INTO products (id, name, slug, description, category_id) VALUES ('550a5809-3404-4027-b049-d8417da8c805', 'Lite Camera 749', 'lite-camera-749-550a58', 'Description for Lite Camera 749. Optimized for search and performance test.', '0f5094e4-3e8e-4745-beb5-65e4a516ade9');
INSERT INTO product_variants (id, product_id, sku, price, stock_quantity, attributes) VALUES ('ba411ead-718f-4e30-a2d4-3ae08934ca4c', '550a5809-3404-4027-b049-d8417da8c805', 'CAMERA-749-GS-BA41', 207, 87, '{"color": "Green", "size": "S"}');
INSERT INTO product_variants (id, product_id, sku, price, stock_quantity, attributes) VALUES ('6abf73c9-6b46-4bce-bb8c-7f11ae900931', '550a5809-3404-4027-b049-d8417da8c805', 'CAMERA-749-R2-6ABF', 3784, 85, '{"color": "Red", "size": "256GB"}');
INSERT INTO product_variants (id, product_id, sku, price, stock_quantity, attributes) VALUES ('f9e422d8-e5d8-4be5-a9a6-431f30418571', '550a5809-3404-4027-b049-d8417da8c805', 'CAMERA-749-R6-F9E4', 3756, 80, '{"color": "Red", "size": "64GB"}');
INSERT INTO products (id, name, slug, description, category_id) VALUES ('0289c7e6-55fd-4725-a5ca-f7abcbcc86cf', 'Pro Monitor 969', 'pro-monitor-969-0289c7', 'Description for Pro Monitor 969. Optimized for search and performance test.', '0f5094e4-3e8e-4745-beb5-65e4a516ade9');
INSERT INTO product_variants (id, product_id, sku, price, stock_quantity, attributes) VALUES ('c13c8d44-d41a-46a8-9647-2ad7688c64c2', '0289c7e6-55fd-4725-a5ca-f7abcbcc86cf', 'MONITOR-969-GM-C13C', 4199, 176, '{"color": "Green", "size": "M"}');
INSERT INTO product_variants (id, product_id, sku, price, stock_quantity, attributes) VALUES ('dd986365-c39d-420d-882b-45631204ee5e', '0289c7e6-55fd-4725-a5ca-f7abcbcc86cf', 'MONITOR-969-S6-DD98', 4733, 124, '{"color": "Silver", "size": "64GB"}');
INSERT INTO product_variants (id, product_id, sku, price, stock_quantity, attributes) VALUES ('d34ebaf7-27bd-49f5-8ee3-8918a422eb06', '0289c7e6-55fd-4725-a5ca-f7abcbcc86cf', 'MONITOR-969-GL-D34E', 3304, 102, '{"color": "Green", "size": "L"}');
INSERT INTO products (id, name, slug, description, category_id) VALUES ('d5506d5a-792b-43cf-8e46-38ec95c09240', 'Elegant Speaker 670', 'elegant-speaker-670-d5506d', 'Description for Elegant Speaker 670. Optimized for search and performance test.', '0f5094e4-3e8e-4745-beb5-65e4a516ade9');
INSERT INTO product_variants (id, product_id, sku, price, stock_quantity, attributes) VALUES ('9bc82483-84bf-421e-8810-0208642732a5', 'd5506d5a-792b-43cf-8e46-38ec95c09240', 'SPEAKER-670-WX-9BC8', 3428, 147, '{"color": "White", "size": "XL"}');
INSERT INTO product_variants (id, product_id, sku, price, stock_quantity, attributes) VALUES ('17b8e6ec-a799-430a-90a6-973dbca4ec0f', 'd5506d5a-792b-43cf-8e46-38ec95c09240', 'SPEAKER-670-SX-17B8', 3834, 105, '{"color": "Silver", "size": "XL"}');
INSERT INTO product_variants (id, product_id, sku, price, stock_quantity, attributes) VALUES ('59c18625-c7f6-451a-9059-b983b5bbf723', 'd5506d5a-792b-43cf-8e46-38ec95c09240', 'SPEAKER-670-RX-59C1', 117, 192, '{"color": "Red", "size": "XXL"}');
INSERT INTO products (id, name, slug, description, category_id) VALUES ('165d4911-542e-4bc5-8c0d-8c9536d4c6d4', 'Elegant Table 680', 'elegant-table-680-165d49', 'Description for Elegant Table 680. Optimized for search and performance test.', '0f5094e4-3e8e-4745-beb5-65e4a516ade9');
INSERT INTO product_variants (id, product_id, sku, price, stock_quantity, attributes) VALUES ('b7722900-3f8a-4f5c-8600-7014ca1d6244', '165d4911-542e-4bc5-8c0d-8c9536d4c6d4', 'TABLE-680-BL-B772', 1502, 75, '{"color": "Blue", "size": "L"}');
INSERT INTO product_variants (id, product_id, sku, price, stock_quantity, attributes) VALUES ('1290837b-4ba8-41c6-a9cf-e4ae737aad3a', '165d4911-542e-4bc5-8c0d-8c9536d4c6d4', 'TABLE-680-G1-1290', 4585, 112, '{"color": "Gold", "size": "16GB RAM"}');
INSERT INTO product_variants (id, product_id, sku, price, stock_quantity, attributes) VALUES ('d3a5d110-841a-4e6e-9b5c-7172120d629f', '165d4911-542e-4bc5-8c0d-8c9536d4c6d4', 'TABLE-680-BX-D3A5', 4887, 107, '{"color": "Black", "size": "XL"}');
INSERT INTO products (id, name, slug, description, category_id) VALUES ('a7c88867-ae27-42f6-bb16-995b3fc330b7', 'Original Backpack 143', 'original-backpack-143-a7c888', 'Description for Original Backpack 143. Optimized for search and performance test.', '0f5094e4-3e8e-4745-beb5-65e4a516ade9');
INSERT INTO product_variants (id, product_id, sku, price, stock_quantity, attributes) VALUES ('dd14e35d-f649-4f62-8eeb-5bbb370bf2bd', 'a7c88867-ae27-42f6-bb16-995b3fc330b7', 'BACKPACK-143-G8-DD14', 3028, 135, '{"color": "Gold", "size": "8GB RAM"}');
INSERT INTO product_variants (id, product_id, sku, price, stock_quantity, attributes) VALUES ('faef9e38-a470-44ea-ab7b-3bcefe712bd7', 'a7c88867-ae27-42f6-bb16-995b3fc330b7', 'BACKPACK-143-GX-FAEF', 4275, 51, '{"color": "Green", "size": "XL"}');
INSERT INTO product_variants (id, product_id, sku, price, stock_quantity, attributes) VALUES ('8f3889e2-e031-43df-b446-1c6f219544b6', 'a7c88867-ae27-42f6-bb16-995b3fc330b7', 'BACKPACK-143-BS-8F38', 4067, 155, '{"color": "Blue", "size": "S"}');
INSERT INTO products (id, name, slug, description, category_id) VALUES ('ee4f8014-bdcb-4f4f-a2db-cc49db402028', 'Elegant Dress 648', 'elegant-dress-648-ee4f80', 'Description for Elegant Dress 648. Optimized for search and performance test.', '0f5094e4-3e8e-4745-beb5-65e4a516ade9');
INSERT INTO product_variants (id, product_id, sku, price, stock_quantity, attributes) VALUES ('5d4d5b6d-6cfe-44f0-a34f-b959919b253c', 'ee4f8014-bdcb-4f4f-a2db-cc49db402028', 'DRESS-648-B8-5D4D', 4116, 93, '{"color": "Blue", "size": "8GB RAM"}');
INSERT INTO product_variants (id, product_id, sku, price, stock_quantity, attributes) VALUES ('35a48a06-d22b-4a57-b0a1-9fb121385a49', 'ee4f8014-bdcb-4f4f-a2db-cc49db402028', 'DRESS-648-G1-35A4', 1424, 98, '{"color": "Gold", "size": "128GB"}');
INSERT INTO product_variants (id, product_id, sku, price, stock_quantity, attributes) VALUES ('0bb65694-284a-4175-8303-f65b3fe3da8b', 'ee4f8014-bdcb-4f4f-a2db-cc49db402028', 'DRESS-648-W2-0BB6', 4475, 168, '{"color": "White", "size": "256GB"}');
INSERT INTO products (id, name, slug, description, category_id) VALUES ('adf47662-8c29-4f4d-81a1-6998d3c2c8c2', 'Smart Shirt 858', 'smart-shirt-858-adf476', 'Description for Smart Shirt 858. Optimized for search and performance test.', '0f5094e4-3e8e-4745-beb5-65e4a516ade9');
INSERT INTO product_variants (id, product_id, sku, price, stock_quantity, attributes) VALUES ('aa08af5b-2815-4fe8-b29f-024f89c1682d', 'adf47662-8c29-4f4d-81a1-6998d3c2c8c2', 'SHIRT-858-GM-AA08', 2072, 93, '{"color": "Green", "size": "M"}');
INSERT INTO product_variants (id, product_id, sku, price, stock_quantity, attributes) VALUES ('89b11650-038c-40a2-a878-95ef3a3583e3', 'adf47662-8c29-4f4d-81a1-6998d3c2c8c2', 'SHIRT-858-S6-89B1', 3122, 60, '{"color": "Silver", "size": "64GB"}');
INSERT INTO product_variants (id, product_id, sku, price, stock_quantity, attributes) VALUES ('8aca051c-203d-46a6-af53-57406a46f6c7', 'adf47662-8c29-4f4d-81a1-6998d3c2c8c2', 'SHIRT-858-B2-8ACA', 2513, 142, '{"color": "Blue", "size": "256GB"}');
INSERT INTO products (id, name, slug, description, category_id) VALUES ('bce7b421-9524-485d-b9d9-ba49704cc2fc', 'Eco Phone 221', 'eco-phone-221-bce7b4', 'Description for Eco Phone 221. Optimized for search and performance test.', '0f5094e4-3e8e-4745-beb5-65e4a516ade9');
INSERT INTO product_variants (id, product_id, sku, price, stock_quantity, attributes) VALUES ('c6ae908a-eece-4286-840b-a06e771a4e52', 'bce7b421-9524-485d-b9d9-ba49704cc2fc', 'PHONE-221-GL-C6AE', 4049, 144, '{"color": "Green", "size": "L"}');
INSERT INTO product_variants (id, product_id, sku, price, stock_quantity, attributes) VALUES ('4e80cb46-762f-4809-868a-4579a0e04a83', 'bce7b421-9524-485d-b9d9-ba49704cc2fc', 'PHONE-221-GL-4E80', 2287, 92, '{"color": "Green", "size": "L"}');
INSERT INTO product_variants (id, product_id, sku, price, stock_quantity, attributes) VALUES ('123e29d7-03af-45c4-a114-73a7118ebc4e', 'bce7b421-9524-485d-b9d9-ba49704cc2fc', 'PHONE-221-G8-123E', 2683, 84, '{"color": "Green", "size": "8GB RAM"}');
INSERT INTO products (id, name, slug, description, category_id) VALUES ('b8448297-8dee-444b-b0c3-789ff249a74e', 'Original Headphones 625', 'original-headphones-625-b84482', 'Description for Original Headphones 625. Optimized for search and performance test.', '0f5094e4-3e8e-4745-beb5-65e4a516ade9');
INSERT INTO product_variants (id, product_id, sku, price, stock_quantity, attributes) VALUES ('2e5e8659-85ec-4b8a-9eec-46c25fa65b33', 'b8448297-8dee-444b-b0c3-789ff249a74e', 'HEADPHONES-625-G8-2E5E', 4748, 83, '{"color": "Gold", "size": "8GB RAM"}');
INSERT INTO product_variants (id, product_id, sku, price, stock_quantity, attributes) VALUES ('fd7b3b5f-a898-4f44-919b-e88061af2ee0', 'b8448297-8dee-444b-b0c3-789ff249a74e', 'HEADPHONES-625-B1-FD7B', 4713, 129, '{"color": "Black", "size": "128GB"}');
INSERT INTO product_variants (id, product_id, sku, price, stock_quantity, attributes) VALUES ('6b9e05b7-55c6-4e7e-9fa8-ab680c7d8580', 'b8448297-8dee-444b-b0c3-789ff249a74e', 'HEADPHONES-625-SS-6B9E', 2300, 85, '{"color": "Silver", "size": "S"}');
INSERT INTO products (id, name, slug, description, category_id) VALUES ('8108c9d7-7ce0-439c-9b40-924c1db30026', 'Premium Bed 383', 'premium-bed-383-8108c9', 'Description for Premium Bed 383. Optimized for search and performance test.', '0f5094e4-3e8e-4745-beb5-65e4a516ade9');
INSERT INTO product_variants (id, product_id, sku, price, stock_quantity, attributes) VALUES ('a2782bb3-fda9-4a25-9178-a94d3e9edcc5', '8108c9d7-7ce0-439c-9b40-924c1db30026', 'BED-383-SL-A278', 4754, 130, '{"color": "Silver", "size": "L"}');
INSERT INTO product_variants (id, product_id, sku, price, stock_quantity, attributes) VALUES ('a0997544-0fd4-49e8-bbe4-97c3a88e943a', '8108c9d7-7ce0-439c-9b40-924c1db30026', 'BED-383-R8-A099', 3805, 81, '{"color": "Red", "size": "8GB RAM"}');
INSERT INTO product_variants (id, product_id, sku, price, stock_quantity, attributes) VALUES ('ee8156f2-701a-467a-a82e-336d1d6db130', '8108c9d7-7ce0-439c-9b40-924c1db30026', 'BED-383-G8-EE81', 4068, 17, '{"color": "Gold", "size": "8GB RAM"}');
INSERT INTO products (id, name, slug, description, category_id) VALUES ('b3811003-c81c-4def-ab80-09331e07b449', 'Ultra Laptop 242', 'ultra-laptop-242-b38110', 'Description for Ultra Laptop 242. Optimized for search and performance test.', '0f5094e4-3e8e-4745-beb5-65e4a516ade9');
INSERT INTO product_variants (id, product_id, sku, price, stock_quantity, attributes) VALUES ('0668dbc8-a517-4eb2-a309-67a68d6f5ce0', 'b3811003-c81c-4def-ab80-09331e07b449', 'LAPTOP-242-GS-0668', 627, 39, '{"color": "Green", "size": "S"}');
INSERT INTO product_variants (id, product_id, sku, price, stock_quantity, attributes) VALUES ('033d718a-8004-4244-a27f-4ef5477d582f', 'b3811003-c81c-4def-ab80-09331e07b449', 'LAPTOP-242-R6-033D', 3912, 149, '{"color": "Red", "size": "64GB"}');
INSERT INTO product_variants (id, product_id, sku, price, stock_quantity, attributes) VALUES ('678a74bb-7845-4ab6-93a6-504753fd9958', 'b3811003-c81c-4def-ab80-09331e07b449', 'LAPTOP-242-GX-678A', 4996, 58, '{"color": "Gold", "size": "XL"}');
INSERT INTO products (id, name, slug, description, category_id) VALUES ('425c6967-1aa3-4acb-934d-707b8ebe59bb', 'Eco Backpack 102', 'eco-backpack-102-425c69', 'Description for Eco Backpack 102. Optimized for search and performance test.', '0f5094e4-3e8e-4745-beb5-65e4a516ade9');
INSERT INTO product_variants (id, product_id, sku, price, stock_quantity, attributes) VALUES ('6862a1d2-0dd3-4e61-ae12-5115a066be19', '425c6967-1aa3-4acb-934d-707b8ebe59bb', 'BACKPACK-102-RX-6862', 3296, 71, '{"color": "Red", "size": "XXL"}');
INSERT INTO product_variants (id, product_id, sku, price, stock_quantity, attributes) VALUES ('793b229f-e85b-4e73-8472-c8c0e075790b', '425c6967-1aa3-4acb-934d-707b8ebe59bb', 'BACKPACK-102-RX-793B', 738, 107, '{"color": "Red", "size": "XL"}');
INSERT INTO product_variants (id, product_id, sku, price, stock_quantity, attributes) VALUES ('4e8e5836-2bd2-4208-bc78-f6b540bd1c21', '425c6967-1aa3-4acb-934d-707b8ebe59bb', 'BACKPACK-102-B8-4E8E', 840, 170, '{"color": "Blue", "size": "8GB RAM"}');
INSERT INTO products (id, name, slug, description, category_id) VALUES ('daa9f392-a8e3-4cb9-b2f0-9b9ca11b9c48', 'Elegant Phone 984', 'elegant-phone-984-daa9f3', 'Description for Elegant Phone 984. Optimized for search and performance test.', '0f5094e4-3e8e-4745-beb5-65e4a516ade9');
INSERT INTO product_variants (id, product_id, sku, price, stock_quantity, attributes) VALUES ('3337a3fc-e43f-431f-9e5b-4415cf5f12b1', 'daa9f392-a8e3-4cb9-b2f0-9b9ca11b9c48', 'PHONE-984-W2-3337', 510, 160, '{"color": "White", "size": "256GB"}');
INSERT INTO product_variants (id, product_id, sku, price, stock_quantity, attributes) VALUES ('94ee1759-981a-4cad-a9d7-2e1a4334c40c', 'daa9f392-a8e3-4cb9-b2f0-9b9ca11b9c48', 'PHONE-984-G1-94EE', 1266, 137, '{"color": "Green", "size": "16GB RAM"}');
INSERT INTO product_variants (id, product_id, sku, price, stock_quantity, attributes) VALUES ('7ccb0923-2c46-48bb-bb01-db8bed64a8fe', 'daa9f392-a8e3-4cb9-b2f0-9b9ca11b9c48', 'PHONE-984-SL-7CCB', 1772, 72, '{"color": "Silver", "size": "L"}');
INSERT INTO products (id, name, slug, description, category_id) VALUES ('356ce3ff-d058-463b-a974-99b5e9d41a83', 'Elegant Speaker 255', 'elegant-speaker-255-356ce3', 'Description for Elegant Speaker 255. Optimized for search and performance test.', '0f5094e4-3e8e-4745-beb5-65e4a516ade9');
INSERT INTO product_variants (id, product_id, sku, price, stock_quantity, attributes) VALUES ('e8862b1d-f749-4554-b75b-87e2574c2320', '356ce3ff-d058-463b-a974-99b5e9d41a83', 'SPEAKER-255-G2-E886', 2073, 10, '{"color": "Gold", "size": "256GB"}');
INSERT INTO product_variants (id, product_id, sku, price, stock_quantity, attributes) VALUES ('14b5d3d7-ffde-463d-a163-606c2a79e10c', '356ce3ff-d058-463b-a974-99b5e9d41a83', 'SPEAKER-255-R6-14B5', 3877, 200, '{"color": "Red", "size": "64GB"}');
INSERT INTO product_variants (id, product_id, sku, price, stock_quantity, attributes) VALUES ('8efd7e2e-6e29-4fd9-bfdf-3ad416b212b1', '356ce3ff-d058-463b-a974-99b5e9d41a83', 'SPEAKER-255-GL-8EFD', 4774, 145, '{"color": "Gold", "size": "L"}');
INSERT INTO products (id, name, slug, description, category_id) VALUES ('95739c5b-9bba-4496-bd33-76a1168fd638', 'Pro Backpack 504', 'pro-backpack-504-95739c', 'Description for Pro Backpack 504. Optimized for search and performance test.', '0f5094e4-3e8e-4745-beb5-65e4a516ade9');
INSERT INTO product_variants (id, product_id, sku, price, stock_quantity, attributes) VALUES ('2389ecc7-7af8-4ed2-b339-fec95e302561', '95739c5b-9bba-4496-bd33-76a1168fd638', 'BACKPACK-504-BM-2389', 199, 69, '{"color": "Black", "size": "M"}');
INSERT INTO product_variants (id, product_id, sku, price, stock_quantity, attributes) VALUES ('1e39c02d-fab3-47de-9d5a-8c4552222115', '95739c5b-9bba-4496-bd33-76a1168fd638', 'BACKPACK-504-BX-1E39', 4017, 45, '{"color": "Blue", "size": "XL"}');
INSERT INTO product_variants (id, product_id, sku, price, stock_quantity, attributes) VALUES ('9c2f33b6-01c5-437c-befb-049e7366ad7c', '95739c5b-9bba-4496-bd33-76a1168fd638', 'BACKPACK-504-G2-9C2F', 4013, 151, '{"color": "Green", "size": "256GB"}');
INSERT INTO products (id, name, slug, description, category_id) VALUES ('e901a2ff-5eb8-4eec-a066-62f78b61f8a9', 'Ultra Table 837', 'ultra-table-837-e901a2', 'Description for Ultra Table 837. Optimized for search and performance test.', 'ed643e75-8422-4e91-a0b1-5ab3d8cf1f9d');
INSERT INTO product_variants (id, product_id, sku, price, stock_quantity, attributes) VALUES ('19c3642b-de1b-45a6-a4ef-b8b702a22fc1', 'e901a2ff-5eb8-4eec-a066-62f78b61f8a9', 'TABLE-837-S2-19C3', 2377, 54, '{"color": "Silver", "size": "256GB"}');
INSERT INTO product_variants (id, product_id, sku, price, stock_quantity, attributes) VALUES ('eea9fafc-2093-429b-967e-166d0e8f2a24', 'e901a2ff-5eb8-4eec-a066-62f78b61f8a9', 'TABLE-837-B6-EEA9', 3969, 63, '{"color": "Blue", "size": "64GB"}');
INSERT INTO product_variants (id, product_id, sku, price, stock_quantity, attributes) VALUES ('a7c67ccb-5f7f-4e93-9018-8d1845dfe8d2', 'e901a2ff-5eb8-4eec-a066-62f78b61f8a9', 'TABLE-837-G2-A7C6', 289, 18, '{"color": "Gold", "size": "256GB"}');
INSERT INTO products (id, name, slug, description, category_id) VALUES ('139d62fe-8c18-4695-afe2-71a87c34ef32', 'Original Phone 652', 'original-phone-652-139d62', 'Description for Original Phone 652. Optimized for search and performance test.', 'ed643e75-8422-4e91-a0b1-5ab3d8cf1f9d');
INSERT INTO product_variants (id, product_id, sku, price, stock_quantity, attributes) VALUES ('a6230595-34b3-4398-af2f-1c8a19de4737', '139d62fe-8c18-4695-afe2-71a87c34ef32', 'PHONE-652-G2-A623', 2374, 175, '{"color": "Green", "size": "256GB"}');
INSERT INTO product_variants (id, product_id, sku, price, stock_quantity, attributes) VALUES ('8d6b0d21-a973-444b-b19c-d7bf5f2d0df0', '139d62fe-8c18-4695-afe2-71a87c34ef32', 'PHONE-652-S8-8D6B', 1890, 140, '{"color": "Silver", "size": "8GB RAM"}');
INSERT INTO product_variants (id, product_id, sku, price, stock_quantity, attributes) VALUES ('77ff4c75-1b9f-4a2a-8e19-a7bb87380e4c', '139d62fe-8c18-4695-afe2-71a87c34ef32', 'PHONE-652-WM-77FF', 4117, 134, '{"color": "White", "size": "M"}');
INSERT INTO products (id, name, slug, description, category_id) VALUES ('4ee7dcc7-a005-4787-97c5-a6cb5e2aa546', 'Pro Camera 326', 'pro-camera-326-4ee7dc', 'Description for Pro Camera 326. Optimized for search and performance test.', 'ed643e75-8422-4e91-a0b1-5ab3d8cf1f9d');
INSERT INTO product_variants (id, product_id, sku, price, stock_quantity, attributes) VALUES ('36cc5170-fe80-4ca5-9be2-105590625ed5', '4ee7dcc7-a005-4787-97c5-a6cb5e2aa546', 'CAMERA-326-B2-36CC', 1206, 56, '{"color": "Blue", "size": "256GB"}');
INSERT INTO product_variants (id, product_id, sku, price, stock_quantity, attributes) VALUES ('8f7adf6c-7346-47b6-9b89-f8903b3baa7e', '4ee7dcc7-a005-4787-97c5-a6cb5e2aa546', 'CAMERA-326-G6-8F7A', 4237, 53, '{"color": "Green", "size": "64GB"}');
INSERT INTO product_variants (id, product_id, sku, price, stock_quantity, attributes) VALUES ('39e8f806-c866-4ecc-884b-67cb6779c89b', '4ee7dcc7-a005-4787-97c5-a6cb5e2aa546', 'CAMERA-326-GS-39E8', 4327, 20, '{"color": "Green", "size": "S"}');
INSERT INTO products (id, name, slug, description, category_id) VALUES ('66320c77-1c1d-47f8-93e2-01bf4b31fe49', 'Lite Headphones 501', 'lite-headphones-501-66320c', 'Description for Lite Headphones 501. Optimized for search and performance test.', 'ed643e75-8422-4e91-a0b1-5ab3d8cf1f9d');
INSERT INTO product_variants (id, product_id, sku, price, stock_quantity, attributes) VALUES ('2091eae5-b7c9-4aea-9855-73bb1e1a6d70', '66320c77-1c1d-47f8-93e2-01bf4b31fe49', 'HEADPHONES-501-R1-2091', 623, 190, '{"color": "Red", "size": "16GB RAM"}');
INSERT INTO product_variants (id, product_id, sku, price, stock_quantity, attributes) VALUES ('ae276089-487a-4984-b6fe-16406efcf352', '66320c77-1c1d-47f8-93e2-01bf4b31fe49', 'HEADPHONES-501-SL-AE27', 892, 127, '{"color": "Silver", "size": "L"}');
INSERT INTO product_variants (id, product_id, sku, price, stock_quantity, attributes) VALUES ('844cb6a2-9dc3-4893-be41-88e7d2ef6106', '66320c77-1c1d-47f8-93e2-01bf4b31fe49', 'HEADPHONES-501-GS-844C', 3390, 146, '{"color": "Gold", "size": "S"}');
INSERT INTO products (id, name, slug, description, category_id) VALUES ('89ab0a74-8568-4ce1-adeb-1eba5a295eab', 'Premium Table 777', 'premium-table-777-89ab0a', 'Description for Premium Table 777. Optimized for search and performance test.', 'ed643e75-8422-4e91-a0b1-5ab3d8cf1f9d');
INSERT INTO product_variants (id, product_id, sku, price, stock_quantity, attributes) VALUES ('bbc7d428-b7c9-4a9d-8f5c-f021a438438e', '89ab0a74-8568-4ce1-adeb-1eba5a295eab', 'TABLE-777-WX-BBC7', 3758, 155, '{"color": "White", "size": "XL"}');
INSERT INTO product_variants (id, product_id, sku, price, stock_quantity, attributes) VALUES ('0d0a9c7e-c9b1-48d2-8723-ea2ba9251bb1', '89ab0a74-8568-4ce1-adeb-1eba5a295eab', 'TABLE-777-BM-0D0A', 1106, 139, '{"color": "Blue", "size": "M"}');
INSERT INTO product_variants (id, product_id, sku, price, stock_quantity, attributes) VALUES ('dc74371a-17ff-4d37-8c81-2f2beec54611', '89ab0a74-8568-4ce1-adeb-1eba5a295eab', 'TABLE-777-S1-DC74', 4012, 42, '{"color": "Silver", "size": "128GB"}');
INSERT INTO products (id, name, slug, description, category_id) VALUES ('691a6365-bbb0-4bc4-a8df-c735ae64f735', 'Ultra Headphones 302', 'ultra-headphones-302-691a63', 'Description for Ultra Headphones 302. Optimized for search and performance test.', 'ed643e75-8422-4e91-a0b1-5ab3d8cf1f9d');
INSERT INTO product_variants (id, product_id, sku, price, stock_quantity, attributes) VALUES ('5e558f57-f9ff-4d3a-98ad-fbbc6a70f4f1', '691a6365-bbb0-4bc4-a8df-c735ae64f735', 'HEADPHONES-302-R2-5E55', 2263, 102, '{"color": "Red", "size": "256GB"}');
INSERT INTO product_variants (id, product_id, sku, price, stock_quantity, attributes) VALUES ('082b20c4-57ab-4967-a642-6090188879ef', '691a6365-bbb0-4bc4-a8df-c735ae64f735', 'HEADPHONES-302-W1-082B', 1550, 150, '{"color": "White", "size": "16GB RAM"}');
INSERT INTO product_variants (id, product_id, sku, price, stock_quantity, attributes) VALUES ('9bf4ccb1-4623-49fd-9809-7a21e0000ffe', '691a6365-bbb0-4bc4-a8df-c735ae64f735', 'HEADPHONES-302-WM-9BF4', 4291, 76, '{"color": "White", "size": "M"}');
INSERT INTO products (id, name, slug, description, category_id) VALUES ('4570b525-33f5-4f8f-b633-0c46620508e8', 'Ultra Monitor 481', 'ultra-monitor-481-4570b5', 'Description for Ultra Monitor 481. Optimized for search and performance test.', 'ed643e75-8422-4e91-a0b1-5ab3d8cf1f9d');
INSERT INTO product_variants (id, product_id, sku, price, stock_quantity, attributes) VALUES ('d6f99520-2a1f-4728-8298-bdca3270f31b', '4570b525-33f5-4f8f-b633-0c46620508e8', 'MONITOR-481-S8-D6F9', 982, 149, '{"color": "Silver", "size": "8GB RAM"}');
INSERT INTO product_variants (id, product_id, sku, price, stock_quantity, attributes) VALUES ('3380c417-c6cd-42de-87d8-b1d26a0b4579', '4570b525-33f5-4f8f-b633-0c46620508e8', 'MONITOR-481-GX-3380', 4949, 93, '{"color": "Gold", "size": "XXL"}');
INSERT INTO product_variants (id, product_id, sku, price, stock_quantity, attributes) VALUES ('c16106ea-fa87-4d54-bbb5-3a83c1b9e640', '4570b525-33f5-4f8f-b633-0c46620508e8', 'MONITOR-481-G6-C161', 3125, 150, '{"color": "Green", "size": "64GB"}');
INSERT INTO products (id, name, slug, description, category_id) VALUES ('62de616c-f1aa-44c5-bbb9-c69bb70fd459', 'Pro Speaker 430', 'pro-speaker-430-62de61', 'Description for Pro Speaker 430. Optimized for search and performance test.', 'ed643e75-8422-4e91-a0b1-5ab3d8cf1f9d');
INSERT INTO product_variants (id, product_id, sku, price, stock_quantity, attributes) VALUES ('77a7acb2-6fb5-47e4-9d56-79af40e67db9', '62de616c-f1aa-44c5-bbb9-c69bb70fd459', 'SPEAKER-430-RX-77A7', 3077, 37, '{"color": "Red", "size": "XL"}');
INSERT INTO product_variants (id, product_id, sku, price, stock_quantity, attributes) VALUES ('a5ee039c-5a7e-4a7c-97c2-5cf7075e761d', '62de616c-f1aa-44c5-bbb9-c69bb70fd459', 'SPEAKER-430-BX-A5EE', 4406, 167, '{"color": "Black", "size": "XL"}');
INSERT INTO product_variants (id, product_id, sku, price, stock_quantity, attributes) VALUES ('de2fbcef-3bcc-4f0e-9d1d-10d671bb5ef4', '62de616c-f1aa-44c5-bbb9-c69bb70fd459', 'SPEAKER-430-G1-DE2F', 1060, 65, '{"color": "Gold", "size": "128GB"}');
INSERT INTO products (id, name, slug, description, category_id) VALUES ('2268b1d8-71d2-41bd-8066-bc323d887db1', 'Original Headphones 858', 'original-headphones-858-2268b1', 'Description for Original Headphones 858. Optimized for search and performance test.', 'ed643e75-8422-4e91-a0b1-5ab3d8cf1f9d');
INSERT INTO product_variants (id, product_id, sku, price, stock_quantity, attributes) VALUES ('dcb94089-30ea-46f6-83d4-b0642e42fdb8', '2268b1d8-71d2-41bd-8066-bc323d887db1', 'HEADPHONES-858-BX-DCB9', 1894, 13, '{"color": "Blue", "size": "XL"}');
INSERT INTO product_variants (id, product_id, sku, price, stock_quantity, attributes) VALUES ('6ff323bb-491e-42d6-a275-0c62660d21ee', '2268b1d8-71d2-41bd-8066-bc323d887db1', 'HEADPHONES-858-BS-6FF3', 868, 179, '{"color": "Blue", "size": "S"}');
INSERT INTO product_variants (id, product_id, sku, price, stock_quantity, attributes) VALUES ('d62d4d52-1004-4834-a234-7714c614f2e7', '2268b1d8-71d2-41bd-8066-bc323d887db1', 'HEADPHONES-858-G6-D62D', 857, 93, '{"color": "Green", "size": "64GB"}');
INSERT INTO products (id, name, slug, description, category_id) VALUES ('ffc803ff-380f-4f93-94c6-e377e13d5b67', 'Eco Monitor 241', 'eco-monitor-241-ffc803', 'Description for Eco Monitor 241. Optimized for search and performance test.', 'ed643e75-8422-4e91-a0b1-5ab3d8cf1f9d');
INSERT INTO product_variants (id, product_id, sku, price, stock_quantity, attributes) VALUES ('dded1405-e10a-41c1-8858-a7cda5185da7', 'ffc803ff-380f-4f93-94c6-e377e13d5b67', 'MONITOR-241-R2-DDED', 4174, 114, '{"color": "Red", "size": "256GB"}');
INSERT INTO product_variants (id, product_id, sku, price, stock_quantity, attributes) VALUES ('cb816419-c1ad-4b81-af84-b5fd9c477f92', 'ffc803ff-380f-4f93-94c6-e377e13d5b67', 'MONITOR-241-RL-CB81', 829, 198, '{"color": "Red", "size": "L"}');
INSERT INTO product_variants (id, product_id, sku, price, stock_quantity, attributes) VALUES ('4c45c92c-e357-49fd-99b5-a91b8a1d4ddc', 'ffc803ff-380f-4f93-94c6-e377e13d5b67', 'MONITOR-241-B8-4C45', 4590, 35, '{"color": "Black", "size": "8GB RAM"}');
INSERT INTO products (id, name, slug, description, category_id) VALUES ('d6f30300-0b1a-4db6-9ed7-52493328957e', 'Eco Table 267', 'eco-table-267-d6f303', 'Description for Eco Table 267. Optimized for search and performance test.', 'ed643e75-8422-4e91-a0b1-5ab3d8cf1f9d');
INSERT INTO product_variants (id, product_id, sku, price, stock_quantity, attributes) VALUES ('38e757c8-efdd-45f4-899b-841cacb1a474', 'd6f30300-0b1a-4db6-9ed7-52493328957e', 'TABLE-267-SL-38E7', 3244, 68, '{"color": "Silver", "size": "L"}');
INSERT INTO product_variants (id, product_id, sku, price, stock_quantity, attributes) VALUES ('8276a0c0-80d9-4f38-9949-9262b891a8cb', 'd6f30300-0b1a-4db6-9ed7-52493328957e', 'TABLE-267-G6-8276', 2943, 72, '{"color": "Gold", "size": "64GB"}');
INSERT INTO product_variants (id, product_id, sku, price, stock_quantity, attributes) VALUES ('62fef2a3-74bf-46ec-b6e1-2162f314c446', 'd6f30300-0b1a-4db6-9ed7-52493328957e', 'TABLE-267-B1-62FE', 1491, 194, '{"color": "Blue", "size": "16GB RAM"}');
INSERT INTO products (id, name, slug, description, category_id) VALUES ('705deabd-6cd4-4800-88db-2bbc9b196a35', 'Smart Laptop 928', 'smart-laptop-928-705dea', 'Description for Smart Laptop 928. Optimized for search and performance test.', 'ed643e75-8422-4e91-a0b1-5ab3d8cf1f9d');
INSERT INTO product_variants (id, product_id, sku, price, stock_quantity, attributes) VALUES ('5817e852-02d3-4425-8d2e-bc2d982b8317', '705deabd-6cd4-4800-88db-2bbc9b196a35', 'LAPTOP-928-B1-5817', 1763, 49, '{"color": "Blue", "size": "16GB RAM"}');
INSERT INTO product_variants (id, product_id, sku, price, stock_quantity, attributes) VALUES ('0ab08eaf-301f-4a20-ab44-05f6df56054b', '705deabd-6cd4-4800-88db-2bbc9b196a35', 'LAPTOP-928-S1-0AB0', 3907, 11, '{"color": "Silver", "size": "16GB RAM"}');
INSERT INTO product_variants (id, product_id, sku, price, stock_quantity, attributes) VALUES ('1193118b-aa8e-4faf-8e63-b1a9450f9e77', '705deabd-6cd4-4800-88db-2bbc9b196a35', 'LAPTOP-928-W2-1193', 3375, 49, '{"color": "White", "size": "256GB"}');
INSERT INTO products (id, name, slug, description, category_id) VALUES ('300b5b77-d08b-4a6d-9db2-b331595aac8a', 'Eco Bed 629', 'eco-bed-629-300b5b', 'Description for Eco Bed 629. Optimized for search and performance test.', 'ed643e75-8422-4e91-a0b1-5ab3d8cf1f9d');
INSERT INTO product_variants (id, product_id, sku, price, stock_quantity, attributes) VALUES ('ebd241a5-0b7d-49c5-9d73-69c57121b85e', '300b5b77-d08b-4a6d-9db2-b331595aac8a', 'BED-629-RL-EBD2', 3251, 200, '{"color": "Red", "size": "L"}');
INSERT INTO product_variants (id, product_id, sku, price, stock_quantity, attributes) VALUES ('d6458a3f-d4b9-47a8-82c4-a424908ef4fc', '300b5b77-d08b-4a6d-9db2-b331595aac8a', 'BED-629-GX-D645', 1479, 196, '{"color": "Gold", "size": "XL"}');
INSERT INTO product_variants (id, product_id, sku, price, stock_quantity, attributes) VALUES ('38ffa176-0dba-4026-a594-cf5cf0c81d0c', '300b5b77-d08b-4a6d-9db2-b331595aac8a', 'BED-629-G6-38FF', 3361, 129, '{"color": "Gold", "size": "64GB"}');
INSERT INTO products (id, name, slug, description, category_id) VALUES ('2aa1a527-d516-4e57-a616-16968378b531', 'Eco Backpack 573', 'eco-backpack-573-2aa1a5', 'Description for Eco Backpack 573. Optimized for search and performance test.', 'ed643e75-8422-4e91-a0b1-5ab3d8cf1f9d');
INSERT INTO product_variants (id, product_id, sku, price, stock_quantity, attributes) VALUES ('3075905c-faec-43fb-a7c7-fe7c21826789', '2aa1a527-d516-4e57-a616-16968378b531', 'BACKPACK-573-G8-3075', 1310, 180, '{"color": "Green", "size": "8GB RAM"}');
INSERT INTO product_variants (id, product_id, sku, price, stock_quantity, attributes) VALUES ('649e10cb-c067-411c-9026-a759a14647f1', '2aa1a527-d516-4e57-a616-16968378b531', 'BACKPACK-573-W6-649E', 1743, 173, '{"color": "White", "size": "64GB"}');
INSERT INTO product_variants (id, product_id, sku, price, stock_quantity, attributes) VALUES ('161378f3-a512-47c4-be91-d9d7e725265d', '2aa1a527-d516-4e57-a616-16968378b531', 'BACKPACK-573-B8-1613', 2135, 144, '{"color": "Blue", "size": "8GB RAM"}');
INSERT INTO products (id, name, slug, description, category_id) VALUES ('4d1d8fb7-8262-4252-8996-f18a98407b49', 'Eco Backpack 673', 'eco-backpack-673-4d1d8f', 'Description for Eco Backpack 673. Optimized for search and performance test.', 'ed643e75-8422-4e91-a0b1-5ab3d8cf1f9d');
INSERT INTO product_variants (id, product_id, sku, price, stock_quantity, attributes) VALUES ('83a3a618-8044-4dca-a036-4aa702b105bb', '4d1d8fb7-8262-4252-8996-f18a98407b49', 'BACKPACK-673-BX-83A3', 1007, 121, '{"color": "Blue", "size": "XL"}');
INSERT INTO product_variants (id, product_id, sku, price, stock_quantity, attributes) VALUES ('0daebff6-e5e0-4475-88ba-e6763275d082', '4d1d8fb7-8262-4252-8996-f18a98407b49', 'BACKPACK-673-G1-0DAE', 1461, 103, '{"color": "Green", "size": "128GB"}');
INSERT INTO product_variants (id, product_id, sku, price, stock_quantity, attributes) VALUES ('e214cc03-7366-42cd-8493-331a60c5a038', '4d1d8fb7-8262-4252-8996-f18a98407b49', 'BACKPACK-673-B6-E214', 3447, 97, '{"color": "Black", "size": "64GB"}');
INSERT INTO products (id, name, slug, description, category_id) VALUES ('ca085af2-cba7-4a44-9da3-60f74b8b121c', 'Original Speaker 598', 'original-speaker-598-ca085a', 'Description for Original Speaker 598. Optimized for search and performance test.', 'ed643e75-8422-4e91-a0b1-5ab3d8cf1f9d');
INSERT INTO product_variants (id, product_id, sku, price, stock_quantity, attributes) VALUES ('2bee5920-d8b8-4297-a49a-1e3c80af100a', 'ca085af2-cba7-4a44-9da3-60f74b8b121c', 'SPEAKER-598-GX-2BEE', 736, 62, '{"color": "Gold", "size": "XL"}');
INSERT INTO product_variants (id, product_id, sku, price, stock_quantity, attributes) VALUES ('aba45150-e652-419c-8d4c-8b4af3646a75', 'ca085af2-cba7-4a44-9da3-60f74b8b121c', 'SPEAKER-598-R8-ABA4', 4449, 32, '{"color": "Red", "size": "8GB RAM"}');
INSERT INTO product_variants (id, product_id, sku, price, stock_quantity, attributes) VALUES ('f4dfa47d-8e22-4f0e-9987-19f515c97b98', 'ca085af2-cba7-4a44-9da3-60f74b8b121c', 'SPEAKER-598-S6-F4DF', 1122, 186, '{"color": "Silver", "size": "64GB"}');
INSERT INTO products (id, name, slug, description, category_id) VALUES ('b9fbdc69-5583-4e54-a516-7aab37f280a4', 'Ultra Camera 127', 'ultra-camera-127-b9fbdc', 'Description for Ultra Camera 127. Optimized for search and performance test.', 'ed643e75-8422-4e91-a0b1-5ab3d8cf1f9d');
INSERT INTO product_variants (id, product_id, sku, price, stock_quantity, attributes) VALUES ('4c86261b-3069-4e80-8188-a17f9e12b8fb', 'b9fbdc69-5583-4e54-a516-7aab37f280a4', 'CAMERA-127-G6-4C86', 3041, 72, '{"color": "Green", "size": "64GB"}');
INSERT INTO product_variants (id, product_id, sku, price, stock_quantity, attributes) VALUES ('96af3d77-b0a5-4640-8829-83f047a3c43d', 'b9fbdc69-5583-4e54-a516-7aab37f280a4', 'CAMERA-127-B2-96AF', 3252, 147, '{"color": "Black", "size": "256GB"}');
INSERT INTO product_variants (id, product_id, sku, price, stock_quantity, attributes) VALUES ('97b0b2b7-30e3-4718-8725-15953c77433d', 'b9fbdc69-5583-4e54-a516-7aab37f280a4', 'CAMERA-127-BL-97B0', 2756, 92, '{"color": "Blue", "size": "L"}');
INSERT INTO products (id, name, slug, description, category_id) VALUES ('0d196efe-aea3-4549-854b-a14f71a026e1', 'Pro Laptop 441', 'pro-laptop-441-0d196e', 'Description for Pro Laptop 441. Optimized for search and performance test.', 'ed643e75-8422-4e91-a0b1-5ab3d8cf1f9d');
INSERT INTO product_variants (id, product_id, sku, price, stock_quantity, attributes) VALUES ('3bfe6f1f-725e-43eb-93af-db03e52a807f', '0d196efe-aea3-4549-854b-a14f71a026e1', 'LAPTOP-441-RL-3BFE', 2508, 189, '{"color": "Red", "size": "L"}');
INSERT INTO product_variants (id, product_id, sku, price, stock_quantity, attributes) VALUES ('db61b8a3-f242-47c6-aa1c-1de4d012909f', '0d196efe-aea3-4549-854b-a14f71a026e1', 'LAPTOP-441-G8-DB61', 3951, 191, '{"color": "Gold", "size": "8GB RAM"}');
INSERT INTO product_variants (id, product_id, sku, price, stock_quantity, attributes) VALUES ('aa95f0ec-3f9a-43d2-9535-7dd7ae03109a', '0d196efe-aea3-4549-854b-a14f71a026e1', 'LAPTOP-441-G1-AA95', 1943, 105, '{"color": "Green", "size": "128GB"}');
INSERT INTO products (id, name, slug, description, category_id) VALUES ('c6862245-0ae4-4b3e-9b4e-a8bbff06efd4', 'Premium Phone 440', 'premium-phone-440-c68622', 'Description for Premium Phone 440. Optimized for search and performance test.', 'ed643e75-8422-4e91-a0b1-5ab3d8cf1f9d');
INSERT INTO product_variants (id, product_id, sku, price, stock_quantity, attributes) VALUES ('f5f32f66-0b34-4b33-b2a7-d1c2e4d401c3', 'c6862245-0ae4-4b3e-9b4e-a8bbff06efd4', 'PHONE-440-G8-F5F3', 1409, 117, '{"color": "Gold", "size": "8GB RAM"}');
INSERT INTO product_variants (id, product_id, sku, price, stock_quantity, attributes) VALUES ('40c31b63-872a-45de-9ee7-2f0d581ae80a', 'c6862245-0ae4-4b3e-9b4e-a8bbff06efd4', 'PHONE-440-S1-40C3', 4342, 183, '{"color": "Silver", "size": "128GB"}');
INSERT INTO product_variants (id, product_id, sku, price, stock_quantity, attributes) VALUES ('0f4749af-abc4-42f4-bf5d-c4945297dcb9', 'c6862245-0ae4-4b3e-9b4e-a8bbff06efd4', 'PHONE-440-G1-0F47', 4289, 30, '{"color": "Green", "size": "128GB"}');
INSERT INTO products (id, name, slug, description, category_id) VALUES ('79e140cf-6d95-4af5-a0b5-e516b713dafb', 'Original Bed 253', 'original-bed-253-79e140', 'Description for Original Bed 253. Optimized for search and performance test.', 'ed643e75-8422-4e91-a0b1-5ab3d8cf1f9d');
INSERT INTO product_variants (id, product_id, sku, price, stock_quantity, attributes) VALUES ('304f99af-c03d-415a-b923-380daebf5736', '79e140cf-6d95-4af5-a0b5-e516b713dafb', 'BED-253-BX-304F', 1527, 199, '{"color": "Blue", "size": "XXL"}');
INSERT INTO product_variants (id, product_id, sku, price, stock_quantity, attributes) VALUES ('f174e280-014f-4c27-8ba8-67132c42996e', '79e140cf-6d95-4af5-a0b5-e516b713dafb', 'BED-253-B1-F174', 634, 14, '{"color": "Blue", "size": "128GB"}');
INSERT INTO product_variants (id, product_id, sku, price, stock_quantity, attributes) VALUES ('7bc33919-bf61-4e72-8f8f-21e015f30f11', '79e140cf-6d95-4af5-a0b5-e516b713dafb', 'BED-253-W1-7BC3', 1104, 115, '{"color": "White", "size": "16GB RAM"}');
INSERT INTO products (id, name, slug, description, category_id) VALUES ('e4f28606-da16-4116-b037-7f97d7879449', 'Pro Laptop 355', 'pro-laptop-355-e4f286', 'Description for Pro Laptop 355. Optimized for search and performance test.', 'ed643e75-8422-4e91-a0b1-5ab3d8cf1f9d');
INSERT INTO product_variants (id, product_id, sku, price, stock_quantity, attributes) VALUES ('6f239183-237a-488f-b08e-97dea1badef7', 'e4f28606-da16-4116-b037-7f97d7879449', 'LAPTOP-355-WX-6F23', 2188, 189, '{"color": "White", "size": "XXL"}');
INSERT INTO product_variants (id, product_id, sku, price, stock_quantity, attributes) VALUES ('73ea6a52-89ae-4ac1-9c55-ccbc4b823218', 'e4f28606-da16-4116-b037-7f97d7879449', 'LAPTOP-355-BL-73EA', 155, 90, '{"color": "Blue", "size": "L"}');
INSERT INTO product_variants (id, product_id, sku, price, stock_quantity, attributes) VALUES ('9e0d2314-fa01-4fd9-a535-166d1d57b5a2', 'e4f28606-da16-4116-b037-7f97d7879449', 'LAPTOP-355-S6-9E0D', 4696, 193, '{"color": "Silver", "size": "64GB"}');
INSERT INTO products (id, name, slug, description, category_id) VALUES ('67a7c45f-aba5-40c5-a74d-9cc66c556cf2', 'Elegant Phone 985', 'elegant-phone-985-67a7c4', 'Description for Elegant Phone 985. Optimized for search and performance test.', 'ed643e75-8422-4e91-a0b1-5ab3d8cf1f9d');
INSERT INTO product_variants (id, product_id, sku, price, stock_quantity, attributes) VALUES ('cbcfd01b-5909-4e85-aa88-1af10e83130b', '67a7c45f-aba5-40c5-a74d-9cc66c556cf2', 'PHONE-985-GM-CBCF', 2947, 172, '{"color": "Gold", "size": "M"}');
INSERT INTO product_variants (id, product_id, sku, price, stock_quantity, attributes) VALUES ('fc5fa3cb-1517-42ac-a513-34d9a9dda0e6', '67a7c45f-aba5-40c5-a74d-9cc66c556cf2', 'PHONE-985-G1-FC5F', 4289, 137, '{"color": "Gold", "size": "16GB RAM"}');
INSERT INTO product_variants (id, product_id, sku, price, stock_quantity, attributes) VALUES ('50c2eb4c-09e1-4f10-8bba-02537b4a5ddd', '67a7c45f-aba5-40c5-a74d-9cc66c556cf2', 'PHONE-985-B8-50C2', 446, 110, '{"color": "Blue", "size": "8GB RAM"}');
INSERT INTO products (id, name, slug, description, category_id) VALUES ('1ffb0e72-6ac6-4f9b-800d-693d77d7c3dc', 'Ultra Laptop 752', 'ultra-laptop-752-1ffb0e', 'Description for Ultra Laptop 752. Optimized for search and performance test.', 'ed643e75-8422-4e91-a0b1-5ab3d8cf1f9d');
INSERT INTO product_variants (id, product_id, sku, price, stock_quantity, attributes) VALUES ('7c5238c2-13c5-4cdc-b67d-4bcdd24c21dc', '1ffb0e72-6ac6-4f9b-800d-693d77d7c3dc', 'LAPTOP-752-WX-7C52', 1651, 16, '{"color": "White", "size": "XXL"}');
INSERT INTO product_variants (id, product_id, sku, price, stock_quantity, attributes) VALUES ('d6186c69-80d0-48b8-bb48-fb0b858cc177', '1ffb0e72-6ac6-4f9b-800d-693d77d7c3dc', 'LAPTOP-752-WX-D618', 1697, 105, '{"color": "White", "size": "XXL"}');
INSERT INTO product_variants (id, product_id, sku, price, stock_quantity, attributes) VALUES ('90aae63a-4d9c-4d78-aff2-662bfb8b30fa', '1ffb0e72-6ac6-4f9b-800d-693d77d7c3dc', 'LAPTOP-752-W1-90AA', 4152, 15, '{"color": "White", "size": "128GB"}');
INSERT INTO products (id, name, slug, description, category_id) VALUES ('af814068-cbcf-446b-bdf5-d1d528d1bcba', 'Smart Bed 500', 'smart-bed-500-af8140', 'Description for Smart Bed 500. Optimized for search and performance test.', 'ed643e75-8422-4e91-a0b1-5ab3d8cf1f9d');
INSERT INTO product_variants (id, product_id, sku, price, stock_quantity, attributes) VALUES ('e9866da4-0305-4cc9-9b6c-44fbd27eb876', 'af814068-cbcf-446b-bdf5-d1d528d1bcba', 'BED-500-WX-E986', 4202, 68, '{"color": "White", "size": "XL"}');
INSERT INTO product_variants (id, product_id, sku, price, stock_quantity, attributes) VALUES ('1313206a-2343-415b-a47e-a44f791ceaa3', 'af814068-cbcf-446b-bdf5-d1d528d1bcba', 'BED-500-SS-1313', 346, 196, '{"color": "Silver", "size": "S"}');
INSERT INTO product_variants (id, product_id, sku, price, stock_quantity, attributes) VALUES ('abb67792-3a85-450b-81ab-d6b9622cf4d1', 'af814068-cbcf-446b-bdf5-d1d528d1bcba', 'BED-500-G8-ABB6', 4765, 169, '{"color": "Gold", "size": "8GB RAM"}');
INSERT INTO products (id, name, slug, description, category_id) VALUES ('239e25b0-1919-4f23-a87e-15888c23f730', 'Smart Shirt 929', 'smart-shirt-929-239e25', 'Description for Smart Shirt 929. Optimized for search and performance test.', 'ed643e75-8422-4e91-a0b1-5ab3d8cf1f9d');
INSERT INTO product_variants (id, product_id, sku, price, stock_quantity, attributes) VALUES ('5ba6eb29-9fae-43c8-a34b-aaeecefd45c8', '239e25b0-1919-4f23-a87e-15888c23f730', 'SHIRT-929-G6-5BA6', 4892, 94, '{"color": "Green", "size": "64GB"}');
INSERT INTO product_variants (id, product_id, sku, price, stock_quantity, attributes) VALUES ('770dace0-1e88-4d7b-a49a-fc3cbd06d9b8', '239e25b0-1919-4f23-a87e-15888c23f730', 'SHIRT-929-BL-770D', 1631, 64, '{"color": "Blue", "size": "L"}');
INSERT INTO product_variants (id, product_id, sku, price, stock_quantity, attributes) VALUES ('f115118c-05d5-4ce8-be0c-14d0e7924e03', '239e25b0-1919-4f23-a87e-15888c23f730', 'SHIRT-929-WS-F115', 4909, 181, '{"color": "White", "size": "S"}');
INSERT INTO products (id, name, slug, description, category_id) VALUES ('7332a0d3-254b-45fe-b7f6-32b184b07943', 'Smart Monitor 921', 'smart-monitor-921-7332a0', 'Description for Smart Monitor 921. Optimized for search and performance test.', 'ed643e75-8422-4e91-a0b1-5ab3d8cf1f9d');
INSERT INTO product_variants (id, product_id, sku, price, stock_quantity, attributes) VALUES ('8eb2ca50-8186-499f-b5a3-9bf0085a149c', '7332a0d3-254b-45fe-b7f6-32b184b07943', 'MONITOR-921-BX-8EB2', 2609, 146, '{"color": "Black", "size": "XXL"}');
INSERT INTO product_variants (id, product_id, sku, price, stock_quantity, attributes) VALUES ('44821efa-dfc6-4f70-b3b7-ce7032b9afb5', '7332a0d3-254b-45fe-b7f6-32b184b07943', 'MONITOR-921-WX-4482', 3442, 107, '{"color": "White", "size": "XXL"}');
INSERT INTO product_variants (id, product_id, sku, price, stock_quantity, attributes) VALUES ('43efeec4-8b5a-46f0-87f3-a4eea46cf0d7', '7332a0d3-254b-45fe-b7f6-32b184b07943', 'MONITOR-921-S1-43EF', 3186, 105, '{"color": "Silver", "size": "128GB"}');
INSERT INTO products (id, name, slug, description, category_id) VALUES ('03f03ecd-304f-4e5b-9a82-782a146407ae', 'Elegant Monitor 783', 'elegant-monitor-783-03f03e', 'Description for Elegant Monitor 783. Optimized for search and performance test.', 'ed643e75-8422-4e91-a0b1-5ab3d8cf1f9d');
INSERT INTO product_variants (id, product_id, sku, price, stock_quantity, attributes) VALUES ('9a567caa-622b-4c0e-bc34-ab0dde115a6e', '03f03ecd-304f-4e5b-9a82-782a146407ae', 'MONITOR-783-BX-9A56', 490, 113, '{"color": "Blue", "size": "XXL"}');
INSERT INTO product_variants (id, product_id, sku, price, stock_quantity, attributes) VALUES ('cd6f9057-3907-49fb-ac97-9e53bffc1910', '03f03ecd-304f-4e5b-9a82-782a146407ae', 'MONITOR-783-RL-CD6F', 3352, 75, '{"color": "Red", "size": "L"}');
INSERT INTO product_variants (id, product_id, sku, price, stock_quantity, attributes) VALUES ('4902d5b6-79a6-46ec-a4e3-33e766a00565', '03f03ecd-304f-4e5b-9a82-782a146407ae', 'MONITOR-783-G6-4902', 2305, 29, '{"color": "Green", "size": "64GB"}');
INSERT INTO products (id, name, slug, description, category_id) VALUES ('c2f46658-dc6c-4a92-9126-0b401a4321cd', 'Elegant Laptop 850', 'elegant-laptop-850-c2f466', 'Description for Elegant Laptop 850. Optimized for search and performance test.', 'ed643e75-8422-4e91-a0b1-5ab3d8cf1f9d');
INSERT INTO product_variants (id, product_id, sku, price, stock_quantity, attributes) VALUES ('fc477b26-5846-4c46-a81d-0bb2b97c5008', 'c2f46658-dc6c-4a92-9126-0b401a4321cd', 'LAPTOP-850-SX-FC47', 1059, 186, '{"color": "Silver", "size": "XXL"}');
INSERT INTO product_variants (id, product_id, sku, price, stock_quantity, attributes) VALUES ('7bdac539-077b-4aec-a29c-272912dc5319', 'c2f46658-dc6c-4a92-9126-0b401a4321cd', 'LAPTOP-850-GX-7BDA', 2268, 58, '{"color": "Green", "size": "XL"}');
INSERT INTO product_variants (id, product_id, sku, price, stock_quantity, attributes) VALUES ('95f90510-673b-4089-8a56-2f967549e954', 'c2f46658-dc6c-4a92-9126-0b401a4321cd', 'LAPTOP-850-B2-95F9', 1814, 84, '{"color": "Blue", "size": "256GB"}');
INSERT INTO products (id, name, slug, description, category_id) VALUES ('0acdf4f0-0c57-4b4f-92ff-51e6101ce810', 'Lite Dress 564', 'lite-dress-564-0acdf4', 'Description for Lite Dress 564. Optimized for search and performance test.', 'ed643e75-8422-4e91-a0b1-5ab3d8cf1f9d');
INSERT INTO product_variants (id, product_id, sku, price, stock_quantity, attributes) VALUES ('deffcee0-5490-4c42-94de-bc5c05f398ae', '0acdf4f0-0c57-4b4f-92ff-51e6101ce810', 'DRESS-564-WL-DEFF', 3691, 101, '{"color": "White", "size": "L"}');
INSERT INTO product_variants (id, product_id, sku, price, stock_quantity, attributes) VALUES ('b7696161-c47b-4001-8902-7e321f5ec43a', '0acdf4f0-0c57-4b4f-92ff-51e6101ce810', 'DRESS-564-BX-B769', 3738, 190, '{"color": "Black", "size": "XXL"}');
INSERT INTO product_variants (id, product_id, sku, price, stock_quantity, attributes) VALUES ('74a11800-5a78-4c11-a211-793defc38dc4', '0acdf4f0-0c57-4b4f-92ff-51e6101ce810', 'DRESS-564-BS-74A1', 3942, 46, '{"color": "Blue", "size": "S"}');
INSERT INTO products (id, name, slug, description, category_id) VALUES ('94e66c51-bc76-4f52-adfb-db2d39e25a4f', 'Original Camera 936', 'original-camera-936-94e66c', 'Description for Original Camera 936. Optimized for search and performance test.', 'ed643e75-8422-4e91-a0b1-5ab3d8cf1f9d');
INSERT INTO product_variants (id, product_id, sku, price, stock_quantity, attributes) VALUES ('bd4dd58c-ba51-484a-988c-06de6d46475c', '94e66c51-bc76-4f52-adfb-db2d39e25a4f', 'CAMERA-936-BS-BD4D', 2709, 65, '{"color": "Blue", "size": "S"}');
INSERT INTO product_variants (id, product_id, sku, price, stock_quantity, attributes) VALUES ('1575aff6-11a8-497f-bd0f-778e60d96f99', '94e66c51-bc76-4f52-adfb-db2d39e25a4f', 'CAMERA-936-S1-1575', 1776, 186, '{"color": "Silver", "size": "16GB RAM"}');
INSERT INTO product_variants (id, product_id, sku, price, stock_quantity, attributes) VALUES ('86294563-9048-4a9c-b176-64d8a76cd484', '94e66c51-bc76-4f52-adfb-db2d39e25a4f', 'CAMERA-936-G6-8629', 913, 59, '{"color": "Gold", "size": "64GB"}');
INSERT INTO products (id, name, slug, description, category_id) VALUES ('a643de94-6ddb-441f-abff-70c31e80c3ac', 'Premium Camera 869', 'premium-camera-869-a643de', 'Description for Premium Camera 869. Optimized for search and performance test.', 'ed643e75-8422-4e91-a0b1-5ab3d8cf1f9d');
INSERT INTO product_variants (id, product_id, sku, price, stock_quantity, attributes) VALUES ('1145dee3-3d3f-4711-bc96-de891e0a5086', 'a643de94-6ddb-441f-abff-70c31e80c3ac', 'CAMERA-869-BS-1145', 2665, 189, '{"color": "Black", "size": "S"}');
INSERT INTO product_variants (id, product_id, sku, price, stock_quantity, attributes) VALUES ('63155141-7495-4943-9b8d-242665d596d0', 'a643de94-6ddb-441f-abff-70c31e80c3ac', 'CAMERA-869-G2-6315', 3871, 71, '{"color": "Green", "size": "256GB"}');
INSERT INTO product_variants (id, product_id, sku, price, stock_quantity, attributes) VALUES ('3f89552c-222a-448b-ac5c-32b93352dd9e', 'a643de94-6ddb-441f-abff-70c31e80c3ac', 'CAMERA-869-BL-3F89', 4868, 200, '{"color": "Black", "size": "L"}');
INSERT INTO products (id, name, slug, description, category_id) VALUES ('4a4ef7c6-048c-46f2-b619-2ba341b91c9e', 'Lite Laptop 290', 'lite-laptop-290-4a4ef7', 'Description for Lite Laptop 290. Optimized for search and performance test.', 'ed643e75-8422-4e91-a0b1-5ab3d8cf1f9d');
INSERT INTO product_variants (id, product_id, sku, price, stock_quantity, attributes) VALUES ('39ce3908-1844-40dd-b34b-dc7a6344e61f', '4a4ef7c6-048c-46f2-b619-2ba341b91c9e', 'LAPTOP-290-GL-39CE', 3911, 158, '{"color": "Green", "size": "L"}');
INSERT INTO product_variants (id, product_id, sku, price, stock_quantity, attributes) VALUES ('2c105f19-e349-4d3f-b326-295e68e53d74', '4a4ef7c6-048c-46f2-b619-2ba341b91c9e', 'LAPTOP-290-WX-2C10', 1866, 25, '{"color": "White", "size": "XXL"}');
INSERT INTO product_variants (id, product_id, sku, price, stock_quantity, attributes) VALUES ('bee32528-3b29-4ba2-8723-f2d130df08bf', '4a4ef7c6-048c-46f2-b619-2ba341b91c9e', 'LAPTOP-290-GX-BEE3', 1371, 33, '{"color": "Gold", "size": "XXL"}');
INSERT INTO products (id, name, slug, description, category_id) VALUES ('ce08f24d-c803-4cda-b027-05ad04ac22c1', 'Eco Speaker 448', 'eco-speaker-448-ce08f2', 'Description for Eco Speaker 448. Optimized for search and performance test.', 'ed643e75-8422-4e91-a0b1-5ab3d8cf1f9d');
INSERT INTO product_variants (id, product_id, sku, price, stock_quantity, attributes) VALUES ('3a9a6743-b3e8-4ae1-9b41-0522d0682286', 'ce08f24d-c803-4cda-b027-05ad04ac22c1', 'SPEAKER-448-S1-3A9A', 1188, 195, '{"color": "Silver", "size": "128GB"}');
INSERT INTO product_variants (id, product_id, sku, price, stock_quantity, attributes) VALUES ('a228708c-5c91-4166-a1b7-e5f515e2bfde', 'ce08f24d-c803-4cda-b027-05ad04ac22c1', 'SPEAKER-448-G8-A228', 4474, 153, '{"color": "Gold", "size": "8GB RAM"}');
INSERT INTO product_variants (id, product_id, sku, price, stock_quantity, attributes) VALUES ('c1726de6-4642-4433-b5c9-1395f10dda9b', 'ce08f24d-c803-4cda-b027-05ad04ac22c1', 'SPEAKER-448-SX-C172', 713, 194, '{"color": "Silver", "size": "XXL"}');
INSERT INTO products (id, name, slug, description, category_id) VALUES ('0f67f5cf-5581-4a07-85e8-7028d82391fb', 'Ultra Table 843', 'ultra-table-843-0f67f5', 'Description for Ultra Table 843. Optimized for search and performance test.', 'ed643e75-8422-4e91-a0b1-5ab3d8cf1f9d');
INSERT INTO product_variants (id, product_id, sku, price, stock_quantity, attributes) VALUES ('fe4033fd-06b4-4e62-a61e-b20a6c55e34d', '0f67f5cf-5581-4a07-85e8-7028d82391fb', 'TABLE-843-WM-FE40', 3442, 194, '{"color": "White", "size": "M"}');
INSERT INTO product_variants (id, product_id, sku, price, stock_quantity, attributes) VALUES ('619ccd39-f62b-48f1-a64b-f4c05f6f8bce', '0f67f5cf-5581-4a07-85e8-7028d82391fb', 'TABLE-843-B8-619C', 3586, 176, '{"color": "Black", "size": "8GB RAM"}');
INSERT INTO product_variants (id, product_id, sku, price, stock_quantity, attributes) VALUES ('5493b763-d2f2-4e87-8207-ced52dd870e6', '0f67f5cf-5581-4a07-85e8-7028d82391fb', 'TABLE-843-BL-5493', 391, 79, '{"color": "Black", "size": "L"}');
INSERT INTO products (id, name, slug, description, category_id) VALUES ('f827f981-584b-4d2b-864e-80d05e749e1f', 'Pro Camera 883', 'pro-camera-883-f827f9', 'Description for Pro Camera 883. Optimized for search and performance test.', 'ed643e75-8422-4e91-a0b1-5ab3d8cf1f9d');
INSERT INTO product_variants (id, product_id, sku, price, stock_quantity, attributes) VALUES ('63adaa59-52eb-4001-aabd-5a4fcc22e00e', 'f827f981-584b-4d2b-864e-80d05e749e1f', 'CAMERA-883-BX-63AD', 2885, 134, '{"color": "Black", "size": "XXL"}');
INSERT INTO product_variants (id, product_id, sku, price, stock_quantity, attributes) VALUES ('c4d9c904-2402-4cde-8103-2db5c56f5b95', 'f827f981-584b-4d2b-864e-80d05e749e1f', 'CAMERA-883-BS-C4D9', 768, 25, '{"color": "Blue", "size": "S"}');
INSERT INTO product_variants (id, product_id, sku, price, stock_quantity, attributes) VALUES ('04ea86ca-d99c-4507-908a-a0f4f6587134', 'f827f981-584b-4d2b-864e-80d05e749e1f', 'CAMERA-883-GL-04EA', 1924, 198, '{"color": "Gold", "size": "L"}');
INSERT INTO products (id, name, slug, description, category_id) VALUES ('77e00997-5a81-48a9-96dd-7521744beb11', 'Pro Monitor 666', 'pro-monitor-666-77e009', 'Description for Pro Monitor 666. Optimized for search and performance test.', 'ed643e75-8422-4e91-a0b1-5ab3d8cf1f9d');
INSERT INTO product_variants (id, product_id, sku, price, stock_quantity, attributes) VALUES ('bc85a03b-caa6-4679-bd23-7c12210f7843', '77e00997-5a81-48a9-96dd-7521744beb11', 'MONITOR-666-SX-BC85', 951, 16, '{"color": "Silver", "size": "XXL"}');
INSERT INTO product_variants (id, product_id, sku, price, stock_quantity, attributes) VALUES ('d6e13bf2-7633-4620-bd2c-0289075617ce', '77e00997-5a81-48a9-96dd-7521744beb11', 'MONITOR-666-RM-D6E1', 638, 64, '{"color": "Red", "size": "M"}');
INSERT INTO product_variants (id, product_id, sku, price, stock_quantity, attributes) VALUES ('a0238be0-d0fe-4430-a1fa-76a5f6352fd6', '77e00997-5a81-48a9-96dd-7521744beb11', 'MONITOR-666-R1-A023', 231, 99, '{"color": "Red", "size": "128GB"}');
INSERT INTO products (id, name, slug, description, category_id) VALUES ('dcb7016c-22fb-4a24-b302-76e295657427', 'Smart Headphones 599', 'smart-headphones-599-dcb701', 'Description for Smart Headphones 599. Optimized for search and performance test.', 'ed643e75-8422-4e91-a0b1-5ab3d8cf1f9d');
INSERT INTO product_variants (id, product_id, sku, price, stock_quantity, attributes) VALUES ('e8fc1d77-9f26-4ba0-8e82-9b3ff76d6818', 'dcb7016c-22fb-4a24-b302-76e295657427', 'HEADPHONES-599-G1-E8FC', 3953, 198, '{"color": "Gold", "size": "16GB RAM"}');
INSERT INTO product_variants (id, product_id, sku, price, stock_quantity, attributes) VALUES ('9d72e2e1-359d-4495-abc2-42f05238b67f', 'dcb7016c-22fb-4a24-b302-76e295657427', 'HEADPHONES-599-S2-9D72', 679, 155, '{"color": "Silver", "size": "256GB"}');
INSERT INTO product_variants (id, product_id, sku, price, stock_quantity, attributes) VALUES ('8db68f7a-d080-4806-9de4-2769ca7d23d1', 'dcb7016c-22fb-4a24-b302-76e295657427', 'HEADPHONES-599-B2-8DB6', 952, 140, '{"color": "Black", "size": "256GB"}');
INSERT INTO products (id, name, slug, description, category_id) VALUES ('8ad86f85-3c5d-4543-915c-a1e2286ad66f', 'Ultra Monitor 677', 'ultra-monitor-677-8ad86f', 'Description for Ultra Monitor 677. Optimized for search and performance test.', 'ed643e75-8422-4e91-a0b1-5ab3d8cf1f9d');
INSERT INTO product_variants (id, product_id, sku, price, stock_quantity, attributes) VALUES ('1751b529-f269-4ae8-b6c7-6a5e5ada04e6', '8ad86f85-3c5d-4543-915c-a1e2286ad66f', 'MONITOR-677-BS-1751', 3733, 173, '{"color": "Blue", "size": "S"}');
INSERT INTO product_variants (id, product_id, sku, price, stock_quantity, attributes) VALUES ('7007fdae-9728-4dca-9a0a-7a531c0dcc73', '8ad86f85-3c5d-4543-915c-a1e2286ad66f', 'MONITOR-677-GX-7007', 3110, 166, '{"color": "Gold", "size": "XL"}');
INSERT INTO product_variants (id, product_id, sku, price, stock_quantity, attributes) VALUES ('06465ae5-b224-4606-aaa3-587201f822bc', '8ad86f85-3c5d-4543-915c-a1e2286ad66f', 'MONITOR-677-B1-0646', 2856, 196, '{"color": "Blue", "size": "16GB RAM"}');
INSERT INTO products (id, name, slug, description, category_id) VALUES ('c6ee0716-baaa-44b0-9b5b-97e7c14eee4f', 'Pro Speaker 414', 'pro-speaker-414-c6ee07', 'Description for Pro Speaker 414. Optimized for search and performance test.', 'ed643e75-8422-4e91-a0b1-5ab3d8cf1f9d');
INSERT INTO product_variants (id, product_id, sku, price, stock_quantity, attributes) VALUES ('4169fbc8-54aa-46fd-a80b-bb4ca2e71561', 'c6ee0716-baaa-44b0-9b5b-97e7c14eee4f', 'SPEAKER-414-SM-4169', 885, 112, '{"color": "Silver", "size": "M"}');
INSERT INTO product_variants (id, product_id, sku, price, stock_quantity, attributes) VALUES ('85135eb3-5697-49a1-a0da-b30cc9fe4c96', 'c6ee0716-baaa-44b0-9b5b-97e7c14eee4f', 'SPEAKER-414-GX-8513', 861, 157, '{"color": "Gold", "size": "XL"}');
INSERT INTO product_variants (id, product_id, sku, price, stock_quantity, attributes) VALUES ('52bc64ab-9c2c-45df-a649-67399d4c749b', 'c6ee0716-baaa-44b0-9b5b-97e7c14eee4f', 'SPEAKER-414-GS-52BC', 478, 62, '{"color": "Green", "size": "S"}');
INSERT INTO products (id, name, slug, description, category_id) VALUES ('868b73e1-68cf-4889-b11b-976f48c2d739', 'Original Laptop 826', 'original-laptop-826-868b73', 'Description for Original Laptop 826. Optimized for search and performance test.', 'ed643e75-8422-4e91-a0b1-5ab3d8cf1f9d');
INSERT INTO product_variants (id, product_id, sku, price, stock_quantity, attributes) VALUES ('7af18594-4753-4c48-883f-e6535a66ed19', '868b73e1-68cf-4889-b11b-976f48c2d739', 'LAPTOP-826-RS-7AF1', 1589, 75, '{"color": "Red", "size": "S"}');
INSERT INTO product_variants (id, product_id, sku, price, stock_quantity, attributes) VALUES ('0c4afdcc-e68c-4d03-a539-2cdc1228783a', '868b73e1-68cf-4889-b11b-976f48c2d739', 'LAPTOP-826-GX-0C4A', 4716, 125, '{"color": "Gold", "size": "XL"}');
INSERT INTO product_variants (id, product_id, sku, price, stock_quantity, attributes) VALUES ('f874c589-fc91-49eb-8b2c-83e0d6c04715', '868b73e1-68cf-4889-b11b-976f48c2d739', 'LAPTOP-826-B2-F874', 3189, 10, '{"color": "Blue", "size": "256GB"}');
INSERT INTO products (id, name, slug, description, category_id) VALUES ('b11f546a-0fee-46d1-99b8-f5604fabd4c3', 'Premium Headphones 417', 'premium-headphones-417-b11f54', 'Description for Premium Headphones 417. Optimized for search and performance test.', 'ed643e75-8422-4e91-a0b1-5ab3d8cf1f9d');
INSERT INTO product_variants (id, product_id, sku, price, stock_quantity, attributes) VALUES ('155c3d52-72ae-44a3-8a01-b4cb476bf141', 'b11f546a-0fee-46d1-99b8-f5604fabd4c3', 'HEADPHONES-417-W1-155C', 3398, 95, '{"color": "White", "size": "128GB"}');
INSERT INTO product_variants (id, product_id, sku, price, stock_quantity, attributes) VALUES ('4060edb6-fcff-43c8-a42d-459708341550', 'b11f546a-0fee-46d1-99b8-f5604fabd4c3', 'HEADPHONES-417-GL-4060', 4324, 84, '{"color": "Green", "size": "L"}');
INSERT INTO product_variants (id, product_id, sku, price, stock_quantity, attributes) VALUES ('768b987c-f8a7-4607-a612-80b97db35279', 'b11f546a-0fee-46d1-99b8-f5604fabd4c3', 'HEADPHONES-417-BS-768B', 1501, 111, '{"color": "Blue", "size": "S"}');
INSERT INTO products (id, name, slug, description, category_id) VALUES ('8d103636-7f93-4a6b-9b54-a5e0a8fb600b', 'Premium Headphones 195', 'premium-headphones-195-8d1036', 'Description for Premium Headphones 195. Optimized for search and performance test.', 'ed643e75-8422-4e91-a0b1-5ab3d8cf1f9d');
INSERT INTO product_variants (id, product_id, sku, price, stock_quantity, attributes) VALUES ('631726cc-c1e8-40c6-83b9-8ef54ba900f9', '8d103636-7f93-4a6b-9b54-a5e0a8fb600b', 'HEADPHONES-195-G1-6317', 1714, 85, '{"color": "Gold", "size": "16GB RAM"}');
INSERT INTO product_variants (id, product_id, sku, price, stock_quantity, attributes) VALUES ('183ad706-6ee8-42c0-bb3a-782717d6c757', '8d103636-7f93-4a6b-9b54-a5e0a8fb600b', 'HEADPHONES-195-BS-183A', 2264, 153, '{"color": "Blue", "size": "S"}');
INSERT INTO product_variants (id, product_id, sku, price, stock_quantity, attributes) VALUES ('d3f66afd-7185-4ccf-95ab-b41277b4c395', '8d103636-7f93-4a6b-9b54-a5e0a8fb600b', 'HEADPHONES-195-S1-D3F6', 988, 68, '{"color": "Silver", "size": "16GB RAM"}');
INSERT INTO products (id, name, slug, description, category_id) VALUES ('ed8911c6-6daf-4ab5-b33b-13490b7aed17', 'Premium Dress 519', 'premium-dress-519-ed8911', 'Description for Premium Dress 519. Optimized for search and performance test.', 'ed643e75-8422-4e91-a0b1-5ab3d8cf1f9d');
INSERT INTO product_variants (id, product_id, sku, price, stock_quantity, attributes) VALUES ('a3ed3667-a622-46f6-ae7c-3af02e17951b', 'ed8911c6-6daf-4ab5-b33b-13490b7aed17', 'DRESS-519-SL-A3ED', 4686, 193, '{"color": "Silver", "size": "L"}');
INSERT INTO product_variants (id, product_id, sku, price, stock_quantity, attributes) VALUES ('20d3105f-2016-49e8-b37f-c51c3e278040', 'ed8911c6-6daf-4ab5-b33b-13490b7aed17', 'DRESS-519-BX-20D3', 106, 147, '{"color": "Blue", "size": "XL"}');
INSERT INTO product_variants (id, product_id, sku, price, stock_quantity, attributes) VALUES ('19ddc595-99e5-4125-b64c-88bfe8dedacf', 'ed8911c6-6daf-4ab5-b33b-13490b7aed17', 'DRESS-519-R2-19DD', 1284, 147, '{"color": "Red", "size": "256GB"}');
INSERT INTO products (id, name, slug, description, category_id) VALUES ('c3f6329e-0a2c-4e42-8f82-257e3d70dbd7', 'Premium Phone 926', 'premium-phone-926-c3f632', 'Description for Premium Phone 926. Optimized for search and performance test.', 'ed643e75-8422-4e91-a0b1-5ab3d8cf1f9d');
INSERT INTO product_variants (id, product_id, sku, price, stock_quantity, attributes) VALUES ('e1b7bc67-8283-44ba-81d0-7b7294f8995c', 'c3f6329e-0a2c-4e42-8f82-257e3d70dbd7', 'PHONE-926-S8-E1B7', 4400, 72, '{"color": "Silver", "size": "8GB RAM"}');
INSERT INTO product_variants (id, product_id, sku, price, stock_quantity, attributes) VALUES ('35b79521-17cf-4151-8f8b-b777b0042b4b', 'c3f6329e-0a2c-4e42-8f82-257e3d70dbd7', 'PHONE-926-GL-35B7', 4945, 91, '{"color": "Gold", "size": "L"}');
INSERT INTO product_variants (id, product_id, sku, price, stock_quantity, attributes) VALUES ('8e6e171c-8fc3-43bf-b1cd-aac322b42dda', 'c3f6329e-0a2c-4e42-8f82-257e3d70dbd7', 'PHONE-926-SL-8E6E', 2666, 16, '{"color": "Silver", "size": "L"}');
INSERT INTO products (id, name, slug, description, category_id) VALUES ('70d985e4-2404-43e7-8479-4de24865940e', 'Premium Speaker 150', 'premium-speaker-150-70d985', 'Description for Premium Speaker 150. Optimized for search and performance test.', 'ed643e75-8422-4e91-a0b1-5ab3d8cf1f9d');
INSERT INTO product_variants (id, product_id, sku, price, stock_quantity, attributes) VALUES ('b7f26c9a-f9d7-450f-9041-f05d3792b3ea', '70d985e4-2404-43e7-8479-4de24865940e', 'SPEAKER-150-GX-B7F2', 1194, 84, '{"color": "Gold", "size": "XL"}');
INSERT INTO product_variants (id, product_id, sku, price, stock_quantity, attributes) VALUES ('99143898-bac9-4680-8087-afa4ff0b232b', '70d985e4-2404-43e7-8479-4de24865940e', 'SPEAKER-150-R6-9914', 3622, 98, '{"color": "Red", "size": "64GB"}');
INSERT INTO product_variants (id, product_id, sku, price, stock_quantity, attributes) VALUES ('a1d36b05-0af4-43b4-9fdc-147130b0af03', '70d985e4-2404-43e7-8479-4de24865940e', 'SPEAKER-150-RS-A1D3', 4930, 97, '{"color": "Red", "size": "S"}');
INSERT INTO products (id, name, slug, description, category_id) VALUES ('a07036f4-c79a-42fd-8c99-d95debcb4bff', 'Elegant Monitor 500', 'elegant-monitor-500-a07036', 'Description for Elegant Monitor 500. Optimized for search and performance test.', 'ed643e75-8422-4e91-a0b1-5ab3d8cf1f9d');
INSERT INTO product_variants (id, product_id, sku, price, stock_quantity, attributes) VALUES ('8a0076e7-db32-400d-a54d-1a64cb58d80f', 'a07036f4-c79a-42fd-8c99-d95debcb4bff', 'MONITOR-500-GL-8A00', 1147, 105, '{"color": "Gold", "size": "L"}');
INSERT INTO product_variants (id, product_id, sku, price, stock_quantity, attributes) VALUES ('020e2dd8-8e7b-4aa1-ac5a-740187ffe43f', 'a07036f4-c79a-42fd-8c99-d95debcb4bff', 'MONITOR-500-GX-020E', 4053, 152, '{"color": "Gold", "size": "XL"}');
INSERT INTO product_variants (id, product_id, sku, price, stock_quantity, attributes) VALUES ('03a75353-5f3f-4ee7-8aff-ef45eac0ef17', 'a07036f4-c79a-42fd-8c99-d95debcb4bff', 'MONITOR-500-GS-03A7', 798, 94, '{"color": "Green", "size": "S"}');
INSERT INTO products (id, name, slug, description, category_id) VALUES ('5483d505-bf60-4205-859d-28f1aea69761', 'Pro Shirt 322', 'pro-shirt-322-5483d5', 'Description for Pro Shirt 322. Optimized for search and performance test.', 'ed643e75-8422-4e91-a0b1-5ab3d8cf1f9d');
INSERT INTO product_variants (id, product_id, sku, price, stock_quantity, attributes) VALUES ('40f3eeea-4844-48ce-899d-c57e523a24d0', '5483d505-bf60-4205-859d-28f1aea69761', 'SHIRT-322-SL-40F3', 542, 198, '{"color": "Silver", "size": "L"}');
INSERT INTO product_variants (id, product_id, sku, price, stock_quantity, attributes) VALUES ('cc001ba2-d55b-4da7-930e-8c392127c54b', '5483d505-bf60-4205-859d-28f1aea69761', 'SHIRT-322-W2-CC00', 3031, 179, '{"color": "White", "size": "256GB"}');
INSERT INTO product_variants (id, product_id, sku, price, stock_quantity, attributes) VALUES ('b6dd5551-a3a5-4c7c-842c-fd83cc43555f', '5483d505-bf60-4205-859d-28f1aea69761', 'SHIRT-322-G2-B6DD', 3452, 195, '{"color": "Green", "size": "256GB"}');
INSERT INTO products (id, name, slug, description, category_id) VALUES ('e440c071-b77b-462e-a5f1-120680b04214', 'Ultra Laptop 772', 'ultra-laptop-772-e440c0', 'Description for Ultra Laptop 772. Optimized for search and performance test.', 'ed643e75-8422-4e91-a0b1-5ab3d8cf1f9d');
INSERT INTO product_variants (id, product_id, sku, price, stock_quantity, attributes) VALUES ('4ef3e378-2f6e-4f0b-a707-18172d47246f', 'e440c071-b77b-462e-a5f1-120680b04214', 'LAPTOP-772-GS-4EF3', 941, 152, '{"color": "Green", "size": "S"}');
INSERT INTO product_variants (id, product_id, sku, price, stock_quantity, attributes) VALUES ('999c48e8-8f10-490e-a22a-7d7dd4232ee7', 'e440c071-b77b-462e-a5f1-120680b04214', 'LAPTOP-772-WL-999C', 1666, 158, '{"color": "White", "size": "L"}');
INSERT INTO product_variants (id, product_id, sku, price, stock_quantity, attributes) VALUES ('ab75de32-1a26-4192-962b-4aaac2958448', 'e440c071-b77b-462e-a5f1-120680b04214', 'LAPTOP-772-GX-AB75', 2020, 160, '{"color": "Gold", "size": "XXL"}');
INSERT INTO products (id, name, slug, description, category_id) VALUES ('a10689c0-5978-4ff3-a836-a7a14d87404c', 'Ultra Phone 107', 'ultra-phone-107-a10689', 'Description for Ultra Phone 107. Optimized for search and performance test.', 'ed643e75-8422-4e91-a0b1-5ab3d8cf1f9d');
INSERT INTO product_variants (id, product_id, sku, price, stock_quantity, attributes) VALUES ('2c19334f-0368-4a4a-97c7-d1750e1dc294', 'a10689c0-5978-4ff3-a836-a7a14d87404c', 'PHONE-107-G2-2C19', 3556, 36, '{"color": "Green", "size": "256GB"}');
INSERT INTO product_variants (id, product_id, sku, price, stock_quantity, attributes) VALUES ('213616df-f7fa-4172-b51f-90c92e20ff92', 'a10689c0-5978-4ff3-a836-a7a14d87404c', 'PHONE-107-SL-2136', 2283, 63, '{"color": "Silver", "size": "L"}');
INSERT INTO product_variants (id, product_id, sku, price, stock_quantity, attributes) VALUES ('4dc4d5a9-b107-4fbb-9ef6-2714284a98b1', 'a10689c0-5978-4ff3-a836-a7a14d87404c', 'PHONE-107-B6-4DC4', 1152, 72, '{"color": "Black", "size": "64GB"}');
INSERT INTO products (id, name, slug, description, category_id) VALUES ('83ad7a6f-1470-4991-9376-2ea8f2a0606e', 'Pro Laptop 318', 'pro-laptop-318-83ad7a', 'Description for Pro Laptop 318. Optimized for search and performance test.', 'ed643e75-8422-4e91-a0b1-5ab3d8cf1f9d');
INSERT INTO product_variants (id, product_id, sku, price, stock_quantity, attributes) VALUES ('78040cf9-3187-40e8-b293-facafb0d1644', '83ad7a6f-1470-4991-9376-2ea8f2a0606e', 'LAPTOP-318-GX-7804', 1705, 37, '{"color": "Gold", "size": "XXL"}');
INSERT INTO product_variants (id, product_id, sku, price, stock_quantity, attributes) VALUES ('e7810e8d-2eab-4b9e-a927-a7bab81dc0f3', '83ad7a6f-1470-4991-9376-2ea8f2a0606e', 'LAPTOP-318-R6-E781', 282, 78, '{"color": "Red", "size": "64GB"}');
INSERT INTO product_variants (id, product_id, sku, price, stock_quantity, attributes) VALUES ('ba1e0da5-13f5-4300-9a89-08800b7f845f', '83ad7a6f-1470-4991-9376-2ea8f2a0606e', 'LAPTOP-318-B1-BA1E', 2513, 68, '{"color": "Blue", "size": "16GB RAM"}');
INSERT INTO products (id, name, slug, description, category_id) VALUES ('c8ebee6b-ae11-4bc8-96d5-a13c3f8b3c60', 'Smart Phone 181', 'smart-phone-181-c8ebee', 'Description for Smart Phone 181. Optimized for search and performance test.', '8ae3249d-85a3-4861-a5ef-76296bc2d6bb');
INSERT INTO product_variants (id, product_id, sku, price, stock_quantity, attributes) VALUES ('04669172-97a4-40c4-bbaa-d5216376f1e4', 'c8ebee6b-ae11-4bc8-96d5-a13c3f8b3c60', 'PHONE-181-B8-0466', 4709, 51, '{"color": "Black", "size": "8GB RAM"}');
INSERT INTO product_variants (id, product_id, sku, price, stock_quantity, attributes) VALUES ('a1929cfd-0c5c-4882-a85a-1f57867a1260', 'c8ebee6b-ae11-4bc8-96d5-a13c3f8b3c60', 'PHONE-181-SS-A192', 1770, 70, '{"color": "Silver", "size": "S"}');
INSERT INTO product_variants (id, product_id, sku, price, stock_quantity, attributes) VALUES ('6ff079f1-4048-4e07-9880-72e9d428fd0c', 'c8ebee6b-ae11-4bc8-96d5-a13c3f8b3c60', 'PHONE-181-SX-6FF0', 327, 129, '{"color": "Silver", "size": "XL"}');
INSERT INTO products (id, name, slug, description, category_id) VALUES ('63ec47df-3772-4f6d-bcd3-bc9f32c47d6f', 'Premium Monitor 975', 'premium-monitor-975-63ec47', 'Description for Premium Monitor 975. Optimized for search and performance test.', '8ae3249d-85a3-4861-a5ef-76296bc2d6bb');
INSERT INTO product_variants (id, product_id, sku, price, stock_quantity, attributes) VALUES ('921a9a4e-77f3-46c6-9e16-2e24d5bccd3b', '63ec47df-3772-4f6d-bcd3-bc9f32c47d6f', 'MONITOR-975-BS-921A', 3421, 44, '{"color": "Blue", "size": "S"}');
INSERT INTO product_variants (id, product_id, sku, price, stock_quantity, attributes) VALUES ('e935649b-a23d-4696-8986-cbbb5884bacc', '63ec47df-3772-4f6d-bcd3-bc9f32c47d6f', 'MONITOR-975-G1-E935', 549, 117, '{"color": "Green", "size": "128GB"}');
INSERT INTO product_variants (id, product_id, sku, price, stock_quantity, attributes) VALUES ('194cdf88-c4a8-4faf-9708-988f303ffc3a', '63ec47df-3772-4f6d-bcd3-bc9f32c47d6f', 'MONITOR-975-BX-194C', 517, 53, '{"color": "Blue", "size": "XXL"}');
INSERT INTO products (id, name, slug, description, category_id) VALUES ('2e353ad6-36df-4e81-b648-1e125b798320', 'Lite Shirt 850', 'lite-shirt-850-2e353a', 'Description for Lite Shirt 850. Optimized for search and performance test.', '8ae3249d-85a3-4861-a5ef-76296bc2d6bb');
INSERT INTO product_variants (id, product_id, sku, price, stock_quantity, attributes) VALUES ('d4ab0089-1289-4680-a829-e38349c0e2fe', '2e353ad6-36df-4e81-b648-1e125b798320', 'SHIRT-850-RX-D4AB', 3337, 23, '{"color": "Red", "size": "XXL"}');
INSERT INTO product_variants (id, product_id, sku, price, stock_quantity, attributes) VALUES ('9234e587-3ab4-479d-893a-863fa39352a7', '2e353ad6-36df-4e81-b648-1e125b798320', 'SHIRT-850-GM-9234', 2339, 185, '{"color": "Green", "size": "M"}');
INSERT INTO product_variants (id, product_id, sku, price, stock_quantity, attributes) VALUES ('029e10ee-645d-4d6e-aaf3-61529a83e06a', '2e353ad6-36df-4e81-b648-1e125b798320', 'SHIRT-850-G1-029E', 1371, 128, '{"color": "Green", "size": "128GB"}');
INSERT INTO products (id, name, slug, description, category_id) VALUES ('980f4480-48f2-482c-a7cb-1ebda4490ab4', 'Elegant Backpack 677', 'elegant-backpack-677-980f44', 'Description for Elegant Backpack 677. Optimized for search and performance test.', '8ae3249d-85a3-4861-a5ef-76296bc2d6bb');
INSERT INTO product_variants (id, product_id, sku, price, stock_quantity, attributes) VALUES ('98e9a86d-3f58-42ab-8310-7b555d1bfa94', '980f4480-48f2-482c-a7cb-1ebda4490ab4', 'BACKPACK-677-RX-98E9', 4678, 107, '{"color": "Red", "size": "XXL"}');
INSERT INTO product_variants (id, product_id, sku, price, stock_quantity, attributes) VALUES ('53fb1029-0cbb-45cd-b155-8629bf722608', '980f4480-48f2-482c-a7cb-1ebda4490ab4', 'BACKPACK-677-G1-53FB', 4524, 17, '{"color": "Gold", "size": "16GB RAM"}');
INSERT INTO product_variants (id, product_id, sku, price, stock_quantity, attributes) VALUES ('f0defee9-1b9b-49dd-aa55-e3280ab228ae', '980f4480-48f2-482c-a7cb-1ebda4490ab4', 'BACKPACK-677-SX-F0DE', 1292, 60, '{"color": "Silver", "size": "XXL"}');
INSERT INTO products (id, name, slug, description, category_id) VALUES ('3c5dfab0-b5ca-42c9-b44e-034080e54d37', 'Ultra Bed 917', 'ultra-bed-917-3c5dfa', 'Description for Ultra Bed 917. Optimized for search and performance test.', '8ae3249d-85a3-4861-a5ef-76296bc2d6bb');
INSERT INTO product_variants (id, product_id, sku, price, stock_quantity, attributes) VALUES ('45ee5d4b-80ab-4079-b478-d174d7cdb0ab', '3c5dfab0-b5ca-42c9-b44e-034080e54d37', 'BED-917-SX-45EE', 329, 108, '{"color": "Silver", "size": "XL"}');
INSERT INTO product_variants (id, product_id, sku, price, stock_quantity, attributes) VALUES ('872a5bb9-90ff-4012-94b6-a71dc3601b6f', '3c5dfab0-b5ca-42c9-b44e-034080e54d37', 'BED-917-WX-872A', 3258, 127, '{"color": "White", "size": "XL"}');
INSERT INTO product_variants (id, product_id, sku, price, stock_quantity, attributes) VALUES ('3263d0f9-f4b1-4194-a4bc-9a0bd0a63ebc', '3c5dfab0-b5ca-42c9-b44e-034080e54d37', 'BED-917-SM-3263', 4659, 162, '{"color": "Silver", "size": "M"}');
INSERT INTO products (id, name, slug, description, category_id) VALUES ('f1ce7a97-3e4f-48bf-bda4-ea761c97be4b', 'Eco Laptop 448', 'eco-laptop-448-f1ce7a', 'Description for Eco Laptop 448. Optimized for search and performance test.', '8ae3249d-85a3-4861-a5ef-76296bc2d6bb');
INSERT INTO product_variants (id, product_id, sku, price, stock_quantity, attributes) VALUES ('cec7a141-0ec3-4375-8c8e-e9a049ab269e', 'f1ce7a97-3e4f-48bf-bda4-ea761c97be4b', 'LAPTOP-448-G1-CEC7', 1754, 39, '{"color": "Gold", "size": "128GB"}');
INSERT INTO product_variants (id, product_id, sku, price, stock_quantity, attributes) VALUES ('abecfdc9-7c87-4422-a8d3-a1e6dc9d3cdb', 'f1ce7a97-3e4f-48bf-bda4-ea761c97be4b', 'LAPTOP-448-G1-ABEC', 2853, 109, '{"color": "Green", "size": "16GB RAM"}');
INSERT INTO product_variants (id, product_id, sku, price, stock_quantity, attributes) VALUES ('8a44401a-fd9e-485b-8fec-671e3b5acaaf', 'f1ce7a97-3e4f-48bf-bda4-ea761c97be4b', 'LAPTOP-448-GM-8A44', 3276, 59, '{"color": "Gold", "size": "M"}');
INSERT INTO products (id, name, slug, description, category_id) VALUES ('74875ba4-c119-449e-bdaf-8fae2c4bd4ce', 'Ultra Laptop 955', 'ultra-laptop-955-74875b', 'Description for Ultra Laptop 955. Optimized for search and performance test.', '8ae3249d-85a3-4861-a5ef-76296bc2d6bb');
INSERT INTO product_variants (id, product_id, sku, price, stock_quantity, attributes) VALUES ('2dc1aaa2-ccb3-4338-918f-ee2a9e144fff', '74875ba4-c119-449e-bdaf-8fae2c4bd4ce', 'LAPTOP-955-G1-2DC1', 1192, 153, '{"color": "Gold", "size": "16GB RAM"}');
INSERT INTO product_variants (id, product_id, sku, price, stock_quantity, attributes) VALUES ('9458a077-34df-42b3-bb2f-b1f6862b60fc', '74875ba4-c119-449e-bdaf-8fae2c4bd4ce', 'LAPTOP-955-G1-9458', 1674, 164, '{"color": "Gold", "size": "128GB"}');
INSERT INTO product_variants (id, product_id, sku, price, stock_quantity, attributes) VALUES ('9c9d608a-5c4d-4d5c-939f-bb786584fe6b', '74875ba4-c119-449e-bdaf-8fae2c4bd4ce', 'LAPTOP-955-GX-9C9D', 4808, 117, '{"color": "Gold", "size": "XL"}');
INSERT INTO products (id, name, slug, description, category_id) VALUES ('f45c76c9-3ffc-47aa-ae00-7e30ec16dc40', 'Ultra Table 213', 'ultra-table-213-f45c76', 'Description for Ultra Table 213. Optimized for search and performance test.', '8ae3249d-85a3-4861-a5ef-76296bc2d6bb');
INSERT INTO product_variants (id, product_id, sku, price, stock_quantity, attributes) VALUES ('4cd3c789-490d-4fef-8798-c2d156e1fc25', 'f45c76c9-3ffc-47aa-ae00-7e30ec16dc40', 'TABLE-213-R6-4CD3', 929, 187, '{"color": "Red", "size": "64GB"}');
INSERT INTO product_variants (id, product_id, sku, price, stock_quantity, attributes) VALUES ('becd873a-db46-4f18-8fa7-c0a3664a9325', 'f45c76c9-3ffc-47aa-ae00-7e30ec16dc40', 'TABLE-213-S8-BECD', 4581, 39, '{"color": "Silver", "size": "8GB RAM"}');
INSERT INTO product_variants (id, product_id, sku, price, stock_quantity, attributes) VALUES ('c0f1ab1f-3c8f-4ad7-ab81-bb2fd6aad87b', 'f45c76c9-3ffc-47aa-ae00-7e30ec16dc40', 'TABLE-213-G1-C0F1', 2551, 100, '{"color": "Green", "size": "16GB RAM"}');
INSERT INTO products (id, name, slug, description, category_id) VALUES ('bd5bafbc-b49e-49a5-96bd-eb380081a501', 'Elegant Table 839', 'elegant-table-839-bd5baf', 'Description for Elegant Table 839. Optimized for search and performance test.', '8ae3249d-85a3-4861-a5ef-76296bc2d6bb');
INSERT INTO product_variants (id, product_id, sku, price, stock_quantity, attributes) VALUES ('b4b0a048-b8de-4f7f-96f0-c8e9cc1f78ce', 'bd5bafbc-b49e-49a5-96bd-eb380081a501', 'TABLE-839-SX-B4B0', 3979, 153, '{"color": "Silver", "size": "XL"}');
INSERT INTO product_variants (id, product_id, sku, price, stock_quantity, attributes) VALUES ('7a7b89ef-f559-4ba8-9d54-5d07a7c0ec25', 'bd5bafbc-b49e-49a5-96bd-eb380081a501', 'TABLE-839-G1-7A7B', 2082, 33, '{"color": "Gold", "size": "128GB"}');
INSERT INTO product_variants (id, product_id, sku, price, stock_quantity, attributes) VALUES ('df154cc7-8650-4255-bf77-7f8a418979b6', 'bd5bafbc-b49e-49a5-96bd-eb380081a501', 'TABLE-839-G2-DF15', 4680, 175, '{"color": "Gold", "size": "256GB"}');
INSERT INTO products (id, name, slug, description, category_id) VALUES ('594a2397-c54e-4377-abdb-8ce54342ea88', 'Premium Headphones 354', 'premium-headphones-354-594a23', 'Description for Premium Headphones 354. Optimized for search and performance test.', '8ae3249d-85a3-4861-a5ef-76296bc2d6bb');
INSERT INTO product_variants (id, product_id, sku, price, stock_quantity, attributes) VALUES ('b9f3b7c5-4db6-4491-9048-02dc63205852', '594a2397-c54e-4377-abdb-8ce54342ea88', 'HEADPHONES-354-R6-B9F3', 2795, 14, '{"color": "Red", "size": "64GB"}');
INSERT INTO product_variants (id, product_id, sku, price, stock_quantity, attributes) VALUES ('4862a2a8-89eb-4839-90af-d11b43ce80c1', '594a2397-c54e-4377-abdb-8ce54342ea88', 'HEADPHONES-354-RX-4862', 2764, 60, '{"color": "Red", "size": "XXL"}');
INSERT INTO product_variants (id, product_id, sku, price, stock_quantity, attributes) VALUES ('ad019a00-e85d-4651-88df-ae3f3450e104', '594a2397-c54e-4377-abdb-8ce54342ea88', 'HEADPHONES-354-RX-AD01', 3044, 171, '{"color": "Red", "size": "XXL"}');
INSERT INTO products (id, name, slug, description, category_id) VALUES ('2a3090d3-d65a-4818-be48-54fd4fd764af', 'Lite Camera 170', 'lite-camera-170-2a3090', 'Description for Lite Camera 170. Optimized for search and performance test.', '8ae3249d-85a3-4861-a5ef-76296bc2d6bb');
INSERT INTO product_variants (id, product_id, sku, price, stock_quantity, attributes) VALUES ('e096f43c-a65d-4086-8893-47f668fac1c1', '2a3090d3-d65a-4818-be48-54fd4fd764af', 'CAMERA-170-S8-E096', 325, 103, '{"color": "Silver", "size": "8GB RAM"}');
INSERT INTO product_variants (id, product_id, sku, price, stock_quantity, attributes) VALUES ('a218f305-062c-4907-8b0d-42a13ce56ff1', '2a3090d3-d65a-4818-be48-54fd4fd764af', 'CAMERA-170-RS-A218', 2317, 194, '{"color": "Red", "size": "S"}');
INSERT INTO product_variants (id, product_id, sku, price, stock_quantity, attributes) VALUES ('818ba73a-8e86-42d3-9a97-dbc26b39d8dd', '2a3090d3-d65a-4818-be48-54fd4fd764af', 'CAMERA-170-B1-818B', 1896, 35, '{"color": "Black", "size": "128GB"}');
INSERT INTO products (id, name, slug, description, category_id) VALUES ('224de998-cf2e-470f-ad86-46f49e8771e0', 'Original Phone 961', 'original-phone-961-224de9', 'Description for Original Phone 961. Optimized for search and performance test.', '8ae3249d-85a3-4861-a5ef-76296bc2d6bb');
INSERT INTO product_variants (id, product_id, sku, price, stock_quantity, attributes) VALUES ('3515242b-a1f2-465e-abe3-d872fae9830a', '224de998-cf2e-470f-ad86-46f49e8771e0', 'PHONE-961-GX-3515', 4648, 142, '{"color": "Gold", "size": "XL"}');
INSERT INTO product_variants (id, product_id, sku, price, stock_quantity, attributes) VALUES ('968b1ccc-08f1-453d-988d-991fbba62cfd', '224de998-cf2e-470f-ad86-46f49e8771e0', 'PHONE-961-WL-968B', 3513, 72, '{"color": "White", "size": "L"}');
INSERT INTO product_variants (id, product_id, sku, price, stock_quantity, attributes) VALUES ('3f6254b1-dfef-4b07-900f-50c00ad839a0', '224de998-cf2e-470f-ad86-46f49e8771e0', 'PHONE-961-G1-3F62', 2409, 44, '{"color": "Gold", "size": "16GB RAM"}');
INSERT INTO products (id, name, slug, description, category_id) VALUES ('250a5f8c-843f-4c59-9d41-4942e798c41d', 'Lite Laptop 210', 'lite-laptop-210-250a5f', 'Description for Lite Laptop 210. Optimized for search and performance test.', '8ae3249d-85a3-4861-a5ef-76296bc2d6bb');
INSERT INTO product_variants (id, product_id, sku, price, stock_quantity, attributes) VALUES ('9d3f61a9-63e3-4236-862f-d9d5fdd1e296', '250a5f8c-843f-4c59-9d41-4942e798c41d', 'LAPTOP-210-G6-9D3F', 656, 61, '{"color": "Gold", "size": "64GB"}');
INSERT INTO product_variants (id, product_id, sku, price, stock_quantity, attributes) VALUES ('ede20c73-6dbb-4289-8b5a-e553f3164f8d', '250a5f8c-843f-4c59-9d41-4942e798c41d', 'LAPTOP-210-R8-EDE2', 2225, 113, '{"color": "Red", "size": "8GB RAM"}');
INSERT INTO product_variants (id, product_id, sku, price, stock_quantity, attributes) VALUES ('abfc4700-c91b-435c-9235-d7204d857d41', '250a5f8c-843f-4c59-9d41-4942e798c41d', 'LAPTOP-210-B2-ABFC', 856, 141, '{"color": "Black", "size": "256GB"}');
INSERT INTO products (id, name, slug, description, category_id) VALUES ('8b8cc666-a423-4fd9-858d-4c6fbb72b070', 'Lite Phone 496', 'lite-phone-496-8b8cc6', 'Description for Lite Phone 496. Optimized for search and performance test.', '8ae3249d-85a3-4861-a5ef-76296bc2d6bb');
INSERT INTO product_variants (id, product_id, sku, price, stock_quantity, attributes) VALUES ('83383984-c703-4254-98b4-ae8b0232fdc5', '8b8cc666-a423-4fd9-858d-4c6fbb72b070', 'PHONE-496-GX-8338', 1076, 87, '{"color": "Green", "size": "XL"}');
INSERT INTO product_variants (id, product_id, sku, price, stock_quantity, attributes) VALUES ('fb93d4a9-79bd-40cd-b183-63790a89078d', '8b8cc666-a423-4fd9-858d-4c6fbb72b070', 'PHONE-496-G8-FB93', 3179, 98, '{"color": "Gold", "size": "8GB RAM"}');
INSERT INTO product_variants (id, product_id, sku, price, stock_quantity, attributes) VALUES ('7753eeb8-ed59-4f05-8313-acd797265748', '8b8cc666-a423-4fd9-858d-4c6fbb72b070', 'PHONE-496-RM-7753', 2752, 13, '{"color": "Red", "size": "M"}');
INSERT INTO products (id, name, slug, description, category_id) VALUES ('ad6cca78-72dd-4a90-b7e7-a01300aff2df', 'Premium Bed 517', 'premium-bed-517-ad6cca', 'Description for Premium Bed 517. Optimized for search and performance test.', '8ae3249d-85a3-4861-a5ef-76296bc2d6bb');
INSERT INTO product_variants (id, product_id, sku, price, stock_quantity, attributes) VALUES ('74200571-8af8-4da4-9409-e6591b5a3407', 'ad6cca78-72dd-4a90-b7e7-a01300aff2df', 'BED-517-BS-7420', 2250, 122, '{"color": "Blue", "size": "S"}');
INSERT INTO product_variants (id, product_id, sku, price, stock_quantity, attributes) VALUES ('5de3cc0d-764f-4338-96a6-4cdeeb1e3310', 'ad6cca78-72dd-4a90-b7e7-a01300aff2df', 'BED-517-B8-5DE3', 4672, 75, '{"color": "Blue", "size": "8GB RAM"}');
INSERT INTO product_variants (id, product_id, sku, price, stock_quantity, attributes) VALUES ('b36cd64c-5d6e-4e55-8368-cf5154716529', 'ad6cca78-72dd-4a90-b7e7-a01300aff2df', 'BED-517-R8-B36C', 3818, 187, '{"color": "Red", "size": "8GB RAM"}');
INSERT INTO products (id, name, slug, description, category_id) VALUES ('b4baadfc-e928-4bc8-a9e9-2298b16c3083', 'Lite Headphones 143', 'lite-headphones-143-b4baad', 'Description for Lite Headphones 143. Optimized for search and performance test.', '8ae3249d-85a3-4861-a5ef-76296bc2d6bb');
INSERT INTO product_variants (id, product_id, sku, price, stock_quantity, attributes) VALUES ('aa7bdb41-80b2-40d2-b5f2-3e15aaf0a527', 'b4baadfc-e928-4bc8-a9e9-2298b16c3083', 'HEADPHONES-143-BM-AA7B', 3432, 91, '{"color": "Blue", "size": "M"}');
INSERT INTO product_variants (id, product_id, sku, price, stock_quantity, attributes) VALUES ('06090ad5-d97e-40e1-a03f-8f869906baee', 'b4baadfc-e928-4bc8-a9e9-2298b16c3083', 'HEADPHONES-143-B1-0609', 2030, 57, '{"color": "Blue", "size": "16GB RAM"}');
INSERT INTO product_variants (id, product_id, sku, price, stock_quantity, attributes) VALUES ('6c14388c-09d4-4e3c-9f05-11d901498677', 'b4baadfc-e928-4bc8-a9e9-2298b16c3083', 'HEADPHONES-143-S8-6C14', 3152, 128, '{"color": "Silver", "size": "8GB RAM"}');
INSERT INTO products (id, name, slug, description, category_id) VALUES ('9b61f4ab-ef27-4fc7-a356-42182f58812a', 'Pro Monitor 877', 'pro-monitor-877-9b61f4', 'Description for Pro Monitor 877. Optimized for search and performance test.', '8ae3249d-85a3-4861-a5ef-76296bc2d6bb');
INSERT INTO product_variants (id, product_id, sku, price, stock_quantity, attributes) VALUES ('d42fa878-b762-4525-924b-0f1ef704e460', '9b61f4ab-ef27-4fc7-a356-42182f58812a', 'MONITOR-877-R8-D42F', 4109, 92, '{"color": "Red", "size": "8GB RAM"}');
INSERT INTO product_variants (id, product_id, sku, price, stock_quantity, attributes) VALUES ('901aa5e9-8d71-4961-97d7-2ab7643ba282', '9b61f4ab-ef27-4fc7-a356-42182f58812a', 'MONITOR-877-G6-901A', 2326, 93, '{"color": "Green", "size": "64GB"}');
INSERT INTO product_variants (id, product_id, sku, price, stock_quantity, attributes) VALUES ('2ef49f56-1944-4af6-bd3f-12a20d916a59', '9b61f4ab-ef27-4fc7-a356-42182f58812a', 'MONITOR-877-G2-2EF4', 3462, 160, '{"color": "Gold", "size": "256GB"}');
INSERT INTO products (id, name, slug, description, category_id) VALUES ('bc5554c2-dd58-47fc-824a-60fdd9b84368', 'Eco Backpack 258', 'eco-backpack-258-bc5554', 'Description for Eco Backpack 258. Optimized for search and performance test.', '8ae3249d-85a3-4861-a5ef-76296bc2d6bb');
INSERT INTO product_variants (id, product_id, sku, price, stock_quantity, attributes) VALUES ('344d702f-6f7d-4b97-b281-217cfc24d8b4', 'bc5554c2-dd58-47fc-824a-60fdd9b84368', 'BACKPACK-258-G2-344D', 4323, 141, '{"color": "Green", "size": "256GB"}');
INSERT INTO product_variants (id, product_id, sku, price, stock_quantity, attributes) VALUES ('3ea9e5aa-f496-485a-b483-cb2dbf93e939', 'bc5554c2-dd58-47fc-824a-60fdd9b84368', 'BACKPACK-258-G8-3EA9', 437, 79, '{"color": "Gold", "size": "8GB RAM"}');
INSERT INTO product_variants (id, product_id, sku, price, stock_quantity, attributes) VALUES ('d9c84e21-a70f-4402-8375-cbe95dbb9604', 'bc5554c2-dd58-47fc-824a-60fdd9b84368', 'BACKPACK-258-WM-D9C8', 549, 198, '{"color": "White", "size": "M"}');
INSERT INTO products (id, name, slug, description, category_id) VALUES ('00e354f0-d54a-480d-ade7-e528424356dd', 'Elegant Headphones 347', 'elegant-headphones-347-00e354', 'Description for Elegant Headphones 347. Optimized for search and performance test.', '8ae3249d-85a3-4861-a5ef-76296bc2d6bb');
INSERT INTO product_variants (id, product_id, sku, price, stock_quantity, attributes) VALUES ('c88e16c8-ced8-46d0-8df6-74993271ab60', '00e354f0-d54a-480d-ade7-e528424356dd', 'HEADPHONES-347-B8-C88E', 3753, 187, '{"color": "Blue", "size": "8GB RAM"}');
INSERT INTO product_variants (id, product_id, sku, price, stock_quantity, attributes) VALUES ('9e902145-5f8a-44d0-8770-9878397959bd', '00e354f0-d54a-480d-ade7-e528424356dd', 'HEADPHONES-347-BX-9E90', 180, 176, '{"color": "Blue", "size": "XXL"}');
INSERT INTO product_variants (id, product_id, sku, price, stock_quantity, attributes) VALUES ('89b8eb28-ecc2-48c4-ae8a-a1bcdd23e0dc', '00e354f0-d54a-480d-ade7-e528424356dd', 'HEADPHONES-347-GM-89B8', 1140, 187, '{"color": "Gold", "size": "M"}');
INSERT INTO products (id, name, slug, description, category_id) VALUES ('6201bab4-8f2b-47cc-97a3-c0f31eedc613', 'Eco Shirt 585', 'eco-shirt-585-6201ba', 'Description for Eco Shirt 585. Optimized for search and performance test.', '8ae3249d-85a3-4861-a5ef-76296bc2d6bb');
INSERT INTO product_variants (id, product_id, sku, price, stock_quantity, attributes) VALUES ('32fa0594-458a-4a2b-acf4-be83d9532a65', '6201bab4-8f2b-47cc-97a3-c0f31eedc613', 'SHIRT-585-GX-32FA', 2903, 149, '{"color": "Green", "size": "XXL"}');
INSERT INTO product_variants (id, product_id, sku, price, stock_quantity, attributes) VALUES ('167e7307-2385-43ab-9258-baadc22e8e58', '6201bab4-8f2b-47cc-97a3-c0f31eedc613', 'SHIRT-585-BX-167E', 4901, 10, '{"color": "Blue", "size": "XL"}');
INSERT INTO product_variants (id, product_id, sku, price, stock_quantity, attributes) VALUES ('4cfb959c-44a0-403a-9b61-87c3fe352118', '6201bab4-8f2b-47cc-97a3-c0f31eedc613', 'SHIRT-585-G1-4CFB', 3141, 91, '{"color": "Green", "size": "16GB RAM"}');
INSERT INTO products (id, name, slug, description, category_id) VALUES ('816740dc-7a06-4f2a-8cfe-3c4932ee2c28', 'Ultra Shirt 395', 'ultra-shirt-395-816740', 'Description for Ultra Shirt 395. Optimized for search and performance test.', '8ae3249d-85a3-4861-a5ef-76296bc2d6bb');
INSERT INTO product_variants (id, product_id, sku, price, stock_quantity, attributes) VALUES ('9ac333c8-6c12-4fa0-9305-ad261c579ca0', '816740dc-7a06-4f2a-8cfe-3c4932ee2c28', 'SHIRT-395-B6-9AC3', 1148, 23, '{"color": "Black", "size": "64GB"}');
INSERT INTO product_variants (id, product_id, sku, price, stock_quantity, attributes) VALUES ('6f39bf1f-7edc-43f6-957b-712ae391fdd5', '816740dc-7a06-4f2a-8cfe-3c4932ee2c28', 'SHIRT-395-GX-6F39', 2805, 169, '{"color": "Green", "size": "XL"}');
INSERT INTO product_variants (id, product_id, sku, price, stock_quantity, attributes) VALUES ('4781b55b-f97c-4300-a56d-94c0ed9e6767', '816740dc-7a06-4f2a-8cfe-3c4932ee2c28', 'SHIRT-395-B8-4781', 458, 57, '{"color": "Blue", "size": "8GB RAM"}');
INSERT INTO products (id, name, slug, description, category_id) VALUES ('b969b467-3903-4a0b-9eb3-776a9517bcce', 'Original Bed 821', 'original-bed-821-b969b4', 'Description for Original Bed 821. Optimized for search and performance test.', '8ae3249d-85a3-4861-a5ef-76296bc2d6bb');
INSERT INTO product_variants (id, product_id, sku, price, stock_quantity, attributes) VALUES ('eb23f5b6-6ccb-4a53-8690-f50039f080eb', 'b969b467-3903-4a0b-9eb3-776a9517bcce', 'BED-821-BS-EB23', 819, 149, '{"color": "Blue", "size": "S"}');
INSERT INTO product_variants (id, product_id, sku, price, stock_quantity, attributes) VALUES ('0bad555f-2c4b-471f-ae71-1be634af272a', 'b969b467-3903-4a0b-9eb3-776a9517bcce', 'BED-821-GX-0BAD', 4517, 165, '{"color": "Gold", "size": "XXL"}');
INSERT INTO product_variants (id, product_id, sku, price, stock_quantity, attributes) VALUES ('ea44c1d0-a7cf-4cfa-ae00-be063e69e6d6', 'b969b467-3903-4a0b-9eb3-776a9517bcce', 'BED-821-B1-EA44', 3631, 86, '{"color": "Blue", "size": "128GB"}');
INSERT INTO products (id, name, slug, description, category_id) VALUES ('976667cf-1f95-42e0-8c53-2e177d98d50e', 'Elegant Phone 786', 'elegant-phone-786-976667', 'Description for Elegant Phone 786. Optimized for search and performance test.', '8ae3249d-85a3-4861-a5ef-76296bc2d6bb');
INSERT INTO product_variants (id, product_id, sku, price, stock_quantity, attributes) VALUES ('6f316ec7-675a-445f-b7d5-59780938ea44', '976667cf-1f95-42e0-8c53-2e177d98d50e', 'PHONE-786-B8-6F31', 2303, 81, '{"color": "Black", "size": "8GB RAM"}');
INSERT INTO product_variants (id, product_id, sku, price, stock_quantity, attributes) VALUES ('35b03196-911b-4d34-927d-b9ce836baba5', '976667cf-1f95-42e0-8c53-2e177d98d50e', 'PHONE-786-GX-35B0', 4265, 144, '{"color": "Gold", "size": "XXL"}');
INSERT INTO product_variants (id, product_id, sku, price, stock_quantity, attributes) VALUES ('79cb0b59-a5fc-4377-8a8d-87c171f818f6', '976667cf-1f95-42e0-8c53-2e177d98d50e', 'PHONE-786-BS-79CB', 3348, 158, '{"color": "Black", "size": "S"}');
INSERT INTO products (id, name, slug, description, category_id) VALUES ('2c509d45-f89c-43dc-8c52-d774bd98adb5', 'Elegant Shirt 148', 'elegant-shirt-148-2c509d', 'Description for Elegant Shirt 148. Optimized for search and performance test.', '8ae3249d-85a3-4861-a5ef-76296bc2d6bb');
INSERT INTO product_variants (id, product_id, sku, price, stock_quantity, attributes) VALUES ('03cefadb-47be-457a-8e81-0172395d776c', '2c509d45-f89c-43dc-8c52-d774bd98adb5', 'SHIRT-148-RS-03CE', 802, 72, '{"color": "Red", "size": "S"}');
INSERT INTO product_variants (id, product_id, sku, price, stock_quantity, attributes) VALUES ('2069323b-6280-4594-81fa-aec0914ae9d3', '2c509d45-f89c-43dc-8c52-d774bd98adb5', 'SHIRT-148-G1-2069', 4754, 50, '{"color": "Gold", "size": "16GB RAM"}');
INSERT INTO product_variants (id, product_id, sku, price, stock_quantity, attributes) VALUES ('5c91ecb3-67d2-4c0c-8e11-12d82265247c', '2c509d45-f89c-43dc-8c52-d774bd98adb5', 'SHIRT-148-B1-5C91', 4328, 193, '{"color": "Black", "size": "128GB"}');
INSERT INTO products (id, name, slug, description, category_id) VALUES ('62481ba4-7f32-4898-a935-09f259c29ec1', 'Eco Bed 622', 'eco-bed-622-62481b', 'Description for Eco Bed 622. Optimized for search and performance test.', '8ae3249d-85a3-4861-a5ef-76296bc2d6bb');
INSERT INTO product_variants (id, product_id, sku, price, stock_quantity, attributes) VALUES ('fd997691-fb42-4771-89bc-e679b2548b00', '62481ba4-7f32-4898-a935-09f259c29ec1', 'BED-622-G2-FD99', 2134, 12, '{"color": "Gold", "size": "256GB"}');
INSERT INTO product_variants (id, product_id, sku, price, stock_quantity, attributes) VALUES ('2f59b556-ebb9-44d8-b014-1e1e35f94dc9', '62481ba4-7f32-4898-a935-09f259c29ec1', 'BED-622-BM-2F59', 4927, 109, '{"color": "Blue", "size": "M"}');
INSERT INTO product_variants (id, product_id, sku, price, stock_quantity, attributes) VALUES ('09090852-d0d4-4765-91f9-d031615352a7', '62481ba4-7f32-4898-a935-09f259c29ec1', 'BED-622-GX-0909', 1702, 91, '{"color": "Gold", "size": "XXL"}');
INSERT INTO products (id, name, slug, description, category_id) VALUES ('6da00b1e-1286-420f-a775-bdc28ba2227a', 'Smart Backpack 311', 'smart-backpack-311-6da00b', 'Description for Smart Backpack 311. Optimized for search and performance test.', '8ae3249d-85a3-4861-a5ef-76296bc2d6bb');
INSERT INTO product_variants (id, product_id, sku, price, stock_quantity, attributes) VALUES ('66929fb4-6b10-44d9-a4a0-ae544918dacf', '6da00b1e-1286-420f-a775-bdc28ba2227a', 'BACKPACK-311-G1-6692', 4969, 93, '{"color": "Green", "size": "16GB RAM"}');
INSERT INTO product_variants (id, product_id, sku, price, stock_quantity, attributes) VALUES ('e4f1a88e-b5da-4ad7-beaf-5612536d3c48', '6da00b1e-1286-420f-a775-bdc28ba2227a', 'BACKPACK-311-GL-E4F1', 357, 57, '{"color": "Green", "size": "L"}');
INSERT INTO product_variants (id, product_id, sku, price, stock_quantity, attributes) VALUES ('2e999d8c-da87-453e-9395-ea98dddf480b', '6da00b1e-1286-420f-a775-bdc28ba2227a', 'BACKPACK-311-GL-2E99', 2582, 76, '{"color": "Green", "size": "L"}');
INSERT INTO products (id, name, slug, description, category_id) VALUES ('e5bccf19-6bcc-434d-8e20-9b26acc019b4', 'Smart Monitor 381', 'smart-monitor-381-e5bccf', 'Description for Smart Monitor 381. Optimized for search and performance test.', '8ae3249d-85a3-4861-a5ef-76296bc2d6bb');
INSERT INTO product_variants (id, product_id, sku, price, stock_quantity, attributes) VALUES ('c9c298ec-4e22-43fe-88a4-cfd256988c46', 'e5bccf19-6bcc-434d-8e20-9b26acc019b4', 'MONITOR-381-GM-C9C2', 145, 90, '{"color": "Green", "size": "M"}');
INSERT INTO product_variants (id, product_id, sku, price, stock_quantity, attributes) VALUES ('3da08f1c-0b01-4c28-9c18-933f799057f8', 'e5bccf19-6bcc-434d-8e20-9b26acc019b4', 'MONITOR-381-BX-3DA0', 487, 84, '{"color": "Black", "size": "XL"}');
INSERT INTO product_variants (id, product_id, sku, price, stock_quantity, attributes) VALUES ('7664dbf2-eef4-45c3-b844-b3b271909d16', 'e5bccf19-6bcc-434d-8e20-9b26acc019b4', 'MONITOR-381-B6-7664', 4653, 124, '{"color": "Black", "size": "64GB"}');
INSERT INTO products (id, name, slug, description, category_id) VALUES ('3c020e88-112f-4474-8894-dbe45575f182', 'Premium Monitor 510', 'premium-monitor-510-3c020e', 'Description for Premium Monitor 510. Optimized for search and performance test.', '8ae3249d-85a3-4861-a5ef-76296bc2d6bb');
INSERT INTO product_variants (id, product_id, sku, price, stock_quantity, attributes) VALUES ('e3b0feb3-05b6-4a1b-bebe-bed3207f209c', '3c020e88-112f-4474-8894-dbe45575f182', 'MONITOR-510-G8-E3B0', 2966, 161, '{"color": "Gold", "size": "8GB RAM"}');
INSERT INTO product_variants (id, product_id, sku, price, stock_quantity, attributes) VALUES ('5ba01505-58e2-4cdb-8f58-3be2622fa5f9', '3c020e88-112f-4474-8894-dbe45575f182', 'MONITOR-510-R6-5BA0', 3186, 13, '{"color": "Red", "size": "64GB"}');
INSERT INTO product_variants (id, product_id, sku, price, stock_quantity, attributes) VALUES ('34e5382e-ee26-4e58-b450-e016042b565f', '3c020e88-112f-4474-8894-dbe45575f182', 'MONITOR-510-GM-34E5', 257, 54, '{"color": "Gold", "size": "M"}');
INSERT INTO products (id, name, slug, description, category_id) VALUES ('074d5bd2-a26f-455e-aca6-7fa855040313', 'Original Headphones 314', 'original-headphones-314-074d5b', 'Description for Original Headphones 314. Optimized for search and performance test.', '8ae3249d-85a3-4861-a5ef-76296bc2d6bb');
INSERT INTO product_variants (id, product_id, sku, price, stock_quantity, attributes) VALUES ('88ffd9c9-aed3-4b45-92a4-18f9e39937e1', '074d5bd2-a26f-455e-aca6-7fa855040313', 'HEADPHONES-314-BX-88FF', 598, 131, '{"color": "Black", "size": "XXL"}');
INSERT INTO product_variants (id, product_id, sku, price, stock_quantity, attributes) VALUES ('a6080a1d-57d9-414a-98f9-578ebf4f9acf', '074d5bd2-a26f-455e-aca6-7fa855040313', 'HEADPHONES-314-GL-A608', 442, 111, '{"color": "Green", "size": "L"}');
INSERT INTO product_variants (id, product_id, sku, price, stock_quantity, attributes) VALUES ('094d057d-c388-4b59-b42f-e990d7a2e68c', '074d5bd2-a26f-455e-aca6-7fa855040313', 'HEADPHONES-314-RX-094D', 1130, 162, '{"color": "Red", "size": "XXL"}');
INSERT INTO products (id, name, slug, description, category_id) VALUES ('40a28b0b-9cac-4704-b41f-7ee748887311', 'Lite Table 168', 'lite-table-168-40a28b', 'Description for Lite Table 168. Optimized for search and performance test.', '8ae3249d-85a3-4861-a5ef-76296bc2d6bb');
INSERT INTO product_variants (id, product_id, sku, price, stock_quantity, attributes) VALUES ('78019168-b533-44a3-bd84-f71f3d669aa1', '40a28b0b-9cac-4704-b41f-7ee748887311', 'TABLE-168-BM-7801', 1606, 65, '{"color": "Black", "size": "M"}');
INSERT INTO product_variants (id, product_id, sku, price, stock_quantity, attributes) VALUES ('5c792eae-0d41-45b1-b94b-e4e61f5c2a46', '40a28b0b-9cac-4704-b41f-7ee748887311', 'TABLE-168-B8-5C79', 1403, 183, '{"color": "Black", "size": "8GB RAM"}');
INSERT INTO product_variants (id, product_id, sku, price, stock_quantity, attributes) VALUES ('78b3bc15-f876-4b8b-bcc7-0097f3200c53', '40a28b0b-9cac-4704-b41f-7ee748887311', 'TABLE-168-GX-78B3', 4256, 165, '{"color": "Gold", "size": "XXL"}');
INSERT INTO products (id, name, slug, description, category_id) VALUES ('02e93036-447e-4ecd-bccd-a40da47ea3d4', 'Lite Monitor 543', 'lite-monitor-543-02e930', 'Description for Lite Monitor 543. Optimized for search and performance test.', '8ae3249d-85a3-4861-a5ef-76296bc2d6bb');
INSERT INTO product_variants (id, product_id, sku, price, stock_quantity, attributes) VALUES ('59dff8a7-1b6e-4f46-8d81-0532cf346630', '02e93036-447e-4ecd-bccd-a40da47ea3d4', 'MONITOR-543-WX-59DF', 4479, 109, '{"color": "White", "size": "XL"}');
INSERT INTO product_variants (id, product_id, sku, price, stock_quantity, attributes) VALUES ('a19e3f6e-fd7b-4680-990a-52b0c329b5c7', '02e93036-447e-4ecd-bccd-a40da47ea3d4', 'MONITOR-543-GX-A19E', 1255, 116, '{"color": "Green", "size": "XXL"}');
INSERT INTO product_variants (id, product_id, sku, price, stock_quantity, attributes) VALUES ('b7986378-6af0-4834-a27e-55b21d30e884', '02e93036-447e-4ecd-bccd-a40da47ea3d4', 'MONITOR-543-BS-B798', 3853, 32, '{"color": "Blue", "size": "S"}');
INSERT INTO products (id, name, slug, description, category_id) VALUES ('d907b07b-ad01-4430-a2b1-d42289d15bea', 'Lite Dress 389', 'lite-dress-389-d907b0', 'Description for Lite Dress 389. Optimized for search and performance test.', '8ae3249d-85a3-4861-a5ef-76296bc2d6bb');
INSERT INTO product_variants (id, product_id, sku, price, stock_quantity, attributes) VALUES ('c68751bc-7e44-46f0-bb45-6c039db37691', 'd907b07b-ad01-4430-a2b1-d42289d15bea', 'DRESS-389-SM-C687', 1399, 15, '{"color": "Silver", "size": "M"}');
INSERT INTO product_variants (id, product_id, sku, price, stock_quantity, attributes) VALUES ('45b1ae74-eccb-4e96-a0ca-d930ad7b15d0', 'd907b07b-ad01-4430-a2b1-d42289d15bea', 'DRESS-389-B1-45B1', 1645, 100, '{"color": "Blue", "size": "128GB"}');
INSERT INTO product_variants (id, product_id, sku, price, stock_quantity, attributes) VALUES ('7c12dbc2-893b-4f17-a1de-5308fcc44056', 'd907b07b-ad01-4430-a2b1-d42289d15bea', 'DRESS-389-S1-7C12', 1700, 86, '{"color": "Silver", "size": "16GB RAM"}');
INSERT INTO products (id, name, slug, description, category_id) VALUES ('fa7fa743-4e70-4d0a-8398-5c0f553b3f23', 'Eco Monitor 987', 'eco-monitor-987-fa7fa7', 'Description for Eco Monitor 987. Optimized for search and performance test.', '8ae3249d-85a3-4861-a5ef-76296bc2d6bb');
INSERT INTO product_variants (id, product_id, sku, price, stock_quantity, attributes) VALUES ('1b8ae1a3-3a00-4445-bb7f-2ea238f44478', 'fa7fa743-4e70-4d0a-8398-5c0f553b3f23', 'MONITOR-987-W1-1B8A', 116, 49, '{"color": "White", "size": "16GB RAM"}');
INSERT INTO product_variants (id, product_id, sku, price, stock_quantity, attributes) VALUES ('62ee669f-3633-4030-badc-c169ab09af9b', 'fa7fa743-4e70-4d0a-8398-5c0f553b3f23', 'MONITOR-987-R6-62EE', 2138, 146, '{"color": "Red", "size": "64GB"}');
INSERT INTO product_variants (id, product_id, sku, price, stock_quantity, attributes) VALUES ('74242108-a29b-4e8d-b3f3-f7dbd72726c2', 'fa7fa743-4e70-4d0a-8398-5c0f553b3f23', 'MONITOR-987-BL-7424', 2785, 124, '{"color": "Black", "size": "L"}');
INSERT INTO products (id, name, slug, description, category_id) VALUES ('5558f8b9-2c3a-4cae-860f-e48dfd755e69', 'Smart Shirt 875', 'smart-shirt-875-5558f8', 'Description for Smart Shirt 875. Optimized for search and performance test.', '8ae3249d-85a3-4861-a5ef-76296bc2d6bb');
INSERT INTO product_variants (id, product_id, sku, price, stock_quantity, attributes) VALUES ('cb65d51b-4c3f-4261-80f1-6e5744eb11e8', '5558f8b9-2c3a-4cae-860f-e48dfd755e69', 'SHIRT-875-WX-CB65', 4218, 44, '{"color": "White", "size": "XXL"}');
INSERT INTO product_variants (id, product_id, sku, price, stock_quantity, attributes) VALUES ('60696ba4-5110-4103-945a-87594e33c79d', '5558f8b9-2c3a-4cae-860f-e48dfd755e69', 'SHIRT-875-S8-6069', 1279, 75, '{"color": "Silver", "size": "8GB RAM"}');
INSERT INTO product_variants (id, product_id, sku, price, stock_quantity, attributes) VALUES ('6615c789-b240-4954-ad1b-479745486b61', '5558f8b9-2c3a-4cae-860f-e48dfd755e69', 'SHIRT-875-R1-6615', 3678, 10, '{"color": "Red", "size": "128GB"}');
INSERT INTO products (id, name, slug, description, category_id) VALUES ('de5ba30a-e551-4d3c-8236-ae5c21ae2913', 'Pro Backpack 616', 'pro-backpack-616-de5ba3', 'Description for Pro Backpack 616. Optimized for search and performance test.', '8ae3249d-85a3-4861-a5ef-76296bc2d6bb');
INSERT INTO product_variants (id, product_id, sku, price, stock_quantity, attributes) VALUES ('0327da42-e94b-415a-a0da-5a0ffc35705a', 'de5ba30a-e551-4d3c-8236-ae5c21ae2913', 'BACKPACK-616-WX-0327', 2580, 171, '{"color": "White", "size": "XL"}');
INSERT INTO product_variants (id, product_id, sku, price, stock_quantity, attributes) VALUES ('0103f144-fe75-4051-ba22-de6e2b09d2ef', 'de5ba30a-e551-4d3c-8236-ae5c21ae2913', 'BACKPACK-616-B8-0103', 2042, 88, '{"color": "Black", "size": "8GB RAM"}');
INSERT INTO product_variants (id, product_id, sku, price, stock_quantity, attributes) VALUES ('1f8f5ea6-fac5-42f3-ba04-2683b010cf0a', 'de5ba30a-e551-4d3c-8236-ae5c21ae2913', 'BACKPACK-616-SX-1F8F', 2251, 165, '{"color": "Silver", "size": "XL"}');
INSERT INTO products (id, name, slug, description, category_id) VALUES ('798e4bb9-a7cc-4a50-b7f7-85a8b0950bdb', 'Original Headphones 883', 'original-headphones-883-798e4b', 'Description for Original Headphones 883. Optimized for search and performance test.', '8ae3249d-85a3-4861-a5ef-76296bc2d6bb');
INSERT INTO product_variants (id, product_id, sku, price, stock_quantity, attributes) VALUES ('80a1d6f4-b1ff-4fea-b9c7-61b15e8aed70', '798e4bb9-a7cc-4a50-b7f7-85a8b0950bdb', 'HEADPHONES-883-GS-80A1', 172, 14, '{"color": "Green", "size": "S"}');
INSERT INTO product_variants (id, product_id, sku, price, stock_quantity, attributes) VALUES ('93f1ff3d-f850-491a-8794-e83eae13e0a1', '798e4bb9-a7cc-4a50-b7f7-85a8b0950bdb', 'HEADPHONES-883-BM-93F1', 4127, 137, '{"color": "Black", "size": "M"}');
INSERT INTO product_variants (id, product_id, sku, price, stock_quantity, attributes) VALUES ('5474d950-daef-4ac5-ac2c-b95e23db7fd8', '798e4bb9-a7cc-4a50-b7f7-85a8b0950bdb', 'HEADPHONES-883-BX-5474', 2260, 161, '{"color": "Black", "size": "XXL"}');
INSERT INTO products (id, name, slug, description, category_id) VALUES ('9eeaf76d-6d8b-4c88-9525-7fad2cf559bd', 'Premium Shirt 143', 'premium-shirt-143-9eeaf7', 'Description for Premium Shirt 143. Optimized for search and performance test.', '8ae3249d-85a3-4861-a5ef-76296bc2d6bb');
INSERT INTO product_variants (id, product_id, sku, price, stock_quantity, attributes) VALUES ('7c4586f2-aac8-4d53-8a1e-80ae24f81b64', '9eeaf76d-6d8b-4c88-9525-7fad2cf559bd', 'SHIRT-143-BX-7C45', 1013, 95, '{"color": "Blue", "size": "XXL"}');
INSERT INTO product_variants (id, product_id, sku, price, stock_quantity, attributes) VALUES ('20be0159-1d7f-44a9-b4bf-a8207bb9c948', '9eeaf76d-6d8b-4c88-9525-7fad2cf559bd', 'SHIRT-143-GM-20BE', 2288, 75, '{"color": "Green", "size": "M"}');
INSERT INTO product_variants (id, product_id, sku, price, stock_quantity, attributes) VALUES ('d011fbf9-5bd0-4ac4-b55c-0a351819a09d', '9eeaf76d-6d8b-4c88-9525-7fad2cf559bd', 'SHIRT-143-BL-D011', 2863, 71, '{"color": "Blue", "size": "L"}');
INSERT INTO products (id, name, slug, description, category_id) VALUES ('31f84c59-d497-45e5-912e-fe502e841eb0', 'Pro Dress 589', 'pro-dress-589-31f84c', 'Description for Pro Dress 589. Optimized for search and performance test.', '8ae3249d-85a3-4861-a5ef-76296bc2d6bb');
INSERT INTO product_variants (id, product_id, sku, price, stock_quantity, attributes) VALUES ('6aa0657b-dcda-42c4-8872-27723836fd3d', '31f84c59-d497-45e5-912e-fe502e841eb0', 'DRESS-589-BX-6AA0', 4458, 107, '{"color": "Blue", "size": "XXL"}');
INSERT INTO product_variants (id, product_id, sku, price, stock_quantity, attributes) VALUES ('4ba0dc55-d3f4-488e-be04-5fa9df8f960e', '31f84c59-d497-45e5-912e-fe502e841eb0', 'DRESS-589-RX-4BA0', 3987, 61, '{"color": "Red", "size": "XXL"}');
INSERT INTO product_variants (id, product_id, sku, price, stock_quantity, attributes) VALUES ('57007631-4496-4e09-9de5-e5a95b2c6dde', '31f84c59-d497-45e5-912e-fe502e841eb0', 'DRESS-589-R1-5700', 1641, 85, '{"color": "Red", "size": "16GB RAM"}');
INSERT INTO products (id, name, slug, description, category_id) VALUES ('9ba72b25-f6cc-4278-96ca-a1970b0829c5', 'Eco Monitor 685', 'eco-monitor-685-9ba72b', 'Description for Eco Monitor 685. Optimized for search and performance test.', '8ae3249d-85a3-4861-a5ef-76296bc2d6bb');
INSERT INTO product_variants (id, product_id, sku, price, stock_quantity, attributes) VALUES ('83d3cf6e-3bab-4a46-b80f-66ecfeffc892', '9ba72b25-f6cc-4278-96ca-a1970b0829c5', 'MONITOR-685-BS-83D3', 2557, 176, '{"color": "Blue", "size": "S"}');
INSERT INTO product_variants (id, product_id, sku, price, stock_quantity, attributes) VALUES ('11aa07f4-5d77-4990-90c2-e0163e3107af', '9ba72b25-f6cc-4278-96ca-a1970b0829c5', 'MONITOR-685-G1-11AA', 3910, 135, '{"color": "Green", "size": "128GB"}');
INSERT INTO product_variants (id, product_id, sku, price, stock_quantity, attributes) VALUES ('d9d67411-b7e4-4687-8dce-45363902c067', '9ba72b25-f6cc-4278-96ca-a1970b0829c5', 'MONITOR-685-WX-D9D6', 320, 53, '{"color": "White", "size": "XL"}');
INSERT INTO products (id, name, slug, description, category_id) VALUES ('c0fc3981-ad2f-4de2-9202-78aa3c49d2a1', 'Premium Table 405', 'premium-table-405-c0fc39', 'Description for Premium Table 405. Optimized for search and performance test.', '8ae3249d-85a3-4861-a5ef-76296bc2d6bb');
INSERT INTO product_variants (id, product_id, sku, price, stock_quantity, attributes) VALUES ('4331ccb5-a4ce-48bb-9291-b61976beafc3', 'c0fc3981-ad2f-4de2-9202-78aa3c49d2a1', 'TABLE-405-B8-4331', 4014, 23, '{"color": "Blue", "size": "8GB RAM"}');
INSERT INTO product_variants (id, product_id, sku, price, stock_quantity, attributes) VALUES ('9c88c69a-d342-433f-a218-d0e68e328d05', 'c0fc3981-ad2f-4de2-9202-78aa3c49d2a1', 'TABLE-405-W2-9C88', 3553, 126, '{"color": "White", "size": "256GB"}');
INSERT INTO product_variants (id, product_id, sku, price, stock_quantity, attributes) VALUES ('d571a403-e080-4325-b04b-930be610e23d', 'c0fc3981-ad2f-4de2-9202-78aa3c49d2a1', 'TABLE-405-WX-D571', 2039, 67, '{"color": "White", "size": "XL"}');
INSERT INTO products (id, name, slug, description, category_id) VALUES ('05e396fe-53a6-4f2d-af28-39a83462ce16', 'Pro Monitor 348', 'pro-monitor-348-05e396', 'Description for Pro Monitor 348. Optimized for search and performance test.', '8ae3249d-85a3-4861-a5ef-76296bc2d6bb');
INSERT INTO product_variants (id, product_id, sku, price, stock_quantity, attributes) VALUES ('de466dc2-b273-4a6b-9481-7bbfedb0c1f1', '05e396fe-53a6-4f2d-af28-39a83462ce16', 'MONITOR-348-GX-DE46', 3576, 85, '{"color": "Green", "size": "XXL"}');
INSERT INTO product_variants (id, product_id, sku, price, stock_quantity, attributes) VALUES ('1b9d70c4-396c-46f1-8109-7e469cfe846b', '05e396fe-53a6-4f2d-af28-39a83462ce16', 'MONITOR-348-B2-1B9D', 268, 92, '{"color": "Blue", "size": "256GB"}');
INSERT INTO product_variants (id, product_id, sku, price, stock_quantity, attributes) VALUES ('e6e963a4-a674-4408-8c09-544743f307d2', '05e396fe-53a6-4f2d-af28-39a83462ce16', 'MONITOR-348-GM-E6E9', 2574, 153, '{"color": "Green", "size": "M"}');
INSERT INTO products (id, name, slug, description, category_id) VALUES ('81b89f2e-9a66-45cb-9e08-651033e55826', 'Lite Table 251', 'lite-table-251-81b89f', 'Description for Lite Table 251. Optimized for search and performance test.', '8ae3249d-85a3-4861-a5ef-76296bc2d6bb');
INSERT INTO product_variants (id, product_id, sku, price, stock_quantity, attributes) VALUES ('c18edd74-d887-4a78-a84f-ec0989b486fc', '81b89f2e-9a66-45cb-9e08-651033e55826', 'TABLE-251-BX-C18E', 2556, 45, '{"color": "Black", "size": "XL"}');
INSERT INTO product_variants (id, product_id, sku, price, stock_quantity, attributes) VALUES ('61efdfd7-b598-444b-a0f4-159745b5768f', '81b89f2e-9a66-45cb-9e08-651033e55826', 'TABLE-251-GM-61EF', 2540, 24, '{"color": "Green", "size": "M"}');
INSERT INTO product_variants (id, product_id, sku, price, stock_quantity, attributes) VALUES ('a48b457c-242b-4615-8ab0-e1afa84ed8d2', '81b89f2e-9a66-45cb-9e08-651033e55826', 'TABLE-251-B1-A48B', 520, 64, '{"color": "Black", "size": "128GB"}');
INSERT INTO products (id, name, slug, description, category_id) VALUES ('68514dcb-f47f-48cf-b99d-51391eb00c71', 'Premium Dress 566', 'premium-dress-566-68514d', 'Description for Premium Dress 566. Optimized for search and performance test.', '8ae3249d-85a3-4861-a5ef-76296bc2d6bb');
INSERT INTO product_variants (id, product_id, sku, price, stock_quantity, attributes) VALUES ('30169dbb-722d-480e-9e48-1b6d449a6c5d', '68514dcb-f47f-48cf-b99d-51391eb00c71', 'DRESS-566-WX-3016', 837, 76, '{"color": "White", "size": "XL"}');
INSERT INTO product_variants (id, product_id, sku, price, stock_quantity, attributes) VALUES ('3fbcb0a9-f916-43f9-bbe6-938b44849c1e', '68514dcb-f47f-48cf-b99d-51391eb00c71', 'DRESS-566-WX-3FBC', 3133, 108, '{"color": "White", "size": "XL"}');
INSERT INTO product_variants (id, product_id, sku, price, stock_quantity, attributes) VALUES ('92db730f-1d84-4e69-94d6-d30815467e0f', '68514dcb-f47f-48cf-b99d-51391eb00c71', 'DRESS-566-S6-92DB', 2374, 125, '{"color": "Silver", "size": "64GB"}');
INSERT INTO products (id, name, slug, description, category_id) VALUES ('7bed0827-6cfe-4a15-96e3-58bc6d29c715', 'Lite Shirt 883', 'lite-shirt-883-7bed08', 'Description for Lite Shirt 883. Optimized for search and performance test.', '8ae3249d-85a3-4861-a5ef-76296bc2d6bb');
INSERT INTO product_variants (id, product_id, sku, price, stock_quantity, attributes) VALUES ('b49131af-36d6-4aee-8b98-03529811b7c2', '7bed0827-6cfe-4a15-96e3-58bc6d29c715', 'SHIRT-883-W6-B491', 215, 190, '{"color": "White", "size": "64GB"}');
INSERT INTO product_variants (id, product_id, sku, price, stock_quantity, attributes) VALUES ('05a4de8c-5956-44f7-9d76-25d20db08d14', '7bed0827-6cfe-4a15-96e3-58bc6d29c715', 'SHIRT-883-SX-05A4', 2885, 64, '{"color": "Silver", "size": "XXL"}');
INSERT INTO product_variants (id, product_id, sku, price, stock_quantity, attributes) VALUES ('5ab9981f-4545-49dd-998e-9e51beaec14d', '7bed0827-6cfe-4a15-96e3-58bc6d29c715', 'SHIRT-883-GX-5AB9', 1228, 78, '{"color": "Green", "size": "XL"}');
INSERT INTO products (id, name, slug, description, category_id) VALUES ('69a8677f-7c54-424b-837c-f38812d721c4', 'Original Speaker 188', 'original-speaker-188-69a867', 'Description for Original Speaker 188. Optimized for search and performance test.', '8ae3249d-85a3-4861-a5ef-76296bc2d6bb');
INSERT INTO product_variants (id, product_id, sku, price, stock_quantity, attributes) VALUES ('cd5c1cff-1d25-46e6-90e3-c7f4d7066056', '69a8677f-7c54-424b-837c-f38812d721c4', 'SPEAKER-188-GX-CD5C', 902, 25, '{"color": "Green", "size": "XXL"}');
INSERT INTO product_variants (id, product_id, sku, price, stock_quantity, attributes) VALUES ('c3738d93-3a03-46d9-a17e-e89dfbb8b5d5', '69a8677f-7c54-424b-837c-f38812d721c4', 'SPEAKER-188-GS-C373', 1458, 123, '{"color": "Green", "size": "S"}');
INSERT INTO product_variants (id, product_id, sku, price, stock_quantity, attributes) VALUES ('afe78294-5dd2-4d22-b464-652606996db1', '69a8677f-7c54-424b-837c-f38812d721c4', 'SPEAKER-188-R6-AFE7', 3394, 171, '{"color": "Red", "size": "64GB"}');
INSERT INTO products (id, name, slug, description, category_id) VALUES ('cab50d71-127e-4140-942e-1428573e2647', 'Lite Table 450', 'lite-table-450-cab50d', 'Description for Lite Table 450. Optimized for search and performance test.', '8ae3249d-85a3-4861-a5ef-76296bc2d6bb');
INSERT INTO product_variants (id, product_id, sku, price, stock_quantity, attributes) VALUES ('007c3441-4642-4541-b5aa-7bdd93175bf9', 'cab50d71-127e-4140-942e-1428573e2647', 'TABLE-450-BS-007C', 4629, 59, '{"color": "Black", "size": "S"}');
INSERT INTO product_variants (id, product_id, sku, price, stock_quantity, attributes) VALUES ('10f098e9-7d2e-4497-ba74-98bd3463d53c', 'cab50d71-127e-4140-942e-1428573e2647', 'TABLE-450-S1-10F0', 4591, 193, '{"color": "Silver", "size": "128GB"}');
INSERT INTO product_variants (id, product_id, sku, price, stock_quantity, attributes) VALUES ('d7790469-d339-40ed-8696-eaba16155fb1', 'cab50d71-127e-4140-942e-1428573e2647', 'TABLE-450-BL-D779', 2678, 143, '{"color": "Black", "size": "L"}');
INSERT INTO products (id, name, slug, description, category_id) VALUES ('dc134f0c-2bae-44d7-bcd6-bab2421bc460', 'Lite Backpack 234', 'lite-backpack-234-dc134f', 'Description for Lite Backpack 234. Optimized for search and performance test.', '8ae3249d-85a3-4861-a5ef-76296bc2d6bb');
INSERT INTO product_variants (id, product_id, sku, price, stock_quantity, attributes) VALUES ('dc5cae3f-1fac-4db4-83fd-29638af3490f', 'dc134f0c-2bae-44d7-bcd6-bab2421bc460', 'BACKPACK-234-GL-DC5C', 2273, 17, '{"color": "Green", "size": "L"}');
INSERT INTO product_variants (id, product_id, sku, price, stock_quantity, attributes) VALUES ('fb22ac6e-eeba-423d-9a5f-4bc8df5bdd3f', 'dc134f0c-2bae-44d7-bcd6-bab2421bc460', 'BACKPACK-234-S2-FB22', 1497, 103, '{"color": "Silver", "size": "256GB"}');
INSERT INTO product_variants (id, product_id, sku, price, stock_quantity, attributes) VALUES ('dfb95f4f-fdaf-494b-b121-b9e63e11d672', 'dc134f0c-2bae-44d7-bcd6-bab2421bc460', 'BACKPACK-234-B6-DFB9', 220, 70, '{"color": "Black", "size": "64GB"}');
INSERT INTO products (id, name, slug, description, category_id) VALUES ('08ea98be-29a0-4cf3-80d2-3725607671d5', 'Premium Dress 336', 'premium-dress-336-08ea98', 'Description for Premium Dress 336. Optimized for search and performance test.', '8ae3249d-85a3-4861-a5ef-76296bc2d6bb');
INSERT INTO product_variants (id, product_id, sku, price, stock_quantity, attributes) VALUES ('47907624-17e5-494c-8d18-7c8d877430b2', '08ea98be-29a0-4cf3-80d2-3725607671d5', 'DRESS-336-RL-4790', 989, 26, '{"color": "Red", "size": "L"}');
INSERT INTO product_variants (id, product_id, sku, price, stock_quantity, attributes) VALUES ('19368943-af42-49eb-8f0c-5b0ccb422ef0', '08ea98be-29a0-4cf3-80d2-3725607671d5', 'DRESS-336-BX-1936', 294, 54, '{"color": "Black", "size": "XL"}');
INSERT INTO product_variants (id, product_id, sku, price, stock_quantity, attributes) VALUES ('47a93717-b433-4d2e-89e3-d79e4ff1c6ef', '08ea98be-29a0-4cf3-80d2-3725607671d5', 'DRESS-336-B6-47A9', 4308, 59, '{"color": "Blue", "size": "64GB"}');
INSERT INTO products (id, name, slug, description, category_id) VALUES ('d4e879b1-6d74-4a92-9e04-ce1eafcc31f4', 'Original Phone 450', 'original-phone-450-d4e879', 'Description for Original Phone 450. Optimized for search and performance test.', '8ae3249d-85a3-4861-a5ef-76296bc2d6bb');
INSERT INTO product_variants (id, product_id, sku, price, stock_quantity, attributes) VALUES ('d67c3273-6a6c-41da-8569-df002bb5c949', 'd4e879b1-6d74-4a92-9e04-ce1eafcc31f4', 'PHONE-450-BX-D67C', 2119, 168, '{"color": "Blue", "size": "XL"}');
INSERT INTO product_variants (id, product_id, sku, price, stock_quantity, attributes) VALUES ('9873cb8b-9c63-46b7-a773-9418827ab499', 'd4e879b1-6d74-4a92-9e04-ce1eafcc31f4', 'PHONE-450-SX-9873', 4570, 63, '{"color": "Silver", "size": "XL"}');
INSERT INTO product_variants (id, product_id, sku, price, stock_quantity, attributes) VALUES ('f05c98a7-db4e-4cc2-aca3-f600190974b1', 'd4e879b1-6d74-4a92-9e04-ce1eafcc31f4', 'PHONE-450-B1-F05C', 4214, 160, '{"color": "Blue", "size": "128GB"}');
INSERT INTO products (id, name, slug, description, category_id) VALUES ('2481749d-2b86-419c-a4f1-68f0ff1b9320', 'Ultra Bed 483', 'ultra-bed-483-248174', 'Description for Ultra Bed 483. Optimized for search and performance test.', '8ae3249d-85a3-4861-a5ef-76296bc2d6bb');
INSERT INTO product_variants (id, product_id, sku, price, stock_quantity, attributes) VALUES ('cda1bde7-903a-4d9f-b262-8526ebedf75b', '2481749d-2b86-419c-a4f1-68f0ff1b9320', 'BED-483-WM-CDA1', 2245, 196, '{"color": "White", "size": "M"}');
INSERT INTO product_variants (id, product_id, sku, price, stock_quantity, attributes) VALUES ('0b91681e-0a2c-4fdc-bc76-5ae96ff37b5d', '2481749d-2b86-419c-a4f1-68f0ff1b9320', 'BED-483-RM-0B91', 2929, 20, '{"color": "Red", "size": "M"}');
INSERT INTO product_variants (id, product_id, sku, price, stock_quantity, attributes) VALUES ('86036f22-fdf4-4391-9164-0ef8867db6d2', '2481749d-2b86-419c-a4f1-68f0ff1b9320', 'BED-483-GX-8603', 4739, 158, '{"color": "Gold", "size": "XXL"}');
INSERT INTO products (id, name, slug, description, category_id) VALUES ('397d5cef-264d-4a6e-9a85-067616385a08', 'Premium Camera 748', 'premium-camera-748-397d5c', 'Description for Premium Camera 748. Optimized for search and performance test.', '2bc2790b-d5f9-4ebe-870c-96c39a5236a0');
INSERT INTO product_variants (id, product_id, sku, price, stock_quantity, attributes) VALUES ('46dad6b5-7559-4a8e-aff8-8b2fe9bc1174', '397d5cef-264d-4a6e-9a85-067616385a08', 'CAMERA-748-RM-46DA', 1178, 191, '{"color": "Red", "size": "M"}');
INSERT INTO product_variants (id, product_id, sku, price, stock_quantity, attributes) VALUES ('3696f58f-e059-4c09-bbd7-a4cb2562c7e5', '397d5cef-264d-4a6e-9a85-067616385a08', 'CAMERA-748-GM-3696', 2092, 79, '{"color": "Green", "size": "M"}');
INSERT INTO product_variants (id, product_id, sku, price, stock_quantity, attributes) VALUES ('e52e8410-69e7-4251-b422-a1badf8a7fdc', '397d5cef-264d-4a6e-9a85-067616385a08', 'CAMERA-748-BS-E52E', 1004, 134, '{"color": "Blue", "size": "S"}');
INSERT INTO products (id, name, slug, description, category_id) VALUES ('cccbbe23-ac7c-471c-b4da-b3ff6a669863', 'Lite Camera 580', 'lite-camera-580-cccbbe', 'Description for Lite Camera 580. Optimized for search and performance test.', '2bc2790b-d5f9-4ebe-870c-96c39a5236a0');
INSERT INTO product_variants (id, product_id, sku, price, stock_quantity, attributes) VALUES ('f49fa6df-c524-4aa0-976d-cd19d92cd1e5', 'cccbbe23-ac7c-471c-b4da-b3ff6a669863', 'CAMERA-580-G8-F49F', 498, 130, '{"color": "Green", "size": "8GB RAM"}');
INSERT INTO product_variants (id, product_id, sku, price, stock_quantity, attributes) VALUES ('16b18075-6a9f-45a2-aa93-8fe397f3ca80', 'cccbbe23-ac7c-471c-b4da-b3ff6a669863', 'CAMERA-580-GX-16B1', 3498, 91, '{"color": "Green", "size": "XL"}');
INSERT INTO product_variants (id, product_id, sku, price, stock_quantity, attributes) VALUES ('32db1205-b324-4523-83d9-f02213090f7e', 'cccbbe23-ac7c-471c-b4da-b3ff6a669863', 'CAMERA-580-BS-32DB', 896, 166, '{"color": "Black", "size": "S"}');
INSERT INTO products (id, name, slug, description, category_id) VALUES ('1996956e-d4c9-488a-954b-7f5cb022d7d0', 'Eco Headphones 419', 'eco-headphones-419-199695', 'Description for Eco Headphones 419. Optimized for search and performance test.', '2bc2790b-d5f9-4ebe-870c-96c39a5236a0');
INSERT INTO product_variants (id, product_id, sku, price, stock_quantity, attributes) VALUES ('3f39622f-c8f8-42fd-b673-158374a568d5', '1996956e-d4c9-488a-954b-7f5cb022d7d0', 'HEADPHONES-419-WS-3F39', 1634, 168, '{"color": "White", "size": "S"}');
INSERT INTO product_variants (id, product_id, sku, price, stock_quantity, attributes) VALUES ('d855ca5c-7d23-4f0a-b258-14bac5232f6d', '1996956e-d4c9-488a-954b-7f5cb022d7d0', 'HEADPHONES-419-SX-D855', 2060, 119, '{"color": "Silver", "size": "XXL"}');
INSERT INTO product_variants (id, product_id, sku, price, stock_quantity, attributes) VALUES ('8f4d0997-eba7-49ed-a31f-df0892f0b98d', '1996956e-d4c9-488a-954b-7f5cb022d7d0', 'HEADPHONES-419-G2-8F4D', 3664, 31, '{"color": "Gold", "size": "256GB"}');
INSERT INTO products (id, name, slug, description, category_id) VALUES ('72328bb6-a1bf-4f0c-b0c3-82e6442f5542', 'Lite Shirt 814', 'lite-shirt-814-72328b', 'Description for Lite Shirt 814. Optimized for search and performance test.', '2bc2790b-d5f9-4ebe-870c-96c39a5236a0');
INSERT INTO product_variants (id, product_id, sku, price, stock_quantity, attributes) VALUES ('b8d5d37e-9cb6-4b16-aeae-e54336c9fdf0', '72328bb6-a1bf-4f0c-b0c3-82e6442f5542', 'SHIRT-814-WM-B8D5', 3880, 140, '{"color": "White", "size": "M"}');
INSERT INTO product_variants (id, product_id, sku, price, stock_quantity, attributes) VALUES ('84c001c4-a72c-448c-becf-342bda166c5a', '72328bb6-a1bf-4f0c-b0c3-82e6442f5542', 'SHIRT-814-S2-84C0', 4234, 101, '{"color": "Silver", "size": "256GB"}');
INSERT INTO product_variants (id, product_id, sku, price, stock_quantity, attributes) VALUES ('fb8ccbf2-7378-4e92-b063-024f733e1e86', '72328bb6-a1bf-4f0c-b0c3-82e6442f5542', 'SHIRT-814-BL-FB8C', 3690, 86, '{"color": "Blue", "size": "L"}');
INSERT INTO products (id, name, slug, description, category_id) VALUES ('1e3df5da-e6c3-40ac-bd03-7b4a3a727899', 'Lite Bed 256', 'lite-bed-256-1e3df5', 'Description for Lite Bed 256. Optimized for search and performance test.', '2bc2790b-d5f9-4ebe-870c-96c39a5236a0');
INSERT INTO product_variants (id, product_id, sku, price, stock_quantity, attributes) VALUES ('739b08b1-85bb-449a-8f0e-9b67ac861689', '1e3df5da-e6c3-40ac-bd03-7b4a3a727899', 'BED-256-G2-739B', 1193, 51, '{"color": "Green", "size": "256GB"}');
INSERT INTO product_variants (id, product_id, sku, price, stock_quantity, attributes) VALUES ('f4f52fec-e354-4aa2-8c57-d834c5a015d7', '1e3df5da-e6c3-40ac-bd03-7b4a3a727899', 'BED-256-W1-F4F5', 2996, 147, '{"color": "White", "size": "16GB RAM"}');
INSERT INTO product_variants (id, product_id, sku, price, stock_quantity, attributes) VALUES ('867841bf-123a-4312-9c94-5b8ebbdb3c31', '1e3df5da-e6c3-40ac-bd03-7b4a3a727899', 'BED-256-R6-8678', 1369, 70, '{"color": "Red", "size": "64GB"}');
INSERT INTO products (id, name, slug, description, category_id) VALUES ('0c89d5f5-257a-44a5-9744-4a510bcfdb3d', 'Premium Table 550', 'premium-table-550-0c89d5', 'Description for Premium Table 550. Optimized for search and performance test.', '2bc2790b-d5f9-4ebe-870c-96c39a5236a0');
INSERT INTO product_variants (id, product_id, sku, price, stock_quantity, attributes) VALUES ('53fb02c5-126e-466f-b470-d31f053903dc', '0c89d5f5-257a-44a5-9744-4a510bcfdb3d', 'TABLE-550-SL-53FB', 1238, 79, '{"color": "Silver", "size": "L"}');
INSERT INTO product_variants (id, product_id, sku, price, stock_quantity, attributes) VALUES ('3fe124d3-723b-4017-a488-bac06e9d5c5c', '0c89d5f5-257a-44a5-9744-4a510bcfdb3d', 'TABLE-550-S1-3FE1', 915, 171, '{"color": "Silver", "size": "16GB RAM"}');
INSERT INTO product_variants (id, product_id, sku, price, stock_quantity, attributes) VALUES ('e6b3310a-0a4b-4618-8565-254fc98d4037', '0c89d5f5-257a-44a5-9744-4a510bcfdb3d', 'TABLE-550-RL-E6B3', 2789, 184, '{"color": "Red", "size": "L"}');
INSERT INTO products (id, name, slug, description, category_id) VALUES ('ae50a9d3-1425-4bd1-b68a-877ff307bda2', 'Pro Table 974', 'pro-table-974-ae50a9', 'Description for Pro Table 974. Optimized for search and performance test.', '2bc2790b-d5f9-4ebe-870c-96c39a5236a0');
INSERT INTO product_variants (id, product_id, sku, price, stock_quantity, attributes) VALUES ('581c47a0-c97e-42a9-83b0-9e6365852866', 'ae50a9d3-1425-4bd1-b68a-877ff307bda2', 'TABLE-974-G6-581C', 4050, 15, '{"color": "Green", "size": "64GB"}');
INSERT INTO product_variants (id, product_id, sku, price, stock_quantity, attributes) VALUES ('23202ede-5282-4115-ae0e-22a0c1fcdfdc', 'ae50a9d3-1425-4bd1-b68a-877ff307bda2', 'TABLE-974-BL-2320', 1170, 154, '{"color": "Blue", "size": "L"}');
INSERT INTO product_variants (id, product_id, sku, price, stock_quantity, attributes) VALUES ('82fd92f4-2052-4b8d-a6dc-cdcfceac643c', 'ae50a9d3-1425-4bd1-b68a-877ff307bda2', 'TABLE-974-RL-82FD', 1508, 164, '{"color": "Red", "size": "L"}');
INSERT INTO products (id, name, slug, description, category_id) VALUES ('709cb8d3-7ae3-47f7-b0cc-bdb636311b51', 'Ultra Laptop 434', 'ultra-laptop-434-709cb8', 'Description for Ultra Laptop 434. Optimized for search and performance test.', '2bc2790b-d5f9-4ebe-870c-96c39a5236a0');
INSERT INTO product_variants (id, product_id, sku, price, stock_quantity, attributes) VALUES ('5a124d51-3ef6-45da-922e-c9b33e262041', '709cb8d3-7ae3-47f7-b0cc-bdb636311b51', 'LAPTOP-434-BX-5A12', 2670, 169, '{"color": "Black", "size": "XXL"}');
INSERT INTO product_variants (id, product_id, sku, price, stock_quantity, attributes) VALUES ('de084b1d-be70-4d5a-b8b5-7762c64bfe7f', '709cb8d3-7ae3-47f7-b0cc-bdb636311b51', 'LAPTOP-434-W6-DE08', 1616, 88, '{"color": "White", "size": "64GB"}');
INSERT INTO product_variants (id, product_id, sku, price, stock_quantity, attributes) VALUES ('20efd481-c7e9-422c-a6fa-3298bc316e8f', '709cb8d3-7ae3-47f7-b0cc-bdb636311b51', 'LAPTOP-434-WL-20EF', 1077, 12, '{"color": "White", "size": "L"}');
INSERT INTO products (id, name, slug, description, category_id) VALUES ('2e0518f6-cec8-4c70-b4c0-a1342e7bd5f0', 'Ultra Camera 650', 'ultra-camera-650-2e0518', 'Description for Ultra Camera 650. Optimized for search and performance test.', '2bc2790b-d5f9-4ebe-870c-96c39a5236a0');
INSERT INTO product_variants (id, product_id, sku, price, stock_quantity, attributes) VALUES ('70be3e1d-78d3-4ea9-9c19-ff7a0f229bf0', '2e0518f6-cec8-4c70-b4c0-a1342e7bd5f0', 'CAMERA-650-BX-70BE', 2473, 114, '{"color": "Blue", "size": "XL"}');
INSERT INTO product_variants (id, product_id, sku, price, stock_quantity, attributes) VALUES ('4aadb257-84aa-46a0-b53c-7f60e2904203', '2e0518f6-cec8-4c70-b4c0-a1342e7bd5f0', 'CAMERA-650-S6-4AAD', 1330, 184, '{"color": "Silver", "size": "64GB"}');
INSERT INTO product_variants (id, product_id, sku, price, stock_quantity, attributes) VALUES ('ea27e27a-9d48-4ff4-8fa1-1b6f420f43eb', '2e0518f6-cec8-4c70-b4c0-a1342e7bd5f0', 'CAMERA-650-S1-EA27', 2078, 90, '{"color": "Silver", "size": "128GB"}');
INSERT INTO products (id, name, slug, description, category_id) VALUES ('54686dd0-79a7-4b5c-8279-b639e3e553a6', 'Smart Shirt 325', 'smart-shirt-325-54686d', 'Description for Smart Shirt 325. Optimized for search and performance test.', '2bc2790b-d5f9-4ebe-870c-96c39a5236a0');
INSERT INTO product_variants (id, product_id, sku, price, stock_quantity, attributes) VALUES ('efc0d1c0-5fd5-4461-bb5d-bff6500e06b9', '54686dd0-79a7-4b5c-8279-b639e3e553a6', 'SHIRT-325-SL-EFC0', 4186, 34, '{"color": "Silver", "size": "L"}');
INSERT INTO product_variants (id, product_id, sku, price, stock_quantity, attributes) VALUES ('8e17b3d5-4d3d-4019-9951-3269fb28b0fe', '54686dd0-79a7-4b5c-8279-b639e3e553a6', 'SHIRT-325-G1-8E17', 2648, 31, '{"color": "Green", "size": "16GB RAM"}');
INSERT INTO product_variants (id, product_id, sku, price, stock_quantity, attributes) VALUES ('a70e3a76-8188-4590-b121-3eca4e345a03', '54686dd0-79a7-4b5c-8279-b639e3e553a6', 'SHIRT-325-R8-A70E', 1438, 145, '{"color": "Red", "size": "8GB RAM"}');
INSERT INTO products (id, name, slug, description, category_id) VALUES ('2964c44e-6193-4643-adf3-dec91cbb24b2', 'Ultra Monitor 812', 'ultra-monitor-812-2964c4', 'Description for Ultra Monitor 812. Optimized for search and performance test.', '2bc2790b-d5f9-4ebe-870c-96c39a5236a0');
INSERT INTO product_variants (id, product_id, sku, price, stock_quantity, attributes) VALUES ('14889ea9-02f4-4af0-84b4-eef968f877e5', '2964c44e-6193-4643-adf3-dec91cbb24b2', 'MONITOR-812-SX-1488', 1595, 40, '{"color": "Silver", "size": "XL"}');
INSERT INTO product_variants (id, product_id, sku, price, stock_quantity, attributes) VALUES ('c617174a-eaa8-4248-b757-78e1784a9f55', '2964c44e-6193-4643-adf3-dec91cbb24b2', 'MONITOR-812-B6-C617', 3246, 79, '{"color": "Blue", "size": "64GB"}');
INSERT INTO product_variants (id, product_id, sku, price, stock_quantity, attributes) VALUES ('b6a18a7d-0b3d-42a8-8aee-81d8229b020b', '2964c44e-6193-4643-adf3-dec91cbb24b2', 'MONITOR-812-B1-B6A1', 2597, 50, '{"color": "Blue", "size": "16GB RAM"}');
INSERT INTO products (id, name, slug, description, category_id) VALUES ('4c2604e7-56d9-4fbf-981b-8c9d9faad62f', 'Lite Laptop 968', 'lite-laptop-968-4c2604', 'Description for Lite Laptop 968. Optimized for search and performance test.', '2bc2790b-d5f9-4ebe-870c-96c39a5236a0');
INSERT INTO product_variants (id, product_id, sku, price, stock_quantity, attributes) VALUES ('ff9d5261-7bcc-49b5-929b-8636eebfce16', '4c2604e7-56d9-4fbf-981b-8c9d9faad62f', 'LAPTOP-968-B2-FF9D', 2735, 42, '{"color": "Black", "size": "256GB"}');
INSERT INTO product_variants (id, product_id, sku, price, stock_quantity, attributes) VALUES ('e74e12e3-4912-410d-8c7b-ce065ee2d196', '4c2604e7-56d9-4fbf-981b-8c9d9faad62f', 'LAPTOP-968-SL-E74E', 1975, 128, '{"color": "Silver", "size": "L"}');
INSERT INTO product_variants (id, product_id, sku, price, stock_quantity, attributes) VALUES ('2339b443-16d9-41b4-92fe-61c3daca80ba', '4c2604e7-56d9-4fbf-981b-8c9d9faad62f', 'LAPTOP-968-BS-2339', 1981, 177, '{"color": "Black", "size": "S"}');
INSERT INTO products (id, name, slug, description, category_id) VALUES ('7bba3d50-3c72-4209-b048-1d773c66ae18', 'Smart Shirt 946', 'smart-shirt-946-7bba3d', 'Description for Smart Shirt 946. Optimized for search and performance test.', '2bc2790b-d5f9-4ebe-870c-96c39a5236a0');
INSERT INTO product_variants (id, product_id, sku, price, stock_quantity, attributes) VALUES ('953456dd-79cc-47c7-800d-b73a0cc2b039', '7bba3d50-3c72-4209-b048-1d773c66ae18', 'SHIRT-946-GX-9534', 2857, 196, '{"color": "Gold", "size": "XXL"}');
INSERT INTO product_variants (id, product_id, sku, price, stock_quantity, attributes) VALUES ('b5fde1ce-c088-4a85-820d-089664922e32', '7bba3d50-3c72-4209-b048-1d773c66ae18', 'SHIRT-946-B1-B5FD', 2873, 109, '{"color": "Black", "size": "16GB RAM"}');
INSERT INTO product_variants (id, product_id, sku, price, stock_quantity, attributes) VALUES ('af55f380-8cc7-4fe8-b577-bc901c612bdd', '7bba3d50-3c72-4209-b048-1d773c66ae18', 'SHIRT-946-RL-AF55', 718, 162, '{"color": "Red", "size": "L"}');
INSERT INTO products (id, name, slug, description, category_id) VALUES ('1546ece4-98b4-4fe8-8832-d789517f65bf', 'Original Bed 679', 'original-bed-679-1546ec', 'Description for Original Bed 679. Optimized for search and performance test.', '2bc2790b-d5f9-4ebe-870c-96c39a5236a0');
INSERT INTO product_variants (id, product_id, sku, price, stock_quantity, attributes) VALUES ('f6249869-12ef-4af2-9b3b-acd6c1c28731', '1546ece4-98b4-4fe8-8832-d789517f65bf', 'BED-679-BL-F624', 1661, 73, '{"color": "Black", "size": "L"}');
INSERT INTO product_variants (id, product_id, sku, price, stock_quantity, attributes) VALUES ('2bd2c323-b9ae-47aa-8795-aa544c489383', '1546ece4-98b4-4fe8-8832-d789517f65bf', 'BED-679-BX-2BD2', 2191, 198, '{"color": "Black", "size": "XXL"}');
INSERT INTO product_variants (id, product_id, sku, price, stock_quantity, attributes) VALUES ('a696da09-5687-42ef-b0bb-def0adbf617e', '1546ece4-98b4-4fe8-8832-d789517f65bf', 'BED-679-S1-A696', 434, 40, '{"color": "Silver", "size": "16GB RAM"}');
INSERT INTO products (id, name, slug, description, category_id) VALUES ('8f0082d3-0615-42d3-97f3-a5c2a123de4b', 'Elegant Shirt 161', 'elegant-shirt-161-8f0082', 'Description for Elegant Shirt 161. Optimized for search and performance test.', '2bc2790b-d5f9-4ebe-870c-96c39a5236a0');
INSERT INTO product_variants (id, product_id, sku, price, stock_quantity, attributes) VALUES ('184be2de-78fd-4270-9ed6-af1828e33e29', '8f0082d3-0615-42d3-97f3-a5c2a123de4b', 'SHIRT-161-GX-184B', 2111, 48, '{"color": "Green", "size": "XL"}');
INSERT INTO product_variants (id, product_id, sku, price, stock_quantity, attributes) VALUES ('f09a3f89-b6c4-4daf-a315-1deec9885440', '8f0082d3-0615-42d3-97f3-a5c2a123de4b', 'SHIRT-161-WM-F09A', 105, 27, '{"color": "White", "size": "M"}');
INSERT INTO product_variants (id, product_id, sku, price, stock_quantity, attributes) VALUES ('caf84237-84e2-4a16-ac59-4e80376505a6', '8f0082d3-0615-42d3-97f3-a5c2a123de4b', 'SHIRT-161-B8-CAF8', 3076, 90, '{"color": "Black", "size": "8GB RAM"}');
INSERT INTO products (id, name, slug, description, category_id) VALUES ('5ba2f7fa-7d77-467f-84e8-0582d5a185fc', 'Original Monitor 856', 'original-monitor-856-5ba2f7', 'Description for Original Monitor 856. Optimized for search and performance test.', '2bc2790b-d5f9-4ebe-870c-96c39a5236a0');
INSERT INTO product_variants (id, product_id, sku, price, stock_quantity, attributes) VALUES ('ac3e711f-a25e-497a-8ac4-77bc0112ed36', '5ba2f7fa-7d77-467f-84e8-0582d5a185fc', 'MONITOR-856-S6-AC3E', 4983, 45, '{"color": "Silver", "size": "64GB"}');
INSERT INTO product_variants (id, product_id, sku, price, stock_quantity, attributes) VALUES ('8790f14e-510b-4df9-b567-f4762600b23b', '5ba2f7fa-7d77-467f-84e8-0582d5a185fc', 'MONITOR-856-GS-8790', 4956, 32, '{"color": "Gold", "size": "S"}');
INSERT INTO product_variants (id, product_id, sku, price, stock_quantity, attributes) VALUES ('556e18a8-83ae-4530-930e-384778a60c1b', '5ba2f7fa-7d77-467f-84e8-0582d5a185fc', 'MONITOR-856-G1-556E', 3440, 200, '{"color": "Gold", "size": "16GB RAM"}');
INSERT INTO products (id, name, slug, description, category_id) VALUES ('a5031604-6373-465d-8fd4-02d930546cc3', 'Elegant Table 361', 'elegant-table-361-a50316', 'Description for Elegant Table 361. Optimized for search and performance test.', '2bc2790b-d5f9-4ebe-870c-96c39a5236a0');
INSERT INTO product_variants (id, product_id, sku, price, stock_quantity, attributes) VALUES ('cde98c08-933f-4969-936d-bd9cd8dcbe4b', 'a5031604-6373-465d-8fd4-02d930546cc3', 'TABLE-361-W6-CDE9', 1420, 158, '{"color": "White", "size": "64GB"}');
INSERT INTO product_variants (id, product_id, sku, price, stock_quantity, attributes) VALUES ('36b01363-c07a-4590-9c94-74cf3a2faf2d', 'a5031604-6373-465d-8fd4-02d930546cc3', 'TABLE-361-B2-36B0', 2823, 19, '{"color": "Black", "size": "256GB"}');
INSERT INTO product_variants (id, product_id, sku, price, stock_quantity, attributes) VALUES ('02018ba8-6589-4882-82eb-ac0c8b1739c0', 'a5031604-6373-465d-8fd4-02d930546cc3', 'TABLE-361-BM-0201', 2198, 177, '{"color": "Blue", "size": "M"}');
INSERT INTO products (id, name, slug, description, category_id) VALUES ('9a2988f0-4c7a-45f8-b09c-dadc8eb7f84a', 'Pro Speaker 149', 'pro-speaker-149-9a2988', 'Description for Pro Speaker 149. Optimized for search and performance test.', '2bc2790b-d5f9-4ebe-870c-96c39a5236a0');
INSERT INTO product_variants (id, product_id, sku, price, stock_quantity, attributes) VALUES ('65d35990-d81b-4328-bfdb-08d1829998d6', '9a2988f0-4c7a-45f8-b09c-dadc8eb7f84a', 'SPEAKER-149-G6-65D3', 3163, 174, '{"color": "Green", "size": "64GB"}');
INSERT INTO product_variants (id, product_id, sku, price, stock_quantity, attributes) VALUES ('2c9174c3-c536-4278-bc90-4f4e7883e926', '9a2988f0-4c7a-45f8-b09c-dadc8eb7f84a', 'SPEAKER-149-BM-2C91', 1878, 55, '{"color": "Black", "size": "M"}');
INSERT INTO product_variants (id, product_id, sku, price, stock_quantity, attributes) VALUES ('b5931f48-f278-4d47-8074-f3bf44d52603', '9a2988f0-4c7a-45f8-b09c-dadc8eb7f84a', 'SPEAKER-149-W2-B593', 2593, 169, '{"color": "White", "size": "256GB"}');
INSERT INTO products (id, name, slug, description, category_id) VALUES ('8cd92b27-c5b9-4435-b87c-b2809582a29e', 'Eco Monitor 741', 'eco-monitor-741-8cd92b', 'Description for Eco Monitor 741. Optimized for search and performance test.', '2bc2790b-d5f9-4ebe-870c-96c39a5236a0');
INSERT INTO product_variants (id, product_id, sku, price, stock_quantity, attributes) VALUES ('968e3826-bd65-4b04-a2ef-e68a8bb00200', '8cd92b27-c5b9-4435-b87c-b2809582a29e', 'MONITOR-741-R1-968E', 4661, 95, '{"color": "Red", "size": "128GB"}');
INSERT INTO product_variants (id, product_id, sku, price, stock_quantity, attributes) VALUES ('ba4497b7-0971-4675-b9f2-33d9fd3c07a4', '8cd92b27-c5b9-4435-b87c-b2809582a29e', 'MONITOR-741-G6-BA44', 3851, 83, '{"color": "Gold", "size": "64GB"}');
INSERT INTO product_variants (id, product_id, sku, price, stock_quantity, attributes) VALUES ('2da4f75b-42b0-41b8-b39f-99e282ae57be', '8cd92b27-c5b9-4435-b87c-b2809582a29e', 'MONITOR-741-GL-2DA4', 482, 157, '{"color": "Green", "size": "L"}');
INSERT INTO products (id, name, slug, description, category_id) VALUES ('2d88cec8-0242-4815-9d9a-7b0cc8d5a14b', 'Eco Monitor 686', 'eco-monitor-686-2d88ce', 'Description for Eco Monitor 686. Optimized for search and performance test.', '2bc2790b-d5f9-4ebe-870c-96c39a5236a0');
INSERT INTO product_variants (id, product_id, sku, price, stock_quantity, attributes) VALUES ('3db558ce-bf8b-488c-b383-fafb287bcc8a', '2d88cec8-0242-4815-9d9a-7b0cc8d5a14b', 'MONITOR-686-GS-3DB5', 1740, 73, '{"color": "Green", "size": "S"}');
INSERT INTO product_variants (id, product_id, sku, price, stock_quantity, attributes) VALUES ('0a84e7ab-fcd6-4eb8-aea9-9772a4276b5a', '2d88cec8-0242-4815-9d9a-7b0cc8d5a14b', 'MONITOR-686-G1-0A84', 914, 33, '{"color": "Green", "size": "16GB RAM"}');
INSERT INTO product_variants (id, product_id, sku, price, stock_quantity, attributes) VALUES ('d44aeb29-1b23-4154-ba26-e9b4f1623ec8', '2d88cec8-0242-4815-9d9a-7b0cc8d5a14b', 'MONITOR-686-G6-D44A', 3620, 23, '{"color": "Gold", "size": "64GB"}');
INSERT INTO products (id, name, slug, description, category_id) VALUES ('9dd96733-e0a1-4b36-9cfc-aac66701fb45', 'Smart Table 330', 'smart-table-330-9dd967', 'Description for Smart Table 330. Optimized for search and performance test.', '2bc2790b-d5f9-4ebe-870c-96c39a5236a0');
INSERT INTO product_variants (id, product_id, sku, price, stock_quantity, attributes) VALUES ('dd8f9125-4de5-4d35-b6bc-15754229f8d1', '9dd96733-e0a1-4b36-9cfc-aac66701fb45', 'TABLE-330-W1-DD8F', 3155, 119, '{"color": "White", "size": "16GB RAM"}');
INSERT INTO product_variants (id, product_id, sku, price, stock_quantity, attributes) VALUES ('4d28bcbf-b5cc-41b5-986a-a7836b3b458e', '9dd96733-e0a1-4b36-9cfc-aac66701fb45', 'TABLE-330-WM-4D28', 916, 127, '{"color": "White", "size": "M"}');
INSERT INTO product_variants (id, product_id, sku, price, stock_quantity, attributes) VALUES ('4decd236-94e4-4113-ab74-2cb488d1c1a1', '9dd96733-e0a1-4b36-9cfc-aac66701fb45', 'TABLE-330-BL-4DEC', 3903, 56, '{"color": "Blue", "size": "L"}');
INSERT INTO products (id, name, slug, description, category_id) VALUES ('ff138ec8-d618-4039-a11a-ce96fcbf4af5', 'Premium Camera 797', 'premium-camera-797-ff138e', 'Description for Premium Camera 797. Optimized for search and performance test.', '2bc2790b-d5f9-4ebe-870c-96c39a5236a0');
INSERT INTO product_variants (id, product_id, sku, price, stock_quantity, attributes) VALUES ('05aed7eb-475d-4e1b-8def-012d2f46c923', 'ff138ec8-d618-4039-a11a-ce96fcbf4af5', 'CAMERA-797-G8-05AE', 3057, 52, '{"color": "Gold", "size": "8GB RAM"}');
INSERT INTO product_variants (id, product_id, sku, price, stock_quantity, attributes) VALUES ('3e57b170-9bb1-46b3-92ee-b5f4cfbf8c3f', 'ff138ec8-d618-4039-a11a-ce96fcbf4af5', 'CAMERA-797-BS-3E57', 1364, 73, '{"color": "Blue", "size": "S"}');
INSERT INTO product_variants (id, product_id, sku, price, stock_quantity, attributes) VALUES ('4f234a21-c344-46a5-9631-298050e56930', 'ff138ec8-d618-4039-a11a-ce96fcbf4af5', 'CAMERA-797-GX-4F23', 931, 127, '{"color": "Green", "size": "XL"}');
INSERT INTO products (id, name, slug, description, category_id) VALUES ('093f34f8-4133-4bc8-bd77-ce7ce019964b', 'Original Camera 208', 'original-camera-208-093f34', 'Description for Original Camera 208. Optimized for search and performance test.', '2bc2790b-d5f9-4ebe-870c-96c39a5236a0');
INSERT INTO product_variants (id, product_id, sku, price, stock_quantity, attributes) VALUES ('57423123-ad33-41f9-adbf-44637b15ba34', '093f34f8-4133-4bc8-bd77-ce7ce019964b', 'CAMERA-208-W1-5742', 3519, 42, '{"color": "White", "size": "16GB RAM"}');
INSERT INTO product_variants (id, product_id, sku, price, stock_quantity, attributes) VALUES ('9ce981d2-0fd9-4431-a78a-ef8f08e9ef7c', '093f34f8-4133-4bc8-bd77-ce7ce019964b', 'CAMERA-208-W8-9CE9', 2576, 13, '{"color": "White", "size": "8GB RAM"}');
INSERT INTO product_variants (id, product_id, sku, price, stock_quantity, attributes) VALUES ('a28009eb-c1f4-4e19-a344-176cf2940c1d', '093f34f8-4133-4bc8-bd77-ce7ce019964b', 'CAMERA-208-BX-A280', 1310, 90, '{"color": "Black", "size": "XXL"}');
INSERT INTO products (id, name, slug, description, category_id) VALUES ('22a8f614-cde7-4f0a-9a81-5cd544ea7049', 'Lite Table 780', 'lite-table-780-22a8f6', 'Description for Lite Table 780. Optimized for search and performance test.', '2bc2790b-d5f9-4ebe-870c-96c39a5236a0');
INSERT INTO product_variants (id, product_id, sku, price, stock_quantity, attributes) VALUES ('165d3566-15fc-4b6a-a3a7-503e10d251ee', '22a8f614-cde7-4f0a-9a81-5cd544ea7049', 'TABLE-780-BS-165D', 652, 175, '{"color": "Blue", "size": "S"}');
INSERT INTO product_variants (id, product_id, sku, price, stock_quantity, attributes) VALUES ('6947c72c-08be-405d-8f2c-598f69c2937b', '22a8f614-cde7-4f0a-9a81-5cd544ea7049', 'TABLE-780-G2-6947', 4139, 162, '{"color": "Green", "size": "256GB"}');
INSERT INTO product_variants (id, product_id, sku, price, stock_quantity, attributes) VALUES ('cb487d2c-770b-4e0f-9bcd-b5e327ee5ade', '22a8f614-cde7-4f0a-9a81-5cd544ea7049', 'TABLE-780-R1-CB48', 3946, 184, '{"color": "Red", "size": "16GB RAM"}');
INSERT INTO products (id, name, slug, description, category_id) VALUES ('fab82aa5-fc82-410b-8908-77383cbe3ff0', 'Elegant Dress 691', 'elegant-dress-691-fab82a', 'Description for Elegant Dress 691. Optimized for search and performance test.', '2bc2790b-d5f9-4ebe-870c-96c39a5236a0');
INSERT INTO product_variants (id, product_id, sku, price, stock_quantity, attributes) VALUES ('3119ebb8-8bcb-40eb-9e44-5ff5ab3e2998', 'fab82aa5-fc82-410b-8908-77383cbe3ff0', 'DRESS-691-GL-3119', 3895, 171, '{"color": "Gold", "size": "L"}');
INSERT INTO product_variants (id, product_id, sku, price, stock_quantity, attributes) VALUES ('30ba58c9-8d08-42e1-9a36-7b1155cd978b', 'fab82aa5-fc82-410b-8908-77383cbe3ff0', 'DRESS-691-S1-30BA', 2668, 105, '{"color": "Silver", "size": "16GB RAM"}');
INSERT INTO product_variants (id, product_id, sku, price, stock_quantity, attributes) VALUES ('8b893466-8631-4ce3-a5a0-42d5773cc689', 'fab82aa5-fc82-410b-8908-77383cbe3ff0', 'DRESS-691-S6-8B89', 1847, 22, '{"color": "Silver", "size": "64GB"}');
INSERT INTO products (id, name, slug, description, category_id) VALUES ('20c5da64-5466-42f8-ac38-c2740e4f7388', 'Eco Backpack 698', 'eco-backpack-698-20c5da', 'Description for Eco Backpack 698. Optimized for search and performance test.', '2bc2790b-d5f9-4ebe-870c-96c39a5236a0');
INSERT INTO product_variants (id, product_id, sku, price, stock_quantity, attributes) VALUES ('9cb6d231-7b6d-41bd-879a-0412fa61d2da', '20c5da64-5466-42f8-ac38-c2740e4f7388', 'BACKPACK-698-BX-9CB6', 4317, 61, '{"color": "Black", "size": "XL"}');
INSERT INTO product_variants (id, product_id, sku, price, stock_quantity, attributes) VALUES ('2f5a852c-df8a-4e11-8fcd-02497c55381b', '20c5da64-5466-42f8-ac38-c2740e4f7388', 'BACKPACK-698-R6-2F5A', 4563, 37, '{"color": "Red", "size": "64GB"}');
INSERT INTO product_variants (id, product_id, sku, price, stock_quantity, attributes) VALUES ('1fd0669f-61e0-449d-9a44-501117b03034', '20c5da64-5466-42f8-ac38-c2740e4f7388', 'BACKPACK-698-BX-1FD0', 335, 58, '{"color": "Blue", "size": "XL"}');
INSERT INTO products (id, name, slug, description, category_id) VALUES ('307632e1-53f7-4664-9f1e-9ded1c0c8d44', 'Eco Headphones 841', 'eco-headphones-841-307632', 'Description for Eco Headphones 841. Optimized for search and performance test.', '2bc2790b-d5f9-4ebe-870c-96c39a5236a0');
INSERT INTO product_variants (id, product_id, sku, price, stock_quantity, attributes) VALUES ('18e6fdc2-20ff-4096-88bb-be4e2e61770b', '307632e1-53f7-4664-9f1e-9ded1c0c8d44', 'HEADPHONES-841-G8-18E6', 2093, 44, '{"color": "Green", "size": "8GB RAM"}');
INSERT INTO product_variants (id, product_id, sku, price, stock_quantity, attributes) VALUES ('3047a010-0b1f-431c-aafb-b2aaa97a6c98', '307632e1-53f7-4664-9f1e-9ded1c0c8d44', 'HEADPHONES-841-GL-3047', 3971, 52, '{"color": "Gold", "size": "L"}');
INSERT INTO product_variants (id, product_id, sku, price, stock_quantity, attributes) VALUES ('c6088acb-b0c8-4e10-840f-20b388f7f86b', '307632e1-53f7-4664-9f1e-9ded1c0c8d44', 'HEADPHONES-841-B6-C608', 399, 11, '{"color": "Black", "size": "64GB"}');
INSERT INTO products (id, name, slug, description, category_id) VALUES ('e28e8996-8fce-4b63-9f4f-445b59eb1b4d', 'Lite Laptop 840', 'lite-laptop-840-e28e89', 'Description for Lite Laptop 840. Optimized for search and performance test.', '2bc2790b-d5f9-4ebe-870c-96c39a5236a0');
INSERT INTO product_variants (id, product_id, sku, price, stock_quantity, attributes) VALUES ('d599c28e-29f1-457f-ac53-d5c1e089987b', 'e28e8996-8fce-4b63-9f4f-445b59eb1b4d', 'LAPTOP-840-R2-D599', 1880, 167, '{"color": "Red", "size": "256GB"}');
INSERT INTO product_variants (id, product_id, sku, price, stock_quantity, attributes) VALUES ('7592dd2d-aa1f-4146-b7d1-c990df918528', 'e28e8996-8fce-4b63-9f4f-445b59eb1b4d', 'LAPTOP-840-WX-7592', 1310, 38, '{"color": "White", "size": "XXL"}');
INSERT INTO product_variants (id, product_id, sku, price, stock_quantity, attributes) VALUES ('3b01f6c1-ffc3-4278-be4e-eea6a603cdb2', 'e28e8996-8fce-4b63-9f4f-445b59eb1b4d', 'LAPTOP-840-BX-3B01', 3636, 69, '{"color": "Blue", "size": "XXL"}');
INSERT INTO products (id, name, slug, description, category_id) VALUES ('1352fe7c-7274-4ca4-a988-142d3c8d904f', 'Pro Backpack 919', 'pro-backpack-919-1352fe', 'Description for Pro Backpack 919. Optimized for search and performance test.', '2bc2790b-d5f9-4ebe-870c-96c39a5236a0');
INSERT INTO product_variants (id, product_id, sku, price, stock_quantity, attributes) VALUES ('98342b32-208b-4784-8539-ad1c362acdd2', '1352fe7c-7274-4ca4-a988-142d3c8d904f', 'BACKPACK-919-B2-9834', 3843, 167, '{"color": "Black", "size": "256GB"}');
INSERT INTO product_variants (id, product_id, sku, price, stock_quantity, attributes) VALUES ('aa7aa171-ab32-40a0-b83a-c6a87fc2e199', '1352fe7c-7274-4ca4-a988-142d3c8d904f', 'BACKPACK-919-WL-AA7A', 3589, 27, '{"color": "White", "size": "L"}');
INSERT INTO product_variants (id, product_id, sku, price, stock_quantity, attributes) VALUES ('2c699785-325f-4307-b5fc-98ccab09b9e0', '1352fe7c-7274-4ca4-a988-142d3c8d904f', 'BACKPACK-919-BM-2C69', 4271, 27, '{"color": "Blue", "size": "M"}');
INSERT INTO products (id, name, slug, description, category_id) VALUES ('3152f644-c83f-4764-957b-2476ca096a7f', 'Eco Shirt 539', 'eco-shirt-539-3152f6', 'Description for Eco Shirt 539. Optimized for search and performance test.', '2bc2790b-d5f9-4ebe-870c-96c39a5236a0');
INSERT INTO product_variants (id, product_id, sku, price, stock_quantity, attributes) VALUES ('e43b42d0-e771-4adc-99b6-7cb2b5216df5', '3152f644-c83f-4764-957b-2476ca096a7f', 'SHIRT-539-B1-E43B', 1569, 109, '{"color": "Black", "size": "128GB"}');
INSERT INTO product_variants (id, product_id, sku, price, stock_quantity, attributes) VALUES ('abe43780-8b31-464c-be97-e3485be95f37', '3152f644-c83f-4764-957b-2476ca096a7f', 'SHIRT-539-BS-ABE4', 1945, 200, '{"color": "Blue", "size": "S"}');
INSERT INTO product_variants (id, product_id, sku, price, stock_quantity, attributes) VALUES ('7b659c0c-2f6f-4e86-ae87-7579a9920c44', '3152f644-c83f-4764-957b-2476ca096a7f', 'SHIRT-539-RM-7B65', 2193, 47, '{"color": "Red", "size": "M"}');
INSERT INTO products (id, name, slug, description, category_id) VALUES ('c9ad409a-2ef8-4161-af84-6ca46697ab55', 'Elegant Table 523', 'elegant-table-523-c9ad40', 'Description for Elegant Table 523. Optimized for search and performance test.', '2bc2790b-d5f9-4ebe-870c-96c39a5236a0');
INSERT INTO product_variants (id, product_id, sku, price, stock_quantity, attributes) VALUES ('85654660-72fe-47c3-8ebc-a7df0206a5fc', 'c9ad409a-2ef8-4161-af84-6ca46697ab55', 'TABLE-523-GS-8565', 4654, 176, '{"color": "Green", "size": "S"}');
INSERT INTO product_variants (id, product_id, sku, price, stock_quantity, attributes) VALUES ('90114be2-5e65-4b78-bc5d-692419312a12', 'c9ad409a-2ef8-4161-af84-6ca46697ab55', 'TABLE-523-R1-9011', 4980, 34, '{"color": "Red", "size": "128GB"}');
INSERT INTO product_variants (id, product_id, sku, price, stock_quantity, attributes) VALUES ('483bd905-fefc-467c-a83f-211353dd8cfd', 'c9ad409a-2ef8-4161-af84-6ca46697ab55', 'TABLE-523-BX-483B', 4200, 62, '{"color": "Black", "size": "XXL"}');
INSERT INTO products (id, name, slug, description, category_id) VALUES ('e49c6bed-c0a8-4c7e-ae66-acd33c4c5558', 'Ultra Shirt 101', 'ultra-shirt-101-e49c6b', 'Description for Ultra Shirt 101. Optimized for search and performance test.', '2bc2790b-d5f9-4ebe-870c-96c39a5236a0');
INSERT INTO product_variants (id, product_id, sku, price, stock_quantity, attributes) VALUES ('fb5a7988-0230-45c4-b5d8-11387bb14c01', 'e49c6bed-c0a8-4c7e-ae66-acd33c4c5558', 'SHIRT-101-BS-FB5A', 1911, 57, '{"color": "Black", "size": "S"}');
INSERT INTO product_variants (id, product_id, sku, price, stock_quantity, attributes) VALUES ('2f2ef718-b54f-4efa-ab6f-05684c7269ee', 'e49c6bed-c0a8-4c7e-ae66-acd33c4c5558', 'SHIRT-101-GL-2F2E', 2223, 96, '{"color": "Green", "size": "L"}');
INSERT INTO product_variants (id, product_id, sku, price, stock_quantity, attributes) VALUES ('2776e515-4603-451c-b63e-a87b73b9181c', 'e49c6bed-c0a8-4c7e-ae66-acd33c4c5558', 'SHIRT-101-BM-2776', 3939, 75, '{"color": "Black", "size": "M"}');
INSERT INTO products (id, name, slug, description, category_id) VALUES ('c08deeaa-f114-400d-a8a3-b8b9c2981b28', 'Ultra Laptop 430', 'ultra-laptop-430-c08dee', 'Description for Ultra Laptop 430. Optimized for search and performance test.', '2bc2790b-d5f9-4ebe-870c-96c39a5236a0');
INSERT INTO product_variants (id, product_id, sku, price, stock_quantity, attributes) VALUES ('0157b048-ac85-44fb-974b-0642052a7e0a', 'c08deeaa-f114-400d-a8a3-b8b9c2981b28', 'LAPTOP-430-GL-0157', 2829, 156, '{"color": "Green", "size": "L"}');
INSERT INTO product_variants (id, product_id, sku, price, stock_quantity, attributes) VALUES ('9133ea22-4b46-4c79-9945-7ae548ac167d', 'c08deeaa-f114-400d-a8a3-b8b9c2981b28', 'LAPTOP-430-B6-9133', 1956, 132, '{"color": "Black", "size": "64GB"}');
INSERT INTO product_variants (id, product_id, sku, price, stock_quantity, attributes) VALUES ('0e1ebbbb-527d-410e-a750-5a39a32e3bd2', 'c08deeaa-f114-400d-a8a3-b8b9c2981b28', 'LAPTOP-430-W2-0E1E', 731, 103, '{"color": "White", "size": "256GB"}');
INSERT INTO products (id, name, slug, description, category_id) VALUES ('09d43eb0-464d-498f-909d-da4cc6a836a6', 'Smart Phone 322', 'smart-phone-322-09d43e', 'Description for Smart Phone 322. Optimized for search and performance test.', '2bc2790b-d5f9-4ebe-870c-96c39a5236a0');
INSERT INTO product_variants (id, product_id, sku, price, stock_quantity, attributes) VALUES ('58032f63-0958-484f-8c90-b4c1f5092b83', '09d43eb0-464d-498f-909d-da4cc6a836a6', 'PHONE-322-BS-5803', 1253, 97, '{"color": "Black", "size": "S"}');
INSERT INTO product_variants (id, product_id, sku, price, stock_quantity, attributes) VALUES ('15af4e42-b9cf-46bc-b6a1-05cfec9bd520', '09d43eb0-464d-498f-909d-da4cc6a836a6', 'PHONE-322-RX-15AF', 3442, 117, '{"color": "Red", "size": "XL"}');
INSERT INTO product_variants (id, product_id, sku, price, stock_quantity, attributes) VALUES ('17e18065-4182-42f6-88fa-33564eaedf61', '09d43eb0-464d-498f-909d-da4cc6a836a6', 'PHONE-322-S1-17E1', 2969, 148, '{"color": "Silver", "size": "128GB"}');
INSERT INTO products (id, name, slug, description, category_id) VALUES ('34146a8a-a588-4a19-92de-a17a18d31440', 'Smart Speaker 159', 'smart-speaker-159-34146a', 'Description for Smart Speaker 159. Optimized for search and performance test.', '2bc2790b-d5f9-4ebe-870c-96c39a5236a0');
INSERT INTO product_variants (id, product_id, sku, price, stock_quantity, attributes) VALUES ('fafdf636-ac8a-4a90-bad9-c62cc22f7d48', '34146a8a-a588-4a19-92de-a17a18d31440', 'SPEAKER-159-W6-FAFD', 2375, 124, '{"color": "White", "size": "64GB"}');
INSERT INTO product_variants (id, product_id, sku, price, stock_quantity, attributes) VALUES ('bc23bf56-488c-40ca-abf8-72c23f720acb', '34146a8a-a588-4a19-92de-a17a18d31440', 'SPEAKER-159-BL-BC23', 4654, 30, '{"color": "Blue", "size": "L"}');
INSERT INTO product_variants (id, product_id, sku, price, stock_quantity, attributes) VALUES ('b7f1cf7b-2a0f-4fc7-a150-2687399a348c', '34146a8a-a588-4a19-92de-a17a18d31440', 'SPEAKER-159-GM-B7F1', 1321, 139, '{"color": "Gold", "size": "M"}');
INSERT INTO products (id, name, slug, description, category_id) VALUES ('caf2708c-f848-4096-8b3a-6d9d4ba2bd64', 'Smart Speaker 940', 'smart-speaker-940-caf270', 'Description for Smart Speaker 940. Optimized for search and performance test.', '2bc2790b-d5f9-4ebe-870c-96c39a5236a0');
INSERT INTO product_variants (id, product_id, sku, price, stock_quantity, attributes) VALUES ('ee841ddf-4442-4502-a8b5-121e3cdcc4b0', 'caf2708c-f848-4096-8b3a-6d9d4ba2bd64', 'SPEAKER-940-W1-EE84', 3050, 22, '{"color": "White", "size": "16GB RAM"}');
INSERT INTO product_variants (id, product_id, sku, price, stock_quantity, attributes) VALUES ('286bb276-491b-4b2d-8610-abb612cb8129', 'caf2708c-f848-4096-8b3a-6d9d4ba2bd64', 'SPEAKER-940-BM-286B', 2729, 48, '{"color": "Blue", "size": "M"}');
INSERT INTO product_variants (id, product_id, sku, price, stock_quantity, attributes) VALUES ('839d94b9-e8bb-4f6c-943f-971f68fedb89', 'caf2708c-f848-4096-8b3a-6d9d4ba2bd64', 'SPEAKER-940-B6-839D', 2109, 40, '{"color": "Blue", "size": "64GB"}');
INSERT INTO products (id, name, slug, description, category_id) VALUES ('fb21f9bc-55a5-466c-858b-df7d6e1fb497', 'Ultra Monitor 901', 'ultra-monitor-901-fb21f9', 'Description for Ultra Monitor 901. Optimized for search and performance test.', '2bc2790b-d5f9-4ebe-870c-96c39a5236a0');
INSERT INTO product_variants (id, product_id, sku, price, stock_quantity, attributes) VALUES ('79d37fc5-11c4-4c23-b11f-5451026cd515', 'fb21f9bc-55a5-466c-858b-df7d6e1fb497', 'MONITOR-901-RX-79D3', 2690, 74, '{"color": "Red", "size": "XL"}');
INSERT INTO product_variants (id, product_id, sku, price, stock_quantity, attributes) VALUES ('c4c429a5-40d4-4e7c-8d2a-04b7d240fd3e', 'fb21f9bc-55a5-466c-858b-df7d6e1fb497', 'MONITOR-901-R2-C4C4', 254, 14, '{"color": "Red", "size": "256GB"}');
INSERT INTO product_variants (id, product_id, sku, price, stock_quantity, attributes) VALUES ('38862ff0-57aa-4831-84e2-e43e6f2f815b', 'fb21f9bc-55a5-466c-858b-df7d6e1fb497', 'MONITOR-901-S2-3886', 268, 34, '{"color": "Silver", "size": "256GB"}');
INSERT INTO products (id, name, slug, description, category_id) VALUES ('8311ec33-ef7e-4214-b042-6c1086180851', 'Eco Monitor 359', 'eco-monitor-359-8311ec', 'Description for Eco Monitor 359. Optimized for search and performance test.', '2bc2790b-d5f9-4ebe-870c-96c39a5236a0');
INSERT INTO product_variants (id, product_id, sku, price, stock_quantity, attributes) VALUES ('4dd2cf54-aa3c-4f06-81b3-0402febefab3', '8311ec33-ef7e-4214-b042-6c1086180851', 'MONITOR-359-GL-4DD2', 2955, 164, '{"color": "Gold", "size": "L"}');
INSERT INTO product_variants (id, product_id, sku, price, stock_quantity, attributes) VALUES ('67db7cad-7b67-4983-9746-d06c932a3665', '8311ec33-ef7e-4214-b042-6c1086180851', 'MONITOR-359-G2-67DB', 3152, 135, '{"color": "Green", "size": "256GB"}');
INSERT INTO product_variants (id, product_id, sku, price, stock_quantity, attributes) VALUES ('6f7c964c-e712-4df5-84f7-a22d8781b790', '8311ec33-ef7e-4214-b042-6c1086180851', 'MONITOR-359-G1-6F7C', 1865, 192, '{"color": "Gold", "size": "128GB"}');
INSERT INTO products (id, name, slug, description, category_id) VALUES ('5cfccc0b-b6b0-4c13-bfa8-99cb224f786f', 'Pro Phone 617', 'pro-phone-617-5cfccc', 'Description for Pro Phone 617. Optimized for search and performance test.', '2bc2790b-d5f9-4ebe-870c-96c39a5236a0');
INSERT INTO product_variants (id, product_id, sku, price, stock_quantity, attributes) VALUES ('96f683d6-b1c1-41f1-90cf-7013740c690d', '5cfccc0b-b6b0-4c13-bfa8-99cb224f786f', 'PHONE-617-WM-96F6', 2559, 25, '{"color": "White", "size": "M"}');
INSERT INTO product_variants (id, product_id, sku, price, stock_quantity, attributes) VALUES ('0003cc47-e15c-4ee2-80e4-e07b7569a63d', '5cfccc0b-b6b0-4c13-bfa8-99cb224f786f', 'PHONE-617-G8-0003', 4333, 103, '{"color": "Gold", "size": "8GB RAM"}');
INSERT INTO product_variants (id, product_id, sku, price, stock_quantity, attributes) VALUES ('b93396ac-5854-4b66-baec-ac385e15b181', '5cfccc0b-b6b0-4c13-bfa8-99cb224f786f', 'PHONE-617-SX-B933', 3395, 148, '{"color": "Silver", "size": "XXL"}');
INSERT INTO products (id, name, slug, description, category_id) VALUES ('b7565e62-a840-4428-8c47-4dc5b9a13797', 'Pro Phone 209', 'pro-phone-209-b7565e', 'Description for Pro Phone 209. Optimized for search and performance test.', '2bc2790b-d5f9-4ebe-870c-96c39a5236a0');
INSERT INTO product_variants (id, product_id, sku, price, stock_quantity, attributes) VALUES ('004e81fe-710e-4368-b15b-f35a418d4c80', 'b7565e62-a840-4428-8c47-4dc5b9a13797', 'PHONE-209-G1-004E', 282, 53, '{"color": "Gold", "size": "128GB"}');
INSERT INTO product_variants (id, product_id, sku, price, stock_quantity, attributes) VALUES ('f4dc5f70-0892-47c4-a7b2-caeddf1dda86', 'b7565e62-a840-4428-8c47-4dc5b9a13797', 'PHONE-209-BS-F4DC', 3592, 96, '{"color": "Black", "size": "S"}');
INSERT INTO product_variants (id, product_id, sku, price, stock_quantity, attributes) VALUES ('313b1fc5-7875-4d6b-8083-e47b8c4114de', 'b7565e62-a840-4428-8c47-4dc5b9a13797', 'PHONE-209-W8-313B', 4272, 38, '{"color": "White", "size": "8GB RAM"}');
INSERT INTO products (id, name, slug, description, category_id) VALUES ('b7035fcb-07a1-449c-885b-d2c18e987ec5', 'Pro Dress 573', 'pro-dress-573-b7035f', 'Description for Pro Dress 573. Optimized for search and performance test.', '2bc2790b-d5f9-4ebe-870c-96c39a5236a0');
INSERT INTO product_variants (id, product_id, sku, price, stock_quantity, attributes) VALUES ('1a065628-b564-4694-82a5-3f71caeb13b4', 'b7035fcb-07a1-449c-885b-d2c18e987ec5', 'DRESS-573-SX-1A06', 1705, 93, '{"color": "Silver", "size": "XL"}');
INSERT INTO product_variants (id, product_id, sku, price, stock_quantity, attributes) VALUES ('f4e2ba30-25a2-41d8-9580-ba1f28591bb4', 'b7035fcb-07a1-449c-885b-d2c18e987ec5', 'DRESS-573-G1-F4E2', 106, 122, '{"color": "Green", "size": "16GB RAM"}');
INSERT INTO product_variants (id, product_id, sku, price, stock_quantity, attributes) VALUES ('eb5b148b-f6d8-4499-89f3-5c88d918f358', 'b7035fcb-07a1-449c-885b-d2c18e987ec5', 'DRESS-573-SX-EB5B', 4425, 130, '{"color": "Silver", "size": "XXL"}');
INSERT INTO products (id, name, slug, description, category_id) VALUES ('26bbc762-f5e0-44b4-9dc5-7c822c913ac9', 'Premium Backpack 134', 'premium-backpack-134-26bbc7', 'Description for Premium Backpack 134. Optimized for search and performance test.', '2bc2790b-d5f9-4ebe-870c-96c39a5236a0');
INSERT INTO product_variants (id, product_id, sku, price, stock_quantity, attributes) VALUES ('989c991b-4ba3-4d4f-89ee-11bf51df79bd', '26bbc762-f5e0-44b4-9dc5-7c822c913ac9', 'BACKPACK-134-GX-989C', 3399, 75, '{"color": "Green", "size": "XXL"}');
INSERT INTO product_variants (id, product_id, sku, price, stock_quantity, attributes) VALUES ('70c418b1-f163-4925-bf3e-9a674828d2de', '26bbc762-f5e0-44b4-9dc5-7c822c913ac9', 'BACKPACK-134-G6-70C4', 1501, 119, '{"color": "Gold", "size": "64GB"}');
INSERT INTO product_variants (id, product_id, sku, price, stock_quantity, attributes) VALUES ('df196aed-41b3-455c-a4f3-add5a282ad6e', '26bbc762-f5e0-44b4-9dc5-7c822c913ac9', 'BACKPACK-134-W2-DF19', 4209, 55, '{"color": "White", "size": "256GB"}');
INSERT INTO products (id, name, slug, description, category_id) VALUES ('1311c7a2-3fd8-417d-947c-8175a1e1685e', 'Smart Speaker 723', 'smart-speaker-723-1311c7', 'Description for Smart Speaker 723. Optimized for search and performance test.', '2bc2790b-d5f9-4ebe-870c-96c39a5236a0');
INSERT INTO product_variants (id, product_id, sku, price, stock_quantity, attributes) VALUES ('94cb1d7d-d4be-48a1-a4ea-a4623a185028', '1311c7a2-3fd8-417d-947c-8175a1e1685e', 'SPEAKER-723-B8-94CB', 4843, 103, '{"color": "Blue", "size": "8GB RAM"}');
INSERT INTO product_variants (id, product_id, sku, price, stock_quantity, attributes) VALUES ('1c4370ba-86d6-48f9-8b12-b5440e468d21', '1311c7a2-3fd8-417d-947c-8175a1e1685e', 'SPEAKER-723-SX-1C43', 3578, 159, '{"color": "Silver", "size": "XL"}');
INSERT INTO product_variants (id, product_id, sku, price, stock_quantity, attributes) VALUES ('4ee13702-80e9-416d-a1de-73cad53cca93', '1311c7a2-3fd8-417d-947c-8175a1e1685e', 'SPEAKER-723-S1-4EE1', 3491, 167, '{"color": "Silver", "size": "16GB RAM"}');
INSERT INTO products (id, name, slug, description, category_id) VALUES ('d2db2c5a-d5c9-440a-ba58-8aeb577aabd8', 'Elegant Bed 247', 'elegant-bed-247-d2db2c', 'Description for Elegant Bed 247. Optimized for search and performance test.', '2bc2790b-d5f9-4ebe-870c-96c39a5236a0');
INSERT INTO product_variants (id, product_id, sku, price, stock_quantity, attributes) VALUES ('f6bab7bd-b78f-4ffe-b9d6-32dfc5150678', 'd2db2c5a-d5c9-440a-ba58-8aeb577aabd8', 'BED-247-WX-F6BA', 2734, 162, '{"color": "White", "size": "XXL"}');
INSERT INTO product_variants (id, product_id, sku, price, stock_quantity, attributes) VALUES ('f48123c8-a411-45a6-939e-33aa01d3b780', 'd2db2c5a-d5c9-440a-ba58-8aeb577aabd8', 'BED-247-S2-F481', 2914, 133, '{"color": "Silver", "size": "256GB"}');
INSERT INTO product_variants (id, product_id, sku, price, stock_quantity, attributes) VALUES ('9b21d698-3bc2-4c2f-b8b7-4e1ab77ebe42', 'd2db2c5a-d5c9-440a-ba58-8aeb577aabd8', 'BED-247-BM-9B21', 2982, 180, '{"color": "Black", "size": "M"}');
INSERT INTO products (id, name, slug, description, category_id) VALUES ('1cef6311-4795-4e11-b0be-57a710a68920', 'Smart Bed 524', 'smart-bed-524-1cef63', 'Description for Smart Bed 524. Optimized for search and performance test.', '2bc2790b-d5f9-4ebe-870c-96c39a5236a0');
INSERT INTO product_variants (id, product_id, sku, price, stock_quantity, attributes) VALUES ('b61f0a1a-869b-4e53-93dd-b276ac656993', '1cef6311-4795-4e11-b0be-57a710a68920', 'BED-524-WX-B61F', 707, 102, '{"color": "White", "size": "XXL"}');
INSERT INTO product_variants (id, product_id, sku, price, stock_quantity, attributes) VALUES ('d0be898c-2121-4098-874d-e8e221240131', '1cef6311-4795-4e11-b0be-57a710a68920', 'BED-524-RX-D0BE', 1728, 27, '{"color": "Red", "size": "XXL"}');
INSERT INTO product_variants (id, product_id, sku, price, stock_quantity, attributes) VALUES ('c669d4e4-32d2-44ee-b602-7cac2a45b8a7', '1cef6311-4795-4e11-b0be-57a710a68920', 'BED-524-GL-C669', 3983, 128, '{"color": "Gold", "size": "L"}');
INSERT INTO products (id, name, slug, description, category_id) VALUES ('f8b40a09-655d-4b8a-975a-d648de44eee8', 'Lite Camera 265', 'lite-camera-265-f8b40a', 'Description for Lite Camera 265. Optimized for search and performance test.', '2bc2790b-d5f9-4ebe-870c-96c39a5236a0');
INSERT INTO product_variants (id, product_id, sku, price, stock_quantity, attributes) VALUES ('c5322138-4038-4897-8b43-8ecac179ea9d', 'f8b40a09-655d-4b8a-975a-d648de44eee8', 'CAMERA-265-B8-C532', 3190, 39, '{"color": "Black", "size": "8GB RAM"}');
INSERT INTO product_variants (id, product_id, sku, price, stock_quantity, attributes) VALUES ('2eef71fd-f5e5-48f0-b8bc-3438f4a5d57b', 'f8b40a09-655d-4b8a-975a-d648de44eee8', 'CAMERA-265-B1-2EEF', 3559, 171, '{"color": "Black", "size": "128GB"}');
INSERT INTO product_variants (id, product_id, sku, price, stock_quantity, attributes) VALUES ('d17eaf3e-8c13-4bed-bc4c-8a0b6f07d51d', 'f8b40a09-655d-4b8a-975a-d648de44eee8', 'CAMERA-265-R8-D17E', 1080, 150, '{"color": "Red", "size": "8GB RAM"}');
INSERT INTO products (id, name, slug, description, category_id) VALUES ('67cc7c1b-009e-46d6-ac4a-43dcb6c18069', 'Eco Phone 762', 'eco-phone-762-67cc7c', 'Description for Eco Phone 762. Optimized for search and performance test.', '2bc2790b-d5f9-4ebe-870c-96c39a5236a0');
INSERT INTO product_variants (id, product_id, sku, price, stock_quantity, attributes) VALUES ('620572ba-bd07-4f54-9387-df5980f975ed', '67cc7c1b-009e-46d6-ac4a-43dcb6c18069', 'PHONE-762-G8-6205', 2504, 192, '{"color": "Green", "size": "8GB RAM"}');
INSERT INTO product_variants (id, product_id, sku, price, stock_quantity, attributes) VALUES ('c74db5f3-0231-44d5-a051-124f055b600f', '67cc7c1b-009e-46d6-ac4a-43dcb6c18069', 'PHONE-762-B1-C74D', 1740, 144, '{"color": "Blue", "size": "128GB"}');
INSERT INTO product_variants (id, product_id, sku, price, stock_quantity, attributes) VALUES ('f9a75064-6fae-4902-af47-dcb2751aa2c2', '67cc7c1b-009e-46d6-ac4a-43dcb6c18069', 'PHONE-762-R6-F9A7', 3948, 173, '{"color": "Red", "size": "64GB"}');
INSERT INTO products (id, name, slug, description, category_id) VALUES ('c5b42977-de84-4ed3-a94c-0b5f0014cb2f', 'Smart Bed 976', 'smart-bed-976-c5b429', 'Description for Smart Bed 976. Optimized for search and performance test.', '2bc2790b-d5f9-4ebe-870c-96c39a5236a0');
INSERT INTO product_variants (id, product_id, sku, price, stock_quantity, attributes) VALUES ('f60fc41c-a9a2-440d-afec-7d6740405b06', 'c5b42977-de84-4ed3-a94c-0b5f0014cb2f', 'BED-976-R1-F60F', 1634, 17, '{"color": "Red", "size": "128GB"}');
INSERT INTO product_variants (id, product_id, sku, price, stock_quantity, attributes) VALUES ('85c0ec5b-b327-4318-bde3-66009490b5e4', 'c5b42977-de84-4ed3-a94c-0b5f0014cb2f', 'BED-976-W6-85C0', 2625, 93, '{"color": "White", "size": "64GB"}');
INSERT INTO product_variants (id, product_id, sku, price, stock_quantity, attributes) VALUES ('7c4dcb78-208b-4c5b-b130-29ab38a32408', 'c5b42977-de84-4ed3-a94c-0b5f0014cb2f', 'BED-976-GL-7C4D', 1989, 61, '{"color": "Green", "size": "L"}');
INSERT INTO products (id, name, slug, description, category_id) VALUES ('42276053-7f46-4613-8801-ed8894412b81', 'Smart Camera 779', 'smart-camera-779-422760', 'Description for Smart Camera 779. Optimized for search and performance test.', '2bc2790b-d5f9-4ebe-870c-96c39a5236a0');
INSERT INTO product_variants (id, product_id, sku, price, stock_quantity, attributes) VALUES ('5dd3e9da-2856-49c6-9971-0b3040af6b04', '42276053-7f46-4613-8801-ed8894412b81', 'CAMERA-779-SX-5DD3', 2785, 166, '{"color": "Silver", "size": "XL"}');
INSERT INTO product_variants (id, product_id, sku, price, stock_quantity, attributes) VALUES ('6f5e8dd4-6801-4fa7-8a85-2f989fea408d', '42276053-7f46-4613-8801-ed8894412b81', 'CAMERA-779-SS-6F5E', 1806, 141, '{"color": "Silver", "size": "S"}');
INSERT INTO product_variants (id, product_id, sku, price, stock_quantity, attributes) VALUES ('59272f6d-0a4f-47d9-a6df-d60f1e1d3ad3', '42276053-7f46-4613-8801-ed8894412b81', 'CAMERA-779-GX-5927', 786, 57, '{"color": "Gold", "size": "XXL"}');
INSERT INTO products (id, name, slug, description, category_id) VALUES ('2afffc2b-bbf6-4725-9142-49b4fef57491', 'Premium Shirt 433', 'premium-shirt-433-2afffc', 'Description for Premium Shirt 433. Optimized for search and performance test.', '2bc2790b-d5f9-4ebe-870c-96c39a5236a0');
INSERT INTO product_variants (id, product_id, sku, price, stock_quantity, attributes) VALUES ('7cb92ddb-54c5-4294-9182-319d0d422761', '2afffc2b-bbf6-4725-9142-49b4fef57491', 'SHIRT-433-G1-7CB9', 2925, 60, '{"color": "Green", "size": "16GB RAM"}');
INSERT INTO product_variants (id, product_id, sku, price, stock_quantity, attributes) VALUES ('8a68f8c5-8a97-4ba6-9ef4-336b19123bea', '2afffc2b-bbf6-4725-9142-49b4fef57491', 'SHIRT-433-W1-8A68', 3340, 58, '{"color": "White", "size": "16GB RAM"}');
INSERT INTO product_variants (id, product_id, sku, price, stock_quantity, attributes) VALUES ('2306f2f0-b9bb-4427-b263-68c695ef525a', '2afffc2b-bbf6-4725-9142-49b4fef57491', 'SHIRT-433-G1-2306', 1435, 198, '{"color": "Gold", "size": "128GB"}');
INSERT INTO products (id, name, slug, description, category_id) VALUES ('65526829-ca0f-4145-a3bd-82e52491d14d', 'Eco Phone 463', 'eco-phone-463-655268', 'Description for Eco Phone 463. Optimized for search and performance test.', '246201d0-7f3f-457a-a673-1fc9750bdb53');
INSERT INTO product_variants (id, product_id, sku, price, stock_quantity, attributes) VALUES ('52b54bfa-19ef-4617-9391-3034f212f982', '65526829-ca0f-4145-a3bd-82e52491d14d', 'PHONE-463-SX-52B5', 2401, 63, '{"color": "Silver", "size": "XXL"}');
INSERT INTO product_variants (id, product_id, sku, price, stock_quantity, attributes) VALUES ('2105ab54-48f4-485a-a97f-3289208c6bbc', '65526829-ca0f-4145-a3bd-82e52491d14d', 'PHONE-463-BL-2105', 1549, 58, '{"color": "Blue", "size": "L"}');
INSERT INTO product_variants (id, product_id, sku, price, stock_quantity, attributes) VALUES ('d12dd670-f6c9-4c0a-94d5-3ac64ef2ed81', '65526829-ca0f-4145-a3bd-82e52491d14d', 'PHONE-463-S2-D12D', 3351, 106, '{"color": "Silver", "size": "256GB"}');
INSERT INTO products (id, name, slug, description, category_id) VALUES ('259fdeb3-9f1d-42dd-ad40-2dd703c34662', 'Elegant Laptop 548', 'elegant-laptop-548-259fde', 'Description for Elegant Laptop 548. Optimized for search and performance test.', '246201d0-7f3f-457a-a673-1fc9750bdb53');
INSERT INTO product_variants (id, product_id, sku, price, stock_quantity, attributes) VALUES ('6cecbc6f-1b99-4a41-b3a7-b592f5e1c883', '259fdeb3-9f1d-42dd-ad40-2dd703c34662', 'LAPTOP-548-W8-6CEC', 1162, 61, '{"color": "White", "size": "8GB RAM"}');
INSERT INTO product_variants (id, product_id, sku, price, stock_quantity, attributes) VALUES ('616dfd25-c2bf-46dd-8372-3bd0d48850a8', '259fdeb3-9f1d-42dd-ad40-2dd703c34662', 'LAPTOP-548-S1-616D', 2916, 52, '{"color": "Silver", "size": "16GB RAM"}');
INSERT INTO product_variants (id, product_id, sku, price, stock_quantity, attributes) VALUES ('3ae2db15-55eb-4494-8108-94ebd124cdc3', '259fdeb3-9f1d-42dd-ad40-2dd703c34662', 'LAPTOP-548-BX-3AE2', 4038, 52, '{"color": "Blue", "size": "XXL"}');
INSERT INTO products (id, name, slug, description, category_id) VALUES ('53929431-d47f-483e-934c-d7756413b304', 'Premium Shirt 862', 'premium-shirt-862-539294', 'Description for Premium Shirt 862. Optimized for search and performance test.', '246201d0-7f3f-457a-a673-1fc9750bdb53');
INSERT INTO product_variants (id, product_id, sku, price, stock_quantity, attributes) VALUES ('9f240923-6bac-47a3-b075-51fa8a3fba7a', '53929431-d47f-483e-934c-d7756413b304', 'SHIRT-862-B2-9F24', 1920, 136, '{"color": "Black", "size": "256GB"}');
INSERT INTO product_variants (id, product_id, sku, price, stock_quantity, attributes) VALUES ('02ddc696-4050-4abf-a2b5-6cce98d0a9ae', '53929431-d47f-483e-934c-d7756413b304', 'SHIRT-862-S6-02DD', 945, 137, '{"color": "Silver", "size": "64GB"}');
INSERT INTO product_variants (id, product_id, sku, price, stock_quantity, attributes) VALUES ('a17f8ee3-d654-4a50-90fa-c6281d56a014', '53929431-d47f-483e-934c-d7756413b304', 'SHIRT-862-R6-A17F', 3010, 113, '{"color": "Red", "size": "64GB"}');
INSERT INTO products (id, name, slug, description, category_id) VALUES ('4dda86fa-5ae1-4f7c-aff3-41abf4dd3469', 'Smart Headphones 371', 'smart-headphones-371-4dda86', 'Description for Smart Headphones 371. Optimized for search and performance test.', '246201d0-7f3f-457a-a673-1fc9750bdb53');
INSERT INTO product_variants (id, product_id, sku, price, stock_quantity, attributes) VALUES ('500abd75-e935-40cf-bd55-ad1dfd8961b6', '4dda86fa-5ae1-4f7c-aff3-41abf4dd3469', 'HEADPHONES-371-G2-500A', 2830, 58, '{"color": "Green", "size": "256GB"}');
INSERT INTO product_variants (id, product_id, sku, price, stock_quantity, attributes) VALUES ('b7506d76-53e3-4c45-a7f5-df16ef362a23', '4dda86fa-5ae1-4f7c-aff3-41abf4dd3469', 'HEADPHONES-371-S2-B750', 4132, 173, '{"color": "Silver", "size": "256GB"}');
INSERT INTO product_variants (id, product_id, sku, price, stock_quantity, attributes) VALUES ('5424f9c5-c501-4c7d-abc0-5c0347528f66', '4dda86fa-5ae1-4f7c-aff3-41abf4dd3469', 'HEADPHONES-371-S8-5424', 1055, 68, '{"color": "Silver", "size": "8GB RAM"}');
INSERT INTO products (id, name, slug, description, category_id) VALUES ('a3eec701-25bf-4f05-b496-3ef9afa27e33', 'Original Backpack 665', 'original-backpack-665-a3eec7', 'Description for Original Backpack 665. Optimized for search and performance test.', '246201d0-7f3f-457a-a673-1fc9750bdb53');
INSERT INTO product_variants (id, product_id, sku, price, stock_quantity, attributes) VALUES ('8f1de9b2-7b85-4e22-ab75-6d918cda05fe', 'a3eec701-25bf-4f05-b496-3ef9afa27e33', 'BACKPACK-665-R1-8F1D', 3327, 17, '{"color": "Red", "size": "16GB RAM"}');
INSERT INTO product_variants (id, product_id, sku, price, stock_quantity, attributes) VALUES ('a73ce9ac-70c9-4e1b-9980-ea6892646f3a', 'a3eec701-25bf-4f05-b496-3ef9afa27e33', 'BACKPACK-665-G6-A73C', 4900, 82, '{"color": "Gold", "size": "64GB"}');
INSERT INTO product_variants (id, product_id, sku, price, stock_quantity, attributes) VALUES ('6c46bbcb-70b6-4b40-a71b-78ed35b8d934', 'a3eec701-25bf-4f05-b496-3ef9afa27e33', 'BACKPACK-665-BS-6C46', 2361, 155, '{"color": "Black", "size": "S"}');
INSERT INTO products (id, name, slug, description, category_id) VALUES ('63afe83b-8585-4e1b-82ac-7821eb113e0c', 'Elegant Speaker 260', 'elegant-speaker-260-63afe8', 'Description for Elegant Speaker 260. Optimized for search and performance test.', '246201d0-7f3f-457a-a673-1fc9750bdb53');
INSERT INTO product_variants (id, product_id, sku, price, stock_quantity, attributes) VALUES ('17059746-736f-4f84-a3df-d93b939f7c79', '63afe83b-8585-4e1b-82ac-7821eb113e0c', 'SPEAKER-260-B6-1705', 1996, 47, '{"color": "Blue", "size": "64GB"}');
INSERT INTO product_variants (id, product_id, sku, price, stock_quantity, attributes) VALUES ('e3050a29-f596-4e07-b2e7-7d115c5c691e', '63afe83b-8585-4e1b-82ac-7821eb113e0c', 'SPEAKER-260-B1-E305', 531, 136, '{"color": "Blue", "size": "128GB"}');
INSERT INTO product_variants (id, product_id, sku, price, stock_quantity, attributes) VALUES ('01b5a0b9-c717-4f78-a90b-19295d6c4f0b', '63afe83b-8585-4e1b-82ac-7821eb113e0c', 'SPEAKER-260-S6-01B5', 2048, 20, '{"color": "Silver", "size": "64GB"}');
INSERT INTO products (id, name, slug, description, category_id) VALUES ('3e8e53a3-cec9-439b-b21e-7cd240e108e3', 'Elegant Monitor 925', 'elegant-monitor-925-3e8e53', 'Description for Elegant Monitor 925. Optimized for search and performance test.', '246201d0-7f3f-457a-a673-1fc9750bdb53');
INSERT INTO product_variants (id, product_id, sku, price, stock_quantity, attributes) VALUES ('fe8adbb8-b11f-48bf-a2d9-f58672ca78a9', '3e8e53a3-cec9-439b-b21e-7cd240e108e3', 'MONITOR-925-G1-FE8A', 2884, 94, '{"color": "Green", "size": "128GB"}');
INSERT INTO product_variants (id, product_id, sku, price, stock_quantity, attributes) VALUES ('e57caf04-1221-4e1a-8e4c-56f2e0930731', '3e8e53a3-cec9-439b-b21e-7cd240e108e3', 'MONITOR-925-GL-E57C', 893, 64, '{"color": "Green", "size": "L"}');
INSERT INTO product_variants (id, product_id, sku, price, stock_quantity, attributes) VALUES ('9ea74566-a92e-462a-a4bd-014f0610e242', '3e8e53a3-cec9-439b-b21e-7cd240e108e3', 'MONITOR-925-SX-9EA7', 3600, 69, '{"color": "Silver", "size": "XL"}');
INSERT INTO products (id, name, slug, description, category_id) VALUES ('c106e442-3768-453b-899e-02c2d1ed1c80', 'Ultra Camera 866', 'ultra-camera-866-c106e4', 'Description for Ultra Camera 866. Optimized for search and performance test.', '246201d0-7f3f-457a-a673-1fc9750bdb53');
INSERT INTO product_variants (id, product_id, sku, price, stock_quantity, attributes) VALUES ('ec4f611a-ac77-43c2-b130-4815cfe790ec', 'c106e442-3768-453b-899e-02c2d1ed1c80', 'CAMERA-866-R2-EC4F', 3466, 179, '{"color": "Red", "size": "256GB"}');
INSERT INTO product_variants (id, product_id, sku, price, stock_quantity, attributes) VALUES ('03b9b245-f015-466c-83a5-4a2122ae9235', 'c106e442-3768-453b-899e-02c2d1ed1c80', 'CAMERA-866-B6-03B9', 4309, 116, '{"color": "Black", "size": "64GB"}');
INSERT INTO product_variants (id, product_id, sku, price, stock_quantity, attributes) VALUES ('2d01c866-f7cb-4502-9595-9ffacaf44986', 'c106e442-3768-453b-899e-02c2d1ed1c80', 'CAMERA-866-SL-2D01', 3885, 94, '{"color": "Silver", "size": "L"}');
INSERT INTO products (id, name, slug, description, category_id) VALUES ('314d1202-ce12-48b8-9e4d-c74ee3007cfb', 'Smart Monitor 487', 'smart-monitor-487-314d12', 'Description for Smart Monitor 487. Optimized for search and performance test.', '246201d0-7f3f-457a-a673-1fc9750bdb53');
INSERT INTO product_variants (id, product_id, sku, price, stock_quantity, attributes) VALUES ('5c54784a-657f-4f45-8404-e07e12529cb9', '314d1202-ce12-48b8-9e4d-c74ee3007cfb', 'MONITOR-487-BS-5C54', 728, 153, '{"color": "Blue", "size": "S"}');
INSERT INTO product_variants (id, product_id, sku, price, stock_quantity, attributes) VALUES ('0e0e377c-82db-44c3-820e-b42b821037eb', '314d1202-ce12-48b8-9e4d-c74ee3007cfb', 'MONITOR-487-G6-0E0E', 4980, 168, '{"color": "Gold", "size": "64GB"}');
INSERT INTO product_variants (id, product_id, sku, price, stock_quantity, attributes) VALUES ('c07f9cdd-ff80-491d-ad27-93731fb5415a', '314d1202-ce12-48b8-9e4d-c74ee3007cfb', 'MONITOR-487-B8-C07F', 4831, 155, '{"color": "Black", "size": "8GB RAM"}');
INSERT INTO products (id, name, slug, description, category_id) VALUES ('c36c0641-6fc5-447f-abf2-42f0057dd80c', 'Smart Table 830', 'smart-table-830-c36c06', 'Description for Smart Table 830. Optimized for search and performance test.', '246201d0-7f3f-457a-a673-1fc9750bdb53');
INSERT INTO product_variants (id, product_id, sku, price, stock_quantity, attributes) VALUES ('25b2465a-52f9-4e42-979c-deda0f1cf1cf', 'c36c0641-6fc5-447f-abf2-42f0057dd80c', 'TABLE-830-RM-25B2', 4517, 164, '{"color": "Red", "size": "M"}');
INSERT INTO product_variants (id, product_id, sku, price, stock_quantity, attributes) VALUES ('bd753b4b-b18c-48e7-a3c5-7df0893a4525', 'c36c0641-6fc5-447f-abf2-42f0057dd80c', 'TABLE-830-BL-BD75', 1927, 90, '{"color": "Blue", "size": "L"}');
INSERT INTO product_variants (id, product_id, sku, price, stock_quantity, attributes) VALUES ('b86197b8-c281-44e3-b882-751f407ef317', 'c36c0641-6fc5-447f-abf2-42f0057dd80c', 'TABLE-830-B2-B861', 1126, 150, '{"color": "Black", "size": "256GB"}');
INSERT INTO products (id, name, slug, description, category_id) VALUES ('bdc60919-4dc1-4409-b94a-740064c74f36', 'Original Laptop 702', 'original-laptop-702-bdc609', 'Description for Original Laptop 702. Optimized for search and performance test.', '246201d0-7f3f-457a-a673-1fc9750bdb53');
INSERT INTO product_variants (id, product_id, sku, price, stock_quantity, attributes) VALUES ('3f5acfa4-5105-4140-83e9-5750be5102c4', 'bdc60919-4dc1-4409-b94a-740064c74f36', 'LAPTOP-702-G8-3F5A', 1183, 185, '{"color": "Gold", "size": "8GB RAM"}');
INSERT INTO product_variants (id, product_id, sku, price, stock_quantity, attributes) VALUES ('fe2dd84e-1510-427f-92c3-f77649205845', 'bdc60919-4dc1-4409-b94a-740064c74f36', 'LAPTOP-702-R1-FE2D', 1048, 137, '{"color": "Red", "size": "128GB"}');
INSERT INTO product_variants (id, product_id, sku, price, stock_quantity, attributes) VALUES ('39c5679c-d201-4bb4-84d2-22bb8651a3f5', 'bdc60919-4dc1-4409-b94a-740064c74f36', 'LAPTOP-702-BS-39C5', 1773, 73, '{"color": "Black", "size": "S"}');
INSERT INTO products (id, name, slug, description, category_id) VALUES ('6b38f2bb-132e-413f-abb9-066ff6c64b62', 'Smart Laptop 728', 'smart-laptop-728-6b38f2', 'Description for Smart Laptop 728. Optimized for search and performance test.', '246201d0-7f3f-457a-a673-1fc9750bdb53');
INSERT INTO product_variants (id, product_id, sku, price, stock_quantity, attributes) VALUES ('d704af6a-a460-4365-af24-1116058af031', '6b38f2bb-132e-413f-abb9-066ff6c64b62', 'LAPTOP-728-R8-D704', 4756, 24, '{"color": "Red", "size": "8GB RAM"}');
INSERT INTO product_variants (id, product_id, sku, price, stock_quantity, attributes) VALUES ('4c199bb7-79d8-4646-8016-95dea0764416', '6b38f2bb-132e-413f-abb9-066ff6c64b62', 'LAPTOP-728-WL-4C19', 423, 118, '{"color": "White", "size": "L"}');
INSERT INTO product_variants (id, product_id, sku, price, stock_quantity, attributes) VALUES ('1f6fc10e-5cc7-48d4-bacc-f686834f49af', '6b38f2bb-132e-413f-abb9-066ff6c64b62', 'LAPTOP-728-BM-1F6F', 1528, 161, '{"color": "Black", "size": "M"}');
INSERT INTO products (id, name, slug, description, category_id) VALUES ('2eb002b4-193e-4e38-8ec7-973048e57ec4', 'Premium Dress 743', 'premium-dress-743-2eb002', 'Description for Premium Dress 743. Optimized for search and performance test.', '246201d0-7f3f-457a-a673-1fc9750bdb53');
INSERT INTO product_variants (id, product_id, sku, price, stock_quantity, attributes) VALUES ('ea05831e-9934-407c-94b7-bc56f44d3194', '2eb002b4-193e-4e38-8ec7-973048e57ec4', 'DRESS-743-BS-EA05', 2886, 146, '{"color": "Blue", "size": "S"}');
INSERT INTO product_variants (id, product_id, sku, price, stock_quantity, attributes) VALUES ('0a56da87-3afe-4b3e-9d22-1ec8bff0bd91', '2eb002b4-193e-4e38-8ec7-973048e57ec4', 'DRESS-743-B1-0A56', 4317, 85, '{"color": "Blue", "size": "128GB"}');
INSERT INTO product_variants (id, product_id, sku, price, stock_quantity, attributes) VALUES ('69abf031-8f17-4df2-b55f-3358ee726711', '2eb002b4-193e-4e38-8ec7-973048e57ec4', 'DRESS-743-G6-69AB', 980, 11, '{"color": "Gold", "size": "64GB"}');
INSERT INTO products (id, name, slug, description, category_id) VALUES ('62414d36-b992-4abf-aad3-ba9d44633ec0', 'Premium Shirt 428', 'premium-shirt-428-62414d', 'Description for Premium Shirt 428. Optimized for search and performance test.', '246201d0-7f3f-457a-a673-1fc9750bdb53');
INSERT INTO product_variants (id, product_id, sku, price, stock_quantity, attributes) VALUES ('31f656cd-82ca-4d45-8298-bf61b86d71f7', '62414d36-b992-4abf-aad3-ba9d44633ec0', 'SHIRT-428-R8-31F6', 732, 69, '{"color": "Red", "size": "8GB RAM"}');
INSERT INTO product_variants (id, product_id, sku, price, stock_quantity, attributes) VALUES ('e391222d-69eb-4344-9056-db256256215a', '62414d36-b992-4abf-aad3-ba9d44633ec0', 'SHIRT-428-GX-E391', 654, 78, '{"color": "Gold", "size": "XXL"}');
INSERT INTO product_variants (id, product_id, sku, price, stock_quantity, attributes) VALUES ('f852ebe9-0b32-42f9-9579-5f06f6743b59', '62414d36-b992-4abf-aad3-ba9d44633ec0', 'SHIRT-428-RM-F852', 2024, 170, '{"color": "Red", "size": "M"}');
INSERT INTO products (id, name, slug, description, category_id) VALUES ('458cefa9-3ff3-4f9d-b511-09b9dae8d498', 'Pro Shirt 518', 'pro-shirt-518-458cef', 'Description for Pro Shirt 518. Optimized for search and performance test.', '246201d0-7f3f-457a-a673-1fc9750bdb53');
INSERT INTO product_variants (id, product_id, sku, price, stock_quantity, attributes) VALUES ('22981bb9-5fea-4bb5-acb0-6d3c1002fe34', '458cefa9-3ff3-4f9d-b511-09b9dae8d498', 'SHIRT-518-W1-2298', 4166, 73, '{"color": "White", "size": "16GB RAM"}');
INSERT INTO product_variants (id, product_id, sku, price, stock_quantity, attributes) VALUES ('bf92c438-45fb-4de4-9e58-47fef671d02a', '458cefa9-3ff3-4f9d-b511-09b9dae8d498', 'SHIRT-518-B1-BF92', 1731, 137, '{"color": "Black", "size": "16GB RAM"}');
INSERT INTO product_variants (id, product_id, sku, price, stock_quantity, attributes) VALUES ('b7e395af-6c91-41f0-8598-463f3de52fd7', '458cefa9-3ff3-4f9d-b511-09b9dae8d498', 'SHIRT-518-W1-B7E3', 1220, 36, '{"color": "White", "size": "128GB"}');
INSERT INTO products (id, name, slug, description, category_id) VALUES ('048ca8be-6fa1-4809-a2fd-6b72e4f27235', 'Eco Table 941', 'eco-table-941-048ca8', 'Description for Eco Table 941. Optimized for search and performance test.', '246201d0-7f3f-457a-a673-1fc9750bdb53');
INSERT INTO product_variants (id, product_id, sku, price, stock_quantity, attributes) VALUES ('e7769d63-b5ec-463c-aadc-fb80502777fe', '048ca8be-6fa1-4809-a2fd-6b72e4f27235', 'TABLE-941-BL-E776', 1397, 135, '{"color": "Blue", "size": "L"}');
INSERT INTO product_variants (id, product_id, sku, price, stock_quantity, attributes) VALUES ('95507f44-3ee8-47ea-bf4b-0653263238a0', '048ca8be-6fa1-4809-a2fd-6b72e4f27235', 'TABLE-941-BX-9550', 912, 169, '{"color": "Black", "size": "XL"}');
INSERT INTO product_variants (id, product_id, sku, price, stock_quantity, attributes) VALUES ('b8fec015-0c2a-42db-85bd-199599bb0b26', '048ca8be-6fa1-4809-a2fd-6b72e4f27235', 'TABLE-941-W2-B8FE', 4551, 79, '{"color": "White", "size": "256GB"}');
INSERT INTO products (id, name, slug, description, category_id) VALUES ('9b5d9d96-dd9b-468f-a3dc-b26ff8b6e6e2', 'Pro Shirt 222', 'pro-shirt-222-9b5d9d', 'Description for Pro Shirt 222. Optimized for search and performance test.', '246201d0-7f3f-457a-a673-1fc9750bdb53');
INSERT INTO product_variants (id, product_id, sku, price, stock_quantity, attributes) VALUES ('c7609a1e-1a24-477e-8d5b-f2084777b464', '9b5d9d96-dd9b-468f-a3dc-b26ff8b6e6e2', 'SHIRT-222-RX-C760', 2095, 114, '{"color": "Red", "size": "XL"}');
INSERT INTO product_variants (id, product_id, sku, price, stock_quantity, attributes) VALUES ('fcbe6987-5532-49c3-84c1-a8c8d026cd88', '9b5d9d96-dd9b-468f-a3dc-b26ff8b6e6e2', 'SHIRT-222-BM-FCBE', 3100, 32, '{"color": "Black", "size": "M"}');
INSERT INTO product_variants (id, product_id, sku, price, stock_quantity, attributes) VALUES ('c5f4bc57-675c-4c4a-a162-c124f127108f', '9b5d9d96-dd9b-468f-a3dc-b26ff8b6e6e2', 'SHIRT-222-GL-C5F4', 3975, 22, '{"color": "Green", "size": "L"}');
INSERT INTO products (id, name, slug, description, category_id) VALUES ('0f3ce6a8-037d-47cb-97b6-d76834014937', 'Original Dress 788', 'original-dress-788-0f3ce6', 'Description for Original Dress 788. Optimized for search and performance test.', '246201d0-7f3f-457a-a673-1fc9750bdb53');
INSERT INTO product_variants (id, product_id, sku, price, stock_quantity, attributes) VALUES ('389ed55a-d320-400f-87ff-f70baa8aeea0', '0f3ce6a8-037d-47cb-97b6-d76834014937', 'DRESS-788-GX-389E', 4680, 168, '{"color": "Green", "size": "XXL"}');
INSERT INTO product_variants (id, product_id, sku, price, stock_quantity, attributes) VALUES ('ab3c2493-79dd-450a-aede-b867b3dc06b1', '0f3ce6a8-037d-47cb-97b6-d76834014937', 'DRESS-788-GS-AB3C', 699, 66, '{"color": "Green", "size": "S"}');
INSERT INTO product_variants (id, product_id, sku, price, stock_quantity, attributes) VALUES ('cdcdb7e6-d557-4b96-b0bd-a1aaf8043c65', '0f3ce6a8-037d-47cb-97b6-d76834014937', 'DRESS-788-GM-CDCD', 1199, 24, '{"color": "Gold", "size": "M"}');
INSERT INTO products (id, name, slug, description, category_id) VALUES ('ad4a8392-0f6f-4bb7-a651-7e5504aedf2b', 'Smart Speaker 696', 'smart-speaker-696-ad4a83', 'Description for Smart Speaker 696. Optimized for search and performance test.', '246201d0-7f3f-457a-a673-1fc9750bdb53');
INSERT INTO product_variants (id, product_id, sku, price, stock_quantity, attributes) VALUES ('33310feb-5684-4abc-8411-15a0b435c8dc', 'ad4a8392-0f6f-4bb7-a651-7e5504aedf2b', 'SPEAKER-696-S6-3331', 2012, 131, '{"color": "Silver", "size": "64GB"}');
INSERT INTO product_variants (id, product_id, sku, price, stock_quantity, attributes) VALUES ('af7076cc-0642-4e0b-a8a2-febd0bfef41f', 'ad4a8392-0f6f-4bb7-a651-7e5504aedf2b', 'SPEAKER-696-B1-AF70', 1526, 169, '{"color": "Black", "size": "128GB"}');
INSERT INTO product_variants (id, product_id, sku, price, stock_quantity, attributes) VALUES ('f9ce502f-71dc-4302-b420-e89ab515d734', 'ad4a8392-0f6f-4bb7-a651-7e5504aedf2b', 'SPEAKER-696-G6-F9CE', 2531, 22, '{"color": "Green", "size": "64GB"}');
INSERT INTO products (id, name, slug, description, category_id) VALUES ('12305ada-aa7b-48ae-8b95-f6a230eface4', 'Smart Shirt 661', 'smart-shirt-661-12305a', 'Description for Smart Shirt 661. Optimized for search and performance test.', '246201d0-7f3f-457a-a673-1fc9750bdb53');
INSERT INTO product_variants (id, product_id, sku, price, stock_quantity, attributes) VALUES ('1a615ef7-63ea-4b8c-96da-6b720e212257', '12305ada-aa7b-48ae-8b95-f6a230eface4', 'SHIRT-661-BM-1A61', 4852, 78, '{"color": "Blue", "size": "M"}');
INSERT INTO product_variants (id, product_id, sku, price, stock_quantity, attributes) VALUES ('c9596e0b-dd14-4986-95b8-f887998c296f', '12305ada-aa7b-48ae-8b95-f6a230eface4', 'SHIRT-661-RS-C959', 3727, 109, '{"color": "Red", "size": "S"}');
INSERT INTO product_variants (id, product_id, sku, price, stock_quantity, attributes) VALUES ('63f2d732-cdd6-419e-a107-a2765b39a8cc', '12305ada-aa7b-48ae-8b95-f6a230eface4', 'SHIRT-661-SX-63F2', 4357, 200, '{"color": "Silver", "size": "XXL"}');
INSERT INTO products (id, name, slug, description, category_id) VALUES ('bdeacda4-737c-4a9c-aee2-f0327b47e2f6', 'Premium Backpack 114', 'premium-backpack-114-bdeacd', 'Description for Premium Backpack 114. Optimized for search and performance test.', '246201d0-7f3f-457a-a673-1fc9750bdb53');
INSERT INTO product_variants (id, product_id, sku, price, stock_quantity, attributes) VALUES ('960292c5-6657-446d-9392-12401b335d48', 'bdeacda4-737c-4a9c-aee2-f0327b47e2f6', 'BACKPACK-114-G6-9602', 3376, 89, '{"color": "Gold", "size": "64GB"}');
INSERT INTO product_variants (id, product_id, sku, price, stock_quantity, attributes) VALUES ('4350d241-7c31-443d-8555-32921ac36078', 'bdeacda4-737c-4a9c-aee2-f0327b47e2f6', 'BACKPACK-114-RL-4350', 2104, 71, '{"color": "Red", "size": "L"}');
INSERT INTO product_variants (id, product_id, sku, price, stock_quantity, attributes) VALUES ('2df7877d-7970-4689-9d89-e62289317712', 'bdeacda4-737c-4a9c-aee2-f0327b47e2f6', 'BACKPACK-114-B8-2DF7', 1462, 133, '{"color": "Blue", "size": "8GB RAM"}');
INSERT INTO products (id, name, slug, description, category_id) VALUES ('02b0d2e3-ea94-4c01-aed2-6207340b4123', 'Ultra Headphones 586', 'ultra-headphones-586-02b0d2', 'Description for Ultra Headphones 586. Optimized for search and performance test.', '246201d0-7f3f-457a-a673-1fc9750bdb53');
INSERT INTO product_variants (id, product_id, sku, price, stock_quantity, attributes) VALUES ('e4715e65-6568-40ee-aacc-6b0c6f11d880', '02b0d2e3-ea94-4c01-aed2-6207340b4123', 'HEADPHONES-586-R8-E471', 4340, 34, '{"color": "Red", "size": "8GB RAM"}');
INSERT INTO product_variants (id, product_id, sku, price, stock_quantity, attributes) VALUES ('b5d77e75-e9c7-444b-9778-53408d3031b7', '02b0d2e3-ea94-4c01-aed2-6207340b4123', 'HEADPHONES-586-B8-B5D7', 3843, 96, '{"color": "Black", "size": "8GB RAM"}');
INSERT INTO product_variants (id, product_id, sku, price, stock_quantity, attributes) VALUES ('4ff65236-90f8-48d6-a17a-b9a1d8369812', '02b0d2e3-ea94-4c01-aed2-6207340b4123', 'HEADPHONES-586-B8-4FF6', 4800, 78, '{"color": "Black", "size": "8GB RAM"}');
INSERT INTO products (id, name, slug, description, category_id) VALUES ('deee596e-f220-4388-babe-f773d1bf3158', 'Ultra Monitor 635', 'ultra-monitor-635-deee59', 'Description for Ultra Monitor 635. Optimized for search and performance test.', '246201d0-7f3f-457a-a673-1fc9750bdb53');
INSERT INTO product_variants (id, product_id, sku, price, stock_quantity, attributes) VALUES ('0f26f52c-3815-4453-84b8-a2eabaac64b5', 'deee596e-f220-4388-babe-f773d1bf3158', 'MONITOR-635-W2-0F26', 3441, 136, '{"color": "White", "size": "256GB"}');
INSERT INTO product_variants (id, product_id, sku, price, stock_quantity, attributes) VALUES ('255e3364-9203-4bcd-9145-b2b06805b03f', 'deee596e-f220-4388-babe-f773d1bf3158', 'MONITOR-635-SX-255E', 695, 20, '{"color": "Silver", "size": "XL"}');
INSERT INTO product_variants (id, product_id, sku, price, stock_quantity, attributes) VALUES ('401650e3-2083-468b-8589-2db381a4f6c3', 'deee596e-f220-4388-babe-f773d1bf3158', 'MONITOR-635-S2-4016', 193, 122, '{"color": "Silver", "size": "256GB"}');
INSERT INTO products (id, name, slug, description, category_id) VALUES ('9e89f672-2cda-47df-88db-b2d9ce4909e3', 'Original Monitor 983', 'original-monitor-983-9e89f6', 'Description for Original Monitor 983. Optimized for search and performance test.', '246201d0-7f3f-457a-a673-1fc9750bdb53');
INSERT INTO product_variants (id, product_id, sku, price, stock_quantity, attributes) VALUES ('6b1619c3-870d-4397-bb9f-3a52d6c34443', '9e89f672-2cda-47df-88db-b2d9ce4909e3', 'MONITOR-983-S2-6B16', 1601, 115, '{"color": "Silver", "size": "256GB"}');
INSERT INTO product_variants (id, product_id, sku, price, stock_quantity, attributes) VALUES ('fd444636-f9f3-4434-b0a4-900421b8bd6e', '9e89f672-2cda-47df-88db-b2d9ce4909e3', 'MONITOR-983-SX-FD44', 1801, 23, '{"color": "Silver", "size": "XXL"}');
INSERT INTO product_variants (id, product_id, sku, price, stock_quantity, attributes) VALUES ('d9350441-15d3-4e17-996b-3d29e7295b5d', '9e89f672-2cda-47df-88db-b2d9ce4909e3', 'MONITOR-983-G1-D935', 873, 40, '{"color": "Gold", "size": "16GB RAM"}');
INSERT INTO products (id, name, slug, description, category_id) VALUES ('8ce43bea-f13a-483d-8453-91031126057c', 'Pro Speaker 188', 'pro-speaker-188-8ce43b', 'Description for Pro Speaker 188. Optimized for search and performance test.', '246201d0-7f3f-457a-a673-1fc9750bdb53');
INSERT INTO product_variants (id, product_id, sku, price, stock_quantity, attributes) VALUES ('d3f978c9-c764-4863-9a5a-7f2d0e68f528', '8ce43bea-f13a-483d-8453-91031126057c', 'SPEAKER-188-S2-D3F9', 3015, 81, '{"color": "Silver", "size": "256GB"}');
INSERT INTO product_variants (id, product_id, sku, price, stock_quantity, attributes) VALUES ('5cfcb6e5-441b-4c42-b970-fed64f640c45', '8ce43bea-f13a-483d-8453-91031126057c', 'SPEAKER-188-SX-5CFC', 2728, 178, '{"color": "Silver", "size": "XXL"}');
INSERT INTO product_variants (id, product_id, sku, price, stock_quantity, attributes) VALUES ('cb598329-ab3a-4802-ac32-e4c7dd814ae2', '8ce43bea-f13a-483d-8453-91031126057c', 'SPEAKER-188-BM-CB59', 1865, 76, '{"color": "Black", "size": "M"}');
INSERT INTO products (id, name, slug, description, category_id) VALUES ('5e072dcd-05aa-48c9-ba2d-836715d75648', 'Elegant Speaker 418', 'elegant-speaker-418-5e072d', 'Description for Elegant Speaker 418. Optimized for search and performance test.', '246201d0-7f3f-457a-a673-1fc9750bdb53');
INSERT INTO product_variants (id, product_id, sku, price, stock_quantity, attributes) VALUES ('d07164f8-776f-4bba-ae4d-ce0c16734fa8', '5e072dcd-05aa-48c9-ba2d-836715d75648', 'SPEAKER-418-R8-D071', 2414, 180, '{"color": "Red", "size": "8GB RAM"}');
INSERT INTO product_variants (id, product_id, sku, price, stock_quantity, attributes) VALUES ('e2ddfc80-0fd3-4d65-8ff0-e37aca571432', '5e072dcd-05aa-48c9-ba2d-836715d75648', 'SPEAKER-418-G8-E2DD', 2349, 54, '{"color": "Gold", "size": "8GB RAM"}');
INSERT INTO product_variants (id, product_id, sku, price, stock_quantity, attributes) VALUES ('7edf55e6-4b67-4ca8-b84b-157d337fef6d', '5e072dcd-05aa-48c9-ba2d-836715d75648', 'SPEAKER-418-B2-7EDF', 2145, 125, '{"color": "Blue", "size": "256GB"}');
INSERT INTO products (id, name, slug, description, category_id) VALUES ('a297c897-e633-4b8c-ae46-4b355d836049', 'Original Bed 553', 'original-bed-553-a297c8', 'Description for Original Bed 553. Optimized for search and performance test.', '246201d0-7f3f-457a-a673-1fc9750bdb53');
INSERT INTO product_variants (id, product_id, sku, price, stock_quantity, attributes) VALUES ('314cf1a4-c775-4617-ade2-d62668fb4706', 'a297c897-e633-4b8c-ae46-4b355d836049', 'BED-553-WS-314C', 4509, 107, '{"color": "White", "size": "S"}');
INSERT INTO product_variants (id, product_id, sku, price, stock_quantity, attributes) VALUES ('22b39e3d-99bd-4507-b0ca-f890a897e5ac', 'a297c897-e633-4b8c-ae46-4b355d836049', 'BED-553-GS-22B3', 1062, 160, '{"color": "Green", "size": "S"}');
INSERT INTO product_variants (id, product_id, sku, price, stock_quantity, attributes) VALUES ('f84dccb5-565c-4829-ba6f-df8be8aa192b', 'a297c897-e633-4b8c-ae46-4b355d836049', 'BED-553-BS-F84D', 234, 48, '{"color": "Blue", "size": "S"}');
INSERT INTO products (id, name, slug, description, category_id) VALUES ('1b2ef4d9-8dd6-4e03-b3c9-c7d7fba10704', 'Smart Camera 197', 'smart-camera-197-1b2ef4', 'Description for Smart Camera 197. Optimized for search and performance test.', '246201d0-7f3f-457a-a673-1fc9750bdb53');
INSERT INTO product_variants (id, product_id, sku, price, stock_quantity, attributes) VALUES ('eb4a1d33-5abd-4334-b579-763de71b5e02', '1b2ef4d9-8dd6-4e03-b3c9-c7d7fba10704', 'CAMERA-197-GX-EB4A', 874, 99, '{"color": "Gold", "size": "XXL"}');
INSERT INTO product_variants (id, product_id, sku, price, stock_quantity, attributes) VALUES ('c8825d2f-27e6-43d0-9e0e-e4cc1d5685ed', '1b2ef4d9-8dd6-4e03-b3c9-c7d7fba10704', 'CAMERA-197-B1-C882', 4524, 78, '{"color": "Black", "size": "16GB RAM"}');
INSERT INTO product_variants (id, product_id, sku, price, stock_quantity, attributes) VALUES ('3a1c0f58-df13-427f-bb7b-0040541278fe', '1b2ef4d9-8dd6-4e03-b3c9-c7d7fba10704', 'CAMERA-197-G8-3A1C', 4768, 191, '{"color": "Green", "size": "8GB RAM"}');
INSERT INTO products (id, name, slug, description, category_id) VALUES ('053717ef-c2f4-48a2-9050-a5493c6cc0e7', 'Elegant Camera 984', 'elegant-camera-984-053717', 'Description for Elegant Camera 984. Optimized for search and performance test.', '246201d0-7f3f-457a-a673-1fc9750bdb53');
INSERT INTO product_variants (id, product_id, sku, price, stock_quantity, attributes) VALUES ('f94f5da1-d664-481b-b8ca-ef437737a88d', '053717ef-c2f4-48a2-9050-a5493c6cc0e7', 'CAMERA-984-GM-F94F', 2511, 87, '{"color": "Green", "size": "M"}');
INSERT INTO product_variants (id, product_id, sku, price, stock_quantity, attributes) VALUES ('f29ad039-7f7f-4db6-980c-7279b2a69227', '053717ef-c2f4-48a2-9050-a5493c6cc0e7', 'CAMERA-984-GS-F29A', 2494, 137, '{"color": "Gold", "size": "S"}');
INSERT INTO product_variants (id, product_id, sku, price, stock_quantity, attributes) VALUES ('ce80b677-433a-4d26-8866-aa263fa93258', '053717ef-c2f4-48a2-9050-a5493c6cc0e7', 'CAMERA-984-BM-CE80', 3678, 102, '{"color": "Black", "size": "M"}');
INSERT INTO products (id, name, slug, description, category_id) VALUES ('eff561ea-03ca-4092-9726-da5b1a5c2222', 'Ultra Dress 286', 'ultra-dress-286-eff561', 'Description for Ultra Dress 286. Optimized for search and performance test.', '246201d0-7f3f-457a-a673-1fc9750bdb53');
INSERT INTO product_variants (id, product_id, sku, price, stock_quantity, attributes) VALUES ('10f135eb-a676-470f-81b0-5e54d4dec3ea', 'eff561ea-03ca-4092-9726-da5b1a5c2222', 'DRESS-286-R2-10F1', 606, 193, '{"color": "Red", "size": "256GB"}');
INSERT INTO product_variants (id, product_id, sku, price, stock_quantity, attributes) VALUES ('173810d7-20ad-409a-8c2f-1b2930885301', 'eff561ea-03ca-4092-9726-da5b1a5c2222', 'DRESS-286-WX-1738', 1268, 119, '{"color": "White", "size": "XL"}');
INSERT INTO product_variants (id, product_id, sku, price, stock_quantity, attributes) VALUES ('05b68d33-c8ff-49f1-951d-306cb4dd2488', 'eff561ea-03ca-4092-9726-da5b1a5c2222', 'DRESS-286-G1-05B6', 1113, 56, '{"color": "Gold", "size": "16GB RAM"}');
INSERT INTO products (id, name, slug, description, category_id) VALUES ('95646533-1e9d-4678-90da-5ca3cc6ed360', 'Smart Table 473', 'smart-table-473-956465', 'Description for Smart Table 473. Optimized for search and performance test.', '246201d0-7f3f-457a-a673-1fc9750bdb53');
INSERT INTO product_variants (id, product_id, sku, price, stock_quantity, attributes) VALUES ('0885f68b-6dd2-433f-82cb-029cb561d6f6', '95646533-1e9d-4678-90da-5ca3cc6ed360', 'TABLE-473-GM-0885', 710, 50, '{"color": "Green", "size": "M"}');
INSERT INTO product_variants (id, product_id, sku, price, stock_quantity, attributes) VALUES ('96548f6a-c3d2-4aba-9936-e9170a8c1aa3', '95646533-1e9d-4678-90da-5ca3cc6ed360', 'TABLE-473-B6-9654', 1110, 55, '{"color": "Black", "size": "64GB"}');
INSERT INTO product_variants (id, product_id, sku, price, stock_quantity, attributes) VALUES ('d553ede2-9461-45eb-bf92-d17784f628f3', '95646533-1e9d-4678-90da-5ca3cc6ed360', 'TABLE-473-B2-D553', 4876, 69, '{"color": "Blue", "size": "256GB"}');
INSERT INTO products (id, name, slug, description, category_id) VALUES ('80ab5f97-8ce4-4cc3-bd73-9b6d256ffb5b', 'Smart Speaker 543', 'smart-speaker-543-80ab5f', 'Description for Smart Speaker 543. Optimized for search and performance test.', '246201d0-7f3f-457a-a673-1fc9750bdb53');
INSERT INTO product_variants (id, product_id, sku, price, stock_quantity, attributes) VALUES ('076a94f9-7824-4a2e-8af2-cd663a07e2f1', '80ab5f97-8ce4-4cc3-bd73-9b6d256ffb5b', 'SPEAKER-543-W8-076A', 680, 34, '{"color": "White", "size": "8GB RAM"}');
INSERT INTO product_variants (id, product_id, sku, price, stock_quantity, attributes) VALUES ('2e47ca08-490e-4cd1-a1bb-6a5d9aa650d2', '80ab5f97-8ce4-4cc3-bd73-9b6d256ffb5b', 'SPEAKER-543-RX-2E47', 667, 51, '{"color": "Red", "size": "XL"}');
INSERT INTO product_variants (id, product_id, sku, price, stock_quantity, attributes) VALUES ('3ffc46b0-6e2e-4f4c-ab75-10cf7b2827af', '80ab5f97-8ce4-4cc3-bd73-9b6d256ffb5b', 'SPEAKER-543-GX-3FFC', 2394, 154, '{"color": "Gold", "size": "XL"}');
INSERT INTO products (id, name, slug, description, category_id) VALUES ('e43ad938-ed5e-4244-affb-e9894a3f8a66', 'Pro Dress 288', 'pro-dress-288-e43ad9', 'Description for Pro Dress 288. Optimized for search and performance test.', '246201d0-7f3f-457a-a673-1fc9750bdb53');
INSERT INTO product_variants (id, product_id, sku, price, stock_quantity, attributes) VALUES ('a8e0c81c-5abd-4662-b9d4-c3998a3f5c41', 'e43ad938-ed5e-4244-affb-e9894a3f8a66', 'DRESS-288-BX-A8E0', 1611, 84, '{"color": "Black", "size": "XL"}');
INSERT INTO product_variants (id, product_id, sku, price, stock_quantity, attributes) VALUES ('9914d3fc-49ed-4364-ba73-8de67a2279d4', 'e43ad938-ed5e-4244-affb-e9894a3f8a66', 'DRESS-288-RM-9914', 3064, 130, '{"color": "Red", "size": "M"}');
INSERT INTO product_variants (id, product_id, sku, price, stock_quantity, attributes) VALUES ('527a3735-90d5-4ecd-9084-2c7e5ff0eec8', 'e43ad938-ed5e-4244-affb-e9894a3f8a66', 'DRESS-288-B8-527A', 1957, 141, '{"color": "Blue", "size": "8GB RAM"}');
INSERT INTO products (id, name, slug, description, category_id) VALUES ('ada07252-360f-4570-a8d9-155309571358', 'Pro Laptop 330', 'pro-laptop-330-ada072', 'Description for Pro Laptop 330. Optimized for search and performance test.', '246201d0-7f3f-457a-a673-1fc9750bdb53');
INSERT INTO product_variants (id, product_id, sku, price, stock_quantity, attributes) VALUES ('e95df470-d213-4654-b8b2-7b92a7062a17', 'ada07252-360f-4570-a8d9-155309571358', 'LAPTOP-330-GS-E95D', 2997, 174, '{"color": "Gold", "size": "S"}');
INSERT INTO product_variants (id, product_id, sku, price, stock_quantity, attributes) VALUES ('c8f31c75-f107-4029-90a2-02d0ae98ab12', 'ada07252-360f-4570-a8d9-155309571358', 'LAPTOP-330-G1-C8F3', 3811, 130, '{"color": "Green", "size": "128GB"}');
INSERT INTO product_variants (id, product_id, sku, price, stock_quantity, attributes) VALUES ('95cb87c9-8a10-4a2f-b9e4-d7671039f792', 'ada07252-360f-4570-a8d9-155309571358', 'LAPTOP-330-S2-95CB', 515, 189, '{"color": "Silver", "size": "256GB"}');
INSERT INTO products (id, name, slug, description, category_id) VALUES ('f818d782-47fe-42af-90ef-a4ef2998efd5', 'Original Speaker 504', 'original-speaker-504-f818d7', 'Description for Original Speaker 504. Optimized for search and performance test.', '246201d0-7f3f-457a-a673-1fc9750bdb53');
INSERT INTO product_variants (id, product_id, sku, price, stock_quantity, attributes) VALUES ('c7791471-d059-4f22-b055-3c284926c7e6', 'f818d782-47fe-42af-90ef-a4ef2998efd5', 'SPEAKER-504-GM-C779', 4452, 195, '{"color": "Green", "size": "M"}');
INSERT INTO product_variants (id, product_id, sku, price, stock_quantity, attributes) VALUES ('3a2faba4-a6d3-48f8-b17d-0e3dd20a61f7', 'f818d782-47fe-42af-90ef-a4ef2998efd5', 'SPEAKER-504-G1-3A2F', 617, 50, '{"color": "Gold", "size": "128GB"}');
INSERT INTO product_variants (id, product_id, sku, price, stock_quantity, attributes) VALUES ('b36f3980-7149-42fe-9014-30f718a38bbb', 'f818d782-47fe-42af-90ef-a4ef2998efd5', 'SPEAKER-504-BX-B36F', 4122, 83, '{"color": "Black", "size": "XXL"}');
INSERT INTO products (id, name, slug, description, category_id) VALUES ('226fb95b-4bb1-40bc-a353-b93f0b88305d', 'Original Bed 884', 'original-bed-884-226fb9', 'Description for Original Bed 884. Optimized for search and performance test.', '246201d0-7f3f-457a-a673-1fc9750bdb53');
INSERT INTO product_variants (id, product_id, sku, price, stock_quantity, attributes) VALUES ('878a491b-5989-46a5-839f-9f6184b40e34', '226fb95b-4bb1-40bc-a353-b93f0b88305d', 'BED-884-B1-878A', 1002, 51, '{"color": "Blue", "size": "128GB"}');
INSERT INTO product_variants (id, product_id, sku, price, stock_quantity, attributes) VALUES ('763ad758-5ab3-4b09-b15d-387fcd548e51', '226fb95b-4bb1-40bc-a353-b93f0b88305d', 'BED-884-G1-763A', 3522, 79, '{"color": "Gold", "size": "128GB"}');
INSERT INTO product_variants (id, product_id, sku, price, stock_quantity, attributes) VALUES ('35517886-a428-4c91-93a1-a4dcd6974530', '226fb95b-4bb1-40bc-a353-b93f0b88305d', 'BED-884-G2-3551', 4443, 168, '{"color": "Green", "size": "256GB"}');
INSERT INTO products (id, name, slug, description, category_id) VALUES ('b743828e-b056-4c20-8661-bda60719ddc9', 'Lite Shirt 829', 'lite-shirt-829-b74382', 'Description for Lite Shirt 829. Optimized for search and performance test.', '246201d0-7f3f-457a-a673-1fc9750bdb53');
INSERT INTO product_variants (id, product_id, sku, price, stock_quantity, attributes) VALUES ('3a2d44b9-e94d-403e-9730-0f2c798c4c67', 'b743828e-b056-4c20-8661-bda60719ddc9', 'SHIRT-829-RX-3A2D', 1617, 46, '{"color": "Red", "size": "XL"}');
INSERT INTO product_variants (id, product_id, sku, price, stock_quantity, attributes) VALUES ('8607b8a6-4d04-4e6e-a365-58ab237015ad', 'b743828e-b056-4c20-8661-bda60719ddc9', 'SHIRT-829-W6-8607', 4562, 186, '{"color": "White", "size": "64GB"}');
INSERT INTO product_variants (id, product_id, sku, price, stock_quantity, attributes) VALUES ('aae0a012-8b68-4d1d-ab92-a583fb3e4d73', 'b743828e-b056-4c20-8661-bda60719ddc9', 'SHIRT-829-R8-AAE0', 1025, 112, '{"color": "Red", "size": "8GB RAM"}');
INSERT INTO products (id, name, slug, description, category_id) VALUES ('7ed4dade-f6c7-454a-9409-24c5ea2d89b1', 'Eco Dress 682', 'eco-dress-682-7ed4da', 'Description for Eco Dress 682. Optimized for search and performance test.', '246201d0-7f3f-457a-a673-1fc9750bdb53');
INSERT INTO product_variants (id, product_id, sku, price, stock_quantity, attributes) VALUES ('0aa389a2-28f8-4e1b-ae12-a6d2a6c6a268', '7ed4dade-f6c7-454a-9409-24c5ea2d89b1', 'DRESS-682-RX-0AA3', 2317, 115, '{"color": "Red", "size": "XXL"}');
INSERT INTO product_variants (id, product_id, sku, price, stock_quantity, attributes) VALUES ('77efe317-0921-4c52-9c7e-26691f698050', '7ed4dade-f6c7-454a-9409-24c5ea2d89b1', 'DRESS-682-W1-77EF', 2901, 76, '{"color": "White", "size": "128GB"}');
INSERT INTO product_variants (id, product_id, sku, price, stock_quantity, attributes) VALUES ('844975da-4cfc-49e7-bf58-a82baaf853cb', '7ed4dade-f6c7-454a-9409-24c5ea2d89b1', 'DRESS-682-GM-8449', 2153, 50, '{"color": "Gold", "size": "M"}');
INSERT INTO products (id, name, slug, description, category_id) VALUES ('19df6596-da03-4563-aefb-1b414a4d7375', 'Lite Bed 410', 'lite-bed-410-19df65', 'Description for Lite Bed 410. Optimized for search and performance test.', '246201d0-7f3f-457a-a673-1fc9750bdb53');
INSERT INTO product_variants (id, product_id, sku, price, stock_quantity, attributes) VALUES ('e30ae467-b923-451c-ae4b-c8e3a868e199', '19df6596-da03-4563-aefb-1b414a4d7375', 'BED-410-B1-E30A', 738, 200, '{"color": "Blue", "size": "128GB"}');
INSERT INTO product_variants (id, product_id, sku, price, stock_quantity, attributes) VALUES ('039c0b35-88c7-41bb-812c-30360f1875f1', '19df6596-da03-4563-aefb-1b414a4d7375', 'BED-410-G8-039C', 4398, 31, '{"color": "Green", "size": "8GB RAM"}');
INSERT INTO product_variants (id, product_id, sku, price, stock_quantity, attributes) VALUES ('c5116e88-6e3f-4dd6-b1d7-b5c9facdbcab', '19df6596-da03-4563-aefb-1b414a4d7375', 'BED-410-B8-C511', 4673, 89, '{"color": "Black", "size": "8GB RAM"}');
INSERT INTO products (id, name, slug, description, category_id) VALUES ('def18719-3aa0-4168-b8c4-a270dff37d2c', 'Premium Table 101', 'premium-table-101-def187', 'Description for Premium Table 101. Optimized for search and performance test.', '246201d0-7f3f-457a-a673-1fc9750bdb53');
INSERT INTO product_variants (id, product_id, sku, price, stock_quantity, attributes) VALUES ('ec85cee6-1eea-4556-9c33-c50793698efc', 'def18719-3aa0-4168-b8c4-a270dff37d2c', 'TABLE-101-B2-EC85', 3768, 106, '{"color": "Blue", "size": "256GB"}');
INSERT INTO product_variants (id, product_id, sku, price, stock_quantity, attributes) VALUES ('445c82c2-2516-4e55-87c0-b4c2f4fc8e98', 'def18719-3aa0-4168-b8c4-a270dff37d2c', 'TABLE-101-BX-445C', 3028, 144, '{"color": "Black", "size": "XXL"}');
INSERT INTO product_variants (id, product_id, sku, price, stock_quantity, attributes) VALUES ('6be02a6a-b868-4473-b54c-fcaf38530e5f', 'def18719-3aa0-4168-b8c4-a270dff37d2c', 'TABLE-101-SL-6BE0', 1014, 180, '{"color": "Silver", "size": "L"}');
INSERT INTO products (id, name, slug, description, category_id) VALUES ('887d5611-64c7-492c-9c7d-3ac13cf5ee53', 'Ultra Speaker 898', 'ultra-speaker-898-887d56', 'Description for Ultra Speaker 898. Optimized for search and performance test.', '246201d0-7f3f-457a-a673-1fc9750bdb53');
INSERT INTO product_variants (id, product_id, sku, price, stock_quantity, attributes) VALUES ('86ab51f6-ecb5-4cd5-8d05-120a4d681e68', '887d5611-64c7-492c-9c7d-3ac13cf5ee53', 'SPEAKER-898-BS-86AB', 3245, 45, '{"color": "Blue", "size": "S"}');
INSERT INTO product_variants (id, product_id, sku, price, stock_quantity, attributes) VALUES ('91ac9755-0b88-4c56-8bb7-4dff0f32ab8f', '887d5611-64c7-492c-9c7d-3ac13cf5ee53', 'SPEAKER-898-WX-91AC', 2303, 152, '{"color": "White", "size": "XL"}');
INSERT INTO product_variants (id, product_id, sku, price, stock_quantity, attributes) VALUES ('6badc0c3-22e8-4c01-aabd-9eb6638cf878', '887d5611-64c7-492c-9c7d-3ac13cf5ee53', 'SPEAKER-898-BX-6BAD', 3580, 158, '{"color": "Black", "size": "XL"}');
INSERT INTO products (id, name, slug, description, category_id) VALUES ('281aa49f-8222-4b7c-bf3f-8c972c538df1', 'Eco Laptop 543', 'eco-laptop-543-281aa4', 'Description for Eco Laptop 543. Optimized for search and performance test.', '246201d0-7f3f-457a-a673-1fc9750bdb53');
INSERT INTO product_variants (id, product_id, sku, price, stock_quantity, attributes) VALUES ('d82641eb-3345-45ed-9b20-24b4c84cc83d', '281aa49f-8222-4b7c-bf3f-8c972c538df1', 'LAPTOP-543-G2-D826', 2726, 183, '{"color": "Green", "size": "256GB"}');
INSERT INTO product_variants (id, product_id, sku, price, stock_quantity, attributes) VALUES ('117e5c0e-ff83-4d42-8ee3-f941dbf434a4', '281aa49f-8222-4b7c-bf3f-8c972c538df1', 'LAPTOP-543-G6-117E', 964, 173, '{"color": "Gold", "size": "64GB"}');
INSERT INTO product_variants (id, product_id, sku, price, stock_quantity, attributes) VALUES ('b5766ac4-041e-41ab-9bdb-b0011a18035b', '281aa49f-8222-4b7c-bf3f-8c972c538df1', 'LAPTOP-543-BX-B576', 922, 72, '{"color": "Blue", "size": "XL"}');
INSERT INTO products (id, name, slug, description, category_id) VALUES ('f4864a0f-d014-4441-8b20-67d3f10a9d69', 'Premium Camera 659', 'premium-camera-659-f4864a', 'Description for Premium Camera 659. Optimized for search and performance test.', '246201d0-7f3f-457a-a673-1fc9750bdb53');
INSERT INTO product_variants (id, product_id, sku, price, stock_quantity, attributes) VALUES ('f8c9c27f-3302-414d-97c7-8dda304c5686', 'f4864a0f-d014-4441-8b20-67d3f10a9d69', 'CAMERA-659-WX-F8C9', 3170, 91, '{"color": "White", "size": "XL"}');
INSERT INTO product_variants (id, product_id, sku, price, stock_quantity, attributes) VALUES ('9ba57fca-d887-492a-8dde-9c146c063196', 'f4864a0f-d014-4441-8b20-67d3f10a9d69', 'CAMERA-659-BX-9BA5', 4820, 92, '{"color": "Blue", "size": "XL"}');
INSERT INTO product_variants (id, product_id, sku, price, stock_quantity, attributes) VALUES ('253bf80b-fde4-4daf-96b2-60b4aae92ed4', 'f4864a0f-d014-4441-8b20-67d3f10a9d69', 'CAMERA-659-GX-253B', 3205, 89, '{"color": "Green", "size": "XL"}');
INSERT INTO products (id, name, slug, description, category_id) VALUES ('15417736-3d48-49fd-939e-0b8fa8e6f9af', 'Smart Headphones 367', 'smart-headphones-367-154177', 'Description for Smart Headphones 367. Optimized for search and performance test.', '246201d0-7f3f-457a-a673-1fc9750bdb53');
INSERT INTO product_variants (id, product_id, sku, price, stock_quantity, attributes) VALUES ('f9355591-23fb-49e2-b323-c98d5da88842', '15417736-3d48-49fd-939e-0b8fa8e6f9af', 'HEADPHONES-367-GS-F935', 2722, 14, '{"color": "Green", "size": "S"}');
INSERT INTO product_variants (id, product_id, sku, price, stock_quantity, attributes) VALUES ('42d67044-5014-4e46-bc10-f3db3e5c38ec', '15417736-3d48-49fd-939e-0b8fa8e6f9af', 'HEADPHONES-367-WM-42D6', 4305, 140, '{"color": "White", "size": "M"}');
INSERT INTO product_variants (id, product_id, sku, price, stock_quantity, attributes) VALUES ('f3f9fc4e-bbad-47e1-a3af-74a13e972386', '15417736-3d48-49fd-939e-0b8fa8e6f9af', 'HEADPHONES-367-B2-F3F9', 2120, 72, '{"color": "Black", "size": "256GB"}');
INSERT INTO products (id, name, slug, description, category_id) VALUES ('877d9f3e-2c6c-4625-863f-fe339e84450f', 'Elegant Monitor 269', 'elegant-monitor-269-877d9f', 'Description for Elegant Monitor 269. Optimized for search and performance test.', '246201d0-7f3f-457a-a673-1fc9750bdb53');
INSERT INTO product_variants (id, product_id, sku, price, stock_quantity, attributes) VALUES ('fd96b2f4-d851-4a64-85d1-76aa42fdd418', '877d9f3e-2c6c-4625-863f-fe339e84450f', 'MONITOR-269-G1-FD96', 4517, 193, '{"color": "Green", "size": "128GB"}');
INSERT INTO product_variants (id, product_id, sku, price, stock_quantity, attributes) VALUES ('fec9811a-9b02-40e5-9a08-dad1e67028c2', '877d9f3e-2c6c-4625-863f-fe339e84450f', 'MONITOR-269-GS-FEC9', 468, 36, '{"color": "Green", "size": "S"}');
INSERT INTO product_variants (id, product_id, sku, price, stock_quantity, attributes) VALUES ('e067cbb7-80f9-47bb-b316-08bf161c0793', '877d9f3e-2c6c-4625-863f-fe339e84450f', 'MONITOR-269-S8-E067', 4817, 175, '{"color": "Silver", "size": "8GB RAM"}');
INSERT INTO products (id, name, slug, description, category_id) VALUES ('8f51b56b-8f43-4539-8fb8-643e8d16ff00', 'Smart Laptop 919', 'smart-laptop-919-8f51b5', 'Description for Smart Laptop 919. Optimized for search and performance test.', '246201d0-7f3f-457a-a673-1fc9750bdb53');
INSERT INTO product_variants (id, product_id, sku, price, stock_quantity, attributes) VALUES ('bf9f7f81-3898-4d7c-b6b1-194858b86e16', '8f51b56b-8f43-4539-8fb8-643e8d16ff00', 'LAPTOP-919-G1-BF9F', 751, 128, '{"color": "Green", "size": "16GB RAM"}');
INSERT INTO product_variants (id, product_id, sku, price, stock_quantity, attributes) VALUES ('1ab5fc48-f11f-46e4-adf0-ebecf1850698', '8f51b56b-8f43-4539-8fb8-643e8d16ff00', 'LAPTOP-919-G1-1AB5', 1957, 150, '{"color": "Gold", "size": "16GB RAM"}');
INSERT INTO product_variants (id, product_id, sku, price, stock_quantity, attributes) VALUES ('b72009ea-1dee-42b3-ab6c-c673fa3b1320', '8f51b56b-8f43-4539-8fb8-643e8d16ff00', 'LAPTOP-919-W2-B720', 3424, 172, '{"color": "White", "size": "256GB"}');
INSERT INTO products (id, name, slug, description, category_id) VALUES ('8e6b16cb-f222-442f-91b8-9b62bcfe1dc2', 'Ultra Camera 485', 'ultra-camera-485-8e6b16', 'Description for Ultra Camera 485. Optimized for search and performance test.', '246201d0-7f3f-457a-a673-1fc9750bdb53');
INSERT INTO product_variants (id, product_id, sku, price, stock_quantity, attributes) VALUES ('a11c2265-49e2-4a88-8caf-00d636770a34', '8e6b16cb-f222-442f-91b8-9b62bcfe1dc2', 'CAMERA-485-RS-A11C', 4808, 142, '{"color": "Red", "size": "S"}');
INSERT INTO product_variants (id, product_id, sku, price, stock_quantity, attributes) VALUES ('f19aefef-414d-4668-81b4-34da73b1134b', '8e6b16cb-f222-442f-91b8-9b62bcfe1dc2', 'CAMERA-485-SL-F19A', 2595, 69, '{"color": "Silver", "size": "L"}');
INSERT INTO product_variants (id, product_id, sku, price, stock_quantity, attributes) VALUES ('ae3cdda8-a542-4a6f-a30b-7ef7c9ba2c5e', '8e6b16cb-f222-442f-91b8-9b62bcfe1dc2', 'CAMERA-485-RL-AE3C', 617, 70, '{"color": "Red", "size": "L"}');
INSERT INTO products (id, name, slug, description, category_id) VALUES ('247f7316-4b2c-4a21-a57b-222b98d7908c', 'Eco Headphones 550', 'eco-headphones-550-247f73', 'Description for Eco Headphones 550. Optimized for search and performance test.', '246201d0-7f3f-457a-a673-1fc9750bdb53');
INSERT INTO product_variants (id, product_id, sku, price, stock_quantity, attributes) VALUES ('043d5b9c-ad48-4b25-90be-b335143f2994', '247f7316-4b2c-4a21-a57b-222b98d7908c', 'HEADPHONES-550-R8-043D', 149, 140, '{"color": "Red", "size": "8GB RAM"}');
INSERT INTO product_variants (id, product_id, sku, price, stock_quantity, attributes) VALUES ('8c6a8c88-ca4b-4df2-9482-c38820cf3307', '247f7316-4b2c-4a21-a57b-222b98d7908c', 'HEADPHONES-550-G1-8C6A', 3796, 181, '{"color": "Gold", "size": "16GB RAM"}');
INSERT INTO product_variants (id, product_id, sku, price, stock_quantity, attributes) VALUES ('7b9d194f-ebb2-4f9c-b634-2ee171e07bdd', '247f7316-4b2c-4a21-a57b-222b98d7908c', 'HEADPHONES-550-B1-7B9D', 973, 40, '{"color": "Blue", "size": "16GB RAM"}');
INSERT INTO products (id, name, slug, description, category_id) VALUES ('29b5481e-3711-49d5-bc16-ae91855492c6', 'Ultra Phone 248', 'ultra-phone-248-29b548', 'Description for Ultra Phone 248. Optimized for search and performance test.', '246201d0-7f3f-457a-a673-1fc9750bdb53');
INSERT INTO product_variants (id, product_id, sku, price, stock_quantity, attributes) VALUES ('2d4ef03a-57f4-44fe-8e82-575dbc477ab5', '29b5481e-3711-49d5-bc16-ae91855492c6', 'PHONE-248-S2-2D4E', 803, 25, '{"color": "Silver", "size": "256GB"}');
INSERT INTO product_variants (id, product_id, sku, price, stock_quantity, attributes) VALUES ('aa89f383-b8d0-4fc3-be36-d48e1bd14308', '29b5481e-3711-49d5-bc16-ae91855492c6', 'PHONE-248-SM-AA89', 4776, 168, '{"color": "Silver", "size": "M"}');
INSERT INTO product_variants (id, product_id, sku, price, stock_quantity, attributes) VALUES ('129788f7-e042-4c9b-a6e5-d52cac799308', '29b5481e-3711-49d5-bc16-ae91855492c6', 'PHONE-248-G2-1297', 3175, 15, '{"color": "Green", "size": "256GB"}');
INSERT INTO products (id, name, slug, description, category_id) VALUES ('01207742-c06c-4b69-84d7-be264d239f2b', 'Smart Monitor 573', 'smart-monitor-573-012077', 'Description for Smart Monitor 573. Optimized for search and performance test.', '246201d0-7f3f-457a-a673-1fc9750bdb53');
INSERT INTO product_variants (id, product_id, sku, price, stock_quantity, attributes) VALUES ('6c899635-1cbc-4306-a2d5-1351971aa34f', '01207742-c06c-4b69-84d7-be264d239f2b', 'MONITOR-573-G1-6C89', 3708, 147, '{"color": "Green", "size": "16GB RAM"}');
INSERT INTO product_variants (id, product_id, sku, price, stock_quantity, attributes) VALUES ('d38123e8-5ee5-41f0-9e48-01dd192d37ce', '01207742-c06c-4b69-84d7-be264d239f2b', 'MONITOR-573-GX-D381', 3328, 81, '{"color": "Green", "size": "XXL"}');
INSERT INTO product_variants (id, product_id, sku, price, stock_quantity, attributes) VALUES ('43d17de9-3699-402e-a5c2-e7091b41d05f', '01207742-c06c-4b69-84d7-be264d239f2b', 'MONITOR-573-W1-43D1', 2403, 51, '{"color": "White", "size": "128GB"}');
INSERT INTO products (id, name, slug, description, category_id) VALUES ('71dba6b3-dcb2-46eb-ac72-7c9aded2af7c', 'Smart Backpack 940', 'smart-backpack-940-71dba6', 'Description for Smart Backpack 940. Optimized for search and performance test.', '0d8fce97-3d60-49e9-afaa-26a1334098c5');
INSERT INTO product_variants (id, product_id, sku, price, stock_quantity, attributes) VALUES ('d49b4c0f-e941-442e-b4fe-7c606085917e', '71dba6b3-dcb2-46eb-ac72-7c9aded2af7c', 'BACKPACK-940-RM-D49B', 1564, 188, '{"color": "Red", "size": "M"}');
INSERT INTO product_variants (id, product_id, sku, price, stock_quantity, attributes) VALUES ('d5023df5-1d39-4088-80db-634467d86e25', '71dba6b3-dcb2-46eb-ac72-7c9aded2af7c', 'BACKPACK-940-R2-D502', 488, 120, '{"color": "Red", "size": "256GB"}');
INSERT INTO product_variants (id, product_id, sku, price, stock_quantity, attributes) VALUES ('21a70a64-6240-4d45-92e9-3c6981909126', '71dba6b3-dcb2-46eb-ac72-7c9aded2af7c', 'BACKPACK-940-BM-21A7', 389, 88, '{"color": "Black", "size": "M"}');
INSERT INTO products (id, name, slug, description, category_id) VALUES ('ecc5cf39-8dfb-4ae1-a51c-6edcea6ca93d', 'Elegant Shirt 622', 'elegant-shirt-622-ecc5cf', 'Description for Elegant Shirt 622. Optimized for search and performance test.', '0d8fce97-3d60-49e9-afaa-26a1334098c5');
INSERT INTO product_variants (id, product_id, sku, price, stock_quantity, attributes) VALUES ('e4922c7e-449c-4c19-b7eb-0800d361527d', 'ecc5cf39-8dfb-4ae1-a51c-6edcea6ca93d', 'SHIRT-622-BL-E492', 3822, 24, '{"color": "Blue", "size": "L"}');
INSERT INTO product_variants (id, product_id, sku, price, stock_quantity, attributes) VALUES ('f09a3b89-c373-4b31-af35-a9623be182e4', 'ecc5cf39-8dfb-4ae1-a51c-6edcea6ca93d', 'SHIRT-622-GL-F09A', 3900, 29, '{"color": "Green", "size": "L"}');
INSERT INTO product_variants (id, product_id, sku, price, stock_quantity, attributes) VALUES ('26ff1b94-9780-4550-8f04-150240f9128d', 'ecc5cf39-8dfb-4ae1-a51c-6edcea6ca93d', 'SHIRT-622-BX-26FF', 4707, 159, '{"color": "Blue", "size": "XL"}');
INSERT INTO products (id, name, slug, description, category_id) VALUES ('118b8310-f039-4d6e-b418-6fd1fc1537a7', 'Eco Phone 664', 'eco-phone-664-118b83', 'Description for Eco Phone 664. Optimized for search and performance test.', '0d8fce97-3d60-49e9-afaa-26a1334098c5');
INSERT INTO product_variants (id, product_id, sku, price, stock_quantity, attributes) VALUES ('a8d7c3dc-4c60-49c8-b831-351bf6d116e5', '118b8310-f039-4d6e-b418-6fd1fc1537a7', 'PHONE-664-B8-A8D7', 3313, 71, '{"color": "Black", "size": "8GB RAM"}');
INSERT INTO product_variants (id, product_id, sku, price, stock_quantity, attributes) VALUES ('4536f082-1342-489c-8e3e-d005eefa5a17', '118b8310-f039-4d6e-b418-6fd1fc1537a7', 'PHONE-664-BL-4536', 2982, 161, '{"color": "Black", "size": "L"}');
INSERT INTO product_variants (id, product_id, sku, price, stock_quantity, attributes) VALUES ('1ee22cba-1dc2-4608-8f7d-d5f6d1c1298e', '118b8310-f039-4d6e-b418-6fd1fc1537a7', 'PHONE-664-BX-1EE2', 2753, 39, '{"color": "Black", "size": "XXL"}');
INSERT INTO products (id, name, slug, description, category_id) VALUES ('18143bdd-7497-4368-b84c-da086a0a8897', 'Smart Table 335', 'smart-table-335-18143b', 'Description for Smart Table 335. Optimized for search and performance test.', '0d8fce97-3d60-49e9-afaa-26a1334098c5');
INSERT INTO product_variants (id, product_id, sku, price, stock_quantity, attributes) VALUES ('feef9a54-9e15-4100-8296-b353ffc7b357', '18143bdd-7497-4368-b84c-da086a0a8897', 'TABLE-335-R8-FEEF', 3010, 122, '{"color": "Red", "size": "8GB RAM"}');
INSERT INTO product_variants (id, product_id, sku, price, stock_quantity, attributes) VALUES ('eed3977e-f55a-483d-93dc-df4e245440a8', '18143bdd-7497-4368-b84c-da086a0a8897', 'TABLE-335-S2-EED3', 3853, 46, '{"color": "Silver", "size": "256GB"}');
INSERT INTO product_variants (id, product_id, sku, price, stock_quantity, attributes) VALUES ('4ddf8bef-fb10-4d6a-b649-6505d789228b', '18143bdd-7497-4368-b84c-da086a0a8897', 'TABLE-335-WS-4DDF', 3852, 153, '{"color": "White", "size": "S"}');
INSERT INTO products (id, name, slug, description, category_id) VALUES ('db052fc7-9414-4f47-815b-f561003468ec', 'Premium Laptop 571', 'premium-laptop-571-db052f', 'Description for Premium Laptop 571. Optimized for search and performance test.', '0d8fce97-3d60-49e9-afaa-26a1334098c5');
INSERT INTO product_variants (id, product_id, sku, price, stock_quantity, attributes) VALUES ('dbed233a-cdd5-4da9-aef6-4cd8c77d0e88', 'db052fc7-9414-4f47-815b-f561003468ec', 'LAPTOP-571-G1-DBED', 1289, 168, '{"color": "Green", "size": "128GB"}');
INSERT INTO product_variants (id, product_id, sku, price, stock_quantity, attributes) VALUES ('87843fa0-4aef-43b5-8369-2db99530406e', 'db052fc7-9414-4f47-815b-f561003468ec', 'LAPTOP-571-SX-8784', 1491, 34, '{"color": "Silver", "size": "XXL"}');
INSERT INTO product_variants (id, product_id, sku, price, stock_quantity, attributes) VALUES ('46b99538-ebf7-4acc-8533-15da4d73ceba', 'db052fc7-9414-4f47-815b-f561003468ec', 'LAPTOP-571-GL-46B9', 279, 61, '{"color": "Gold", "size": "L"}');
INSERT INTO products (id, name, slug, description, category_id) VALUES ('050b3c5e-4af0-4f94-b2b6-ed16d9096fde', 'Original Bed 635', 'original-bed-635-050b3c', 'Description for Original Bed 635. Optimized for search and performance test.', '0d8fce97-3d60-49e9-afaa-26a1334098c5');
INSERT INTO product_variants (id, product_id, sku, price, stock_quantity, attributes) VALUES ('33b764ca-3119-49df-b264-ee27ed831c21', '050b3c5e-4af0-4f94-b2b6-ed16d9096fde', 'BED-635-G8-33B7', 1301, 92, '{"color": "Green", "size": "8GB RAM"}');
INSERT INTO product_variants (id, product_id, sku, price, stock_quantity, attributes) VALUES ('0bb9c878-5f57-4f2a-8cc0-561f5cf84f60', '050b3c5e-4af0-4f94-b2b6-ed16d9096fde', 'BED-635-W1-0BB9', 2064, 139, '{"color": "White", "size": "16GB RAM"}');
INSERT INTO product_variants (id, product_id, sku, price, stock_quantity, attributes) VALUES ('073a5be0-d03c-42a6-9307-3e10d70e1cd5', '050b3c5e-4af0-4f94-b2b6-ed16d9096fde', 'BED-635-G8-073A', 3823, 159, '{"color": "Gold", "size": "8GB RAM"}');
INSERT INTO products (id, name, slug, description, category_id) VALUES ('fe18e876-6f1d-4ae4-ba2b-d02b92066aa3', 'Elegant Table 108', 'elegant-table-108-fe18e8', 'Description for Elegant Table 108. Optimized for search and performance test.', '0d8fce97-3d60-49e9-afaa-26a1334098c5');
INSERT INTO product_variants (id, product_id, sku, price, stock_quantity, attributes) VALUES ('fa77de54-ab96-4eb7-b5f8-f674e8f453d5', 'fe18e876-6f1d-4ae4-ba2b-d02b92066aa3', 'TABLE-108-R8-FA77', 862, 168, '{"color": "Red", "size": "8GB RAM"}');
INSERT INTO product_variants (id, product_id, sku, price, stock_quantity, attributes) VALUES ('232c0ab1-5577-45bf-9c66-f85673bd3c58', 'fe18e876-6f1d-4ae4-ba2b-d02b92066aa3', 'TABLE-108-S8-232C', 771, 81, '{"color": "Silver", "size": "8GB RAM"}');
INSERT INTO product_variants (id, product_id, sku, price, stock_quantity, attributes) VALUES ('fbc9bbfe-ad3f-4dc2-968e-5bb1b4d5b0f4', 'fe18e876-6f1d-4ae4-ba2b-d02b92066aa3', 'TABLE-108-RX-FBC9', 4877, 139, '{"color": "Red", "size": "XXL"}');
INSERT INTO products (id, name, slug, description, category_id) VALUES ('de388fdc-59f1-4b1f-b05c-49bae21452ea', 'Eco Backpack 233', 'eco-backpack-233-de388f', 'Description for Eco Backpack 233. Optimized for search and performance test.', '0d8fce97-3d60-49e9-afaa-26a1334098c5');
INSERT INTO product_variants (id, product_id, sku, price, stock_quantity, attributes) VALUES ('7ebaf083-b758-47a8-a4f9-f473dd2fcaba', 'de388fdc-59f1-4b1f-b05c-49bae21452ea', 'BACKPACK-233-G6-7EBA', 3616, 24, '{"color": "Gold", "size": "64GB"}');
INSERT INTO product_variants (id, product_id, sku, price, stock_quantity, attributes) VALUES ('f3873b41-7383-43c6-a3df-b15ee4461c67', 'de388fdc-59f1-4b1f-b05c-49bae21452ea', 'BACKPACK-233-BM-F387', 1033, 119, '{"color": "Blue", "size": "M"}');
INSERT INTO product_variants (id, product_id, sku, price, stock_quantity, attributes) VALUES ('0d8532b2-b170-4ccb-8b08-e56532567493', 'de388fdc-59f1-4b1f-b05c-49bae21452ea', 'BACKPACK-233-R2-0D85', 3490, 188, '{"color": "Red", "size": "256GB"}');
INSERT INTO products (id, name, slug, description, category_id) VALUES ('45564c2f-503d-4fb6-b478-9520c7d2847a', 'Lite Monitor 847', 'lite-monitor-847-45564c', 'Description for Lite Monitor 847. Optimized for search and performance test.', '0d8fce97-3d60-49e9-afaa-26a1334098c5');
INSERT INTO product_variants (id, product_id, sku, price, stock_quantity, attributes) VALUES ('df1dcf09-6405-4021-a6fa-a4fee28a3343', '45564c2f-503d-4fb6-b478-9520c7d2847a', 'MONITOR-847-WX-DF1D', 1304, 134, '{"color": "White", "size": "XL"}');
INSERT INTO product_variants (id, product_id, sku, price, stock_quantity, attributes) VALUES ('87d65cf3-cc12-40c8-a708-14bf3d02f446', '45564c2f-503d-4fb6-b478-9520c7d2847a', 'MONITOR-847-GL-87D6', 1830, 60, '{"color": "Gold", "size": "L"}');
INSERT INTO product_variants (id, product_id, sku, price, stock_quantity, attributes) VALUES ('0a926745-aee4-42a6-bf5d-2b0166478231', '45564c2f-503d-4fb6-b478-9520c7d2847a', 'MONITOR-847-S6-0A92', 2566, 96, '{"color": "Silver", "size": "64GB"}');
INSERT INTO products (id, name, slug, description, category_id) VALUES ('c77ae852-9b17-402a-8a15-866405a068c3', 'Original Table 366', 'original-table-366-c77ae8', 'Description for Original Table 366. Optimized for search and performance test.', '0d8fce97-3d60-49e9-afaa-26a1334098c5');
INSERT INTO product_variants (id, product_id, sku, price, stock_quantity, attributes) VALUES ('b8688ab0-65ac-41b1-be95-ba4d0a25b386', 'c77ae852-9b17-402a-8a15-866405a068c3', 'TABLE-366-B1-B868', 780, 58, '{"color": "Black", "size": "128GB"}');
INSERT INTO product_variants (id, product_id, sku, price, stock_quantity, attributes) VALUES ('41dd43de-25a2-4f33-b6a5-b25e8855d99b', 'c77ae852-9b17-402a-8a15-866405a068c3', 'TABLE-366-GL-41DD', 1050, 47, '{"color": "Green", "size": "L"}');
INSERT INTO product_variants (id, product_id, sku, price, stock_quantity, attributes) VALUES ('b3ae1595-7c0d-479a-978c-9617dc77d780', 'c77ae852-9b17-402a-8a15-866405a068c3', 'TABLE-366-G8-B3AE', 3908, 102, '{"color": "Green", "size": "8GB RAM"}');
INSERT INTO products (id, name, slug, description, category_id) VALUES ('6d27655e-ac92-4c2b-bf78-572129e68f51', 'Premium Table 501', 'premium-table-501-6d2765', 'Description for Premium Table 501. Optimized for search and performance test.', '0d8fce97-3d60-49e9-afaa-26a1334098c5');
INSERT INTO product_variants (id, product_id, sku, price, stock_quantity, attributes) VALUES ('8d549d03-497b-468f-988a-97101dcd152b', '6d27655e-ac92-4c2b-bf78-572129e68f51', 'TABLE-501-W6-8D54', 1153, 59, '{"color": "White", "size": "64GB"}');
INSERT INTO product_variants (id, product_id, sku, price, stock_quantity, attributes) VALUES ('c424bf9f-84f4-42d8-8265-323862fed9e9', '6d27655e-ac92-4c2b-bf78-572129e68f51', 'TABLE-501-BL-C424', 4018, 28, '{"color": "Blue", "size": "L"}');
INSERT INTO product_variants (id, product_id, sku, price, stock_quantity, attributes) VALUES ('25c47341-3973-4ba6-a1e6-98a954ef11a2', '6d27655e-ac92-4c2b-bf78-572129e68f51', 'TABLE-501-B1-25C4', 2558, 91, '{"color": "Blue", "size": "128GB"}');
INSERT INTO products (id, name, slug, description, category_id) VALUES ('1eaad7d7-a7bb-459b-9b3c-e8b1d3accb80', 'Eco Dress 233', 'eco-dress-233-1eaad7', 'Description for Eco Dress 233. Optimized for search and performance test.', '0d8fce97-3d60-49e9-afaa-26a1334098c5');
INSERT INTO product_variants (id, product_id, sku, price, stock_quantity, attributes) VALUES ('63f6ba26-6285-4872-9e50-3f18447e072b', '1eaad7d7-a7bb-459b-9b3c-e8b1d3accb80', 'DRESS-233-GL-63F6', 817, 164, '{"color": "Gold", "size": "L"}');
INSERT INTO product_variants (id, product_id, sku, price, stock_quantity, attributes) VALUES ('2bd9345e-72cd-44ba-a5c9-80bafd1f28bb', '1eaad7d7-a7bb-459b-9b3c-e8b1d3accb80', 'DRESS-233-BL-2BD9', 581, 174, '{"color": "Black", "size": "L"}');
INSERT INTO product_variants (id, product_id, sku, price, stock_quantity, attributes) VALUES ('67913b14-5514-4a37-90ae-01600e28fd28', '1eaad7d7-a7bb-459b-9b3c-e8b1d3accb80', 'DRESS-233-B1-6791', 1862, 134, '{"color": "Blue", "size": "16GB RAM"}');
INSERT INTO products (id, name, slug, description, category_id) VALUES ('cf34618c-16de-44ec-9e28-7798d6a87006', 'Pro Backpack 804', 'pro-backpack-804-cf3461', 'Description for Pro Backpack 804. Optimized for search and performance test.', '0d8fce97-3d60-49e9-afaa-26a1334098c5');
INSERT INTO product_variants (id, product_id, sku, price, stock_quantity, attributes) VALUES ('403dd6c2-3958-4805-a901-979abc7f4396', 'cf34618c-16de-44ec-9e28-7798d6a87006', 'BACKPACK-804-GX-403D', 545, 70, '{"color": "Green", "size": "XL"}');
INSERT INTO product_variants (id, product_id, sku, price, stock_quantity, attributes) VALUES ('b8290b1d-ed35-48bf-8f62-c184117ef0bc', 'cf34618c-16de-44ec-9e28-7798d6a87006', 'BACKPACK-804-GL-B829', 1086, 71, '{"color": "Gold", "size": "L"}');
INSERT INTO product_variants (id, product_id, sku, price, stock_quantity, attributes) VALUES ('5c0eff96-1b1e-41e2-8987-37536069c513', 'cf34618c-16de-44ec-9e28-7798d6a87006', 'BACKPACK-804-B2-5C0E', 4362, 21, '{"color": "Black", "size": "256GB"}');
INSERT INTO products (id, name, slug, description, category_id) VALUES ('b6a15b0c-b455-49dc-b7a2-6e6cf856430a', 'Premium Monitor 906', 'premium-monitor-906-b6a15b', 'Description for Premium Monitor 906. Optimized for search and performance test.', '0d8fce97-3d60-49e9-afaa-26a1334098c5');
INSERT INTO product_variants (id, product_id, sku, price, stock_quantity, attributes) VALUES ('e07644f5-737a-4964-91e8-de15b9e24469', 'b6a15b0c-b455-49dc-b7a2-6e6cf856430a', 'MONITOR-906-BS-E076', 179, 97, '{"color": "Blue", "size": "S"}');
INSERT INTO product_variants (id, product_id, sku, price, stock_quantity, attributes) VALUES ('6ca13a3c-97f1-412b-9ad0-71568d7c2891', 'b6a15b0c-b455-49dc-b7a2-6e6cf856430a', 'MONITOR-906-SX-6CA1', 535, 53, '{"color": "Silver", "size": "XL"}');
INSERT INTO product_variants (id, product_id, sku, price, stock_quantity, attributes) VALUES ('f608a566-7bb8-4334-9312-50aeb6078f5f', 'b6a15b0c-b455-49dc-b7a2-6e6cf856430a', 'MONITOR-906-BX-F608', 4183, 146, '{"color": "Black", "size": "XXL"}');
INSERT INTO products (id, name, slug, description, category_id) VALUES ('f0bb3f47-f18e-494e-977b-dc799da653c5', 'Elegant Laptop 879', 'elegant-laptop-879-f0bb3f', 'Description for Elegant Laptop 879. Optimized for search and performance test.', '0d8fce97-3d60-49e9-afaa-26a1334098c5');
INSERT INTO product_variants (id, product_id, sku, price, stock_quantity, attributes) VALUES ('15c2dbba-f269-4172-b524-c60c879ce1f1', 'f0bb3f47-f18e-494e-977b-dc799da653c5', 'LAPTOP-879-R8-15C2', 1703, 105, '{"color": "Red", "size": "8GB RAM"}');
INSERT INTO product_variants (id, product_id, sku, price, stock_quantity, attributes) VALUES ('2a8c68f4-bce1-4af9-8abf-99200df9127d', 'f0bb3f47-f18e-494e-977b-dc799da653c5', 'LAPTOP-879-SL-2A8C', 171, 29, '{"color": "Silver", "size": "L"}');
INSERT INTO product_variants (id, product_id, sku, price, stock_quantity, attributes) VALUES ('768af00b-81b2-473b-9d0d-c33732841c3e', 'f0bb3f47-f18e-494e-977b-dc799da653c5', 'LAPTOP-879-R6-768A', 475, 121, '{"color": "Red", "size": "64GB"}');
INSERT INTO products (id, name, slug, description, category_id) VALUES ('020ec5d1-906f-45ed-a042-48f4fb59d0a1', 'Eco Table 267', 'eco-table-267-020ec5', 'Description for Eco Table 267. Optimized for search and performance test.', '0d8fce97-3d60-49e9-afaa-26a1334098c5');
INSERT INTO product_variants (id, product_id, sku, price, stock_quantity, attributes) VALUES ('ae983b55-904f-43a7-804b-94f23511bb7a', '020ec5d1-906f-45ed-a042-48f4fb59d0a1', 'TABLE-267-B2-AE98', 375, 128, '{"color": "Black", "size": "256GB"}');
INSERT INTO product_variants (id, product_id, sku, price, stock_quantity, attributes) VALUES ('7f1cd99f-ceec-4cf4-b001-6861ec1775ad', '020ec5d1-906f-45ed-a042-48f4fb59d0a1', 'TABLE-267-B8-7F1C', 2504, 41, '{"color": "Black", "size": "8GB RAM"}');
INSERT INTO product_variants (id, product_id, sku, price, stock_quantity, attributes) VALUES ('71e74761-dc2b-4bfa-888c-8b8e2d692cbe', '020ec5d1-906f-45ed-a042-48f4fb59d0a1', 'TABLE-267-W6-71E7', 2059, 28, '{"color": "White", "size": "64GB"}');
INSERT INTO products (id, name, slug, description, category_id) VALUES ('07ab4ffd-3788-4c41-b933-39ec2ff2515d', 'Lite Shirt 998', 'lite-shirt-998-07ab4f', 'Description for Lite Shirt 998. Optimized for search and performance test.', '0d8fce97-3d60-49e9-afaa-26a1334098c5');
INSERT INTO product_variants (id, product_id, sku, price, stock_quantity, attributes) VALUES ('de2bbad6-ea1c-4448-bf1b-248e9075f4a4', '07ab4ffd-3788-4c41-b933-39ec2ff2515d', 'SHIRT-998-B6-DE2B', 3390, 12, '{"color": "Black", "size": "64GB"}');
INSERT INTO product_variants (id, product_id, sku, price, stock_quantity, attributes) VALUES ('046839d1-18fa-46ce-b9ae-0a37723d6bcb', '07ab4ffd-3788-4c41-b933-39ec2ff2515d', 'SHIRT-998-WX-0468', 573, 36, '{"color": "White", "size": "XL"}');
INSERT INTO product_variants (id, product_id, sku, price, stock_quantity, attributes) VALUES ('dc41e2e1-b6f4-4e9f-bc05-6d414f423cf8', '07ab4ffd-3788-4c41-b933-39ec2ff2515d', 'SHIRT-998-S1-DC41', 1817, 74, '{"color": "Silver", "size": "16GB RAM"}');
INSERT INTO products (id, name, slug, description, category_id) VALUES ('6e7fcfc6-00a0-401d-95ad-d7f50c900f0c', 'Original Backpack 450', 'original-backpack-450-6e7fcf', 'Description for Original Backpack 450. Optimized for search and performance test.', '0d8fce97-3d60-49e9-afaa-26a1334098c5');
INSERT INTO product_variants (id, product_id, sku, price, stock_quantity, attributes) VALUES ('77a4d5d2-f77e-4f13-987f-4ebb0a31c6eb', '6e7fcfc6-00a0-401d-95ad-d7f50c900f0c', 'BACKPACK-450-R6-77A4', 503, 66, '{"color": "Red", "size": "64GB"}');
INSERT INTO product_variants (id, product_id, sku, price, stock_quantity, attributes) VALUES ('9f8f51a2-1c22-47f7-b3fb-47a2e249be59', '6e7fcfc6-00a0-401d-95ad-d7f50c900f0c', 'BACKPACK-450-B8-9F8F', 2501, 156, '{"color": "Blue", "size": "8GB RAM"}');
INSERT INTO product_variants (id, product_id, sku, price, stock_quantity, attributes) VALUES ('190dda4c-9478-4730-a203-992aaafd955e', '6e7fcfc6-00a0-401d-95ad-d7f50c900f0c', 'BACKPACK-450-G2-190D', 220, 177, '{"color": "Green", "size": "256GB"}');
INSERT INTO products (id, name, slug, description, category_id) VALUES ('7240a070-7ca6-4f9e-a27e-7795da9bf1c4', 'Eco Shirt 659', 'eco-shirt-659-7240a0', 'Description for Eco Shirt 659. Optimized for search and performance test.', '0d8fce97-3d60-49e9-afaa-26a1334098c5');
INSERT INTO product_variants (id, product_id, sku, price, stock_quantity, attributes) VALUES ('8ac202d4-7572-4cce-b43b-adff41aaa2a5', '7240a070-7ca6-4f9e-a27e-7795da9bf1c4', 'SHIRT-659-BS-8AC2', 622, 69, '{"color": "Black", "size": "S"}');
INSERT INTO product_variants (id, product_id, sku, price, stock_quantity, attributes) VALUES ('487237b8-1b71-4d0f-b2a8-01ac659ace1f', '7240a070-7ca6-4f9e-a27e-7795da9bf1c4', 'SHIRT-659-GL-4872', 4840, 111, '{"color": "Gold", "size": "L"}');
INSERT INTO product_variants (id, product_id, sku, price, stock_quantity, attributes) VALUES ('ddc8c030-8f01-48ac-a807-8ff1ee58d1cd', '7240a070-7ca6-4f9e-a27e-7795da9bf1c4', 'SHIRT-659-WX-DDC8', 231, 27, '{"color": "White", "size": "XL"}');
INSERT INTO products (id, name, slug, description, category_id) VALUES ('ac737629-d8e6-4eb3-8639-84d3e718041b', 'Original Headphones 912', 'original-headphones-912-ac7376', 'Description for Original Headphones 912. Optimized for search and performance test.', '0d8fce97-3d60-49e9-afaa-26a1334098c5');
INSERT INTO product_variants (id, product_id, sku, price, stock_quantity, attributes) VALUES ('fcaec826-5a49-404c-ae0e-46748ea221b5', 'ac737629-d8e6-4eb3-8639-84d3e718041b', 'HEADPHONES-912-R2-FCAE', 4968, 135, '{"color": "Red", "size": "256GB"}');
INSERT INTO product_variants (id, product_id, sku, price, stock_quantity, attributes) VALUES ('f8ee2cc3-a1f8-4f20-95b2-2d547c278eee', 'ac737629-d8e6-4eb3-8639-84d3e718041b', 'HEADPHONES-912-B2-F8EE', 1519, 25, '{"color": "Black", "size": "256GB"}');
INSERT INTO product_variants (id, product_id, sku, price, stock_quantity, attributes) VALUES ('401e9dfd-9e25-4ec4-92e2-c8f1bb8edc94', 'ac737629-d8e6-4eb3-8639-84d3e718041b', 'HEADPHONES-912-G6-401E', 1106, 197, '{"color": "Gold", "size": "64GB"}');
INSERT INTO products (id, name, slug, description, category_id) VALUES ('6c61c765-de3e-48db-a350-db9f48f75466', 'Smart Dress 202', 'smart-dress-202-6c61c7', 'Description for Smart Dress 202. Optimized for search and performance test.', '0d8fce97-3d60-49e9-afaa-26a1334098c5');
INSERT INTO product_variants (id, product_id, sku, price, stock_quantity, attributes) VALUES ('65504bbe-7af3-4a60-acdc-9800d4094a03', '6c61c765-de3e-48db-a350-db9f48f75466', 'DRESS-202-G2-6550', 1769, 98, '{"color": "Green", "size": "256GB"}');
INSERT INTO product_variants (id, product_id, sku, price, stock_quantity, attributes) VALUES ('08d9f5d4-bb0d-42e7-b9d3-e0bfede56ca1', '6c61c765-de3e-48db-a350-db9f48f75466', 'DRESS-202-W6-08D9', 4739, 82, '{"color": "White", "size": "64GB"}');
INSERT INTO product_variants (id, product_id, sku, price, stock_quantity, attributes) VALUES ('b0b5d6aa-a10b-41fa-a33d-fc45c8eecb26', '6c61c765-de3e-48db-a350-db9f48f75466', 'DRESS-202-WL-B0B5', 1991, 161, '{"color": "White", "size": "L"}');
INSERT INTO products (id, name, slug, description, category_id) VALUES ('87d45c0b-abd0-4002-9611-d3618c12a09f', 'Pro Monitor 718', 'pro-monitor-718-87d45c', 'Description for Pro Monitor 718. Optimized for search and performance test.', '0d8fce97-3d60-49e9-afaa-26a1334098c5');
INSERT INTO product_variants (id, product_id, sku, price, stock_quantity, attributes) VALUES ('1eb55365-5c19-4a48-ade3-5079161d532d', '87d45c0b-abd0-4002-9611-d3618c12a09f', 'MONITOR-718-B8-1EB5', 2831, 165, '{"color": "Black", "size": "8GB RAM"}');
INSERT INTO product_variants (id, product_id, sku, price, stock_quantity, attributes) VALUES ('13d12f88-cc3e-479e-aedf-82df3122e248', '87d45c0b-abd0-4002-9611-d3618c12a09f', 'MONITOR-718-GL-13D1', 4890, 103, '{"color": "Green", "size": "L"}');
INSERT INTO product_variants (id, product_id, sku, price, stock_quantity, attributes) VALUES ('9d677549-3b99-4684-a379-7410b1e7287c', '87d45c0b-abd0-4002-9611-d3618c12a09f', 'MONITOR-718-G2-9D67', 2043, 137, '{"color": "Gold", "size": "256GB"}');
INSERT INTO products (id, name, slug, description, category_id) VALUES ('378bbe68-f7fa-4425-9029-957215d7d928', 'Eco Shirt 459', 'eco-shirt-459-378bbe', 'Description for Eco Shirt 459. Optimized for search and performance test.', '0d8fce97-3d60-49e9-afaa-26a1334098c5');
INSERT INTO product_variants (id, product_id, sku, price, stock_quantity, attributes) VALUES ('710fc718-10e6-4f4e-aa24-68781820be8e', '378bbe68-f7fa-4425-9029-957215d7d928', 'SHIRT-459-WL-710F', 3125, 33, '{"color": "White", "size": "L"}');
INSERT INTO product_variants (id, product_id, sku, price, stock_quantity, attributes) VALUES ('8a3dc1ac-7553-42df-933c-597bba4f3ff3', '378bbe68-f7fa-4425-9029-957215d7d928', 'SHIRT-459-B1-8A3D', 4746, 196, '{"color": "Black", "size": "16GB RAM"}');
INSERT INTO product_variants (id, product_id, sku, price, stock_quantity, attributes) VALUES ('c81717d4-c666-49a1-bf03-c5ffed31bab1', '378bbe68-f7fa-4425-9029-957215d7d928', 'SHIRT-459-R6-C817', 3417, 114, '{"color": "Red", "size": "64GB"}');
INSERT INTO products (id, name, slug, description, category_id) VALUES ('7b977b26-3114-487d-af6e-04c8f14265bf', 'Lite Monitor 975', 'lite-monitor-975-7b977b', 'Description for Lite Monitor 975. Optimized for search and performance test.', '0d8fce97-3d60-49e9-afaa-26a1334098c5');
INSERT INTO product_variants (id, product_id, sku, price, stock_quantity, attributes) VALUES ('0cc1fc63-304f-4ba6-bd5e-29d833826845', '7b977b26-3114-487d-af6e-04c8f14265bf', 'MONITOR-975-R1-0CC1', 4730, 155, '{"color": "Red", "size": "128GB"}');
INSERT INTO product_variants (id, product_id, sku, price, stock_quantity, attributes) VALUES ('6d0b61fa-c8fe-4791-b751-09ce67b9bb80', '7b977b26-3114-487d-af6e-04c8f14265bf', 'MONITOR-975-BM-6D0B', 1863, 67, '{"color": "Blue", "size": "M"}');
INSERT INTO product_variants (id, product_id, sku, price, stock_quantity, attributes) VALUES ('1a41afba-e5e6-4bcf-ad08-d75b01deaa93', '7b977b26-3114-487d-af6e-04c8f14265bf', 'MONITOR-975-SX-1A41', 3685, 134, '{"color": "Silver", "size": "XXL"}');
INSERT INTO products (id, name, slug, description, category_id) VALUES ('dbf3fde8-cc8c-4789-9275-9db9e1f3a333', 'Elegant Bed 937', 'elegant-bed-937-dbf3fd', 'Description for Elegant Bed 937. Optimized for search and performance test.', '0d8fce97-3d60-49e9-afaa-26a1334098c5');
INSERT INTO product_variants (id, product_id, sku, price, stock_quantity, attributes) VALUES ('42e267f7-3f15-4dbb-8494-408a28e2fcfb', 'dbf3fde8-cc8c-4789-9275-9db9e1f3a333', 'BED-937-G6-42E2', 4120, 142, '{"color": "Green", "size": "64GB"}');
INSERT INTO product_variants (id, product_id, sku, price, stock_quantity, attributes) VALUES ('ec8cdc84-a608-4397-9eb6-e1d69a46fea2', 'dbf3fde8-cc8c-4789-9275-9db9e1f3a333', 'BED-937-BS-EC8C', 688, 191, '{"color": "Black", "size": "S"}');
INSERT INTO product_variants (id, product_id, sku, price, stock_quantity, attributes) VALUES ('e1961529-2636-4416-ae21-c8bfb287b939', 'dbf3fde8-cc8c-4789-9275-9db9e1f3a333', 'BED-937-G6-E196', 3920, 25, '{"color": "Green", "size": "64GB"}');
INSERT INTO products (id, name, slug, description, category_id) VALUES ('24c74949-e458-43c2-a0ae-8b84dd50bb06', 'Original Camera 228', 'original-camera-228-24c749', 'Description for Original Camera 228. Optimized for search and performance test.', '0d8fce97-3d60-49e9-afaa-26a1334098c5');
INSERT INTO product_variants (id, product_id, sku, price, stock_quantity, attributes) VALUES ('c2169288-1987-41dc-b283-2b631181eb25', '24c74949-e458-43c2-a0ae-8b84dd50bb06', 'CAMERA-228-RX-C216', 4095, 79, '{"color": "Red", "size": "XXL"}');
INSERT INTO product_variants (id, product_id, sku, price, stock_quantity, attributes) VALUES ('c089d05f-a643-4aa7-b446-43c3b18a4eb3', '24c74949-e458-43c2-a0ae-8b84dd50bb06', 'CAMERA-228-RM-C089', 2604, 124, '{"color": "Red", "size": "M"}');
INSERT INTO product_variants (id, product_id, sku, price, stock_quantity, attributes) VALUES ('3ea12af8-dd95-464a-837d-ddddc85904ee', '24c74949-e458-43c2-a0ae-8b84dd50bb06', 'CAMERA-228-GS-3EA1', 2103, 168, '{"color": "Green", "size": "S"}');
INSERT INTO products (id, name, slug, description, category_id) VALUES ('a0132b6c-4a70-469c-a0e5-970140a35e7b', 'Lite Backpack 350', 'lite-backpack-350-a0132b', 'Description for Lite Backpack 350. Optimized for search and performance test.', '0d8fce97-3d60-49e9-afaa-26a1334098c5');
INSERT INTO product_variants (id, product_id, sku, price, stock_quantity, attributes) VALUES ('b5ef950c-f61a-43bf-889b-5aa28a45692a', 'a0132b6c-4a70-469c-a0e5-970140a35e7b', 'BACKPACK-350-BX-B5EF', 1282, 109, '{"color": "Black", "size": "XL"}');
INSERT INTO product_variants (id, product_id, sku, price, stock_quantity, attributes) VALUES ('ee58ed07-8b80-4942-b3ad-23587afdcc67', 'a0132b6c-4a70-469c-a0e5-970140a35e7b', 'BACKPACK-350-RS-EE58', 2451, 122, '{"color": "Red", "size": "S"}');
INSERT INTO product_variants (id, product_id, sku, price, stock_quantity, attributes) VALUES ('ee6d80aa-e7c9-4bc3-b1b5-59c376d3d233', 'a0132b6c-4a70-469c-a0e5-970140a35e7b', 'BACKPACK-350-GS-EE6D', 3331, 188, '{"color": "Green", "size": "S"}');
INSERT INTO products (id, name, slug, description, category_id) VALUES ('1530aeef-fa7b-4a0b-b525-8ce1c5e7d143', 'Lite Phone 457', 'lite-phone-457-1530ae', 'Description for Lite Phone 457. Optimized for search and performance test.', '0d8fce97-3d60-49e9-afaa-26a1334098c5');
INSERT INTO product_variants (id, product_id, sku, price, stock_quantity, attributes) VALUES ('42499290-1d28-44e5-aac2-e8f9bbe8df58', '1530aeef-fa7b-4a0b-b525-8ce1c5e7d143', 'PHONE-457-B8-4249', 1683, 152, '{"color": "Black", "size": "8GB RAM"}');
INSERT INTO product_variants (id, product_id, sku, price, stock_quantity, attributes) VALUES ('b1d4cac4-bd24-4ab1-83d3-7924d5c40f1f', '1530aeef-fa7b-4a0b-b525-8ce1c5e7d143', 'PHONE-457-R8-B1D4', 2179, 140, '{"color": "Red", "size": "8GB RAM"}');
INSERT INTO product_variants (id, product_id, sku, price, stock_quantity, attributes) VALUES ('3fec5474-d480-4062-af81-7614bc4d5c30', '1530aeef-fa7b-4a0b-b525-8ce1c5e7d143', 'PHONE-457-S6-3FEC', 1668, 191, '{"color": "Silver", "size": "64GB"}');
INSERT INTO products (id, name, slug, description, category_id) VALUES ('5d3f8de9-8f13-447f-a198-748b8ab0657d', 'Pro Shirt 214', 'pro-shirt-214-5d3f8d', 'Description for Pro Shirt 214. Optimized for search and performance test.', '0d8fce97-3d60-49e9-afaa-26a1334098c5');
INSERT INTO product_variants (id, product_id, sku, price, stock_quantity, attributes) VALUES ('a764198d-49fa-48ed-99dc-1dfd99412767', '5d3f8de9-8f13-447f-a198-748b8ab0657d', 'SHIRT-214-BL-A764', 3834, 74, '{"color": "Blue", "size": "L"}');
INSERT INTO product_variants (id, product_id, sku, price, stock_quantity, attributes) VALUES ('363be521-452a-4651-8b2c-665d15c904a4', '5d3f8de9-8f13-447f-a198-748b8ab0657d', 'SHIRT-214-B8-363B', 4744, 30, '{"color": "Black", "size": "8GB RAM"}');
INSERT INTO product_variants (id, product_id, sku, price, stock_quantity, attributes) VALUES ('609822bb-ac9f-477e-b2de-1c188a674cad', '5d3f8de9-8f13-447f-a198-748b8ab0657d', 'SHIRT-214-S2-6098', 3496, 143, '{"color": "Silver", "size": "256GB"}');
INSERT INTO products (id, name, slug, description, category_id) VALUES ('9ae95e7e-19a7-41c5-889b-79dbeaf62f01', 'Original Laptop 417', 'original-laptop-417-9ae95e', 'Description for Original Laptop 417. Optimized for search and performance test.', '0d8fce97-3d60-49e9-afaa-26a1334098c5');
INSERT INTO product_variants (id, product_id, sku, price, stock_quantity, attributes) VALUES ('24a42b85-913d-4a55-82b0-5153b226a476', '9ae95e7e-19a7-41c5-889b-79dbeaf62f01', 'LAPTOP-417-G6-24A4', 1390, 165, '{"color": "Green", "size": "64GB"}');
INSERT INTO product_variants (id, product_id, sku, price, stock_quantity, attributes) VALUES ('d32a60ba-31fc-4236-ab4d-f64f1dea24b1', '9ae95e7e-19a7-41c5-889b-79dbeaf62f01', 'LAPTOP-417-G8-D32A', 4706, 42, '{"color": "Green", "size": "8GB RAM"}');
INSERT INTO product_variants (id, product_id, sku, price, stock_quantity, attributes) VALUES ('889b19df-aa85-44ae-9013-2e680119d5cf', '9ae95e7e-19a7-41c5-889b-79dbeaf62f01', 'LAPTOP-417-GS-889B', 2029, 55, '{"color": "Green", "size": "S"}');
INSERT INTO products (id, name, slug, description, category_id) VALUES ('ad087f3c-c18a-4e60-acf5-f0c1196a378c', 'Eco Monitor 694', 'eco-monitor-694-ad087f', 'Description for Eco Monitor 694. Optimized for search and performance test.', '0d8fce97-3d60-49e9-afaa-26a1334098c5');
INSERT INTO product_variants (id, product_id, sku, price, stock_quantity, attributes) VALUES ('2fe3fb6b-83cf-4da4-9ab6-5d2afffc31a3', 'ad087f3c-c18a-4e60-acf5-f0c1196a378c', 'MONITOR-694-RL-2FE3', 1818, 136, '{"color": "Red", "size": "L"}');
INSERT INTO product_variants (id, product_id, sku, price, stock_quantity, attributes) VALUES ('f431d1d4-bb89-4b0a-a4f2-1fbc5229a49c', 'ad087f3c-c18a-4e60-acf5-f0c1196a378c', 'MONITOR-694-GX-F431', 4385, 188, '{"color": "Gold", "size": "XXL"}');
INSERT INTO product_variants (id, product_id, sku, price, stock_quantity, attributes) VALUES ('ca672c0a-791e-489b-b421-6b8059eaa8c6', 'ad087f3c-c18a-4e60-acf5-f0c1196a378c', 'MONITOR-694-GS-CA67', 3311, 45, '{"color": "Gold", "size": "S"}');
INSERT INTO products (id, name, slug, description, category_id) VALUES ('c83bc123-6004-426b-a473-92ca84db3d7b', 'Ultra Shirt 809', 'ultra-shirt-809-c83bc1', 'Description for Ultra Shirt 809. Optimized for search and performance test.', '0d8fce97-3d60-49e9-afaa-26a1334098c5');
INSERT INTO product_variants (id, product_id, sku, price, stock_quantity, attributes) VALUES ('521882f5-684f-467d-bec5-0226c3d2d856', 'c83bc123-6004-426b-a473-92ca84db3d7b', 'SHIRT-809-GS-5218', 3820, 112, '{"color": "Green", "size": "S"}');
INSERT INTO product_variants (id, product_id, sku, price, stock_quantity, attributes) VALUES ('e59ec086-0091-4e29-8a65-0654a28997bb', 'c83bc123-6004-426b-a473-92ca84db3d7b', 'SHIRT-809-SM-E59E', 4358, 138, '{"color": "Silver", "size": "M"}');
INSERT INTO product_variants (id, product_id, sku, price, stock_quantity, attributes) VALUES ('8013ddbf-6811-41c6-a07f-56f9b8795743', 'c83bc123-6004-426b-a473-92ca84db3d7b', 'SHIRT-809-BM-8013', 1085, 39, '{"color": "Black", "size": "M"}');
INSERT INTO products (id, name, slug, description, category_id) VALUES ('ee02ca86-4026-4a7a-9608-eff1751d92e3', 'Eco Camera 622', 'eco-camera-622-ee02ca', 'Description for Eco Camera 622. Optimized for search and performance test.', '0d8fce97-3d60-49e9-afaa-26a1334098c5');
INSERT INTO product_variants (id, product_id, sku, price, stock_quantity, attributes) VALUES ('21e17a8c-c19c-472c-8a91-630a4c3b13a6', 'ee02ca86-4026-4a7a-9608-eff1751d92e3', 'CAMERA-622-SM-21E1', 773, 134, '{"color": "Silver", "size": "M"}');
INSERT INTO product_variants (id, product_id, sku, price, stock_quantity, attributes) VALUES ('1520b7ac-7f19-4467-9bff-50e2367ff721', 'ee02ca86-4026-4a7a-9608-eff1751d92e3', 'CAMERA-622-R8-1520', 3169, 173, '{"color": "Red", "size": "8GB RAM"}');
INSERT INTO product_variants (id, product_id, sku, price, stock_quantity, attributes) VALUES ('24e678a4-4ca2-4d0d-8cf6-95aa8b8b0c9b', 'ee02ca86-4026-4a7a-9608-eff1751d92e3', 'CAMERA-622-S6-24E6', 4284, 36, '{"color": "Silver", "size": "64GB"}');
INSERT INTO products (id, name, slug, description, category_id) VALUES ('a38b9680-8a7d-4f6f-83b3-c7a5b2fcdf12', 'Eco Dress 968', 'eco-dress-968-a38b96', 'Description for Eco Dress 968. Optimized for search and performance test.', '0d8fce97-3d60-49e9-afaa-26a1334098c5');
INSERT INTO product_variants (id, product_id, sku, price, stock_quantity, attributes) VALUES ('19302005-fee0-420d-99b2-63363e773380', 'a38b9680-8a7d-4f6f-83b3-c7a5b2fcdf12', 'DRESS-968-BX-1930', 2490, 193, '{"color": "Blue", "size": "XL"}');
INSERT INTO product_variants (id, product_id, sku, price, stock_quantity, attributes) VALUES ('f8d276ba-1cee-4ab1-83bf-70adc6f22970', 'a38b9680-8a7d-4f6f-83b3-c7a5b2fcdf12', 'DRESS-968-GX-F8D2', 2953, 105, '{"color": "Gold", "size": "XL"}');
INSERT INTO product_variants (id, product_id, sku, price, stock_quantity, attributes) VALUES ('00a577e3-98e0-41e8-8353-aba870790b42', 'a38b9680-8a7d-4f6f-83b3-c7a5b2fcdf12', 'DRESS-968-G8-00A5', 1988, 90, '{"color": "Gold", "size": "8GB RAM"}');
INSERT INTO products (id, name, slug, description, category_id) VALUES ('7bfe28e8-086e-401e-af2f-c9e68479cbd4', 'Elegant Laptop 280', 'elegant-laptop-280-7bfe28', 'Description for Elegant Laptop 280. Optimized for search and performance test.', '0d8fce97-3d60-49e9-afaa-26a1334098c5');
INSERT INTO product_variants (id, product_id, sku, price, stock_quantity, attributes) VALUES ('15502b73-b6f6-4693-a84e-6e39fad243b4', '7bfe28e8-086e-401e-af2f-c9e68479cbd4', 'LAPTOP-280-BM-1550', 2108, 88, '{"color": "Blue", "size": "M"}');
INSERT INTO product_variants (id, product_id, sku, price, stock_quantity, attributes) VALUES ('3c63355b-7641-419f-ad8b-1956c7877699', '7bfe28e8-086e-401e-af2f-c9e68479cbd4', 'LAPTOP-280-WS-3C63', 4895, 55, '{"color": "White", "size": "S"}');
INSERT INTO product_variants (id, product_id, sku, price, stock_quantity, attributes) VALUES ('0a1f88e0-9dfd-4228-b3d2-cc17b88c73a7', '7bfe28e8-086e-401e-af2f-c9e68479cbd4', 'LAPTOP-280-WX-0A1F', 127, 130, '{"color": "White", "size": "XXL"}');
INSERT INTO products (id, name, slug, description, category_id) VALUES ('87fcc8b5-9737-405e-8ab6-71f15a4b3715', 'Original Monitor 190', 'original-monitor-190-87fcc8', 'Description for Original Monitor 190. Optimized for search and performance test.', '0d8fce97-3d60-49e9-afaa-26a1334098c5');
INSERT INTO product_variants (id, product_id, sku, price, stock_quantity, attributes) VALUES ('29c284b3-9ba4-4a97-ab3d-67bbe34d85b9', '87fcc8b5-9737-405e-8ab6-71f15a4b3715', 'MONITOR-190-BL-29C2', 3848, 97, '{"color": "Blue", "size": "L"}');
INSERT INTO product_variants (id, product_id, sku, price, stock_quantity, attributes) VALUES ('c85d22e9-2991-4cc0-a07a-eb4f16969b98', '87fcc8b5-9737-405e-8ab6-71f15a4b3715', 'MONITOR-190-W1-C85D', 3287, 21, '{"color": "White", "size": "16GB RAM"}');
INSERT INTO product_variants (id, product_id, sku, price, stock_quantity, attributes) VALUES ('816dd2f4-4ed8-4b0e-8232-590ced01b1fd', '87fcc8b5-9737-405e-8ab6-71f15a4b3715', 'MONITOR-190-G2-816D', 3745, 117, '{"color": "Gold", "size": "256GB"}');
INSERT INTO products (id, name, slug, description, category_id) VALUES ('22c19bff-22d1-46ac-bae3-dc15506b9fd1', 'Elegant Camera 414', 'elegant-camera-414-22c19b', 'Description for Elegant Camera 414. Optimized for search and performance test.', '0d8fce97-3d60-49e9-afaa-26a1334098c5');
INSERT INTO product_variants (id, product_id, sku, price, stock_quantity, attributes) VALUES ('b9fd59f4-2cc2-4213-bf27-51cad7af4b68', '22c19bff-22d1-46ac-bae3-dc15506b9fd1', 'CAMERA-414-SX-B9FD', 2436, 144, '{"color": "Silver", "size": "XL"}');
INSERT INTO product_variants (id, product_id, sku, price, stock_quantity, attributes) VALUES ('af1ab42f-fba3-44cb-bc1c-6876ee3d45f4', '22c19bff-22d1-46ac-bae3-dc15506b9fd1', 'CAMERA-414-BM-AF1A', 364, 140, '{"color": "Black", "size": "M"}');
INSERT INTO product_variants (id, product_id, sku, price, stock_quantity, attributes) VALUES ('e6d3c21d-3fb5-48ea-8cc0-864344047079', '22c19bff-22d1-46ac-bae3-dc15506b9fd1', 'CAMERA-414-B6-E6D3', 3637, 68, '{"color": "Black", "size": "64GB"}');
INSERT INTO products (id, name, slug, description, category_id) VALUES ('f36f2014-45f7-4958-ae35-4886ea8dbdf7', 'Lite Shirt 603', 'lite-shirt-603-f36f20', 'Description for Lite Shirt 603. Optimized for search and performance test.', '0d8fce97-3d60-49e9-afaa-26a1334098c5');
INSERT INTO product_variants (id, product_id, sku, price, stock_quantity, attributes) VALUES ('1cdafb00-b0a2-4df6-bf25-9f491c128eb3', 'f36f2014-45f7-4958-ae35-4886ea8dbdf7', 'SHIRT-603-W1-1CDA', 2694, 159, '{"color": "White", "size": "16GB RAM"}');
INSERT INTO product_variants (id, product_id, sku, price, stock_quantity, attributes) VALUES ('09d1a5a7-68d3-4e4f-835c-4d2c4d2c3bca', 'f36f2014-45f7-4958-ae35-4886ea8dbdf7', 'SHIRT-603-W1-09D1', 353, 126, '{"color": "White", "size": "16GB RAM"}');
INSERT INTO product_variants (id, product_id, sku, price, stock_quantity, attributes) VALUES ('89224ad7-28fe-4f8d-92cc-9e029cb7d121', 'f36f2014-45f7-4958-ae35-4886ea8dbdf7', 'SHIRT-603-SL-8922', 1774, 90, '{"color": "Silver", "size": "L"}');
INSERT INTO products (id, name, slug, description, category_id) VALUES ('3ea89267-6e1c-4cf9-a78e-9174060f4d70', 'Ultra Shirt 554', 'ultra-shirt-554-3ea892', 'Description for Ultra Shirt 554. Optimized for search and performance test.', '0d8fce97-3d60-49e9-afaa-26a1334098c5');
INSERT INTO product_variants (id, product_id, sku, price, stock_quantity, attributes) VALUES ('9267d378-f18f-42fa-8847-db6fb16f3d9b', '3ea89267-6e1c-4cf9-a78e-9174060f4d70', 'SHIRT-554-G2-9267', 476, 78, '{"color": "Gold", "size": "256GB"}');
INSERT INTO product_variants (id, product_id, sku, price, stock_quantity, attributes) VALUES ('b138ab6b-86df-4adc-942e-b7fc1c677c13', '3ea89267-6e1c-4cf9-a78e-9174060f4d70', 'SHIRT-554-B2-B138', 1068, 149, '{"color": "Black", "size": "256GB"}');
INSERT INTO product_variants (id, product_id, sku, price, stock_quantity, attributes) VALUES ('a40283a7-469c-4886-9f2e-309d60e4bb0a', '3ea89267-6e1c-4cf9-a78e-9174060f4d70', 'SHIRT-554-RL-A402', 1629, 125, '{"color": "Red", "size": "L"}');
INSERT INTO products (id, name, slug, description, category_id) VALUES ('2335ab13-38d7-4d7f-95e5-c1e4c8120b1e', 'Premium Headphones 976', 'premium-headphones-976-2335ab', 'Description for Premium Headphones 976. Optimized for search and performance test.', '0d8fce97-3d60-49e9-afaa-26a1334098c5');
INSERT INTO product_variants (id, product_id, sku, price, stock_quantity, attributes) VALUES ('298bafb3-7b0d-42fd-a4d4-f989951ad843', '2335ab13-38d7-4d7f-95e5-c1e4c8120b1e', 'HEADPHONES-976-BX-298B', 2964, 78, '{"color": "Black", "size": "XL"}');
INSERT INTO product_variants (id, product_id, sku, price, stock_quantity, attributes) VALUES ('70804e82-f9bf-4300-b4f7-9c165fc37354', '2335ab13-38d7-4d7f-95e5-c1e4c8120b1e', 'HEADPHONES-976-B6-7080', 3259, 195, '{"color": "Blue", "size": "64GB"}');
INSERT INTO product_variants (id, product_id, sku, price, stock_quantity, attributes) VALUES ('074ee2f8-1cb8-4252-9a6d-98ae60107fe5', '2335ab13-38d7-4d7f-95e5-c1e4c8120b1e', 'HEADPHONES-976-G6-074E', 4021, 97, '{"color": "Gold", "size": "64GB"}');
INSERT INTO products (id, name, slug, description, category_id) VALUES ('00a16879-32ef-4e5e-b4e7-bfb9cc678709', 'Original Bed 720', 'original-bed-720-00a168', 'Description for Original Bed 720. Optimized for search and performance test.', '0d8fce97-3d60-49e9-afaa-26a1334098c5');
INSERT INTO product_variants (id, product_id, sku, price, stock_quantity, attributes) VALUES ('6bea6182-0a7c-4d35-b5a9-2961e0675a7f', '00a16879-32ef-4e5e-b4e7-bfb9cc678709', 'BED-720-R6-6BEA', 1352, 34, '{"color": "Red", "size": "64GB"}');
INSERT INTO product_variants (id, product_id, sku, price, stock_quantity, attributes) VALUES ('1c61ea1e-c0aa-4ee7-a8a4-5e61913f5726', '00a16879-32ef-4e5e-b4e7-bfb9cc678709', 'BED-720-G6-1C61', 2006, 160, '{"color": "Green", "size": "64GB"}');
INSERT INTO product_variants (id, product_id, sku, price, stock_quantity, attributes) VALUES ('7e6bb155-6898-4982-b1bd-7dcbded5e8ec', '00a16879-32ef-4e5e-b4e7-bfb9cc678709', 'BED-720-S8-7E6B', 733, 28, '{"color": "Silver", "size": "8GB RAM"}');
INSERT INTO products (id, name, slug, description, category_id) VALUES ('16cc134d-76ab-4954-b980-755a9bb30f3f', 'Premium Backpack 177', 'premium-backpack-177-16cc13', 'Description for Premium Backpack 177. Optimized for search and performance test.', '0d8fce97-3d60-49e9-afaa-26a1334098c5');
INSERT INTO product_variants (id, product_id, sku, price, stock_quantity, attributes) VALUES ('d9446415-8ade-44c3-af4a-1e0010b8a08d', '16cc134d-76ab-4954-b980-755a9bb30f3f', 'BACKPACK-177-WM-D944', 4617, 152, '{"color": "White", "size": "M"}');
INSERT INTO product_variants (id, product_id, sku, price, stock_quantity, attributes) VALUES ('dfe09811-b1f0-4b43-8c08-72f1c04b96c3', '16cc134d-76ab-4954-b980-755a9bb30f3f', 'BACKPACK-177-W8-DFE0', 3351, 63, '{"color": "White", "size": "8GB RAM"}');
INSERT INTO product_variants (id, product_id, sku, price, stock_quantity, attributes) VALUES ('64fb2973-b136-4ca1-bdef-54906bec82db', '16cc134d-76ab-4954-b980-755a9bb30f3f', 'BACKPACK-177-GS-64FB', 4707, 40, '{"color": "Green", "size": "S"}');
INSERT INTO products (id, name, slug, description, category_id) VALUES ('9eec1744-a7fc-45ef-b01e-8147c8f21747', 'Elegant Table 953', 'elegant-table-953-9eec17', 'Description for Elegant Table 953. Optimized for search and performance test.', '0d8fce97-3d60-49e9-afaa-26a1334098c5');
INSERT INTO product_variants (id, product_id, sku, price, stock_quantity, attributes) VALUES ('8559477e-2996-4eee-84ab-cc99c41dd488', '9eec1744-a7fc-45ef-b01e-8147c8f21747', 'TABLE-953-GM-8559', 3458, 77, '{"color": "Green", "size": "M"}');
INSERT INTO product_variants (id, product_id, sku, price, stock_quantity, attributes) VALUES ('fdd66a6c-c80d-4566-98ab-5c7215d9d47b', '9eec1744-a7fc-45ef-b01e-8147c8f21747', 'TABLE-953-W6-FDD6', 1049, 200, '{"color": "White", "size": "64GB"}');
INSERT INTO product_variants (id, product_id, sku, price, stock_quantity, attributes) VALUES ('ada439bc-0e93-457a-8723-38bd6a38154e', '9eec1744-a7fc-45ef-b01e-8147c8f21747', 'TABLE-953-BM-ADA4', 2358, 52, '{"color": "Blue", "size": "M"}');
INSERT INTO products (id, name, slug, description, category_id) VALUES ('e8da9a79-a22f-426b-a3e9-ca7dc2dc8628', 'Premium Laptop 172', 'premium-laptop-172-e8da9a', 'Description for Premium Laptop 172. Optimized for search and performance test.', '0d8fce97-3d60-49e9-afaa-26a1334098c5');
INSERT INTO product_variants (id, product_id, sku, price, stock_quantity, attributes) VALUES ('11e75909-7e81-4d46-8f66-1adc7f1d00a2', 'e8da9a79-a22f-426b-a3e9-ca7dc2dc8628', 'LAPTOP-172-GS-11E7', 2364, 116, '{"color": "Green", "size": "S"}');
INSERT INTO product_variants (id, product_id, sku, price, stock_quantity, attributes) VALUES ('a99cdaf2-3c98-48a8-b25c-10c1eb4a3965', 'e8da9a79-a22f-426b-a3e9-ca7dc2dc8628', 'LAPTOP-172-G6-A99C', 2771, 107, '{"color": "Gold", "size": "64GB"}');
INSERT INTO product_variants (id, product_id, sku, price, stock_quantity, attributes) VALUES ('4f8fe70a-f050-4e31-ac8a-f871efd1e275', 'e8da9a79-a22f-426b-a3e9-ca7dc2dc8628', 'LAPTOP-172-G6-4F8F', 4536, 69, '{"color": "Green", "size": "64GB"}');
INSERT INTO products (id, name, slug, description, category_id) VALUES ('4f34b973-fef3-402e-9fe2-a4578a34d162', 'Ultra Laptop 113', 'ultra-laptop-113-4f34b9', 'Description for Ultra Laptop 113. Optimized for search and performance test.', '0d8fce97-3d60-49e9-afaa-26a1334098c5');
INSERT INTO product_variants (id, product_id, sku, price, stock_quantity, attributes) VALUES ('f3b188e7-53af-4e00-8ebe-420cada7a914', '4f34b973-fef3-402e-9fe2-a4578a34d162', 'LAPTOP-113-BX-F3B1', 2511, 18, '{"color": "Blue", "size": "XXL"}');
INSERT INTO product_variants (id, product_id, sku, price, stock_quantity, attributes) VALUES ('42b18c1a-41b4-47dd-8788-b59cb25ba9f7', '4f34b973-fef3-402e-9fe2-a4578a34d162', 'LAPTOP-113-W6-42B1', 2656, 54, '{"color": "White", "size": "64GB"}');
INSERT INTO product_variants (id, product_id, sku, price, stock_quantity, attributes) VALUES ('52113204-8ae3-42e5-aac8-3560782392b8', '4f34b973-fef3-402e-9fe2-a4578a34d162', 'LAPTOP-113-WM-5211', 4948, 68, '{"color": "White", "size": "M"}');
INSERT INTO products (id, name, slug, description, category_id) VALUES ('5dde3358-0f58-4a24-ac5d-5b2b13df7a81', 'Ultra Headphones 900', 'ultra-headphones-900-5dde33', 'Description for Ultra Headphones 900. Optimized for search and performance test.', '0d8fce97-3d60-49e9-afaa-26a1334098c5');
INSERT INTO product_variants (id, product_id, sku, price, stock_quantity, attributes) VALUES ('dfe7b61d-b82e-4133-a5b7-a6753d8d2ee2', '5dde3358-0f58-4a24-ac5d-5b2b13df7a81', 'HEADPHONES-900-GS-DFE7', 2231, 30, '{"color": "Gold", "size": "S"}');
INSERT INTO product_variants (id, product_id, sku, price, stock_quantity, attributes) VALUES ('52bcadeb-d10a-4efb-abbd-ee9bb0c975e6', '5dde3358-0f58-4a24-ac5d-5b2b13df7a81', 'HEADPHONES-900-G1-52BC', 2756, 167, '{"color": "Green", "size": "128GB"}');
INSERT INTO product_variants (id, product_id, sku, price, stock_quantity, attributes) VALUES ('a0308599-43f8-435d-88ba-cf127e1cf858', '5dde3358-0f58-4a24-ac5d-5b2b13df7a81', 'HEADPHONES-900-G1-A030', 1082, 148, '{"color": "Gold", "size": "16GB RAM"}');
INSERT INTO products (id, name, slug, description, category_id) VALUES ('80172cae-0206-44d8-9e12-a6832b834680', 'Eco Headphones 328', 'eco-headphones-328-80172c', 'Description for Eco Headphones 328. Optimized for search and performance test.', '0d8fce97-3d60-49e9-afaa-26a1334098c5');
INSERT INTO product_variants (id, product_id, sku, price, stock_quantity, attributes) VALUES ('01c9d853-97ac-4c52-9386-4212f4e84b28', '80172cae-0206-44d8-9e12-a6832b834680', 'HEADPHONES-328-GX-01C9', 2431, 192, '{"color": "Green", "size": "XL"}');
INSERT INTO product_variants (id, product_id, sku, price, stock_quantity, attributes) VALUES ('169051d6-a56b-4579-bb5c-1193160f7b6e', '80172cae-0206-44d8-9e12-a6832b834680', 'HEADPHONES-328-WS-1690', 483, 36, '{"color": "White", "size": "S"}');
INSERT INTO product_variants (id, product_id, sku, price, stock_quantity, attributes) VALUES ('1f0d5c34-d504-4ebd-9ea4-0d7f1b53e041', '80172cae-0206-44d8-9e12-a6832b834680', 'HEADPHONES-328-RS-1F0D', 3339, 196, '{"color": "Red", "size": "S"}');
INSERT INTO products (id, name, slug, description, category_id) VALUES ('0bbc5bcb-de15-4df5-bfc8-996f2ef96c6d', 'Ultra Laptop 344', 'ultra-laptop-344-0bbc5b', 'Description for Ultra Laptop 344. Optimized for search and performance test.', '0d8fce97-3d60-49e9-afaa-26a1334098c5');
INSERT INTO product_variants (id, product_id, sku, price, stock_quantity, attributes) VALUES ('b2741b63-b466-4807-81c5-7073f6716032', '0bbc5bcb-de15-4df5-bfc8-996f2ef96c6d', 'LAPTOP-344-GL-B274', 1567, 100, '{"color": "Green", "size": "L"}');
INSERT INTO product_variants (id, product_id, sku, price, stock_quantity, attributes) VALUES ('ee049a05-fd24-4247-be4d-9ad06385274d', '0bbc5bcb-de15-4df5-bfc8-996f2ef96c6d', 'LAPTOP-344-SX-EE04', 4516, 146, '{"color": "Silver", "size": "XXL"}');
INSERT INTO product_variants (id, product_id, sku, price, stock_quantity, attributes) VALUES ('77f4a2be-c09d-4619-bbe0-239014794300', '0bbc5bcb-de15-4df5-bfc8-996f2ef96c6d', 'LAPTOP-344-RL-77F4', 4457, 85, '{"color": "Red", "size": "L"}');
INSERT INTO products (id, name, slug, description, category_id) VALUES ('c97be7c9-a7a7-40c2-a42c-8f3d7fcc90b9', 'Lite Headphones 226', 'lite-headphones-226-c97be7', 'Description for Lite Headphones 226. Optimized for search and performance test.', '0d8fce97-3d60-49e9-afaa-26a1334098c5');
INSERT INTO product_variants (id, product_id, sku, price, stock_quantity, attributes) VALUES ('26b67b63-aed6-4307-83ef-b470db86c9b8', 'c97be7c9-a7a7-40c2-a42c-8f3d7fcc90b9', 'HEADPHONES-226-B2-26B6', 4016, 13, '{"color": "Black", "size": "256GB"}');
INSERT INTO product_variants (id, product_id, sku, price, stock_quantity, attributes) VALUES ('742d1bbd-d3ca-4f85-83bc-0c739cd29a26', 'c97be7c9-a7a7-40c2-a42c-8f3d7fcc90b9', 'HEADPHONES-226-BX-742D', 572, 77, '{"color": "Blue", "size": "XXL"}');
INSERT INTO product_variants (id, product_id, sku, price, stock_quantity, attributes) VALUES ('cc851012-a1fd-4250-acfb-10fc8a827cb1', 'c97be7c9-a7a7-40c2-a42c-8f3d7fcc90b9', 'HEADPHONES-226-B6-CC85', 619, 68, '{"color": "Blue", "size": "64GB"}');
INSERT INTO products (id, name, slug, description, category_id) VALUES ('2a822d8f-c67f-4b7f-a252-72d9cca18ea9', 'Elegant Backpack 609', 'elegant-backpack-609-2a822d', 'Description for Elegant Backpack 609. Optimized for search and performance test.', '0d8fce97-3d60-49e9-afaa-26a1334098c5');
INSERT INTO product_variants (id, product_id, sku, price, stock_quantity, attributes) VALUES ('aff28ad2-421a-4b81-af98-3b12aa41f0e3', '2a822d8f-c67f-4b7f-a252-72d9cca18ea9', 'BACKPACK-609-GS-AFF2', 2195, 40, '{"color": "Gold", "size": "S"}');
INSERT INTO product_variants (id, product_id, sku, price, stock_quantity, attributes) VALUES ('884e02ec-5872-4798-b2ce-f238de0a857f', '2a822d8f-c67f-4b7f-a252-72d9cca18ea9', 'BACKPACK-609-SX-884E', 624, 10, '{"color": "Silver", "size": "XXL"}');
INSERT INTO product_variants (id, product_id, sku, price, stock_quantity, attributes) VALUES ('fbfa1621-c300-4318-99cf-82bd853632b0', '2a822d8f-c67f-4b7f-a252-72d9cca18ea9', 'BACKPACK-609-R8-FBFA', 1805, 109, '{"color": "Red", "size": "8GB RAM"}');
INSERT INTO products (id, name, slug, description, category_id) VALUES ('87d298e0-60fc-4d30-9256-b072368c634e', 'Smart Speaker 639', 'smart-speaker-639-87d298', 'Description for Smart Speaker 639. Optimized for search and performance test.', '7686d8ea-9d1a-4bd6-b7c5-cef7bd90de7b');
INSERT INTO product_variants (id, product_id, sku, price, stock_quantity, attributes) VALUES ('9f097884-b541-414b-b5ac-b46413888783', '87d298e0-60fc-4d30-9256-b072368c634e', 'SPEAKER-639-G6-9F09', 1828, 25, '{"color": "Green", "size": "64GB"}');
INSERT INTO product_variants (id, product_id, sku, price, stock_quantity, attributes) VALUES ('15950738-671d-4bfd-8a0c-de59779de9ae', '87d298e0-60fc-4d30-9256-b072368c634e', 'SPEAKER-639-S2-1595', 3125, 50, '{"color": "Silver", "size": "256GB"}');
INSERT INTO product_variants (id, product_id, sku, price, stock_quantity, attributes) VALUES ('14418791-a50e-4806-b9c6-aa01416e644c', '87d298e0-60fc-4d30-9256-b072368c634e', 'SPEAKER-639-RS-1441', 4139, 138, '{"color": "Red", "size": "S"}');
INSERT INTO products (id, name, slug, description, category_id) VALUES ('9169bec8-30d6-4af8-a0ff-9b9082f8e0da', 'Premium Dress 233', 'premium-dress-233-9169be', 'Description for Premium Dress 233. Optimized for search and performance test.', '7686d8ea-9d1a-4bd6-b7c5-cef7bd90de7b');
INSERT INTO product_variants (id, product_id, sku, price, stock_quantity, attributes) VALUES ('c88528fb-e39e-43ba-bc85-63d5843de2f3', '9169bec8-30d6-4af8-a0ff-9b9082f8e0da', 'DRESS-233-G2-C885', 3521, 147, '{"color": "Gold", "size": "256GB"}');
INSERT INTO product_variants (id, product_id, sku, price, stock_quantity, attributes) VALUES ('52f2c37a-6c89-43c7-9c34-368745a1d42d', '9169bec8-30d6-4af8-a0ff-9b9082f8e0da', 'DRESS-233-G2-52F2', 824, 116, '{"color": "Green", "size": "256GB"}');
INSERT INTO product_variants (id, product_id, sku, price, stock_quantity, attributes) VALUES ('2f8d6c20-1d89-48c7-be64-404b4d302fc8', '9169bec8-30d6-4af8-a0ff-9b9082f8e0da', 'DRESS-233-B1-2F8D', 1038, 69, '{"color": "Blue", "size": "16GB RAM"}');
INSERT INTO products (id, name, slug, description, category_id) VALUES ('58409921-55ec-4b30-825a-905131ff2ae9', 'Original Speaker 585', 'original-speaker-585-584099', 'Description for Original Speaker 585. Optimized for search and performance test.', '7686d8ea-9d1a-4bd6-b7c5-cef7bd90de7b');
INSERT INTO product_variants (id, product_id, sku, price, stock_quantity, attributes) VALUES ('353f7a42-4b36-4ac1-9be9-319b9666d01f', '58409921-55ec-4b30-825a-905131ff2ae9', 'SPEAKER-585-GL-353F', 1402, 194, '{"color": "Green", "size": "L"}');
INSERT INTO product_variants (id, product_id, sku, price, stock_quantity, attributes) VALUES ('34fcbac1-9e27-44fc-bd93-a6ca881397a2', '58409921-55ec-4b30-825a-905131ff2ae9', 'SPEAKER-585-RL-34FC', 1197, 80, '{"color": "Red", "size": "L"}');
INSERT INTO product_variants (id, product_id, sku, price, stock_quantity, attributes) VALUES ('8af04a8e-5c19-41da-bd9a-69d5b4714e5b', '58409921-55ec-4b30-825a-905131ff2ae9', 'SPEAKER-585-B6-8AF0', 4671, 68, '{"color": "Blue", "size": "64GB"}');
INSERT INTO products (id, name, slug, description, category_id) VALUES ('a5289e6d-5de2-4eda-886a-85bc3478bcb6', 'Ultra Shirt 754', 'ultra-shirt-754-a5289e', 'Description for Ultra Shirt 754. Optimized for search and performance test.', '7686d8ea-9d1a-4bd6-b7c5-cef7bd90de7b');
INSERT INTO product_variants (id, product_id, sku, price, stock_quantity, attributes) VALUES ('7c26e8a9-8dd7-437a-832e-d7b51be35ce1', 'a5289e6d-5de2-4eda-886a-85bc3478bcb6', 'SHIRT-754-G2-7C26', 4461, 109, '{"color": "Green", "size": "256GB"}');
INSERT INTO product_variants (id, product_id, sku, price, stock_quantity, attributes) VALUES ('f507886e-c9ab-4f75-a7a2-a47d94000d18', 'a5289e6d-5de2-4eda-886a-85bc3478bcb6', 'SHIRT-754-R6-F507', 2327, 121, '{"color": "Red", "size": "64GB"}');
INSERT INTO product_variants (id, product_id, sku, price, stock_quantity, attributes) VALUES ('eb75ffca-e21f-4dde-bd21-d4f7a8afb645', 'a5289e6d-5de2-4eda-886a-85bc3478bcb6', 'SHIRT-754-RM-EB75', 696, 66, '{"color": "Red", "size": "M"}');
INSERT INTO products (id, name, slug, description, category_id) VALUES ('fac92a7d-999a-4e16-9340-81335940ad26', 'Smart Headphones 286', 'smart-headphones-286-fac92a', 'Description for Smart Headphones 286. Optimized for search and performance test.', '7686d8ea-9d1a-4bd6-b7c5-cef7bd90de7b');
INSERT INTO product_variants (id, product_id, sku, price, stock_quantity, attributes) VALUES ('fbb50d7c-3f06-4013-a4b7-7e06e1f6aca2', 'fac92a7d-999a-4e16-9340-81335940ad26', 'HEADPHONES-286-B1-FBB5', 4842, 47, '{"color": "Black", "size": "128GB"}');
INSERT INTO product_variants (id, product_id, sku, price, stock_quantity, attributes) VALUES ('efd617f1-1526-4aea-8788-9d9624581be5', 'fac92a7d-999a-4e16-9340-81335940ad26', 'HEADPHONES-286-GM-EFD6', 260, 82, '{"color": "Gold", "size": "M"}');
INSERT INTO product_variants (id, product_id, sku, price, stock_quantity, attributes) VALUES ('41aef0a4-cf7b-4b2d-af89-e2bbd9ee72d6', 'fac92a7d-999a-4e16-9340-81335940ad26', 'HEADPHONES-286-W6-41AE', 3803, 39, '{"color": "White", "size": "64GB"}');
INSERT INTO products (id, name, slug, description, category_id) VALUES ('555c30c0-6d3e-47e8-9e17-03ceccbb52e5', 'Original Bed 877', 'original-bed-877-555c30', 'Description for Original Bed 877. Optimized for search and performance test.', '7686d8ea-9d1a-4bd6-b7c5-cef7bd90de7b');
INSERT INTO product_variants (id, product_id, sku, price, stock_quantity, attributes) VALUES ('8c94c2fc-c1c7-4b1a-9cad-09523a6e7607', '555c30c0-6d3e-47e8-9e17-03ceccbb52e5', 'BED-877-GL-8C94', 1433, 139, '{"color": "Gold", "size": "L"}');
INSERT INTO product_variants (id, product_id, sku, price, stock_quantity, attributes) VALUES ('1538d2e7-0a9b-41dc-991b-6438ce3a72ae', '555c30c0-6d3e-47e8-9e17-03ceccbb52e5', 'BED-877-GX-1538', 4538, 155, '{"color": "Gold", "size": "XXL"}');
INSERT INTO product_variants (id, product_id, sku, price, stock_quantity, attributes) VALUES ('2a3f73bf-7519-4bc1-b3a1-f965b0b604b8', '555c30c0-6d3e-47e8-9e17-03ceccbb52e5', 'BED-877-B1-2A3F', 3584, 28, '{"color": "Black", "size": "16GB RAM"}');
INSERT INTO products (id, name, slug, description, category_id) VALUES ('f6dd5801-0857-48b8-920d-520bdacf2b71', 'Lite Phone 276', 'lite-phone-276-f6dd58', 'Description for Lite Phone 276. Optimized for search and performance test.', '7686d8ea-9d1a-4bd6-b7c5-cef7bd90de7b');
INSERT INTO product_variants (id, product_id, sku, price, stock_quantity, attributes) VALUES ('83f84a8c-4a34-4383-910a-269758c9ec43', 'f6dd5801-0857-48b8-920d-520bdacf2b71', 'PHONE-276-GS-83F8', 3371, 147, '{"color": "Gold", "size": "S"}');
INSERT INTO product_variants (id, product_id, sku, price, stock_quantity, attributes) VALUES ('4f3496d4-cb2b-401b-9578-9bbe72e24e17', 'f6dd5801-0857-48b8-920d-520bdacf2b71', 'PHONE-276-BS-4F34', 4718, 191, '{"color": "Blue", "size": "S"}');
INSERT INTO product_variants (id, product_id, sku, price, stock_quantity, attributes) VALUES ('a66dc42b-ddf8-41c4-85a2-741329b4ba3f', 'f6dd5801-0857-48b8-920d-520bdacf2b71', 'PHONE-276-B2-A66D', 2832, 86, '{"color": "Blue", "size": "256GB"}');
INSERT INTO products (id, name, slug, description, category_id) VALUES ('174bbb3f-8edb-4bc8-879c-60c15d24ff64', 'Lite Phone 908', 'lite-phone-908-174bbb', 'Description for Lite Phone 908. Optimized for search and performance test.', '7686d8ea-9d1a-4bd6-b7c5-cef7bd90de7b');
INSERT INTO product_variants (id, product_id, sku, price, stock_quantity, attributes) VALUES ('c36b00f9-b4f8-4ac5-88e2-2e8a79fe238f', '174bbb3f-8edb-4bc8-879c-60c15d24ff64', 'PHONE-908-GX-C36B', 4445, 148, '{"color": "Gold", "size": "XL"}');
INSERT INTO product_variants (id, product_id, sku, price, stock_quantity, attributes) VALUES ('d727f016-90a4-4b53-a37b-cbf34dd2104b', '174bbb3f-8edb-4bc8-879c-60c15d24ff64', 'PHONE-908-BL-D727', 602, 44, '{"color": "Blue", "size": "L"}');
INSERT INTO product_variants (id, product_id, sku, price, stock_quantity, attributes) VALUES ('cc4a6836-627c-4915-b445-353d8a2989c0', '174bbb3f-8edb-4bc8-879c-60c15d24ff64', 'PHONE-908-B6-CC4A', 1020, 60, '{"color": "Black", "size": "64GB"}');
INSERT INTO products (id, name, slug, description, category_id) VALUES ('de568947-8779-45a1-997b-8c76d3f7c6d7', 'Pro Dress 644', 'pro-dress-644-de5689', 'Description for Pro Dress 644. Optimized for search and performance test.', '7686d8ea-9d1a-4bd6-b7c5-cef7bd90de7b');
INSERT INTO product_variants (id, product_id, sku, price, stock_quantity, attributes) VALUES ('fff3068a-e8e7-439f-b1f5-185f9f628ad7', 'de568947-8779-45a1-997b-8c76d3f7c6d7', 'DRESS-644-W1-FFF3', 3024, 104, '{"color": "White", "size": "128GB"}');
INSERT INTO product_variants (id, product_id, sku, price, stock_quantity, attributes) VALUES ('804f4a28-d2f5-4e64-a0a4-6c01913c88e4', 'de568947-8779-45a1-997b-8c76d3f7c6d7', 'DRESS-644-WM-804F', 1991, 122, '{"color": "White", "size": "M"}');
INSERT INTO product_variants (id, product_id, sku, price, stock_quantity, attributes) VALUES ('adc13a05-83b3-41a3-9c41-1be24da58bea', 'de568947-8779-45a1-997b-8c76d3f7c6d7', 'DRESS-644-GM-ADC1', 1366, 65, '{"color": "Gold", "size": "M"}');
INSERT INTO products (id, name, slug, description, category_id) VALUES ('75f75e8d-aabf-4910-bfaa-1855a776bff4', 'Elegant Dress 996', 'elegant-dress-996-75f75e', 'Description for Elegant Dress 996. Optimized for search and performance test.', '7686d8ea-9d1a-4bd6-b7c5-cef7bd90de7b');
INSERT INTO product_variants (id, product_id, sku, price, stock_quantity, attributes) VALUES ('b4f20c99-e8e3-4aa8-9a32-6ad2cf1c9fd6', '75f75e8d-aabf-4910-bfaa-1855a776bff4', 'DRESS-996-BL-B4F2', 4107, 103, '{"color": "Blue", "size": "L"}');
INSERT INTO product_variants (id, product_id, sku, price, stock_quantity, attributes) VALUES ('508614de-fc3e-42a8-ac23-829317aacd5c', '75f75e8d-aabf-4910-bfaa-1855a776bff4', 'DRESS-996-W6-5086', 3629, 180, '{"color": "White", "size": "64GB"}');
INSERT INTO product_variants (id, product_id, sku, price, stock_quantity, attributes) VALUES ('c3a04cfb-14f2-4ad8-9cf2-14a02ebee047', '75f75e8d-aabf-4910-bfaa-1855a776bff4', 'DRESS-996-GL-C3A0', 2022, 200, '{"color": "Gold", "size": "L"}');
INSERT INTO products (id, name, slug, description, category_id) VALUES ('d971bf5b-8d65-4235-b53a-7e2ba587dd91', 'Eco Dress 172', 'eco-dress-172-d971bf', 'Description for Eco Dress 172. Optimized for search and performance test.', '7686d8ea-9d1a-4bd6-b7c5-cef7bd90de7b');
INSERT INTO product_variants (id, product_id, sku, price, stock_quantity, attributes) VALUES ('587000b1-70c1-4fe1-8014-e004f0688773', 'd971bf5b-8d65-4235-b53a-7e2ba587dd91', 'DRESS-172-S6-5870', 2142, 172, '{"color": "Silver", "size": "64GB"}');
INSERT INTO product_variants (id, product_id, sku, price, stock_quantity, attributes) VALUES ('94a567aa-42cf-4eff-b298-4af5854f5c6a', 'd971bf5b-8d65-4235-b53a-7e2ba587dd91', 'DRESS-172-R6-94A5', 4167, 176, '{"color": "Red", "size": "64GB"}');
INSERT INTO product_variants (id, product_id, sku, price, stock_quantity, attributes) VALUES ('101b16ba-8674-439a-ac5d-749dcd89f0c5', 'd971bf5b-8d65-4235-b53a-7e2ba587dd91', 'DRESS-172-BM-101B', 3165, 54, '{"color": "Blue", "size": "M"}');
INSERT INTO products (id, name, slug, description, category_id) VALUES ('0df4967d-9701-4688-96a0-18cf62a45ebb', 'Original Speaker 942', 'original-speaker-942-0df496', 'Description for Original Speaker 942. Optimized for search and performance test.', '7686d8ea-9d1a-4bd6-b7c5-cef7bd90de7b');
INSERT INTO product_variants (id, product_id, sku, price, stock_quantity, attributes) VALUES ('d2911fc5-a9c5-46f1-b9ce-854b407640a3', '0df4967d-9701-4688-96a0-18cf62a45ebb', 'SPEAKER-942-RM-D291', 2622, 145, '{"color": "Red", "size": "M"}');
INSERT INTO product_variants (id, product_id, sku, price, stock_quantity, attributes) VALUES ('b4f908fe-b77e-483b-9eff-ec4fa5758d50', '0df4967d-9701-4688-96a0-18cf62a45ebb', 'SPEAKER-942-W1-B4F9', 2094, 112, '{"color": "White", "size": "16GB RAM"}');
INSERT INTO product_variants (id, product_id, sku, price, stock_quantity, attributes) VALUES ('274b0772-cd6d-4514-83ae-b34e49ade222', '0df4967d-9701-4688-96a0-18cf62a45ebb', 'SPEAKER-942-GX-274B', 1643, 106, '{"color": "Gold", "size": "XL"}');
INSERT INTO products (id, name, slug, description, category_id) VALUES ('cbe67a80-ec45-43e9-a083-e4eaf093062e', 'Eco Shirt 109', 'eco-shirt-109-cbe67a', 'Description for Eco Shirt 109. Optimized for search and performance test.', '7686d8ea-9d1a-4bd6-b7c5-cef7bd90de7b');
INSERT INTO product_variants (id, product_id, sku, price, stock_quantity, attributes) VALUES ('980f886c-5e2a-4325-ad44-e52531ccb314', 'cbe67a80-ec45-43e9-a083-e4eaf093062e', 'SHIRT-109-RS-980F', 4392, 163, '{"color": "Red", "size": "S"}');
INSERT INTO product_variants (id, product_id, sku, price, stock_quantity, attributes) VALUES ('0ac288e2-f587-4e1d-8ea9-19df53b0fba0', 'cbe67a80-ec45-43e9-a083-e4eaf093062e', 'SHIRT-109-W8-0AC2', 3553, 22, '{"color": "White", "size": "8GB RAM"}');
INSERT INTO product_variants (id, product_id, sku, price, stock_quantity, attributes) VALUES ('f0e0aca3-6303-4dd7-a00a-c6548e627d15', 'cbe67a80-ec45-43e9-a083-e4eaf093062e', 'SHIRT-109-SS-F0E0', 1467, 177, '{"color": "Silver", "size": "S"}');
INSERT INTO products (id, name, slug, description, category_id) VALUES ('5e819be4-aa60-417f-b6f6-8359b0aedb1a', 'Original Monitor 215', 'original-monitor-215-5e819b', 'Description for Original Monitor 215. Optimized for search and performance test.', '7686d8ea-9d1a-4bd6-b7c5-cef7bd90de7b');
INSERT INTO product_variants (id, product_id, sku, price, stock_quantity, attributes) VALUES ('0dc1de4b-04bb-4211-bee5-6e69daa66dbe', '5e819be4-aa60-417f-b6f6-8359b0aedb1a', 'MONITOR-215-R1-0DC1', 271, 112, '{"color": "Red", "size": "128GB"}');
INSERT INTO product_variants (id, product_id, sku, price, stock_quantity, attributes) VALUES ('85b44b53-f042-44f2-8cc5-675c28f85a05', '5e819be4-aa60-417f-b6f6-8359b0aedb1a', 'MONITOR-215-S6-85B4', 4812, 29, '{"color": "Silver", "size": "64GB"}');
INSERT INTO product_variants (id, product_id, sku, price, stock_quantity, attributes) VALUES ('24e41b16-fc2d-454a-9f86-78696e732ee7', '5e819be4-aa60-417f-b6f6-8359b0aedb1a', 'MONITOR-215-S8-24E4', 2894, 118, '{"color": "Silver", "size": "8GB RAM"}');
INSERT INTO products (id, name, slug, description, category_id) VALUES ('85ecd246-c342-43da-bc62-9ef7ad499912', 'Eco Bed 735', 'eco-bed-735-85ecd2', 'Description for Eco Bed 735. Optimized for search and performance test.', '7686d8ea-9d1a-4bd6-b7c5-cef7bd90de7b');
INSERT INTO product_variants (id, product_id, sku, price, stock_quantity, attributes) VALUES ('04e4cfb6-938d-4c4f-ac53-cfe011e0367b', '85ecd246-c342-43da-bc62-9ef7ad499912', 'BED-735-R8-04E4', 2945, 87, '{"color": "Red", "size": "8GB RAM"}');
INSERT INTO product_variants (id, product_id, sku, price, stock_quantity, attributes) VALUES ('5d8f9c96-5c13-4c1d-b968-60965de18392', '85ecd246-c342-43da-bc62-9ef7ad499912', 'BED-735-G6-5D8F', 1171, 70, '{"color": "Gold", "size": "64GB"}');
INSERT INTO product_variants (id, product_id, sku, price, stock_quantity, attributes) VALUES ('33611ac3-57b4-4aa9-97e1-cd02117ba16c', '85ecd246-c342-43da-bc62-9ef7ad499912', 'BED-735-RM-3361', 3108, 156, '{"color": "Red", "size": "M"}');
INSERT INTO products (id, name, slug, description, category_id) VALUES ('ff787d70-7a8a-475c-8f5c-4e62717ba5ad', 'Premium Dress 632', 'premium-dress-632-ff787d', 'Description for Premium Dress 632. Optimized for search and performance test.', '7686d8ea-9d1a-4bd6-b7c5-cef7bd90de7b');
INSERT INTO product_variants (id, product_id, sku, price, stock_quantity, attributes) VALUES ('8fb0bb81-281d-43d1-8495-398a04b7a6a2', 'ff787d70-7a8a-475c-8f5c-4e62717ba5ad', 'DRESS-632-R1-8FB0', 2919, 185, '{"color": "Red", "size": "16GB RAM"}');
INSERT INTO product_variants (id, product_id, sku, price, stock_quantity, attributes) VALUES ('9527962f-af69-4add-bb8b-9eb425b8c836', 'ff787d70-7a8a-475c-8f5c-4e62717ba5ad', 'DRESS-632-B1-9527', 4724, 185, '{"color": "Black", "size": "128GB"}');
INSERT INTO product_variants (id, product_id, sku, price, stock_quantity, attributes) VALUES ('0ee52ee1-a7fa-4dbd-80b7-29ddaea6bf61', 'ff787d70-7a8a-475c-8f5c-4e62717ba5ad', 'DRESS-632-BS-0EE5', 743, 99, '{"color": "Black", "size": "S"}');
INSERT INTO products (id, name, slug, description, category_id) VALUES ('ac6c1baf-ab3e-4112-a6c6-421167e8d5b6', 'Premium Headphones 454', 'premium-headphones-454-ac6c1b', 'Description for Premium Headphones 454. Optimized for search and performance test.', '7686d8ea-9d1a-4bd6-b7c5-cef7bd90de7b');
INSERT INTO product_variants (id, product_id, sku, price, stock_quantity, attributes) VALUES ('f344cc18-3d02-4dc0-a96a-d697b25ca633', 'ac6c1baf-ab3e-4112-a6c6-421167e8d5b6', 'HEADPHONES-454-W2-F344', 2858, 38, '{"color": "White", "size": "256GB"}');
INSERT INTO product_variants (id, product_id, sku, price, stock_quantity, attributes) VALUES ('5186d9bb-9d2c-46c4-b7e6-0be87accd380', 'ac6c1baf-ab3e-4112-a6c6-421167e8d5b6', 'HEADPHONES-454-SX-5186', 1692, 132, '{"color": "Silver", "size": "XL"}');
INSERT INTO product_variants (id, product_id, sku, price, stock_quantity, attributes) VALUES ('be135107-61cd-422a-b368-b0e1158388ad', 'ac6c1baf-ab3e-4112-a6c6-421167e8d5b6', 'HEADPHONES-454-BS-BE13', 2515, 68, '{"color": "Black", "size": "S"}');
INSERT INTO products (id, name, slug, description, category_id) VALUES ('3ef2db5c-75ae-4113-b9cf-2719f7554f39', 'Smart Laptop 782', 'smart-laptop-782-3ef2db', 'Description for Smart Laptop 782. Optimized for search and performance test.', '7686d8ea-9d1a-4bd6-b7c5-cef7bd90de7b');
INSERT INTO product_variants (id, product_id, sku, price, stock_quantity, attributes) VALUES ('70b9ff33-ef1c-4539-adf1-2f266d22bbb2', '3ef2db5c-75ae-4113-b9cf-2719f7554f39', 'LAPTOP-782-GX-70B9', 166, 185, '{"color": "Gold", "size": "XL"}');
INSERT INTO product_variants (id, product_id, sku, price, stock_quantity, attributes) VALUES ('103a576f-9524-410c-bf0c-7c09c2f91afa', '3ef2db5c-75ae-4113-b9cf-2719f7554f39', 'LAPTOP-782-B2-103A', 3515, 109, '{"color": "Blue", "size": "256GB"}');
INSERT INTO product_variants (id, product_id, sku, price, stock_quantity, attributes) VALUES ('0def3711-1df9-4fd1-a20d-046231037118', '3ef2db5c-75ae-4113-b9cf-2719f7554f39', 'LAPTOP-782-GS-0DEF', 237, 165, '{"color": "Green", "size": "S"}');
INSERT INTO products (id, name, slug, description, category_id) VALUES ('cef59b84-2676-4a5e-9fa7-6c94752be2a6', 'Original Headphones 969', 'original-headphones-969-cef59b', 'Description for Original Headphones 969. Optimized for search and performance test.', '7686d8ea-9d1a-4bd6-b7c5-cef7bd90de7b');
INSERT INTO product_variants (id, product_id, sku, price, stock_quantity, attributes) VALUES ('413d9814-a504-4ab1-a9b1-f85cdd0eb392', 'cef59b84-2676-4a5e-9fa7-6c94752be2a6', 'HEADPHONES-969-SL-413D', 4096, 87, '{"color": "Silver", "size": "L"}');
INSERT INTO product_variants (id, product_id, sku, price, stock_quantity, attributes) VALUES ('d385c3fb-ec99-4629-999c-bf3b7006be3e', 'cef59b84-2676-4a5e-9fa7-6c94752be2a6', 'HEADPHONES-969-SM-D385', 4461, 104, '{"color": "Silver", "size": "M"}');
INSERT INTO product_variants (id, product_id, sku, price, stock_quantity, attributes) VALUES ('0a75713f-2375-4a3d-9f82-2402103c0e85', 'cef59b84-2676-4a5e-9fa7-6c94752be2a6', 'HEADPHONES-969-B1-0A75', 309, 96, '{"color": "Blue", "size": "16GB RAM"}');
INSERT INTO products (id, name, slug, description, category_id) VALUES ('b47f9a61-bb56-4e86-9dd6-c19fb352f6f5', 'Ultra Camera 859', 'ultra-camera-859-b47f9a', 'Description for Ultra Camera 859. Optimized for search and performance test.', '7686d8ea-9d1a-4bd6-b7c5-cef7bd90de7b');
INSERT INTO product_variants (id, product_id, sku, price, stock_quantity, attributes) VALUES ('0df8d270-8fa8-49ec-adf7-ed75574d90c7', 'b47f9a61-bb56-4e86-9dd6-c19fb352f6f5', 'CAMERA-859-GX-0DF8', 4852, 200, '{"color": "Green", "size": "XL"}');
INSERT INTO product_variants (id, product_id, sku, price, stock_quantity, attributes) VALUES ('57dc63e2-f66f-4b8d-aaee-a59087ff5427', 'b47f9a61-bb56-4e86-9dd6-c19fb352f6f5', 'CAMERA-859-G2-57DC', 903, 11, '{"color": "Gold", "size": "256GB"}');
INSERT INTO product_variants (id, product_id, sku, price, stock_quantity, attributes) VALUES ('7ca19bc0-46bf-4561-a1a9-d7b1c28b783b', 'b47f9a61-bb56-4e86-9dd6-c19fb352f6f5', 'CAMERA-859-SX-7CA1', 896, 22, '{"color": "Silver", "size": "XL"}');
INSERT INTO products (id, name, slug, description, category_id) VALUES ('1f66dc4b-168a-4611-99b6-d18c6b815992', 'Elegant Camera 422', 'elegant-camera-422-1f66dc', 'Description for Elegant Camera 422. Optimized for search and performance test.', '7686d8ea-9d1a-4bd6-b7c5-cef7bd90de7b');
INSERT INTO product_variants (id, product_id, sku, price, stock_quantity, attributes) VALUES ('aa97c00e-d492-4ee4-8cba-0c697e24b414', '1f66dc4b-168a-4611-99b6-d18c6b815992', 'CAMERA-422-BM-AA97', 2267, 189, '{"color": "Blue", "size": "M"}');
INSERT INTO product_variants (id, product_id, sku, price, stock_quantity, attributes) VALUES ('daf73899-5553-496f-98f6-11c23ffb0a2c', '1f66dc4b-168a-4611-99b6-d18c6b815992', 'CAMERA-422-G8-DAF7', 3101, 17, '{"color": "Green", "size": "8GB RAM"}');
INSERT INTO product_variants (id, product_id, sku, price, stock_quantity, attributes) VALUES ('a7dfa151-5f6f-4dc3-9760-4603972f107e', '1f66dc4b-168a-4611-99b6-d18c6b815992', 'CAMERA-422-B1-A7DF', 4716, 160, '{"color": "Black", "size": "128GB"}');
INSERT INTO products (id, name, slug, description, category_id) VALUES ('8c465fbc-ebc2-44e7-995d-942b7f5c9803', 'Eco Shirt 813', 'eco-shirt-813-8c465f', 'Description for Eco Shirt 813. Optimized for search and performance test.', '7686d8ea-9d1a-4bd6-b7c5-cef7bd90de7b');
INSERT INTO product_variants (id, product_id, sku, price, stock_quantity, attributes) VALUES ('0b68484e-19ef-48ca-a436-9b20ac015e98', '8c465fbc-ebc2-44e7-995d-942b7f5c9803', 'SHIRT-813-SS-0B68', 4130, 44, '{"color": "Silver", "size": "S"}');
INSERT INTO product_variants (id, product_id, sku, price, stock_quantity, attributes) VALUES ('82012b09-5a66-47f5-9703-3c6fb3f9f876', '8c465fbc-ebc2-44e7-995d-942b7f5c9803', 'SHIRT-813-BS-8201', 4535, 101, '{"color": "Black", "size": "S"}');
INSERT INTO product_variants (id, product_id, sku, price, stock_quantity, attributes) VALUES ('16743dfb-8c1d-4247-be12-9531a8610ae5', '8c465fbc-ebc2-44e7-995d-942b7f5c9803', 'SHIRT-813-G1-1674', 218, 13, '{"color": "Gold", "size": "128GB"}');
INSERT INTO products (id, name, slug, description, category_id) VALUES ('ec0e351b-7e66-46f6-9a5e-a5ae26c23c16', 'Lite Table 276', 'lite-table-276-ec0e35', 'Description for Lite Table 276. Optimized for search and performance test.', '7686d8ea-9d1a-4bd6-b7c5-cef7bd90de7b');
INSERT INTO product_variants (id, product_id, sku, price, stock_quantity, attributes) VALUES ('a7eaa19d-e08b-474e-a8bc-a1eca0dbebe5', 'ec0e351b-7e66-46f6-9a5e-a5ae26c23c16', 'TABLE-276-WX-A7EA', 3006, 39, '{"color": "White", "size": "XL"}');
INSERT INTO product_variants (id, product_id, sku, price, stock_quantity, attributes) VALUES ('dc07c2e1-f1cd-46dd-8a48-4bdeb285dc77', 'ec0e351b-7e66-46f6-9a5e-a5ae26c23c16', 'TABLE-276-S6-DC07', 293, 175, '{"color": "Silver", "size": "64GB"}');
INSERT INTO product_variants (id, product_id, sku, price, stock_quantity, attributes) VALUES ('c3fff463-156c-4d61-8f40-c05181da04e0', 'ec0e351b-7e66-46f6-9a5e-a5ae26c23c16', 'TABLE-276-RL-C3FF', 1782, 154, '{"color": "Red", "size": "L"}');
INSERT INTO products (id, name, slug, description, category_id) VALUES ('195aa295-42ca-4b06-b900-1df615894e26', 'Premium Laptop 955', 'premium-laptop-955-195aa2', 'Description for Premium Laptop 955. Optimized for search and performance test.', '7686d8ea-9d1a-4bd6-b7c5-cef7bd90de7b');
INSERT INTO product_variants (id, product_id, sku, price, stock_quantity, attributes) VALUES ('55b68949-9941-470c-a07a-16092454a9a7', '195aa295-42ca-4b06-b900-1df615894e26', 'LAPTOP-955-G2-55B6', 2711, 15, '{"color": "Green", "size": "256GB"}');
INSERT INTO product_variants (id, product_id, sku, price, stock_quantity, attributes) VALUES ('fe8aeb6b-9d7e-450a-a412-79b5bf4b4a62', '195aa295-42ca-4b06-b900-1df615894e26', 'LAPTOP-955-BM-FE8A', 3628, 52, '{"color": "Black", "size": "M"}');
INSERT INTO product_variants (id, product_id, sku, price, stock_quantity, attributes) VALUES ('6dca3cb0-8a30-41b9-aa8a-a650102f2b81', '195aa295-42ca-4b06-b900-1df615894e26', 'LAPTOP-955-S1-6DCA', 3824, 186, '{"color": "Silver", "size": "128GB"}');
INSERT INTO products (id, name, slug, description, category_id) VALUES ('3abeb6b5-0028-49ba-bba8-25ab571722ef', 'Lite Table 258', 'lite-table-258-3abeb6', 'Description for Lite Table 258. Optimized for search and performance test.', '7686d8ea-9d1a-4bd6-b7c5-cef7bd90de7b');
INSERT INTO product_variants (id, product_id, sku, price, stock_quantity, attributes) VALUES ('5cecf566-26af-4e84-815e-34f7504357ad', '3abeb6b5-0028-49ba-bba8-25ab571722ef', 'TABLE-258-G6-5CEC', 3136, 192, '{"color": "Gold", "size": "64GB"}');
INSERT INTO product_variants (id, product_id, sku, price, stock_quantity, attributes) VALUES ('c1e5817f-d1e1-4f7c-ac03-99c3b02110d2', '3abeb6b5-0028-49ba-bba8-25ab571722ef', 'TABLE-258-S2-C1E5', 4366, 117, '{"color": "Silver", "size": "256GB"}');
INSERT INTO product_variants (id, product_id, sku, price, stock_quantity, attributes) VALUES ('1f36309e-3a6a-4cb4-a100-8b3c6f538362', '3abeb6b5-0028-49ba-bba8-25ab571722ef', 'TABLE-258-R8-1F36', 3274, 181, '{"color": "Red", "size": "8GB RAM"}');
INSERT INTO products (id, name, slug, description, category_id) VALUES ('f0ea4c2e-77f9-4ecf-aad7-998218f6874c', 'Premium Table 126', 'premium-table-126-f0ea4c', 'Description for Premium Table 126. Optimized for search and performance test.', '7686d8ea-9d1a-4bd6-b7c5-cef7bd90de7b');
INSERT INTO product_variants (id, product_id, sku, price, stock_quantity, attributes) VALUES ('8cda75b3-80bb-4ded-bd08-edb13b07c019', 'f0ea4c2e-77f9-4ecf-aad7-998218f6874c', 'TABLE-126-BM-8CDA', 4187, 160, '{"color": "Blue", "size": "M"}');
INSERT INTO product_variants (id, product_id, sku, price, stock_quantity, attributes) VALUES ('cc862acf-8f7e-48ed-930e-df0ae467389b', 'f0ea4c2e-77f9-4ecf-aad7-998218f6874c', 'TABLE-126-WL-CC86', 4408, 114, '{"color": "White", "size": "L"}');
INSERT INTO product_variants (id, product_id, sku, price, stock_quantity, attributes) VALUES ('445ee978-5f73-4474-99ac-5a072526aec0', 'f0ea4c2e-77f9-4ecf-aad7-998218f6874c', 'TABLE-126-B1-445E', 219, 136, '{"color": "Blue", "size": "16GB RAM"}');
INSERT INTO products (id, name, slug, description, category_id) VALUES ('371702c5-8cd6-4d9c-b99d-5c13ee1481aa', 'Smart Table 818', 'smart-table-818-371702', 'Description for Smart Table 818. Optimized for search and performance test.', '7686d8ea-9d1a-4bd6-b7c5-cef7bd90de7b');
INSERT INTO product_variants (id, product_id, sku, price, stock_quantity, attributes) VALUES ('109c9190-b326-4757-8a34-f698b8a75ead', '371702c5-8cd6-4d9c-b99d-5c13ee1481aa', 'TABLE-818-S1-109C', 4724, 124, '{"color": "Silver", "size": "128GB"}');
INSERT INTO product_variants (id, product_id, sku, price, stock_quantity, attributes) VALUES ('10e5f5ef-cee6-41bf-b5d2-de62c89bcf0d', '371702c5-8cd6-4d9c-b99d-5c13ee1481aa', 'TABLE-818-GX-10E5', 4909, 127, '{"color": "Gold", "size": "XL"}');
INSERT INTO product_variants (id, product_id, sku, price, stock_quantity, attributes) VALUES ('cb1bd10b-20fa-4753-a295-1ab05de61453', '371702c5-8cd6-4d9c-b99d-5c13ee1481aa', 'TABLE-818-BX-CB1B', 4767, 96, '{"color": "Black", "size": "XXL"}');
INSERT INTO products (id, name, slug, description, category_id) VALUES ('25904270-fa42-4180-afa0-b033a2624295', 'Ultra Speaker 568', 'ultra-speaker-568-259042', 'Description for Ultra Speaker 568. Optimized for search and performance test.', '7686d8ea-9d1a-4bd6-b7c5-cef7bd90de7b');
INSERT INTO product_variants (id, product_id, sku, price, stock_quantity, attributes) VALUES ('ace7d784-2d49-4e6a-9116-85a08bfff051', '25904270-fa42-4180-afa0-b033a2624295', 'SPEAKER-568-R2-ACE7', 2423, 131, '{"color": "Red", "size": "256GB"}');
INSERT INTO product_variants (id, product_id, sku, price, stock_quantity, attributes) VALUES ('18cd624e-3b61-4711-9c07-4a3bb30dd083', '25904270-fa42-4180-afa0-b033a2624295', 'SPEAKER-568-S1-18CD', 1244, 11, '{"color": "Silver", "size": "128GB"}');
INSERT INTO product_variants (id, product_id, sku, price, stock_quantity, attributes) VALUES ('7377754e-9e0d-4533-8a7b-e0b42bb997a6', '25904270-fa42-4180-afa0-b033a2624295', 'SPEAKER-568-GX-7377', 712, 144, '{"color": "Green", "size": "XL"}');
INSERT INTO products (id, name, slug, description, category_id) VALUES ('732b11a0-7eac-4654-9143-122cbafb9fe4', 'Lite Phone 935', 'lite-phone-935-732b11', 'Description for Lite Phone 935. Optimized for search and performance test.', '7686d8ea-9d1a-4bd6-b7c5-cef7bd90de7b');
INSERT INTO product_variants (id, product_id, sku, price, stock_quantity, attributes) VALUES ('b5a7f429-04b5-475b-af4e-9b88960edae7', '732b11a0-7eac-4654-9143-122cbafb9fe4', 'PHONE-935-BM-B5A7', 1256, 181, '{"color": "Black", "size": "M"}');
INSERT INTO product_variants (id, product_id, sku, price, stock_quantity, attributes) VALUES ('1d03a055-4e5e-4390-a198-e39995019f4a', '732b11a0-7eac-4654-9143-122cbafb9fe4', 'PHONE-935-RX-1D03', 3305, 59, '{"color": "Red", "size": "XL"}');
INSERT INTO product_variants (id, product_id, sku, price, stock_quantity, attributes) VALUES ('3194c590-6dcf-4efb-9304-c5fec12a04e9', '732b11a0-7eac-4654-9143-122cbafb9fe4', 'PHONE-935-S1-3194', 109, 93, '{"color": "Silver", "size": "16GB RAM"}');
INSERT INTO products (id, name, slug, description, category_id) VALUES ('fa85aa3a-4b22-4fdd-9e4b-c94b55456635', 'Smart Bed 569', 'smart-bed-569-fa85aa', 'Description for Smart Bed 569. Optimized for search and performance test.', '7686d8ea-9d1a-4bd6-b7c5-cef7bd90de7b');
INSERT INTO product_variants (id, product_id, sku, price, stock_quantity, attributes) VALUES ('b5bd944e-b9cd-4405-bd35-13694633c98e', 'fa85aa3a-4b22-4fdd-9e4b-c94b55456635', 'BED-569-GS-B5BD', 1641, 112, '{"color": "Green", "size": "S"}');
INSERT INTO product_variants (id, product_id, sku, price, stock_quantity, attributes) VALUES ('30670ebb-04ff-4d7e-bc94-d5df28da9d51', 'fa85aa3a-4b22-4fdd-9e4b-c94b55456635', 'BED-569-SX-3067', 2650, 109, '{"color": "Silver", "size": "XL"}');
INSERT INTO product_variants (id, product_id, sku, price, stock_quantity, attributes) VALUES ('d2eca881-a32b-4a04-8f8e-93be74a10dae', 'fa85aa3a-4b22-4fdd-9e4b-c94b55456635', 'BED-569-BS-D2EC', 1762, 50, '{"color": "Blue", "size": "S"}');
INSERT INTO products (id, name, slug, description, category_id) VALUES ('2c2e5afb-f49f-482b-bb97-e13729bde50a', 'Original Dress 815', 'original-dress-815-2c2e5a', 'Description for Original Dress 815. Optimized for search and performance test.', '7686d8ea-9d1a-4bd6-b7c5-cef7bd90de7b');
INSERT INTO product_variants (id, product_id, sku, price, stock_quantity, attributes) VALUES ('62375f79-0343-45bd-8ebe-59cb2e2d9bc7', '2c2e5afb-f49f-482b-bb97-e13729bde50a', 'DRESS-815-G6-6237', 2957, 96, '{"color": "Gold", "size": "64GB"}');
INSERT INTO product_variants (id, product_id, sku, price, stock_quantity, attributes) VALUES ('9283486f-a774-4bcb-be2d-28b5e28e7e08', '2c2e5afb-f49f-482b-bb97-e13729bde50a', 'DRESS-815-W1-9283', 2164, 39, '{"color": "White", "size": "16GB RAM"}');
INSERT INTO product_variants (id, product_id, sku, price, stock_quantity, attributes) VALUES ('0f2fe29f-92d0-48b1-98e3-5d19c65f5bbe', '2c2e5afb-f49f-482b-bb97-e13729bde50a', 'DRESS-815-GM-0F2F', 950, 56, '{"color": "Green", "size": "M"}');
INSERT INTO products (id, name, slug, description, category_id) VALUES ('581e91af-3de1-43b3-bec3-81195e5f35ba', 'Pro Bed 952', 'pro-bed-952-581e91', 'Description for Pro Bed 952. Optimized for search and performance test.', '7686d8ea-9d1a-4bd6-b7c5-cef7bd90de7b');
INSERT INTO product_variants (id, product_id, sku, price, stock_quantity, attributes) VALUES ('4f3a4dff-c9a8-4a89-b98f-f614ed4e659e', '581e91af-3de1-43b3-bec3-81195e5f35ba', 'BED-952-WX-4F3A', 1433, 129, '{"color": "White", "size": "XXL"}');
INSERT INTO product_variants (id, product_id, sku, price, stock_quantity, attributes) VALUES ('cccd87c0-a667-4708-b217-c103a8ecaa2b', '581e91af-3de1-43b3-bec3-81195e5f35ba', 'BED-952-SS-CCCD', 4743, 141, '{"color": "Silver", "size": "S"}');
INSERT INTO product_variants (id, product_id, sku, price, stock_quantity, attributes) VALUES ('c00e4be1-5cc4-4da0-92e7-0f7beabe3304', '581e91af-3de1-43b3-bec3-81195e5f35ba', 'BED-952-BS-C00E', 2532, 42, '{"color": "Blue", "size": "S"}');
INSERT INTO products (id, name, slug, description, category_id) VALUES ('1d6b3a7f-ae37-453f-b531-88182c718317', 'Lite Speaker 851', 'lite-speaker-851-1d6b3a', 'Description for Lite Speaker 851. Optimized for search and performance test.', '7686d8ea-9d1a-4bd6-b7c5-cef7bd90de7b');
INSERT INTO product_variants (id, product_id, sku, price, stock_quantity, attributes) VALUES ('8ca1a121-d28b-461f-8053-b0b14210dfc5', '1d6b3a7f-ae37-453f-b531-88182c718317', 'SPEAKER-851-WL-8CA1', 2736, 61, '{"color": "White", "size": "L"}');
INSERT INTO product_variants (id, product_id, sku, price, stock_quantity, attributes) VALUES ('c37b8f69-c34e-4e80-b44d-5d213ae94952', '1d6b3a7f-ae37-453f-b531-88182c718317', 'SPEAKER-851-BX-C37B', 2066, 89, '{"color": "Blue", "size": "XXL"}');
INSERT INTO product_variants (id, product_id, sku, price, stock_quantity, attributes) VALUES ('a3ff7f45-6f32-4648-8d34-93f9ef08dd51', '1d6b3a7f-ae37-453f-b531-88182c718317', 'SPEAKER-851-B1-A3FF', 1705, 75, '{"color": "Blue", "size": "16GB RAM"}');
INSERT INTO products (id, name, slug, description, category_id) VALUES ('bf4f0cdf-e782-4dc4-bf45-4c01d7b89d54', 'Elegant Table 311', 'elegant-table-311-bf4f0c', 'Description for Elegant Table 311. Optimized for search and performance test.', '7686d8ea-9d1a-4bd6-b7c5-cef7bd90de7b');
INSERT INTO product_variants (id, product_id, sku, price, stock_quantity, attributes) VALUES ('1732c343-5839-4f72-9be9-2f646d47b9c4', 'bf4f0cdf-e782-4dc4-bf45-4c01d7b89d54', 'TABLE-311-GL-1732', 3173, 110, '{"color": "Gold", "size": "L"}');
INSERT INTO product_variants (id, product_id, sku, price, stock_quantity, attributes) VALUES ('19268cee-5d72-486a-8d6a-1f1d6eb37349', 'bf4f0cdf-e782-4dc4-bf45-4c01d7b89d54', 'TABLE-311-B1-1926', 4898, 170, '{"color": "Blue", "size": "16GB RAM"}');
INSERT INTO product_variants (id, product_id, sku, price, stock_quantity, attributes) VALUES ('0d2f7fe5-4eb7-480b-9365-73d9ec9316ef', 'bf4f0cdf-e782-4dc4-bf45-4c01d7b89d54', 'TABLE-311-GM-0D2F', 1792, 45, '{"color": "Green", "size": "M"}');
INSERT INTO products (id, name, slug, description, category_id) VALUES ('fca9356d-8079-43e7-925f-42df4b1f99ca', 'Elegant Monitor 152', 'elegant-monitor-152-fca935', 'Description for Elegant Monitor 152. Optimized for search and performance test.', '7686d8ea-9d1a-4bd6-b7c5-cef7bd90de7b');
INSERT INTO product_variants (id, product_id, sku, price, stock_quantity, attributes) VALUES ('464a8428-7213-41c9-a3e5-cc7fba0632f2', 'fca9356d-8079-43e7-925f-42df4b1f99ca', 'MONITOR-152-GM-464A', 1456, 146, '{"color": "Gold", "size": "M"}');
INSERT INTO product_variants (id, product_id, sku, price, stock_quantity, attributes) VALUES ('9f01ab04-0c12-4a08-b4cc-bc433a236681', 'fca9356d-8079-43e7-925f-42df4b1f99ca', 'MONITOR-152-B1-9F01', 685, 130, '{"color": "Black", "size": "128GB"}');
INSERT INTO product_variants (id, product_id, sku, price, stock_quantity, attributes) VALUES ('dec8fde2-7dea-4b37-b8d1-3a052de2479c', 'fca9356d-8079-43e7-925f-42df4b1f99ca', 'MONITOR-152-BM-DEC8', 2148, 100, '{"color": "Black", "size": "M"}');
INSERT INTO products (id, name, slug, description, category_id) VALUES ('df4de2c0-b853-40b2-a33b-1c5c667d726a', 'Eco Laptop 664', 'eco-laptop-664-df4de2', 'Description for Eco Laptop 664. Optimized for search and performance test.', '7686d8ea-9d1a-4bd6-b7c5-cef7bd90de7b');
INSERT INTO product_variants (id, product_id, sku, price, stock_quantity, attributes) VALUES ('c0d214e3-f466-4129-892f-c4a7d7a58978', 'df4de2c0-b853-40b2-a33b-1c5c667d726a', 'LAPTOP-664-R6-C0D2', 4776, 130, '{"color": "Red", "size": "64GB"}');
INSERT INTO product_variants (id, product_id, sku, price, stock_quantity, attributes) VALUES ('7bc85100-29dc-48ef-8ffb-b898bf4ae0c6', 'df4de2c0-b853-40b2-a33b-1c5c667d726a', 'LAPTOP-664-B2-7BC8', 4536, 71, '{"color": "Blue", "size": "256GB"}');
INSERT INTO product_variants (id, product_id, sku, price, stock_quantity, attributes) VALUES ('288c459c-99c9-449d-b80c-4ee8edcee965', 'df4de2c0-b853-40b2-a33b-1c5c667d726a', 'LAPTOP-664-WX-288C', 4855, 154, '{"color": "White", "size": "XXL"}');
INSERT INTO products (id, name, slug, description, category_id) VALUES ('c3d2d288-54c3-4cc9-9c84-6ad0ba54ea97', 'Ultra Monitor 373', 'ultra-monitor-373-c3d2d2', 'Description for Ultra Monitor 373. Optimized for search and performance test.', '7686d8ea-9d1a-4bd6-b7c5-cef7bd90de7b');
INSERT INTO product_variants (id, product_id, sku, price, stock_quantity, attributes) VALUES ('2a49b22a-36be-4f0d-bf1b-3fc1c0604a51', 'c3d2d288-54c3-4cc9-9c84-6ad0ba54ea97', 'MONITOR-373-G8-2A49', 158, 54, '{"color": "Gold", "size": "8GB RAM"}');
INSERT INTO product_variants (id, product_id, sku, price, stock_quantity, attributes) VALUES ('5e0b54db-b5ce-4b4e-b98d-c42a3e0706be', 'c3d2d288-54c3-4cc9-9c84-6ad0ba54ea97', 'MONITOR-373-GL-5E0B', 3335, 39, '{"color": "Gold", "size": "L"}');
INSERT INTO product_variants (id, product_id, sku, price, stock_quantity, attributes) VALUES ('1529f7d8-8a41-47a0-b65a-9df2480cf034', 'c3d2d288-54c3-4cc9-9c84-6ad0ba54ea97', 'MONITOR-373-RM-1529', 2057, 157, '{"color": "Red", "size": "M"}');
INSERT INTO products (id, name, slug, description, category_id) VALUES ('eb4edc8c-debd-4fb1-b248-9b751d8a300e', 'Elegant Dress 321', 'elegant-dress-321-eb4edc', 'Description for Elegant Dress 321. Optimized for search and performance test.', '7686d8ea-9d1a-4bd6-b7c5-cef7bd90de7b');
INSERT INTO product_variants (id, product_id, sku, price, stock_quantity, attributes) VALUES ('78c7ca16-a12a-4171-86dd-515f0c93358d', 'eb4edc8c-debd-4fb1-b248-9b751d8a300e', 'DRESS-321-S1-78C7', 1294, 103, '{"color": "Silver", "size": "128GB"}');
INSERT INTO product_variants (id, product_id, sku, price, stock_quantity, attributes) VALUES ('7f85b38a-783c-4e76-906f-ec7a44961705', 'eb4edc8c-debd-4fb1-b248-9b751d8a300e', 'DRESS-321-W6-7F85', 1802, 132, '{"color": "White", "size": "64GB"}');
INSERT INTO product_variants (id, product_id, sku, price, stock_quantity, attributes) VALUES ('bb6cfcb4-a8a4-4b0e-8733-a9f0b8849c0a', 'eb4edc8c-debd-4fb1-b248-9b751d8a300e', 'DRESS-321-SX-BB6C', 2187, 81, '{"color": "Silver", "size": "XXL"}');
INSERT INTO products (id, name, slug, description, category_id) VALUES ('a7b3c4db-7507-4733-b3d9-ac58fa05ef82', 'Smart Camera 641', 'smart-camera-641-a7b3c4', 'Description for Smart Camera 641. Optimized for search and performance test.', '7686d8ea-9d1a-4bd6-b7c5-cef7bd90de7b');
INSERT INTO product_variants (id, product_id, sku, price, stock_quantity, attributes) VALUES ('402cc5e9-ec8c-4772-953d-73836930bada', 'a7b3c4db-7507-4733-b3d9-ac58fa05ef82', 'CAMERA-641-BX-402C', 4136, 160, '{"color": "Blue", "size": "XXL"}');
INSERT INTO product_variants (id, product_id, sku, price, stock_quantity, attributes) VALUES ('6e1f426a-0fca-4e98-bc61-37cbe100e852', 'a7b3c4db-7507-4733-b3d9-ac58fa05ef82', 'CAMERA-641-WM-6E1F', 2473, 175, '{"color": "White", "size": "M"}');
INSERT INTO product_variants (id, product_id, sku, price, stock_quantity, attributes) VALUES ('bf57ac98-ea3d-4127-b736-6a2d918e809b', 'a7b3c4db-7507-4733-b3d9-ac58fa05ef82', 'CAMERA-641-WS-BF57', 3757, 92, '{"color": "White", "size": "S"}');
INSERT INTO products (id, name, slug, description, category_id) VALUES ('6e050960-cd4c-43b6-b984-63e99ee03bd2', 'Premium Monitor 450', 'premium-monitor-450-6e0509', 'Description for Premium Monitor 450. Optimized for search and performance test.', '7686d8ea-9d1a-4bd6-b7c5-cef7bd90de7b');
INSERT INTO product_variants (id, product_id, sku, price, stock_quantity, attributes) VALUES ('77c57d3f-ec32-423d-82ec-4248f44666e4', '6e050960-cd4c-43b6-b984-63e99ee03bd2', 'MONITOR-450-WX-77C5', 2949, 188, '{"color": "White", "size": "XL"}');
INSERT INTO product_variants (id, product_id, sku, price, stock_quantity, attributes) VALUES ('5b778426-4f0d-47f9-ae48-25339a29d38b', '6e050960-cd4c-43b6-b984-63e99ee03bd2', 'MONITOR-450-G6-5B77', 762, 99, '{"color": "Green", "size": "64GB"}');
INSERT INTO product_variants (id, product_id, sku, price, stock_quantity, attributes) VALUES ('63ba111b-8386-4484-8aff-35842b92efbf', '6e050960-cd4c-43b6-b984-63e99ee03bd2', 'MONITOR-450-GS-63BA', 365, 68, '{"color": "Green", "size": "S"}');
INSERT INTO products (id, name, slug, description, category_id) VALUES ('28304612-69c5-4e96-bb59-52f50ba6cd93', 'Ultra Speaker 944', 'ultra-speaker-944-283046', 'Description for Ultra Speaker 944. Optimized for search and performance test.', '7686d8ea-9d1a-4bd6-b7c5-cef7bd90de7b');
INSERT INTO product_variants (id, product_id, sku, price, stock_quantity, attributes) VALUES ('ba96b604-ad0f-4ff3-a68b-7e3d8193e86e', '28304612-69c5-4e96-bb59-52f50ba6cd93', 'SPEAKER-944-B1-BA96', 2595, 64, '{"color": "Black", "size": "128GB"}');
INSERT INTO product_variants (id, product_id, sku, price, stock_quantity, attributes) VALUES ('b787154f-32e5-4277-ae9a-44426768886e', '28304612-69c5-4e96-bb59-52f50ba6cd93', 'SPEAKER-944-B1-B787', 1249, 186, '{"color": "Black", "size": "16GB RAM"}');
INSERT INTO product_variants (id, product_id, sku, price, stock_quantity, attributes) VALUES ('fd5a601e-d30d-4d02-8a0e-820d403df57a', '28304612-69c5-4e96-bb59-52f50ba6cd93', 'SPEAKER-944-B2-FD5A', 2782, 67, '{"color": "Blue", "size": "256GB"}');
INSERT INTO products (id, name, slug, description, category_id) VALUES ('02a129ae-35fd-4a8a-982b-9ea64eae0685', 'Smart Monitor 269', 'smart-monitor-269-02a129', 'Description for Smart Monitor 269. Optimized for search and performance test.', '7686d8ea-9d1a-4bd6-b7c5-cef7bd90de7b');
INSERT INTO product_variants (id, product_id, sku, price, stock_quantity, attributes) VALUES ('267dd908-6ffa-47ea-87ea-efbeba12f0d1', '02a129ae-35fd-4a8a-982b-9ea64eae0685', 'MONITOR-269-G8-267D', 4644, 41, '{"color": "Green", "size": "8GB RAM"}');
INSERT INTO product_variants (id, product_id, sku, price, stock_quantity, attributes) VALUES ('05becdda-e6f1-4e33-ad7e-f298dce452c4', '02a129ae-35fd-4a8a-982b-9ea64eae0685', 'MONITOR-269-BL-05BE', 3789, 125, '{"color": "Black", "size": "L"}');
INSERT INTO product_variants (id, product_id, sku, price, stock_quantity, attributes) VALUES ('4353c3d9-89d7-4c12-be98-021254f252d3', '02a129ae-35fd-4a8a-982b-9ea64eae0685', 'MONITOR-269-GM-4353', 2110, 29, '{"color": "Green", "size": "M"}');
INSERT INTO products (id, name, slug, description, category_id) VALUES ('bba67f25-7468-428b-abc7-3b74aaa37177', 'Smart Shirt 266', 'smart-shirt-266-bba67f', 'Description for Smart Shirt 266. Optimized for search and performance test.', '7686d8ea-9d1a-4bd6-b7c5-cef7bd90de7b');
INSERT INTO product_variants (id, product_id, sku, price, stock_quantity, attributes) VALUES ('f0c72512-511e-4b09-8f63-8020e46b394a', 'bba67f25-7468-428b-abc7-3b74aaa37177', 'SHIRT-266-BM-F0C7', 2522, 115, '{"color": "Blue", "size": "M"}');
INSERT INTO product_variants (id, product_id, sku, price, stock_quantity, attributes) VALUES ('0b7f5a72-d312-440b-a1d7-54c7e0261475', 'bba67f25-7468-428b-abc7-3b74aaa37177', 'SHIRT-266-S1-0B7F', 1137, 195, '{"color": "Silver", "size": "128GB"}');
INSERT INTO product_variants (id, product_id, sku, price, stock_quantity, attributes) VALUES ('4674705f-eef3-4f28-8b71-775708ef3434', 'bba67f25-7468-428b-abc7-3b74aaa37177', 'SHIRT-266-G2-4674', 3602, 164, '{"color": "Green", "size": "256GB"}');
INSERT INTO products (id, name, slug, description, category_id) VALUES ('9336ab43-6dc8-488f-944e-c5af9ccef507', 'Pro Phone 952', 'pro-phone-952-9336ab', 'Description for Pro Phone 952. Optimized for search and performance test.', '7686d8ea-9d1a-4bd6-b7c5-cef7bd90de7b');
INSERT INTO product_variants (id, product_id, sku, price, stock_quantity, attributes) VALUES ('d76ba714-7703-40ef-9fc5-4737436bfab3', '9336ab43-6dc8-488f-944e-c5af9ccef507', 'PHONE-952-G2-D76B', 2435, 50, '{"color": "Green", "size": "256GB"}');
INSERT INTO product_variants (id, product_id, sku, price, stock_quantity, attributes) VALUES ('16e35914-b949-40e2-9bf9-307a32b98616', '9336ab43-6dc8-488f-944e-c5af9ccef507', 'PHONE-952-BX-16E3', 185, 24, '{"color": "Black", "size": "XXL"}');
INSERT INTO product_variants (id, product_id, sku, price, stock_quantity, attributes) VALUES ('b848df18-e75d-4c7b-a1a4-4bb7e99c5dd6', '9336ab43-6dc8-488f-944e-c5af9ccef507', 'PHONE-952-GL-B848', 4126, 132, '{"color": "Green", "size": "L"}');
INSERT INTO products (id, name, slug, description, category_id) VALUES ('fe52aa32-dfaa-4286-be70-803af1787de5', 'Ultra Camera 387', 'ultra-camera-387-fe52aa', 'Description for Ultra Camera 387. Optimized for search and performance test.', '7686d8ea-9d1a-4bd6-b7c5-cef7bd90de7b');
INSERT INTO product_variants (id, product_id, sku, price, stock_quantity, attributes) VALUES ('0109a871-629f-4ea4-bf1c-af3b4d5149da', 'fe52aa32-dfaa-4286-be70-803af1787de5', 'CAMERA-387-BX-0109', 4237, 63, '{"color": "Black", "size": "XL"}');
INSERT INTO product_variants (id, product_id, sku, price, stock_quantity, attributes) VALUES ('80c0a5d0-e254-42e5-a949-30b60c7c4fb2', 'fe52aa32-dfaa-4286-be70-803af1787de5', 'CAMERA-387-B1-80C0', 3615, 40, '{"color": "Black", "size": "128GB"}');
INSERT INTO product_variants (id, product_id, sku, price, stock_quantity, attributes) VALUES ('e3d89a58-bd02-4984-8019-c2e985289c60', 'fe52aa32-dfaa-4286-be70-803af1787de5', 'CAMERA-387-RX-E3D8', 285, 69, '{"color": "Red", "size": "XXL"}');
INSERT INTO products (id, name, slug, description, category_id) VALUES ('3da0a868-14d6-4f55-a2c1-b0b1c78a8dd2', 'Lite Headphones 757', 'lite-headphones-757-3da0a8', 'Description for Lite Headphones 757. Optimized for search and performance test.', '7686d8ea-9d1a-4bd6-b7c5-cef7bd90de7b');
INSERT INTO product_variants (id, product_id, sku, price, stock_quantity, attributes) VALUES ('2b2a9186-75aa-42de-a09c-a9f15eb9fd62', '3da0a868-14d6-4f55-a2c1-b0b1c78a8dd2', 'HEADPHONES-757-RM-2B2A', 4949, 130, '{"color": "Red", "size": "M"}');
INSERT INTO product_variants (id, product_id, sku, price, stock_quantity, attributes) VALUES ('86edd70b-72f4-48ce-a226-b55a255e4da8', '3da0a868-14d6-4f55-a2c1-b0b1c78a8dd2', 'HEADPHONES-757-WX-86ED', 4223, 64, '{"color": "White", "size": "XL"}');
INSERT INTO product_variants (id, product_id, sku, price, stock_quantity, attributes) VALUES ('b36a2d42-7472-4e92-ba6d-3079fe722a47', '3da0a868-14d6-4f55-a2c1-b0b1c78a8dd2', 'HEADPHONES-757-B8-B36A', 4177, 134, '{"color": "Blue", "size": "8GB RAM"}');
INSERT INTO products (id, name, slug, description, category_id) VALUES ('55acd742-c079-45d1-8807-d744cbd570a8', 'Elegant Backpack 581', 'elegant-backpack-581-55acd7', 'Description for Elegant Backpack 581. Optimized for search and performance test.', '7686d8ea-9d1a-4bd6-b7c5-cef7bd90de7b');
INSERT INTO product_variants (id, product_id, sku, price, stock_quantity, attributes) VALUES ('3486b389-e4b0-441a-814a-d16c88cfd079', '55acd742-c079-45d1-8807-d744cbd570a8', 'BACKPACK-581-B1-3486', 4361, 15, '{"color": "Blue", "size": "16GB RAM"}');
INSERT INTO product_variants (id, product_id, sku, price, stock_quantity, attributes) VALUES ('0b25954f-68b3-4996-843c-2d9c3209f174', '55acd742-c079-45d1-8807-d744cbd570a8', 'BACKPACK-581-B2-0B25', 3378, 93, '{"color": "Blue", "size": "256GB"}');
INSERT INTO product_variants (id, product_id, sku, price, stock_quantity, attributes) VALUES ('58412121-2ce8-40d6-b509-4bc60e9ef40f', '55acd742-c079-45d1-8807-d744cbd570a8', 'BACKPACK-581-BX-5841', 4318, 25, '{"color": "Black", "size": "XXL"}');
INSERT INTO products (id, name, slug, description, category_id) VALUES ('1ce19f31-1df3-431c-94f4-dedb900ea1e5', 'Ultra Shirt 868', 'ultra-shirt-868-1ce19f', 'Description for Ultra Shirt 868. Optimized for search and performance test.', '7686d8ea-9d1a-4bd6-b7c5-cef7bd90de7b');
INSERT INTO product_variants (id, product_id, sku, price, stock_quantity, attributes) VALUES ('c38a919c-7396-449f-b77a-5ca17b782e69', '1ce19f31-1df3-431c-94f4-dedb900ea1e5', 'SHIRT-868-RL-C38A', 590, 184, '{"color": "Red", "size": "L"}');
INSERT INTO product_variants (id, product_id, sku, price, stock_quantity, attributes) VALUES ('56802620-9e9e-4383-9f88-5277e18ddde9', '1ce19f31-1df3-431c-94f4-dedb900ea1e5', 'SHIRT-868-S1-5680', 2485, 145, '{"color": "Silver", "size": "16GB RAM"}');
INSERT INTO product_variants (id, product_id, sku, price, stock_quantity, attributes) VALUES ('37bfac4e-1192-41a6-99d2-94e75b3891f0', '1ce19f31-1df3-431c-94f4-dedb900ea1e5', 'SHIRT-868-WM-37BF', 1415, 161, '{"color": "White", "size": "M"}');
INSERT INTO products (id, name, slug, description, category_id) VALUES ('a8903e5b-d82c-4044-9895-cf18cd80f9c5', 'Eco Bed 242', 'eco-bed-242-a8903e', 'Description for Eco Bed 242. Optimized for search and performance test.', '7686d8ea-9d1a-4bd6-b7c5-cef7bd90de7b');
INSERT INTO product_variants (id, product_id, sku, price, stock_quantity, attributes) VALUES ('f1ca6116-7236-45ca-b181-4b230e752a96', 'a8903e5b-d82c-4044-9895-cf18cd80f9c5', 'BED-242-SX-F1CA', 3490, 192, '{"color": "Silver", "size": "XL"}');
INSERT INTO product_variants (id, product_id, sku, price, stock_quantity, attributes) VALUES ('2908f0e9-9aa7-4b0d-9a20-1ac52021f8b0', 'a8903e5b-d82c-4044-9895-cf18cd80f9c5', 'BED-242-R2-2908', 2683, 136, '{"color": "Red", "size": "256GB"}');
INSERT INTO product_variants (id, product_id, sku, price, stock_quantity, attributes) VALUES ('68e4cd7d-4469-49bf-9239-799bb3627ac3', 'a8903e5b-d82c-4044-9895-cf18cd80f9c5', 'BED-242-BM-68E4', 4346, 57, '{"color": "Black", "size": "M"}');
INSERT INTO products (id, name, slug, description, category_id) VALUES ('fe01a1da-6ff0-4558-a6f5-748f12f353f0', 'Ultra Bed 766', 'ultra-bed-766-fe01a1', 'Description for Ultra Bed 766. Optimized for search and performance test.', '7686d8ea-9d1a-4bd6-b7c5-cef7bd90de7b');
INSERT INTO product_variants (id, product_id, sku, price, stock_quantity, attributes) VALUES ('d9dd1964-4b7f-49bd-8839-d0a24f418000', 'fe01a1da-6ff0-4558-a6f5-748f12f353f0', 'BED-766-G2-D9DD', 4158, 18, '{"color": "Gold", "size": "256GB"}');
INSERT INTO product_variants (id, product_id, sku, price, stock_quantity, attributes) VALUES ('d0b0a51b-cc4c-4622-91c9-3aff9a1cd6aa', 'fe01a1da-6ff0-4558-a6f5-748f12f353f0', 'BED-766-R2-D0B0', 3118, 25, '{"color": "Red", "size": "256GB"}');
INSERT INTO product_variants (id, product_id, sku, price, stock_quantity, attributes) VALUES ('25e06702-4a1d-4a2d-b813-fee5b19e6bd7', 'fe01a1da-6ff0-4558-a6f5-748f12f353f0', 'BED-766-GM-25E0', 4551, 94, '{"color": "Gold", "size": "M"}');
INSERT INTO products (id, name, slug, description, category_id) VALUES ('46da4c25-5ed1-46db-ac39-29a0ba936f3d', 'Pro Speaker 230', 'pro-speaker-230-46da4c', 'Description for Pro Speaker 230. Optimized for search and performance test.', '96b28be4-f09d-4080-b296-9adb10f904f4');
INSERT INTO product_variants (id, product_id, sku, price, stock_quantity, attributes) VALUES ('872eb5b7-bdf9-4898-89d1-d536325ea0c1', '46da4c25-5ed1-46db-ac39-29a0ba936f3d', 'SPEAKER-230-SS-872E', 2557, 167, '{"color": "Silver", "size": "S"}');
INSERT INTO product_variants (id, product_id, sku, price, stock_quantity, attributes) VALUES ('02badae9-965c-4b94-9647-20458763a4fe', '46da4c25-5ed1-46db-ac39-29a0ba936f3d', 'SPEAKER-230-W8-02BA', 2547, 32, '{"color": "White", "size": "8GB RAM"}');
INSERT INTO product_variants (id, product_id, sku, price, stock_quantity, attributes) VALUES ('e56bdd28-5c90-4108-b523-8a9d41fefc5e', '46da4c25-5ed1-46db-ac39-29a0ba936f3d', 'SPEAKER-230-B1-E56B', 4324, 76, '{"color": "Blue", "size": "128GB"}');
INSERT INTO products (id, name, slug, description, category_id) VALUES ('31dab6fc-c5bd-4ff1-aead-b38d5dd22705', 'Premium Table 739', 'premium-table-739-31dab6', 'Description for Premium Table 739. Optimized for search and performance test.', '96b28be4-f09d-4080-b296-9adb10f904f4');
INSERT INTO product_variants (id, product_id, sku, price, stock_quantity, attributes) VALUES ('3fc14114-ede9-4a8b-bb1c-cd2e38f2a08e', '31dab6fc-c5bd-4ff1-aead-b38d5dd22705', 'TABLE-739-GX-3FC1', 1944, 105, '{"color": "Gold", "size": "XXL"}');
INSERT INTO product_variants (id, product_id, sku, price, stock_quantity, attributes) VALUES ('cb980866-f421-418c-839f-dc0b2b9a0556', '31dab6fc-c5bd-4ff1-aead-b38d5dd22705', 'TABLE-739-GL-CB98', 1252, 12, '{"color": "Gold", "size": "L"}');
INSERT INTO product_variants (id, product_id, sku, price, stock_quantity, attributes) VALUES ('70e43ead-2b29-4396-9b5d-7a8fa73197b8', '31dab6fc-c5bd-4ff1-aead-b38d5dd22705', 'TABLE-739-GM-70E4', 661, 93, '{"color": "Gold", "size": "M"}');
INSERT INTO products (id, name, slug, description, category_id) VALUES ('d008c500-5f14-4c8b-89d1-7ed30e21a9c3', 'Premium Dress 196', 'premium-dress-196-d008c5', 'Description for Premium Dress 196. Optimized for search and performance test.', '96b28be4-f09d-4080-b296-9adb10f904f4');
INSERT INTO product_variants (id, product_id, sku, price, stock_quantity, attributes) VALUES ('81cd61bd-87bc-4b34-b1da-a4a64012b104', 'd008c500-5f14-4c8b-89d1-7ed30e21a9c3', 'DRESS-196-GX-81CD', 1436, 90, '{"color": "Gold", "size": "XL"}');
INSERT INTO product_variants (id, product_id, sku, price, stock_quantity, attributes) VALUES ('e781e95f-9f51-405f-8dfa-20cf63372aed', 'd008c500-5f14-4c8b-89d1-7ed30e21a9c3', 'DRESS-196-WL-E781', 1007, 30, '{"color": "White", "size": "L"}');
INSERT INTO product_variants (id, product_id, sku, price, stock_quantity, attributes) VALUES ('6ffe48bd-392a-44cf-97c3-e23e7292a382', 'd008c500-5f14-4c8b-89d1-7ed30e21a9c3', 'DRESS-196-GS-6FFE', 2973, 41, '{"color": "Green", "size": "S"}');
INSERT INTO products (id, name, slug, description, category_id) VALUES ('f63efdf2-9ee1-4405-b529-5f9273bdd366', 'Elegant Camera 309', 'elegant-camera-309-f63efd', 'Description for Elegant Camera 309. Optimized for search and performance test.', '96b28be4-f09d-4080-b296-9adb10f904f4');
INSERT INTO product_variants (id, product_id, sku, price, stock_quantity, attributes) VALUES ('37b43ea3-2422-4174-8d98-27b56bd5ad62', 'f63efdf2-9ee1-4405-b529-5f9273bdd366', 'CAMERA-309-B6-37B4', 450, 153, '{"color": "Black", "size": "64GB"}');
INSERT INTO product_variants (id, product_id, sku, price, stock_quantity, attributes) VALUES ('d185dbc4-d834-4ff1-aa14-d1a18ef557f5', 'f63efdf2-9ee1-4405-b529-5f9273bdd366', 'CAMERA-309-G2-D185', 2242, 61, '{"color": "Gold", "size": "256GB"}');
INSERT INTO product_variants (id, product_id, sku, price, stock_quantity, attributes) VALUES ('32cca7fb-2456-4185-a708-a3d3aa33dfc6', 'f63efdf2-9ee1-4405-b529-5f9273bdd366', 'CAMERA-309-R8-32CC', 668, 122, '{"color": "Red", "size": "8GB RAM"}');
INSERT INTO products (id, name, slug, description, category_id) VALUES ('27a42a7c-8a55-4546-b65f-36e4d51a1a10', 'Original Camera 743', 'original-camera-743-27a42a', 'Description for Original Camera 743. Optimized for search and performance test.', '96b28be4-f09d-4080-b296-9adb10f904f4');
INSERT INTO product_variants (id, product_id, sku, price, stock_quantity, attributes) VALUES ('c280b2cf-5333-4384-8b4f-75f192cebc4f', '27a42a7c-8a55-4546-b65f-36e4d51a1a10', 'CAMERA-743-WS-C280', 4887, 11, '{"color": "White", "size": "S"}');
INSERT INTO product_variants (id, product_id, sku, price, stock_quantity, attributes) VALUES ('b15e4289-be96-450f-89ad-09fb863ceaf8', '27a42a7c-8a55-4546-b65f-36e4d51a1a10', 'CAMERA-743-R8-B15E', 384, 76, '{"color": "Red", "size": "8GB RAM"}');
INSERT INTO product_variants (id, product_id, sku, price, stock_quantity, attributes) VALUES ('ac8c0354-be29-4e85-b6ed-79684a525546', '27a42a7c-8a55-4546-b65f-36e4d51a1a10', 'CAMERA-743-S8-AC8C', 4642, 200, '{"color": "Silver", "size": "8GB RAM"}');
INSERT INTO products (id, name, slug, description, category_id) VALUES ('afbe71ab-3642-44eb-8cdf-54a7818551d3', 'Lite Speaker 841', 'lite-speaker-841-afbe71', 'Description for Lite Speaker 841. Optimized for search and performance test.', '96b28be4-f09d-4080-b296-9adb10f904f4');
INSERT INTO product_variants (id, product_id, sku, price, stock_quantity, attributes) VALUES ('cf37ea4d-e738-4858-87c7-55e339e0f9e4', 'afbe71ab-3642-44eb-8cdf-54a7818551d3', 'SPEAKER-841-R1-CF37', 3751, 135, '{"color": "Red", "size": "16GB RAM"}');
INSERT INTO product_variants (id, product_id, sku, price, stock_quantity, attributes) VALUES ('be9b902d-a737-490f-9bfb-e3f44baed2be', 'afbe71ab-3642-44eb-8cdf-54a7818551d3', 'SPEAKER-841-RS-BE9B', 1810, 77, '{"color": "Red", "size": "S"}');
INSERT INTO product_variants (id, product_id, sku, price, stock_quantity, attributes) VALUES ('dc578d07-320a-4477-9284-42f3e5a875a9', 'afbe71ab-3642-44eb-8cdf-54a7818551d3', 'SPEAKER-841-W1-DC57', 3943, 93, '{"color": "White", "size": "16GB RAM"}');
INSERT INTO products (id, name, slug, description, category_id) VALUES ('1f9a3dd5-737e-4ccb-9c3a-b7f6a941fd86', 'Ultra Camera 238', 'ultra-camera-238-1f9a3d', 'Description for Ultra Camera 238. Optimized for search and performance test.', '96b28be4-f09d-4080-b296-9adb10f904f4');
INSERT INTO product_variants (id, product_id, sku, price, stock_quantity, attributes) VALUES ('b66e2ed7-26a8-4338-ad57-cc18ac3eaec7', '1f9a3dd5-737e-4ccb-9c3a-b7f6a941fd86', 'CAMERA-238-GS-B66E', 4265, 23, '{"color": "Gold", "size": "S"}');
INSERT INTO product_variants (id, product_id, sku, price, stock_quantity, attributes) VALUES ('0b0782a7-94bf-45ad-b96b-c43b2b456e50', '1f9a3dd5-737e-4ccb-9c3a-b7f6a941fd86', 'CAMERA-238-RX-0B07', 2141, 98, '{"color": "Red", "size": "XXL"}');
INSERT INTO product_variants (id, product_id, sku, price, stock_quantity, attributes) VALUES ('af42aac7-d03f-47be-bbc8-cf73f97253ee', '1f9a3dd5-737e-4ccb-9c3a-b7f6a941fd86', 'CAMERA-238-BX-AF42', 3844, 81, '{"color": "Blue", "size": "XL"}');
INSERT INTO products (id, name, slug, description, category_id) VALUES ('ae0d4d60-dbde-4b37-a946-b6a8a0e4338d', 'Lite Table 694', 'lite-table-694-ae0d4d', 'Description for Lite Table 694. Optimized for search and performance test.', '96b28be4-f09d-4080-b296-9adb10f904f4');
INSERT INTO product_variants (id, product_id, sku, price, stock_quantity, attributes) VALUES ('de67685f-2438-4b95-a17f-149a4fcd470c', 'ae0d4d60-dbde-4b37-a946-b6a8a0e4338d', 'TABLE-694-W1-DE67', 4657, 174, '{"color": "White", "size": "16GB RAM"}');
INSERT INTO product_variants (id, product_id, sku, price, stock_quantity, attributes) VALUES ('91ee1051-12ee-49f6-a420-1eec96dd8d93', 'ae0d4d60-dbde-4b37-a946-b6a8a0e4338d', 'TABLE-694-S8-91EE', 838, 126, '{"color": "Silver", "size": "8GB RAM"}');
INSERT INTO product_variants (id, product_id, sku, price, stock_quantity, attributes) VALUES ('1bf9dbae-eaec-49bc-95a0-6c6e953ee2ba', 'ae0d4d60-dbde-4b37-a946-b6a8a0e4338d', 'TABLE-694-GX-1BF9', 1069, 111, '{"color": "Green", "size": "XL"}');
INSERT INTO products (id, name, slug, description, category_id) VALUES ('5aed5eb2-24f6-4080-b7ed-1b18f0b7fb93', 'Elegant Monitor 489', 'elegant-monitor-489-5aed5e', 'Description for Elegant Monitor 489. Optimized for search and performance test.', '96b28be4-f09d-4080-b296-9adb10f904f4');
INSERT INTO product_variants (id, product_id, sku, price, stock_quantity, attributes) VALUES ('47f12663-5874-4a89-9145-327b81fda51a', '5aed5eb2-24f6-4080-b7ed-1b18f0b7fb93', 'MONITOR-489-SX-47F1', 2312, 184, '{"color": "Silver", "size": "XXL"}');
INSERT INTO product_variants (id, product_id, sku, price, stock_quantity, attributes) VALUES ('a5fe91a2-2f61-42c7-9bcd-391a09e5c023', '5aed5eb2-24f6-4080-b7ed-1b18f0b7fb93', 'MONITOR-489-BL-A5FE', 598, 170, '{"color": "Blue", "size": "L"}');
INSERT INTO product_variants (id, product_id, sku, price, stock_quantity, attributes) VALUES ('e2de870e-c782-47ed-8e92-08254459d67d', '5aed5eb2-24f6-4080-b7ed-1b18f0b7fb93', 'MONITOR-489-WL-E2DE', 2113, 189, '{"color": "White", "size": "L"}');
INSERT INTO products (id, name, slug, description, category_id) VALUES ('a109288b-dafc-48ca-8afc-1435b0b73c38', 'Elegant Camera 214', 'elegant-camera-214-a10928', 'Description for Elegant Camera 214. Optimized for search and performance test.', '96b28be4-f09d-4080-b296-9adb10f904f4');
INSERT INTO product_variants (id, product_id, sku, price, stock_quantity, attributes) VALUES ('39f6eb1d-501a-4e21-a3f6-c824298fd5c3', 'a109288b-dafc-48ca-8afc-1435b0b73c38', 'CAMERA-214-B1-39F6', 4956, 83, '{"color": "Blue", "size": "16GB RAM"}');
INSERT INTO product_variants (id, product_id, sku, price, stock_quantity, attributes) VALUES ('32462bfd-9a59-461e-82a7-fe4e8c14088e', 'a109288b-dafc-48ca-8afc-1435b0b73c38', 'CAMERA-214-GS-3246', 1693, 42, '{"color": "Green", "size": "S"}');
INSERT INTO product_variants (id, product_id, sku, price, stock_quantity, attributes) VALUES ('e4a3d103-1682-4c2e-9c5c-f15040996750', 'a109288b-dafc-48ca-8afc-1435b0b73c38', 'CAMERA-214-SX-E4A3', 4703, 103, '{"color": "Silver", "size": "XL"}');
INSERT INTO products (id, name, slug, description, category_id) VALUES ('d78855b4-d746-47b1-950c-703f2809dc0a', 'Smart Bed 295', 'smart-bed-295-d78855', 'Description for Smart Bed 295. Optimized for search and performance test.', '96b28be4-f09d-4080-b296-9adb10f904f4');
INSERT INTO product_variants (id, product_id, sku, price, stock_quantity, attributes) VALUES ('e3373b17-4521-4621-99e1-5fb446568528', 'd78855b4-d746-47b1-950c-703f2809dc0a', 'BED-295-RM-E337', 2171, 92, '{"color": "Red", "size": "M"}');
INSERT INTO product_variants (id, product_id, sku, price, stock_quantity, attributes) VALUES ('83fe66fc-0e57-467e-a280-7b3644e0937a', 'd78855b4-d746-47b1-950c-703f2809dc0a', 'BED-295-RM-83FE', 1777, 48, '{"color": "Red", "size": "M"}');
INSERT INTO product_variants (id, product_id, sku, price, stock_quantity, attributes) VALUES ('6235a350-261f-4e61-8d69-fd087a77ecca', 'd78855b4-d746-47b1-950c-703f2809dc0a', 'BED-295-SX-6235', 2486, 61, '{"color": "Silver", "size": "XXL"}');
INSERT INTO products (id, name, slug, description, category_id) VALUES ('165d76c9-bc34-4022-91a0-fc1547b1e1dd', 'Smart Table 568', 'smart-table-568-165d76', 'Description for Smart Table 568. Optimized for search and performance test.', '96b28be4-f09d-4080-b296-9adb10f904f4');
INSERT INTO product_variants (id, product_id, sku, price, stock_quantity, attributes) VALUES ('0721a3f4-5fd2-4ee6-a1bb-0ed751c00129', '165d76c9-bc34-4022-91a0-fc1547b1e1dd', 'TABLE-568-WM-0721', 1003, 139, '{"color": "White", "size": "M"}');
INSERT INTO product_variants (id, product_id, sku, price, stock_quantity, attributes) VALUES ('c4959868-8284-418c-b876-0a10037f9e18', '165d76c9-bc34-4022-91a0-fc1547b1e1dd', 'TABLE-568-S2-C495', 1398, 87, '{"color": "Silver", "size": "256GB"}');
INSERT INTO product_variants (id, product_id, sku, price, stock_quantity, attributes) VALUES ('c5a7d504-4fdc-4324-b444-9457184da4fc', '165d76c9-bc34-4022-91a0-fc1547b1e1dd', 'TABLE-568-BX-C5A7', 4010, 123, '{"color": "Blue", "size": "XL"}');
INSERT INTO products (id, name, slug, description, category_id) VALUES ('38aa345c-032b-4f73-958b-f9d6a2b4f1e6', 'Elegant Dress 578', 'elegant-dress-578-38aa34', 'Description for Elegant Dress 578. Optimized for search and performance test.', '96b28be4-f09d-4080-b296-9adb10f904f4');
INSERT INTO product_variants (id, product_id, sku, price, stock_quantity, attributes) VALUES ('75b126a5-d5ee-4c5a-a8dd-05d6e0dff740', '38aa345c-032b-4f73-958b-f9d6a2b4f1e6', 'DRESS-578-GX-75B1', 4693, 73, '{"color": "Green", "size": "XL"}');
INSERT INTO product_variants (id, product_id, sku, price, stock_quantity, attributes) VALUES ('e11f1c3c-6c7a-41b6-b65e-4376a929b1a1', '38aa345c-032b-4f73-958b-f9d6a2b4f1e6', 'DRESS-578-W2-E11F', 765, 161, '{"color": "White", "size": "256GB"}');
INSERT INTO product_variants (id, product_id, sku, price, stock_quantity, attributes) VALUES ('f2121b17-972f-4a91-8830-0815c4eaa226', '38aa345c-032b-4f73-958b-f9d6a2b4f1e6', 'DRESS-578-B6-F212', 3242, 146, '{"color": "Blue", "size": "64GB"}');
INSERT INTO products (id, name, slug, description, category_id) VALUES ('ab64c9d3-2b2b-4bb3-9f15-fb621adcedca', 'Original Phone 864', 'original-phone-864-ab64c9', 'Description for Original Phone 864. Optimized for search and performance test.', '96b28be4-f09d-4080-b296-9adb10f904f4');
INSERT INTO product_variants (id, product_id, sku, price, stock_quantity, attributes) VALUES ('8a154b98-6981-4b3d-8962-a4fff14fd18a', 'ab64c9d3-2b2b-4bb3-9f15-fb621adcedca', 'PHONE-864-WX-8A15', 4262, 116, '{"color": "White", "size": "XL"}');
INSERT INTO product_variants (id, product_id, sku, price, stock_quantity, attributes) VALUES ('2a1fd27a-3222-45d3-b67d-9a5e8f80ec37', 'ab64c9d3-2b2b-4bb3-9f15-fb621adcedca', 'PHONE-864-GM-2A1F', 989, 70, '{"color": "Green", "size": "M"}');
INSERT INTO product_variants (id, product_id, sku, price, stock_quantity, attributes) VALUES ('8abc1c66-eff7-4636-ae67-0c10cf95c46f', 'ab64c9d3-2b2b-4bb3-9f15-fb621adcedca', 'PHONE-864-BX-8ABC', 1934, 87, '{"color": "Black", "size": "XL"}');
INSERT INTO products (id, name, slug, description, category_id) VALUES ('7f25e9fe-cb99-49c8-ab2e-fc51dcd3d212', 'Lite Monitor 363', 'lite-monitor-363-7f25e9', 'Description for Lite Monitor 363. Optimized for search and performance test.', '96b28be4-f09d-4080-b296-9adb10f904f4');
INSERT INTO product_variants (id, product_id, sku, price, stock_quantity, attributes) VALUES ('3466d8c4-ff71-4235-a0ae-aa2a6fbf57a3', '7f25e9fe-cb99-49c8-ab2e-fc51dcd3d212', 'MONITOR-363-G8-3466', 3878, 79, '{"color": "Green", "size": "8GB RAM"}');
INSERT INTO product_variants (id, product_id, sku, price, stock_quantity, attributes) VALUES ('21e4a393-2ec7-42cc-8c77-1bb409e6245e', '7f25e9fe-cb99-49c8-ab2e-fc51dcd3d212', 'MONITOR-363-RX-21E4', 3672, 58, '{"color": "Red", "size": "XXL"}');
INSERT INTO product_variants (id, product_id, sku, price, stock_quantity, attributes) VALUES ('3ca533a9-cf63-420c-b269-bce812a77003', '7f25e9fe-cb99-49c8-ab2e-fc51dcd3d212', 'MONITOR-363-G1-3CA5', 2988, 94, '{"color": "Gold", "size": "16GB RAM"}');
INSERT INTO products (id, name, slug, description, category_id) VALUES ('be105d14-6f0c-42d1-b47e-3f8154dbbfb3', 'Elegant Dress 266', 'elegant-dress-266-be105d', 'Description for Elegant Dress 266. Optimized for search and performance test.', '96b28be4-f09d-4080-b296-9adb10f904f4');
INSERT INTO product_variants (id, product_id, sku, price, stock_quantity, attributes) VALUES ('4a6a9a53-d28d-408e-b732-22f2d0d90403', 'be105d14-6f0c-42d1-b47e-3f8154dbbfb3', 'DRESS-266-B1-4A6A', 1458, 176, '{"color": "Blue", "size": "16GB RAM"}');
INSERT INTO product_variants (id, product_id, sku, price, stock_quantity, attributes) VALUES ('965e1a5a-1a25-4e07-8099-f2f26cd493c8', 'be105d14-6f0c-42d1-b47e-3f8154dbbfb3', 'DRESS-266-B1-965E', 3936, 158, '{"color": "Blue", "size": "16GB RAM"}');
INSERT INTO product_variants (id, product_id, sku, price, stock_quantity, attributes) VALUES ('6e3c1163-c149-4f50-bfd6-d9baa5c016bb', 'be105d14-6f0c-42d1-b47e-3f8154dbbfb3', 'DRESS-266-G8-6E3C', 4258, 132, '{"color": "Gold", "size": "8GB RAM"}');
INSERT INTO products (id, name, slug, description, category_id) VALUES ('efdba9b2-8259-4236-ac56-658a29f2ff00', 'Pro Camera 681', 'pro-camera-681-efdba9', 'Description for Pro Camera 681. Optimized for search and performance test.', '96b28be4-f09d-4080-b296-9adb10f904f4');
INSERT INTO product_variants (id, product_id, sku, price, stock_quantity, attributes) VALUES ('9a680162-62c5-4a12-902c-77e1541aa20c', 'efdba9b2-8259-4236-ac56-658a29f2ff00', 'CAMERA-681-S1-9A68', 3278, 146, '{"color": "Silver", "size": "128GB"}');
INSERT INTO product_variants (id, product_id, sku, price, stock_quantity, attributes) VALUES ('0948fce3-5519-4224-ad41-98d67ae0e3f7', 'efdba9b2-8259-4236-ac56-658a29f2ff00', 'CAMERA-681-WL-0948', 2413, 69, '{"color": "White", "size": "L"}');
INSERT INTO product_variants (id, product_id, sku, price, stock_quantity, attributes) VALUES ('f7fd1e0a-09c4-4a81-9dd4-01d264501ffe', 'efdba9b2-8259-4236-ac56-658a29f2ff00', 'CAMERA-681-B8-F7FD', 3343, 184, '{"color": "Blue", "size": "8GB RAM"}');
INSERT INTO products (id, name, slug, description, category_id) VALUES ('c8078c66-f98d-4b5d-9def-dd56236e8ca2', 'Elegant Phone 604', 'elegant-phone-604-c8078c', 'Description for Elegant Phone 604. Optimized for search and performance test.', '96b28be4-f09d-4080-b296-9adb10f904f4');
INSERT INTO product_variants (id, product_id, sku, price, stock_quantity, attributes) VALUES ('05e8bae5-3de1-45b7-86f3-77f3b7f02a3c', 'c8078c66-f98d-4b5d-9def-dd56236e8ca2', 'PHONE-604-RM-05E8', 1661, 198, '{"color": "Red", "size": "M"}');
INSERT INTO product_variants (id, product_id, sku, price, stock_quantity, attributes) VALUES ('cfebe120-d763-402d-8c5a-3a8aa22498ad', 'c8078c66-f98d-4b5d-9def-dd56236e8ca2', 'PHONE-604-R2-CFEB', 1980, 69, '{"color": "Red", "size": "256GB"}');
INSERT INTO product_variants (id, product_id, sku, price, stock_quantity, attributes) VALUES ('5f08c5ca-241c-4c7c-9413-f695d6f5763b', 'c8078c66-f98d-4b5d-9def-dd56236e8ca2', 'PHONE-604-S1-5F08', 566, 162, '{"color": "Silver", "size": "128GB"}');
INSERT INTO products (id, name, slug, description, category_id) VALUES ('b3fb0118-4d03-41ab-a8af-ef0a85dcbfa6', 'Original Shirt 262', 'original-shirt-262-b3fb01', 'Description for Original Shirt 262. Optimized for search and performance test.', '96b28be4-f09d-4080-b296-9adb10f904f4');
INSERT INTO product_variants (id, product_id, sku, price, stock_quantity, attributes) VALUES ('5136cc5b-3189-4a9b-ab26-54b4def3846c', 'b3fb0118-4d03-41ab-a8af-ef0a85dcbfa6', 'SHIRT-262-WS-5136', 3627, 170, '{"color": "White", "size": "S"}');
INSERT INTO product_variants (id, product_id, sku, price, stock_quantity, attributes) VALUES ('3834cf80-2413-4f1b-ad65-a083ea7999cf', 'b3fb0118-4d03-41ab-a8af-ef0a85dcbfa6', 'SHIRT-262-G8-3834', 3505, 130, '{"color": "Gold", "size": "8GB RAM"}');
INSERT INTO product_variants (id, product_id, sku, price, stock_quantity, attributes) VALUES ('8635afa1-cca5-473f-a668-581dd98b7e80', 'b3fb0118-4d03-41ab-a8af-ef0a85dcbfa6', 'SHIRT-262-B1-8635', 1405, 118, '{"color": "Black", "size": "16GB RAM"}');
INSERT INTO products (id, name, slug, description, category_id) VALUES ('4baeb0fa-5427-4a40-addd-d0fb84ffd9de', 'Elegant Speaker 406', 'elegant-speaker-406-4baeb0', 'Description for Elegant Speaker 406. Optimized for search and performance test.', '96b28be4-f09d-4080-b296-9adb10f904f4');
INSERT INTO product_variants (id, product_id, sku, price, stock_quantity, attributes) VALUES ('4c400e10-27e7-4c85-87eb-70d08271b7c6', '4baeb0fa-5427-4a40-addd-d0fb84ffd9de', 'SPEAKER-406-W1-4C40', 4015, 131, '{"color": "White", "size": "16GB RAM"}');
INSERT INTO product_variants (id, product_id, sku, price, stock_quantity, attributes) VALUES ('0ce91cad-169b-40b7-8fa1-ece68e037aaf', '4baeb0fa-5427-4a40-addd-d0fb84ffd9de', 'SPEAKER-406-SX-0CE9', 755, 187, '{"color": "Silver", "size": "XL"}');
INSERT INTO product_variants (id, product_id, sku, price, stock_quantity, attributes) VALUES ('4cded5d3-4726-4085-b475-10c90ac7ae81', '4baeb0fa-5427-4a40-addd-d0fb84ffd9de', 'SPEAKER-406-W8-4CDE', 2499, 59, '{"color": "White", "size": "8GB RAM"}');
INSERT INTO products (id, name, slug, description, category_id) VALUES ('0ecef6e9-5e55-4383-a1ec-dd5e4ba003d4', 'Pro Backpack 314', 'pro-backpack-314-0ecef6', 'Description for Pro Backpack 314. Optimized for search and performance test.', '96b28be4-f09d-4080-b296-9adb10f904f4');
INSERT INTO product_variants (id, product_id, sku, price, stock_quantity, attributes) VALUES ('d8b6308a-b0fc-4a49-8fab-1a09ac63d2e4', '0ecef6e9-5e55-4383-a1ec-dd5e4ba003d4', 'BACKPACK-314-GX-D8B6', 911, 182, '{"color": "Green", "size": "XL"}');
INSERT INTO product_variants (id, product_id, sku, price, stock_quantity, attributes) VALUES ('cef0b12f-9c88-4d56-ac41-a1f20cc0fd7b', '0ecef6e9-5e55-4383-a1ec-dd5e4ba003d4', 'BACKPACK-314-B1-CEF0', 3684, 39, '{"color": "Blue", "size": "16GB RAM"}');
INSERT INTO product_variants (id, product_id, sku, price, stock_quantity, attributes) VALUES ('5967bd64-af93-4b98-8447-8784edc736c3', '0ecef6e9-5e55-4383-a1ec-dd5e4ba003d4', 'BACKPACK-314-GS-5967', 4871, 112, '{"color": "Gold", "size": "S"}');
INSERT INTO products (id, name, slug, description, category_id) VALUES ('66e55513-efa4-4147-a322-f5cce214cf39', 'Original Camera 642', 'original-camera-642-66e555', 'Description for Original Camera 642. Optimized for search and performance test.', '96b28be4-f09d-4080-b296-9adb10f904f4');
INSERT INTO product_variants (id, product_id, sku, price, stock_quantity, attributes) VALUES ('55858d23-7deb-42bb-b722-e3d80740937b', '66e55513-efa4-4147-a322-f5cce214cf39', 'CAMERA-642-BX-5585', 2126, 59, '{"color": "Black", "size": "XL"}');
INSERT INTO product_variants (id, product_id, sku, price, stock_quantity, attributes) VALUES ('306c41bc-27bf-4f42-b526-ebc9d66cdf12', '66e55513-efa4-4147-a322-f5cce214cf39', 'CAMERA-642-GX-306C', 4798, 138, '{"color": "Green", "size": "XXL"}');
INSERT INTO product_variants (id, product_id, sku, price, stock_quantity, attributes) VALUES ('c9aed68a-ca8a-4509-9a7f-ff30eb6807ba', '66e55513-efa4-4147-a322-f5cce214cf39', 'CAMERA-642-GM-C9AE', 4474, 167, '{"color": "Gold", "size": "M"}');
INSERT INTO products (id, name, slug, description, category_id) VALUES ('e9ce5fc2-0cc0-478a-a00f-2f6a0f9c0540', 'Ultra Phone 340', 'ultra-phone-340-e9ce5f', 'Description for Ultra Phone 340. Optimized for search and performance test.', '96b28be4-f09d-4080-b296-9adb10f904f4');
INSERT INTO product_variants (id, product_id, sku, price, stock_quantity, attributes) VALUES ('0265cf3f-f928-4814-a5e2-bdd08e911a7c', 'e9ce5fc2-0cc0-478a-a00f-2f6a0f9c0540', 'PHONE-340-B1-0265', 2168, 19, '{"color": "Blue", "size": "128GB"}');
INSERT INTO product_variants (id, product_id, sku, price, stock_quantity, attributes) VALUES ('de391fd9-2ec9-4d71-8955-9cfebad88449', 'e9ce5fc2-0cc0-478a-a00f-2f6a0f9c0540', 'PHONE-340-G1-DE39', 2542, 17, '{"color": "Gold", "size": "16GB RAM"}');
INSERT INTO product_variants (id, product_id, sku, price, stock_quantity, attributes) VALUES ('2d64821e-cc7a-4b8d-bbb7-3012e3d2bcf1', 'e9ce5fc2-0cc0-478a-a00f-2f6a0f9c0540', 'PHONE-340-GX-2D64', 2646, 82, '{"color": "Gold", "size": "XXL"}');
INSERT INTO products (id, name, slug, description, category_id) VALUES ('5a946149-4243-4c72-9f40-b6abcce46b56', 'Original Backpack 306', 'original-backpack-306-5a9461', 'Description for Original Backpack 306. Optimized for search and performance test.', '96b28be4-f09d-4080-b296-9adb10f904f4');
INSERT INTO product_variants (id, product_id, sku, price, stock_quantity, attributes) VALUES ('d666a271-e4a2-4009-8493-727436d3d532', '5a946149-4243-4c72-9f40-b6abcce46b56', 'BACKPACK-306-BX-D666', 940, 128, '{"color": "Blue", "size": "XXL"}');
INSERT INTO product_variants (id, product_id, sku, price, stock_quantity, attributes) VALUES ('d343d6dc-9b73-4e74-b424-7850077cd588', '5a946149-4243-4c72-9f40-b6abcce46b56', 'BACKPACK-306-S2-D343', 1547, 67, '{"color": "Silver", "size": "256GB"}');
INSERT INTO product_variants (id, product_id, sku, price, stock_quantity, attributes) VALUES ('8f8832e7-5a4a-462a-9fb0-5efd32d3a451', '5a946149-4243-4c72-9f40-b6abcce46b56', 'BACKPACK-306-B6-8F88', 3595, 90, '{"color": "Black", "size": "64GB"}');
INSERT INTO products (id, name, slug, description, category_id) VALUES ('7c04a261-cdca-4b7c-ac16-0ffc271455ce', 'Original Shirt 535', 'original-shirt-535-7c04a2', 'Description for Original Shirt 535. Optimized for search and performance test.', '96b28be4-f09d-4080-b296-9adb10f904f4');
INSERT INTO product_variants (id, product_id, sku, price, stock_quantity, attributes) VALUES ('353f21da-6087-4bca-bc75-4bbd01acdc65', '7c04a261-cdca-4b7c-ac16-0ffc271455ce', 'SHIRT-535-G6-353F', 3394, 170, '{"color": "Gold", "size": "64GB"}');
INSERT INTO product_variants (id, product_id, sku, price, stock_quantity, attributes) VALUES ('ab0ef19c-c6eb-4032-9581-70d06fe21ebb', '7c04a261-cdca-4b7c-ac16-0ffc271455ce', 'SHIRT-535-RM-AB0E', 289, 190, '{"color": "Red", "size": "M"}');
INSERT INTO product_variants (id, product_id, sku, price, stock_quantity, attributes) VALUES ('ee763658-4626-4dd9-8af8-e51df731fdb2', '7c04a261-cdca-4b7c-ac16-0ffc271455ce', 'SHIRT-535-B1-EE76', 3988, 44, '{"color": "Black", "size": "16GB RAM"}');
INSERT INTO products (id, name, slug, description, category_id) VALUES ('dce8d482-f1f4-48cb-abd7-014ad42b5f72', 'Eco Speaker 578', 'eco-speaker-578-dce8d4', 'Description for Eco Speaker 578. Optimized for search and performance test.', '96b28be4-f09d-4080-b296-9adb10f904f4');
INSERT INTO product_variants (id, product_id, sku, price, stock_quantity, attributes) VALUES ('315ecce3-ac75-44a1-a4b7-74820027afc0', 'dce8d482-f1f4-48cb-abd7-014ad42b5f72', 'SPEAKER-578-B1-315E', 3153, 179, '{"color": "Black", "size": "16GB RAM"}');
INSERT INTO product_variants (id, product_id, sku, price, stock_quantity, attributes) VALUES ('5acbbefb-b0b0-4456-ad34-8b0016b57877', 'dce8d482-f1f4-48cb-abd7-014ad42b5f72', 'SPEAKER-578-B1-5ACB', 2316, 103, '{"color": "Black", "size": "128GB"}');
INSERT INTO product_variants (id, product_id, sku, price, stock_quantity, attributes) VALUES ('706a165c-8972-4c6b-99f5-2c54674cfa5f', 'dce8d482-f1f4-48cb-abd7-014ad42b5f72', 'SPEAKER-578-W2-706A', 3662, 102, '{"color": "White", "size": "256GB"}');
INSERT INTO products (id, name, slug, description, category_id) VALUES ('eed1aab4-020a-4b99-a144-861783917322', 'Ultra Phone 957', 'ultra-phone-957-eed1aa', 'Description for Ultra Phone 957. Optimized for search and performance test.', '96b28be4-f09d-4080-b296-9adb10f904f4');
INSERT INTO product_variants (id, product_id, sku, price, stock_quantity, attributes) VALUES ('fb7078b2-1e5b-4cc8-ba31-793cd70967d4', 'eed1aab4-020a-4b99-a144-861783917322', 'PHONE-957-WM-FB70', 795, 162, '{"color": "White", "size": "M"}');
INSERT INTO product_variants (id, product_id, sku, price, stock_quantity, attributes) VALUES ('7618a510-1382-4c53-ae67-0802e3f42b10', 'eed1aab4-020a-4b99-a144-861783917322', 'PHONE-957-G2-7618', 2683, 108, '{"color": "Green", "size": "256GB"}');
INSERT INTO product_variants (id, product_id, sku, price, stock_quantity, attributes) VALUES ('7c5021ad-f51a-4683-acaa-52df8e487fd4', 'eed1aab4-020a-4b99-a144-861783917322', 'PHONE-957-B6-7C50', 3360, 41, '{"color": "Blue", "size": "64GB"}');
INSERT INTO products (id, name, slug, description, category_id) VALUES ('f6a00e99-82da-4647-aeb4-d06d0d613cf2', 'Pro Camera 214', 'pro-camera-214-f6a00e', 'Description for Pro Camera 214. Optimized for search and performance test.', '96b28be4-f09d-4080-b296-9adb10f904f4');
INSERT INTO product_variants (id, product_id, sku, price, stock_quantity, attributes) VALUES ('1e78cf75-7785-478c-96df-cd95264d3a45', 'f6a00e99-82da-4647-aeb4-d06d0d613cf2', 'CAMERA-214-WL-1E78', 476, 171, '{"color": "White", "size": "L"}');
INSERT INTO product_variants (id, product_id, sku, price, stock_quantity, attributes) VALUES ('fa3ebf1f-6e2e-4f4a-8afc-6d9a58880866', 'f6a00e99-82da-4647-aeb4-d06d0d613cf2', 'CAMERA-214-SM-FA3E', 4760, 92, '{"color": "Silver", "size": "M"}');
INSERT INTO product_variants (id, product_id, sku, price, stock_quantity, attributes) VALUES ('afde67bc-8bb3-401f-9e2d-46b45d15a2b2', 'f6a00e99-82da-4647-aeb4-d06d0d613cf2', 'CAMERA-214-GM-AFDE', 3486, 47, '{"color": "Green", "size": "M"}');
INSERT INTO products (id, name, slug, description, category_id) VALUES ('464351cc-8dd1-487d-8f12-5e708fadb875', 'Premium Shirt 753', 'premium-shirt-753-464351', 'Description for Premium Shirt 753. Optimized for search and performance test.', '96b28be4-f09d-4080-b296-9adb10f904f4');
INSERT INTO product_variants (id, product_id, sku, price, stock_quantity, attributes) VALUES ('a15c43bb-ae4b-4624-b45b-4ea92e6907d1', '464351cc-8dd1-487d-8f12-5e708fadb875', 'SHIRT-753-GX-A15C', 3619, 121, '{"color": "Green", "size": "XL"}');
INSERT INTO product_variants (id, product_id, sku, price, stock_quantity, attributes) VALUES ('47e38747-fecb-4626-9b19-79880c81b5ae', '464351cc-8dd1-487d-8f12-5e708fadb875', 'SHIRT-753-BS-47E3', 1057, 200, '{"color": "Black", "size": "S"}');
INSERT INTO product_variants (id, product_id, sku, price, stock_quantity, attributes) VALUES ('9bef95d4-d81a-47ed-bea6-1285f97894ed', '464351cc-8dd1-487d-8f12-5e708fadb875', 'SHIRT-753-G1-9BEF', 603, 135, '{"color": "Gold", "size": "128GB"}');
INSERT INTO products (id, name, slug, description, category_id) VALUES ('9801ffad-ce8c-409f-940e-26e9d4d2584d', 'Original Speaker 301', 'original-speaker-301-9801ff', 'Description for Original Speaker 301. Optimized for search and performance test.', '96b28be4-f09d-4080-b296-9adb10f904f4');
INSERT INTO product_variants (id, product_id, sku, price, stock_quantity, attributes) VALUES ('24dcb6ec-475a-4ae7-be58-0973b877c2a0', '9801ffad-ce8c-409f-940e-26e9d4d2584d', 'SPEAKER-301-B1-24DC', 1269, 193, '{"color": "Blue", "size": "16GB RAM"}');
INSERT INTO product_variants (id, product_id, sku, price, stock_quantity, attributes) VALUES ('ccefaad0-d3c2-44bb-9a80-aacc17863bde', '9801ffad-ce8c-409f-940e-26e9d4d2584d', 'SPEAKER-301-WL-CCEF', 3393, 160, '{"color": "White", "size": "L"}');
INSERT INTO product_variants (id, product_id, sku, price, stock_quantity, attributes) VALUES ('e364cbcb-9148-4fed-a574-b7c10d821ca9', '9801ffad-ce8c-409f-940e-26e9d4d2584d', 'SPEAKER-301-W6-E364', 3518, 187, '{"color": "White", "size": "64GB"}');
INSERT INTO products (id, name, slug, description, category_id) VALUES ('241c8894-b19c-40ca-80be-6cf74cb9e4f4', 'Eco Headphones 501', 'eco-headphones-501-241c88', 'Description for Eco Headphones 501. Optimized for search and performance test.', '96b28be4-f09d-4080-b296-9adb10f904f4');
INSERT INTO product_variants (id, product_id, sku, price, stock_quantity, attributes) VALUES ('41ef8c03-0382-4c62-87de-ba0fe0a8452b', '241c8894-b19c-40ca-80be-6cf74cb9e4f4', 'HEADPHONES-501-GL-41EF', 4784, 147, '{"color": "Green", "size": "L"}');
INSERT INTO product_variants (id, product_id, sku, price, stock_quantity, attributes) VALUES ('199f4561-0467-4b6b-a5da-6a6149edef9c', '241c8894-b19c-40ca-80be-6cf74cb9e4f4', 'HEADPHONES-501-BL-199F', 1279, 153, '{"color": "Blue", "size": "L"}');
INSERT INTO product_variants (id, product_id, sku, price, stock_quantity, attributes) VALUES ('7c86b705-867e-4a28-b018-3862a1bd6152', '241c8894-b19c-40ca-80be-6cf74cb9e4f4', 'HEADPHONES-501-WX-7C86', 3697, 32, '{"color": "White", "size": "XL"}');
INSERT INTO products (id, name, slug, description, category_id) VALUES ('547f17da-84f8-4d0e-a30c-a23338b1f306', 'Lite Bed 999', 'lite-bed-999-547f17', 'Description for Lite Bed 999. Optimized for search and performance test.', '96b28be4-f09d-4080-b296-9adb10f904f4');
INSERT INTO product_variants (id, product_id, sku, price, stock_quantity, attributes) VALUES ('a291290d-2296-44e8-81d6-ee697f59d033', '547f17da-84f8-4d0e-a30c-a23338b1f306', 'BED-999-RL-A291', 1358, 33, '{"color": "Red", "size": "L"}');
INSERT INTO product_variants (id, product_id, sku, price, stock_quantity, attributes) VALUES ('ea91979d-5aa7-42d9-8a2d-0da68f2dbdfe', '547f17da-84f8-4d0e-a30c-a23338b1f306', 'BED-999-SM-EA91', 1664, 50, '{"color": "Silver", "size": "M"}');
INSERT INTO product_variants (id, product_id, sku, price, stock_quantity, attributes) VALUES ('8942da49-8699-4c12-8869-b4e4381846d1', '547f17da-84f8-4d0e-a30c-a23338b1f306', 'BED-999-RS-8942', 2925, 133, '{"color": "Red", "size": "S"}');
INSERT INTO products (id, name, slug, description, category_id) VALUES ('e4cf5fcc-075d-410f-8cdf-252babf22294', 'Premium Backpack 531', 'premium-backpack-531-e4cf5f', 'Description for Premium Backpack 531. Optimized for search and performance test.', '96b28be4-f09d-4080-b296-9adb10f904f4');
INSERT INTO product_variants (id, product_id, sku, price, stock_quantity, attributes) VALUES ('d7993d1c-06e0-4c30-a7a5-96a9a3ccf76a', 'e4cf5fcc-075d-410f-8cdf-252babf22294', 'BACKPACK-531-BS-D799', 2491, 128, '{"color": "Black", "size": "S"}');
INSERT INTO product_variants (id, product_id, sku, price, stock_quantity, attributes) VALUES ('067c26a9-cd30-4075-9628-731d4c0d1c33', 'e4cf5fcc-075d-410f-8cdf-252babf22294', 'BACKPACK-531-BX-067C', 3258, 183, '{"color": "Black", "size": "XL"}');
INSERT INTO product_variants (id, product_id, sku, price, stock_quantity, attributes) VALUES ('e57dc523-b9a1-4240-bb05-7548be3bdbcd', 'e4cf5fcc-075d-410f-8cdf-252babf22294', 'BACKPACK-531-G1-E57D', 3692, 111, '{"color": "Green", "size": "128GB"}');
INSERT INTO products (id, name, slug, description, category_id) VALUES ('462982dd-6f0f-47a2-a894-aa66eb632c73', 'Lite Backpack 383', 'lite-backpack-383-462982', 'Description for Lite Backpack 383. Optimized for search and performance test.', '96b28be4-f09d-4080-b296-9adb10f904f4');
INSERT INTO product_variants (id, product_id, sku, price, stock_quantity, attributes) VALUES ('283ddf08-408d-42f5-a034-d307de4d2d6b', '462982dd-6f0f-47a2-a894-aa66eb632c73', 'BACKPACK-383-W1-283D', 827, 76, '{"color": "White", "size": "16GB RAM"}');
INSERT INTO product_variants (id, product_id, sku, price, stock_quantity, attributes) VALUES ('cc5c1561-6716-4da1-ab4f-ccd31311478e', '462982dd-6f0f-47a2-a894-aa66eb632c73', 'BACKPACK-383-BX-CC5C', 2084, 18, '{"color": "Blue", "size": "XL"}');
INSERT INTO product_variants (id, product_id, sku, price, stock_quantity, attributes) VALUES ('b22bf8be-a969-4013-9ee5-5a1cc87b5325', '462982dd-6f0f-47a2-a894-aa66eb632c73', 'BACKPACK-383-B1-B22B', 4802, 61, '{"color": "Black", "size": "16GB RAM"}');
INSERT INTO products (id, name, slug, description, category_id) VALUES ('f7c31c94-007b-41ac-9872-0c2da7f0240e', 'Ultra Monitor 807', 'ultra-monitor-807-f7c31c', 'Description for Ultra Monitor 807. Optimized for search and performance test.', '96b28be4-f09d-4080-b296-9adb10f904f4');
INSERT INTO product_variants (id, product_id, sku, price, stock_quantity, attributes) VALUES ('ed1ee0f0-a615-43fd-b9b5-fa9c5fb91600', 'f7c31c94-007b-41ac-9872-0c2da7f0240e', 'MONITOR-807-R8-ED1E', 1056, 104, '{"color": "Red", "size": "8GB RAM"}');
INSERT INTO product_variants (id, product_id, sku, price, stock_quantity, attributes) VALUES ('2ebd9b26-cd17-4dc3-bd98-6d0db03dcf13', 'f7c31c94-007b-41ac-9872-0c2da7f0240e', 'MONITOR-807-G6-2EBD', 3412, 110, '{"color": "Green", "size": "64GB"}');
INSERT INTO product_variants (id, product_id, sku, price, stock_quantity, attributes) VALUES ('815abce6-1c90-4f9b-98dc-d56efcdf0358', 'f7c31c94-007b-41ac-9872-0c2da7f0240e', 'MONITOR-807-R6-815A', 687, 142, '{"color": "Red", "size": "64GB"}');
INSERT INTO products (id, name, slug, description, category_id) VALUES ('d3f3e5ec-5f3d-45ef-8973-75809d7f3857', 'Smart Monitor 552', 'smart-monitor-552-d3f3e5', 'Description for Smart Monitor 552. Optimized for search and performance test.', '96b28be4-f09d-4080-b296-9adb10f904f4');
INSERT INTO product_variants (id, product_id, sku, price, stock_quantity, attributes) VALUES ('95fd7e0f-aedc-46a7-b42e-393f40c10396', 'd3f3e5ec-5f3d-45ef-8973-75809d7f3857', 'MONITOR-552-G1-95FD', 1124, 107, '{"color": "Green", "size": "128GB"}');
INSERT INTO product_variants (id, product_id, sku, price, stock_quantity, attributes) VALUES ('d2f6803e-42d6-4004-be1d-494dc0bf8671', 'd3f3e5ec-5f3d-45ef-8973-75809d7f3857', 'MONITOR-552-BX-D2F6', 1580, 131, '{"color": "Black", "size": "XL"}');
INSERT INTO product_variants (id, product_id, sku, price, stock_quantity, attributes) VALUES ('5bfa4378-25e7-4b9a-b01c-19940436d658', 'd3f3e5ec-5f3d-45ef-8973-75809d7f3857', 'MONITOR-552-G1-5BFA', 2704, 157, '{"color": "Green", "size": "128GB"}');
INSERT INTO products (id, name, slug, description, category_id) VALUES ('97e2355f-f38c-4857-91ff-a0a04fc467a8', 'Pro Headphones 681', 'pro-headphones-681-97e235', 'Description for Pro Headphones 681. Optimized for search and performance test.', '96b28be4-f09d-4080-b296-9adb10f904f4');
INSERT INTO product_variants (id, product_id, sku, price, stock_quantity, attributes) VALUES ('203ac441-dcf0-4cab-9655-3176fed41e9d', '97e2355f-f38c-4857-91ff-a0a04fc467a8', 'HEADPHONES-681-GM-203A', 1593, 61, '{"color": "Green", "size": "M"}');
INSERT INTO product_variants (id, product_id, sku, price, stock_quantity, attributes) VALUES ('a79ab729-df13-4c05-a707-53d822e35838', '97e2355f-f38c-4857-91ff-a0a04fc467a8', 'HEADPHONES-681-W2-A79A', 4736, 144, '{"color": "White", "size": "256GB"}');
INSERT INTO product_variants (id, product_id, sku, price, stock_quantity, attributes) VALUES ('c4e395e4-c281-4ace-9993-cfdd2b9980f2', '97e2355f-f38c-4857-91ff-a0a04fc467a8', 'HEADPHONES-681-S6-C4E3', 1414, 151, '{"color": "Silver", "size": "64GB"}');
INSERT INTO products (id, name, slug, description, category_id) VALUES ('c8e81a6e-a55d-490f-a51b-e980e78a6206', 'Original Bed 822', 'original-bed-822-c8e81a', 'Description for Original Bed 822. Optimized for search and performance test.', '96b28be4-f09d-4080-b296-9adb10f904f4');
INSERT INTO product_variants (id, product_id, sku, price, stock_quantity, attributes) VALUES ('7f0e5712-2b5f-4154-96e2-8104566c5a93', 'c8e81a6e-a55d-490f-a51b-e980e78a6206', 'BED-822-S8-7F0E', 4010, 79, '{"color": "Silver", "size": "8GB RAM"}');
INSERT INTO product_variants (id, product_id, sku, price, stock_quantity, attributes) VALUES ('1c7c808c-e82c-47c5-a1d7-b1ecabaac239', 'c8e81a6e-a55d-490f-a51b-e980e78a6206', 'BED-822-RL-1C7C', 2220, 139, '{"color": "Red", "size": "L"}');
INSERT INTO product_variants (id, product_id, sku, price, stock_quantity, attributes) VALUES ('c9c2d504-5112-478e-8982-4942df019aa9', 'c8e81a6e-a55d-490f-a51b-e980e78a6206', 'BED-822-R1-C9C2', 3458, 194, '{"color": "Red", "size": "16GB RAM"}');
INSERT INTO products (id, name, slug, description, category_id) VALUES ('0a4a65e3-4803-4745-89b7-8e1e6c61ea50', 'Eco Speaker 533', 'eco-speaker-533-0a4a65', 'Description for Eco Speaker 533. Optimized for search and performance test.', '96b28be4-f09d-4080-b296-9adb10f904f4');
INSERT INTO product_variants (id, product_id, sku, price, stock_quantity, attributes) VALUES ('83621a6f-dfb9-47f0-b147-3c2aebb6c887', '0a4a65e3-4803-4745-89b7-8e1e6c61ea50', 'SPEAKER-533-G2-8362', 2726, 127, '{"color": "Green", "size": "256GB"}');
INSERT INTO product_variants (id, product_id, sku, price, stock_quantity, attributes) VALUES ('5af7f534-6522-4e1e-92bd-47ce7ef8a796', '0a4a65e3-4803-4745-89b7-8e1e6c61ea50', 'SPEAKER-533-S6-5AF7', 1541, 160, '{"color": "Silver", "size": "64GB"}');
INSERT INTO product_variants (id, product_id, sku, price, stock_quantity, attributes) VALUES ('558a18e3-a7b8-4662-aafa-28d56594b40d', '0a4a65e3-4803-4745-89b7-8e1e6c61ea50', 'SPEAKER-533-R1-558A', 1299, 143, '{"color": "Red", "size": "16GB RAM"}');
INSERT INTO products (id, name, slug, description, category_id) VALUES ('48635de9-d938-450f-b3f9-22cdeb80980c', 'Original Speaker 104', 'original-speaker-104-48635d', 'Description for Original Speaker 104. Optimized for search and performance test.', '96b28be4-f09d-4080-b296-9adb10f904f4');
INSERT INTO product_variants (id, product_id, sku, price, stock_quantity, attributes) VALUES ('05ef1868-51c2-442c-84da-9c83a5838e11', '48635de9-d938-450f-b3f9-22cdeb80980c', 'SPEAKER-104-BX-05EF', 3249, 105, '{"color": "Blue", "size": "XL"}');
INSERT INTO product_variants (id, product_id, sku, price, stock_quantity, attributes) VALUES ('3d2edb07-92b5-4fac-89aa-d13a1f43cba3', '48635de9-d938-450f-b3f9-22cdeb80980c', 'SPEAKER-104-BS-3D2E', 1121, 23, '{"color": "Black", "size": "S"}');
INSERT INTO product_variants (id, product_id, sku, price, stock_quantity, attributes) VALUES ('8c6e4e80-921d-4936-80fd-8e95554b7478', '48635de9-d938-450f-b3f9-22cdeb80980c', 'SPEAKER-104-RL-8C6E', 4068, 79, '{"color": "Red", "size": "L"}');
INSERT INTO products (id, name, slug, description, category_id) VALUES ('d847ae37-022d-4bf8-bac9-6f461e4b2e5b', 'Smart Camera 250', 'smart-camera-250-d847ae', 'Description for Smart Camera 250. Optimized for search and performance test.', '96b28be4-f09d-4080-b296-9adb10f904f4');
INSERT INTO product_variants (id, product_id, sku, price, stock_quantity, attributes) VALUES ('1e04d783-3dd3-4ab5-b0b8-a5a1158ae437', 'd847ae37-022d-4bf8-bac9-6f461e4b2e5b', 'CAMERA-250-RS-1E04', 239, 131, '{"color": "Red", "size": "S"}');
INSERT INTO product_variants (id, product_id, sku, price, stock_quantity, attributes) VALUES ('0e5b4be9-2d9a-435f-a726-ea52657e0291', 'd847ae37-022d-4bf8-bac9-6f461e4b2e5b', 'CAMERA-250-GX-0E5B', 2702, 99, '{"color": "Green", "size": "XL"}');
INSERT INTO product_variants (id, product_id, sku, price, stock_quantity, attributes) VALUES ('65f22156-1591-4b68-ba23-25b8745471da', 'd847ae37-022d-4bf8-bac9-6f461e4b2e5b', 'CAMERA-250-RX-65F2', 3292, 124, '{"color": "Red", "size": "XXL"}');
INSERT INTO products (id, name, slug, description, category_id) VALUES ('103b2b3a-5d8b-44e9-9ba7-fa5f59f4de11', 'Eco Monitor 193', 'eco-monitor-193-103b2b', 'Description for Eco Monitor 193. Optimized for search and performance test.', '96b28be4-f09d-4080-b296-9adb10f904f4');
INSERT INTO product_variants (id, product_id, sku, price, stock_quantity, attributes) VALUES ('4e84dc01-f8d8-47f1-955d-c6bde121dfe1', '103b2b3a-5d8b-44e9-9ba7-fa5f59f4de11', 'MONITOR-193-G8-4E84', 4007, 121, '{"color": "Green", "size": "8GB RAM"}');
INSERT INTO product_variants (id, product_id, sku, price, stock_quantity, attributes) VALUES ('224fa260-1505-472f-96ac-7ea5a3315fb9', '103b2b3a-5d8b-44e9-9ba7-fa5f59f4de11', 'MONITOR-193-B1-224F', 2611, 113, '{"color": "Black", "size": "16GB RAM"}');
INSERT INTO product_variants (id, product_id, sku, price, stock_quantity, attributes) VALUES ('06841640-ec9e-489c-a103-13e3796a2317', '103b2b3a-5d8b-44e9-9ba7-fa5f59f4de11', 'MONITOR-193-WL-0684', 1795, 78, '{"color": "White", "size": "L"}');
INSERT INTO products (id, name, slug, description, category_id) VALUES ('541d7442-9f12-4460-92e7-cac8db9e7203', 'Lite Shirt 896', 'lite-shirt-896-541d74', 'Description for Lite Shirt 896. Optimized for search and performance test.', '96b28be4-f09d-4080-b296-9adb10f904f4');
INSERT INTO product_variants (id, product_id, sku, price, stock_quantity, attributes) VALUES ('ef11439b-4e14-48dc-b16b-aa4a8d209c03', '541d7442-9f12-4460-92e7-cac8db9e7203', 'SHIRT-896-S1-EF11', 3791, 94, '{"color": "Silver", "size": "16GB RAM"}');
INSERT INTO product_variants (id, product_id, sku, price, stock_quantity, attributes) VALUES ('613f0613-bf3c-410a-95e4-01df7f6f8223', '541d7442-9f12-4460-92e7-cac8db9e7203', 'SHIRT-896-G1-613F', 1602, 146, '{"color": "Green", "size": "16GB RAM"}');
INSERT INTO product_variants (id, product_id, sku, price, stock_quantity, attributes) VALUES ('6ff9fc3a-b42a-4257-9e3e-d4e5b776eeb9', '541d7442-9f12-4460-92e7-cac8db9e7203', 'SHIRT-896-S2-6FF9', 1987, 53, '{"color": "Silver", "size": "256GB"}');
INSERT INTO products (id, name, slug, description, category_id) VALUES ('471622c7-0f87-4b37-9874-4175cf121e54', 'Elegant Table 217', 'elegant-table-217-471622', 'Description for Elegant Table 217. Optimized for search and performance test.', '96b28be4-f09d-4080-b296-9adb10f904f4');
INSERT INTO product_variants (id, product_id, sku, price, stock_quantity, attributes) VALUES ('6c98aa1f-e1b3-4d8a-bfe3-bad324d3d903', '471622c7-0f87-4b37-9874-4175cf121e54', 'TABLE-217-RL-6C98', 2029, 131, '{"color": "Red", "size": "L"}');
INSERT INTO product_variants (id, product_id, sku, price, stock_quantity, attributes) VALUES ('65aaf2db-df28-4181-83ab-a169dc116311', '471622c7-0f87-4b37-9874-4175cf121e54', 'TABLE-217-B8-65AA', 974, 100, '{"color": "Black", "size": "8GB RAM"}');
INSERT INTO product_variants (id, product_id, sku, price, stock_quantity, attributes) VALUES ('5b51a4b4-7f32-4c6a-b8d6-823fb175cae6', '471622c7-0f87-4b37-9874-4175cf121e54', 'TABLE-217-GX-5B51', 4474, 117, '{"color": "Gold", "size": "XXL"}');
INSERT INTO products (id, name, slug, description, category_id) VALUES ('613e82ab-3175-4d64-9ef3-2bfe1425060a', 'Lite Laptop 716', 'lite-laptop-716-613e82', 'Description for Lite Laptop 716. Optimized for search and performance test.', '96b28be4-f09d-4080-b296-9adb10f904f4');
INSERT INTO product_variants (id, product_id, sku, price, stock_quantity, attributes) VALUES ('9e69021f-6b1d-411e-a424-cc0af16cc926', '613e82ab-3175-4d64-9ef3-2bfe1425060a', 'LAPTOP-716-GX-9E69', 1840, 42, '{"color": "Green", "size": "XXL"}');
INSERT INTO product_variants (id, product_id, sku, price, stock_quantity, attributes) VALUES ('59579a86-e896-4dd8-8133-80ca7622cfcd', '613e82ab-3175-4d64-9ef3-2bfe1425060a', 'LAPTOP-716-B8-5957', 1575, 195, '{"color": "Blue", "size": "8GB RAM"}');
INSERT INTO product_variants (id, product_id, sku, price, stock_quantity, attributes) VALUES ('307d3c9e-105f-4b62-9ace-9525527d405b', '613e82ab-3175-4d64-9ef3-2bfe1425060a', 'LAPTOP-716-S1-307D', 3845, 91, '{"color": "Silver", "size": "128GB"}');
INSERT INTO products (id, name, slug, description, category_id) VALUES ('1af591a4-814e-4966-a9d8-3f86847d18be', 'Eco Speaker 278', 'eco-speaker-278-1af591', 'Description for Eco Speaker 278. Optimized for search and performance test.', '96b28be4-f09d-4080-b296-9adb10f904f4');
INSERT INTO product_variants (id, product_id, sku, price, stock_quantity, attributes) VALUES ('19c6f02b-747d-4854-b9d3-3d7992fd8268', '1af591a4-814e-4966-a9d8-3f86847d18be', 'SPEAKER-278-WX-19C6', 784, 173, '{"color": "White", "size": "XXL"}');
INSERT INTO product_variants (id, product_id, sku, price, stock_quantity, attributes) VALUES ('dce92a45-0220-4876-8348-2d44215a9892', '1af591a4-814e-4966-a9d8-3f86847d18be', 'SPEAKER-278-W6-DCE9', 255, 187, '{"color": "White", "size": "64GB"}');
INSERT INTO product_variants (id, product_id, sku, price, stock_quantity, attributes) VALUES ('f5a783c9-b01c-4d55-9622-e020c9fb05bf', '1af591a4-814e-4966-a9d8-3f86847d18be', 'SPEAKER-278-BX-F5A7', 964, 41, '{"color": "Black", "size": "XXL"}');
INSERT INTO products (id, name, slug, description, category_id) VALUES ('0b971f81-ab7d-470d-8eff-f5cb515380d8', 'Ultra Bed 532', 'ultra-bed-532-0b971f', 'Description for Ultra Bed 532. Optimized for search and performance test.', '96b28be4-f09d-4080-b296-9adb10f904f4');
INSERT INTO product_variants (id, product_id, sku, price, stock_quantity, attributes) VALUES ('078ad1b2-0136-4476-98a1-ab4ac7a7e300', '0b971f81-ab7d-470d-8eff-f5cb515380d8', 'BED-532-G1-078A', 4638, 49, '{"color": "Gold", "size": "128GB"}');
INSERT INTO product_variants (id, product_id, sku, price, stock_quantity, attributes) VALUES ('5f5ad176-b59a-42ee-b6c6-efc9cc6a09ea', '0b971f81-ab7d-470d-8eff-f5cb515380d8', 'BED-532-S1-5F5A', 3275, 51, '{"color": "Silver", "size": "16GB RAM"}');
INSERT INTO product_variants (id, product_id, sku, price, stock_quantity, attributes) VALUES ('31f30e65-af8a-4331-9caa-891518f8a2bf', '0b971f81-ab7d-470d-8eff-f5cb515380d8', 'BED-532-GX-31F3', 1854, 167, '{"color": "Gold", "size": "XL"}');
INSERT INTO products (id, name, slug, description, category_id) VALUES ('4a09845a-257a-4427-a6e6-28d61c90a967', 'Smart Dress 163', 'smart-dress-163-4a0984', 'Description for Smart Dress 163. Optimized for search and performance test.', '96b28be4-f09d-4080-b296-9adb10f904f4');
INSERT INTO product_variants (id, product_id, sku, price, stock_quantity, attributes) VALUES ('67fab980-119b-4945-b918-87f723c1c027', '4a09845a-257a-4427-a6e6-28d61c90a967', 'DRESS-163-B1-67FA', 3908, 94, '{"color": "Black", "size": "128GB"}');
INSERT INTO product_variants (id, product_id, sku, price, stock_quantity, attributes) VALUES ('df65d52c-c72a-494f-92c7-6e2e79ec3d36', '4a09845a-257a-4427-a6e6-28d61c90a967', 'DRESS-163-WX-DF65', 1304, 175, '{"color": "White", "size": "XXL"}');
INSERT INTO product_variants (id, product_id, sku, price, stock_quantity, attributes) VALUES ('755b4fe0-ddbb-4414-ae6f-567beda2c959', '4a09845a-257a-4427-a6e6-28d61c90a967', 'DRESS-163-B1-755B', 2752, 59, '{"color": "Blue", "size": "16GB RAM"}');
INSERT INTO products (id, name, slug, description, category_id) VALUES ('4325a995-6ee2-40f9-9926-fb7d60b63d2d', 'Lite Bed 631', 'lite-bed-631-4325a9', 'Description for Lite Bed 631. Optimized for search and performance test.', '96b28be4-f09d-4080-b296-9adb10f904f4');
INSERT INTO product_variants (id, product_id, sku, price, stock_quantity, attributes) VALUES ('af9625d6-1aab-4313-a342-dfa9cb1cd7c9', '4325a995-6ee2-40f9-9926-fb7d60b63d2d', 'BED-631-GS-AF96', 3410, 88, '{"color": "Green", "size": "S"}');
INSERT INTO product_variants (id, product_id, sku, price, stock_quantity, attributes) VALUES ('4e7bc221-dbf0-407e-bfeb-a80faed83ce2', '4325a995-6ee2-40f9-9926-fb7d60b63d2d', 'BED-631-GM-4E7B', 2062, 133, '{"color": "Green", "size": "M"}');
INSERT INTO product_variants (id, product_id, sku, price, stock_quantity, attributes) VALUES ('32d6de1f-08ad-4040-90a1-fd3afaa83959', '4325a995-6ee2-40f9-9926-fb7d60b63d2d', 'BED-631-BS-32D6', 4297, 12, '{"color": "Blue", "size": "S"}');
INSERT INTO products (id, name, slug, description, category_id) VALUES ('622dcf66-b105-464e-9cd5-1c0785d0c0ee', 'Elegant Laptop 814', 'elegant-laptop-814-622dcf', 'Description for Elegant Laptop 814. Optimized for search and performance test.', '96b28be4-f09d-4080-b296-9adb10f904f4');
INSERT INTO product_variants (id, product_id, sku, price, stock_quantity, attributes) VALUES ('af6bab07-17dc-47e8-b330-4218e3d68fe3', '622dcf66-b105-464e-9cd5-1c0785d0c0ee', 'LAPTOP-814-G1-AF6B', 4650, 42, '{"color": "Green", "size": "16GB RAM"}');
INSERT INTO product_variants (id, product_id, sku, price, stock_quantity, attributes) VALUES ('ddc6d468-4bf0-456a-b672-645f4c0bc114', '622dcf66-b105-464e-9cd5-1c0785d0c0ee', 'LAPTOP-814-GX-DDC6', 2347, 16, '{"color": "Gold", "size": "XL"}');
INSERT INTO product_variants (id, product_id, sku, price, stock_quantity, attributes) VALUES ('d88458ce-d041-4e10-b181-6c6748ba86aa', '622dcf66-b105-464e-9cd5-1c0785d0c0ee', 'LAPTOP-814-SM-D884', 3081, 194, '{"color": "Silver", "size": "M"}');
